date,sentiment,n_tickers,n_headlines,fear_greed_raw,fear_greed_smoothed,fear_greed_z,fear_greed_lagged
2020-01-02,0.11838627876397108,39,138,55.919313938198556,55.919313938198556,0.22896455794034037,
2020-01-03,-0.014318523600055857,31,91,49.28407381999721,52.60169387909788,-2.6899592054103922,0.22896455794034037
2020-01-06,0.11679040471239001,42,164,55.8395202356195,53.68096933127176,-1.7403861052871,-2.6899592054103922
2020-01-07,0.12155201330532214,34,105,56.077600665266104,54.28012716477034,-1.2132323001371426,-1.7403861052871
2020-01-08,0.12085732202982204,33,116,56.04286610149111,54.6326749521145,-0.9030520818289213,-1.2132323001371426
2020-01-09,0.13666420039682542,40,98,56.833210019841275,54.81545416844303,-0.7422384297277808,-0.9030520818289213
2020-01-10,0.08836392857142858,42,103,54.41819642857143,55.84227869015789,0.1611870511385304,-0.7422384297277808
2020-01-13,0.131521210839599,38,181,56.57606054197994,55.98958675142997,0.29079230819643204,0.1611870511385304
2020-01-14,0.1568664862914863,33,126,57.84332431457432,56.342731481291615,0.6014977312202672,0.29079230819643204
2020-01-15,0.06725653367653367,37,152,53.36282668382668,55.80672359775873,0.12990480595577014,0.6014977312202672
2020-01-16,0.17413961026961028,37,144,58.70698051348051,56.18147769648658,0.4596226834412126,0.12990480595577014
2020-01-17,0.146537635612251,39,165,57.326881780612545,56.763214766894805,0.971449272558503,0.4596226834412126
2020-01-21,0.08967467139650473,45,241,54.48373356982523,56.34474937246385,0.6032731215270446,0.971449272558503
2020-01-22,0.0760293253968254,36,119,53.80146626984127,55.53637776351725,-0.10795211130203372,0.6032731215270446
2020-01-23,0.08022855820105819,46,166,54.01142791005291,55.66609800876249,0.006178952439078148,-0.10795211130203372
2020-01-24,0.12616588845025942,40,182,56.30829442251297,55.18636079056898,-0.41590565683001063,0.006178952439078148
2020-01-27,0.02499795437766368,43,202,51.24989771888318,53.97096397822312,-1.4852416791166485,-0.41590565683001063
2020-01-28,0.09542224312012773,39,178,54.77111215600638,54.02843969545935,-1.434673128810157,-1.4852416791166485
2020-01-29,0.12349060515873016,40,175,56.1745302579365,54.50305249307839,-1.0170971108570528,-1.434673128810157
2020-01-30,0.06360313486513487,40,182,53.180156743256745,54.33679825971916,-1.1633716763181354,-1.0170971108570528
2020-01-31,0.0907185138844895,41,177,54.535925694224474,53.98232451406145,-1.4752464001419057,-1.1633716763181354
2020-02-03,0.12531560168773878,42,196,56.26578008438694,54.98550098716221,-0.5926270543443819,-1.4752464001419057
2020-02-04,0.1443753855109537,44,174,57.218769275547686,55.47503241107047,-0.16192526188533696,-0.5926270543443819
2020-02-05,0.09946754884004884,39,201,54.973377442002445,55.23480184788366,-0.3732860226347762,-0.16192526188533696
2020-02-06,0.19249353428978427,42,151,59.62467671448921,56.523705842130155,0.7607234270499521,-0.3732860226347762
2020-02-07,0.1439909436059436,37,124,57.19954718029718,57.0564301393447,1.2294273722736748,0.7607234270499521
2020-02-10,0.11340858250276854,43,172,55.67042912513843,56.937359947495,1.124666487571574,1.2294273722736748
2020-02-11,0.09006034767121926,41,190,54.50301738356096,56.39420956909764,0.6467894195727888,1.124666487571574
2020-02-12,0.12016302676626205,42,130,56.008151338313105,56.601164348359774,0.828873326821348,0.6467894195727888
2020-02-13,0.07260857653598629,44,191,53.63042882679932,55.402314770821796,-0.22590403111010116,0.828873326821348
2020-02-14,0.12980278407439697,37,146,56.49013920371985,55.26043317550633,-0.35073494989249304,-0.22590403111010116
2020-02-18,0.09630287789189751,45,253,54.815143894594875,55.08937612939762,-0.5012351481914616,-0.35073494989249304
2020-02-19,0.12427718001443003,40,129,56.2138590007215,55.431544452829726,-0.20018703763639387,-0.5012351481914616
2020-02-20,0.10207676726407496,39,193,55.10383836320375,55.250681857807855,-0.35931439915039637,-0.20018703763639387
2020-02-21,0.07027326686507937,40,124,53.51366334325397,55.22732876109878,-0.3798610282753779,-0.35931439915039637
2020-02-24,0.024800569193333896,45,192,51.240028459666696,54.177306612288156,-1.3036963522753067,-0.3798610282753779
2020-02-25,0.11010415772212283,43,150,55.50520788610614,54.315319410590405,-1.18226929630309,-1.3036963522753067
2020-02-26,0.12393252717753768,42,189,56.19662635887689,54.311872882221486,-1.1853016367694142,-1.18226929630309
2020-02-27,0.09788468685300207,46,211,54.89423434265011,54.26995207811076,-1.2221845917545409,-1.1853016367694142
2020-02-28,0.01566118678479144,43,176,50.783059339239564,53.72383127730787,-1.702675110477713,-1.2221845917545409
2020-03-02,0.10623894530816407,44,197,55.3119472654082,54.53821503845618,-0.986160238202942,-1.702675110477713
2020-03-03,0.10284898895142798,41,149,55.142449447571394,54.46566335074923,-1.0499929982979657,-0.986160238202942
2020-03-04,0.27962219877344874,44,146,63.98110993867243,56.022560066708344,0.3198030423395688,-1.0499929982979657
2020-03-05,0.12995987171742987,43,140,56.4979935858715,56.343311915352615,0.6020084113896443,0.3198030423395688
2020-03-06,0.040040078165078166,37,153,52.00200390825391,56.58710082915549,0.8164998965700084,0.6020084113896443
2020-03-09,0.006058498210408967,46,230,50.30292491052045,55.585296358177935,-0.06491232799921062,0.8164998965700084
2020-03-10,0.08068382999611892,43,172,54.03419149980595,55.36364476862485,-0.2599268505802982,-0.06491232799921062
2020-03-11,0.12440671401515152,44,163,56.22033570075757,53.81148992104188,-1.6255508787392372,-0.2599268505802982
2020-03-12,-0.03214383018151439,44,218,48.39280849092428,52.190452902052435,-3.0517791362577227,-1.6255508787392372
2020-03-13,0.058976573694518454,41,172,52.948828684725925,52.379817857346836,-2.885171188961759,-3.0517791362577227
2020-03-16,-0.00011452220260084929,45,262,49.99427388986996,52.31808765321673,-2.9394829415259465,-2.885171188961759
2020-03-17,0.09728075491307633,42,164,54.86403774565382,52.48405690238631,-2.793459112167415,-2.9394829415259465
2020-03-18,0.028316607582796614,41,168,51.41583037913983,51.523155838062756,-3.638883513068624,-2.793459112167415
2020-03-19,0.02406883771929825,38,156,51.20344188596492,52.085282517070894,-3.144310628850211,-3.638883513068624
2020-03-20,0.05406750738844489,40,181,52.70337536942225,52.036191854010156,-3.1875018021654205,-3.144310628850211
2020-03-23,0.05327277891973135,47,244,52.66363894598657,52.570064865233476,-2.717787190090827,-3.1875018021654205
2020-03-24,0.2585116245559996,44,186,62.925581227799974,54.1823735616627,-1.2992383255351796,-2.717787190090827
2020-03-25,0.14646533101045295,41,159,57.323266550522646,55.363860795939274,-0.25973678443337106,-1.2992383255351796
2020-03-26,0.19708257199322415,46,175,59.8541285996612,57.09399813867852,1.2624806225083531,-0.25973678443337106
2020-03-27,0.2627987470649009,39,149,63.139937353245045,59.18131053544308,3.0989494308456846,1.2624806225083531
2020-03-30,0.09472102283486496,45,183,54.736051141743246,59.59579297459442,3.463621279815143,3.0989494308456846
2020-03-31,0.018171442414174975,43,137,50.90857212070875,57.192391153176175,1.3490492177810633,3.463621279815143
2020-04-01,0.03787841991341992,44,163,51.893920995670996,56.106522042205846,0.39367485440112376,1.3490492177810633
2020-04-02,0.02877897239665097,42,176,51.438948619832544,54.42348604624012,-1.0871016286451953,0.39367485440112376
2020-04-03,0.051169407242063494,40,190,52.55847036210317,52.30719264801174,-2.9490686351943425,-1.0871016286451953
2020-04-06,0.2220183167207227,44,312,61.10091583603614,53.580165586870315,-1.8290757200490373,-2.9490686351943425
2020-04-07,0.20307676453155288,46,234,60.15383822657765,55.429218808044105,-0.20223319714499738,-1.8290757200490373
2020-04-08,0.19296648770284297,42,229,59.648324385142146,56.98009948593833,1.162269785168801,-0.20223319714499738
2020-04-09,0.14369040611279973,47,290,57.184520305639985,58.12921382309982,2.1732888548017835,1.162269785168801
2020-04-13,0.048093721322014164,46,345,52.4046860661007,58.098456963899324,2.146228213255418,2.1732888548017835
2020-04-14,0.2427348396251445,41,226,62.136741981257224,58.305622192943545,2.3284972794007124,2.146228213255418
2020-04-15,0.040080745097495096,45,262,52.00403725487476,56.67566199860296,0.89441819263928,2.3284972794007124
2020-04-16,0.1563438029757815,44,304,57.81719014878908,56.30943515133235,0.5722028008125921,0.89441819263928
2020-04-17,0.18118950810054651,43,314,59.05947540502733,56.684426171209815,0.9021291273552897,0.5722028008125921
2020-04-20,0.06812736593317091,46,319,53.40636829665855,56.88476261732139,1.0783900622433051,0.9021291273552897
2020-04-21,-0.07529486294805443,47,230,46.23525685259728,53.7044655915894,-1.719713517296535,1.0783900622433051
2020-04-22,0.13772347973921503,44,232,56.886173986960756,54.68089293800659,-0.8606287113603038,-1.719713517296535
2020-04-23,0.1689488466183575,46,259,58.44744233091787,54.80694337443235,-0.7497264357200938,-0.8606287113603038
2020-04-24,0.009970834087375834,39,206,50.49854170436879,53.09475663430065,-2.256150460784376,-0.7497264357200938
2020-04-27,0.10345854993079483,49,346,55.172927496539735,53.44806847427689,-1.9452980101697135,-2.256150460784376
2020-04-28,0.1224115862731161,45,319,56.1205793136558,55.42513296648859,-0.20582802108421344,-1.9452980101697135
2020-04-29,0.13463706224824173,44,404,56.73185311241209,55.39426879157886,-0.23298308163223982,-0.20582802108421344
2020-04-30,0.05429709163472461,47,321,52.714854581736226,54.24775124174253,-1.2417174338784422,-0.23298308163223982
2020-05-01,-0.0034791472543924114,44,340,49.82604263728038,54.11325142832485,-1.3600536793065934,-1.2417174338784422
2020-05-04,0.11471245799743296,47,299,55.73562289987165,54.225790508991224,-1.261039026932033,-1.3600536793065934
2020-05-05,0.15157623413528784,46,299,57.57881170676439,54.51743698761295,-1.004441278612025,-1.261039026932033
2020-05-06,0.07811437230447735,42,247,53.90571861522386,53.9522100881753,-1.5017418130502143,-1.004441278612025
2020-05-07,0.13359251133786848,42,181,56.67962556689342,54.74516428520674,-0.8040811985942005,-1.5017418130502143
2020-05-08,0.13741364118867244,40,203,56.87068205943362,56.15409216963739,0.4355282230545518,-0.8040811985942005
2020-05-11,0.1108539460216191,46,247,55.542697301080956,56.11550704987925,0.4015800852426844,0.4355282230545518
2020-05-12,0.0026140035044320753,42,202,50.1307001752216,54.625884743570694,-0.9090262743897151,0.4015800852426844
2020-05-13,0.11067785723115268,44,217,55.53389286155763,54.95151959283744,-0.6225247212379345,-0.9090262743897151
2020-05-14,0.11039107009470454,49,219,55.51955350473523,54.719505180405804,-0.8266567103814255,-0.6225247212379345
2020-05-15,0.08460609101932019,48,258,54.23030455096601,54.19142967871229,-1.29127053091469,-0.8266567103814255
2020-05-18,0.19753489760830187,47,268,59.87674488041509,55.05823919457911,-0.5286301896189287,-1.29127053091469
2020-05-19,0.07308590776744624,39,155,53.65429538837231,55.76295823720925,0.09139896482755601,-0.5286301896189287
2020-05-20,0.10534157651522147,42,182,55.267078825761075,55.709595430049944,0.04444905401148296,0.09139896482755601
2020-05-21,0.07705712008978675,45,157,53.85285600448933,55.37625593000077,-0.2488312404839486,0.04444905401148296
2020-05-22,0.030400534188034182,39,135,51.52002670940171,54.8342003616879,-0.7257450676308455,-0.2488312404839486
2020-05-26,0.1578891964285714,44,248,57.89445982142857,54.4377433498906,-1.0745577020697157,-0.7257450676308455
2020-05-27,0.14979094985569988,40,175,57.489547492785,55.20479377077313,-0.3996878672734088,-1.0745577020697157
2020-05-28,0.09624235884682693,47,196,54.812117942341345,55.113801594089196,-0.47974502332814356,-0.3996878672734088
2020-05-29,0.12305212301587302,40,152,56.15260615079365,55.57375162335005,-0.07506966977747168,-0.47974502332814356
2020-06-01,0.07491211505865214,44,221,53.74560575293261,56.01886743205623,0.3165541715094527,-0.07506966977747168
2020-06-02,0.15817786006321718,42,142,57.908893003160856,56.0217540684027,0.3190939051973842,0.3165541715094527
2020-06-03,0.21153896513996195,41,164,60.5769482569981,56.63923422124532,0.8623681377562317,0.3190939051973842
2020-06-04,0.10694062896825396,40,119,55.3470314484127,56.74621692245959,0.9564941507652188,0.8623681377562317
2020-06-05,0.22260725308641977,36,141,61.13036265432099,57.741768223165046,1.8324046822597801,0.9564941507652188
2020-06-08,0.13614445283761772,41,150,56.807222641880884,58.35409160095471,2.3711418572363323,1.8324046822597801
2020-06-09,0.17793139705882352,34,141,58.89656985294117,58.551626970910775,2.5449383363977627,2.3711418572363323
2020-06-10,0.01461494367784993,32,160,50.7307471838925,56.582386756289644,0.8123523392653269,2.5449383363977627
2020-06-11,0.11230898543255685,42,164,55.615449271627845,56.636070320932674,0.8595844604083349,0.8123523392653269
2020-06-12,0.05652873015873017,33,95,52.826436507936506,54.97528509165578,-0.6016152505894098,0.8595844604083349
2020-06-15,0.12682377126240763,33,144,56.34118856312038,54.88207827590368,-0.6836209005910558,-0.6016152505894098
2020-06-16,0.14455154411764704,34,113,57.227577205882355,54.548279746491914,-0.977305060414845,-0.6836209005910558
2020-06-17,0.012663595238095232,35,80,50.633179761904756,54.52876626209437,-0.9944735041483327,-0.977305060414845
2020-06-18,0.09337590608465608,36,97,54.66879530423281,54.33943546861536,-1.1610513950385077,-0.9944735041483327
2020-06-19,0.07620117255504351,31,80,53.81005862775218,54.536159892578496,-0.9879684061162831,-1.1610513950385077
2020-06-22,0.11746111607142856,32,119,55.873055803571425,54.4425333406687,-1.0703433503177502,-0.9879684061162831
2020-06-23,0.10890318376068375,39,123,55.44515918803419,54.086049737099074,-1.3839863965882018,-1.0703433503177502
2020-06-24,-0.038887853863308404,33,99,48.05560730683458,53.570535246085036,-1.8375487308418812,-1.3839863965882018
2020-06-25,0.01978880219421102,30,133,50.98944010971055,52.83466420718058,-2.484986178155262,-1.8375487308418812
2020-06-26,0.08593059774527095,27,85,54.296529887263546,52.93195845908285,-2.3993843012507825,-2.484986178155262
2020-06-29,0.09725965969514357,31,160,54.86298298475718,52.729943895320005,-2.5771216853411545,-2.3993843012507825
2020-06-30,0.1219549330357143,32,119,56.09774665178572,52.86046138807031,-2.462289183627531,-2.5771216853411545
2020-07-01,0.05482815974874798,34,92,52.74140798743739,53.79762152419088,-1.6377526355428604,-2.462289183627531
2020-07-02,0.1478821993371212,32,110,57.39410996685606,55.07855549561998,-0.510755408048051,-1.6377526355428604
2020-07-06,0.05071828340862037,40,207,52.53591417043102,54.72643235225348,-0.8205620141356824,-0.510755408048051
2020-07-07,0.06680331085581086,26,80,53.340165542790544,54.42186886386014,-1.0885244654964645,-0.8205620141356824
2020-07-08,0.10916466205837173,31,86,55.458233102918584,54.29396615408672,-1.2010564168061026,-1.0885244654964645
2020-07-09,0.11457663210445469,31,89,55.72883160522274,54.891450877643784,-0.6753746549522386,-1.2010564168061026
2020-07-10,0.08586538825757575,32,93,54.293269412878786,54.27128276684833,-1.2210138190595015,-0.6753746549522386
2020-07-13,0.1336126455026455,36,100,56.68063227513227,55.10022638778859,-0.49168882387110713,-1.2210138190595015
2020-07-14,0.10231920250896058,31,122,55.11596012544803,55.455385304320075,-0.17921126985285887,-0.49168882387110713
2020-07-15,0.16372062812081353,34,119,58.18603140604067,56.000944964944495,0.3007855439335435,-0.17921126985285887
2020-07-16,0.10249218126644598,34,102,55.124609063322296,55.88010045656441,0.19446357188811483,0.3007855439335435
2020-07-17,0.014445626417233558,28,75,50.722281320861676,55.16590283816099,-0.433905066759242,0.19446357188811483
2020-07-20,0.10220483523210797,33,134,55.110241761605394,54.851824735455615,-0.7102387099140702,-0.433905066759242
2020-07-21,0.19871207205234379,32,144,59.93560360261719,55.815753430889444,0.13784947533767308,-0.7102387099140702
2020-07-22,0.14810733333333334,30,84,57.405366666666666,55.65962048301465,0.0004798658962350337,0.13784947533767308
2020-07-23,0.05620551394511921,38,111,52.81027569725596,55.196753809801386,-0.40676162277246236,0.0004798658962350337
2020-07-24,0.12229394078144079,36,154,56.114697039072034,56.27523695344345,0.5421143848085137,-0.40676162277246236
2020-07-27,0.09678247795414462,36,139,54.83912389770723,56.22101338066382,0.49440715121916334,0.5421143848085137
2020-07-28,0.11780056205328135,27,120,55.89002810266407,55.4118982806732,-0.2174722233252311,0.49440715121916334
2020-07-29,0.12142711120386625,41,178,56.07135556019331,55.145096059378524,-0.45221138271616357,-0.2174722233252311
2020-07-30,0.05249227439872789,43,197,52.6246137199364,55.10796366391461,-0.4848813779473643,-0.45221138271616357
2020-07-31,0.08425666928309784,28,141,54.2128334641549,54.72759094893119,-0.8195426522695113,-0.4848813779473643
2020-08-03,0.11030988673091614,39,161,55.515494336545814,54.86286503669889,-0.7005251812159446,-0.8195426522695113
2020-08-04,0.10569855855255855,35,143,55.284927927627926,54.74184500169167,-0.8070015859070437,-0.7005251812159446
2020-08-05,0.07169274249699881,35,135,53.58463712484994,54.244501314622994,-1.2445767997278685,-0.8070015859070437
2020-08-06,0.14951457142857144,30,80,57.475728571428576,55.21472428492143,-0.39095075656953115,-1.2445767997278685
2020-08-07,0.15361056711145998,28,90,57.680528355573,55.90826326320505,0.21924190216150088,-0.39095075656953115
2020-08-10,0.16316040053040054,37,104,58.15802002652003,56.43676840119989,0.6842337272845618,0.21924190216150088
2020-08-11,0.15811433815192744,28,102,57.90571690759637,56.96092619719359,1.1454006539417028,0.6842337272845618
2020-08-12,0.04590570586820586,33,97,52.2952852934103,56.703055830905654,0.9185199603682976,1.1454006539417028
2020-08-13,-0.014166628264208916,31,71,49.291668586789555,55.06624383397785,-0.5215875109089458,0.9185199603682976
2020-08-14,0.11812659313725492,34,69,55.90632965686274,54.711404094235796,-0.8337842453339958,-0.5215875109089458
2020-08-17,0.15972828828828828,37,127,57.98641441441441,54.67708297181467,-0.8639808133662769,-0.8337842453339958
2020-08-18,0.10109881882440476,32,114,55.054940941220245,54.10692777853946,-1.3656173819913113,-0.8639808133662769
2020-08-19,0.09890302447552447,26,88,54.94515122377622,54.63690096461264,-0.8993339320452498,-1.3656173819913113
2020-08-20,0.07476553520553521,39,112,53.73827676027676,55.526222599310074,-0.11688687465558442,-0.8993339320452498
2020-08-21,0.11814305555555556,30,93,55.90715277777778,55.52638722349309,-0.11674203424852668,-0.11688687465558442
2020-08-24,0.13298496472663138,36,101,56.64924823633157,55.258953987876524,-0.35203637556697553,-0.11674203424852668
2020-08-25,0.1200274007936508,28,86,56.00137003968254,55.448239807568974,-0.18549805372086625,-0.35203637556697553
2020-08-26,0.12263220588235292,34,88,56.13161029411765,55.68553162163727,0.023277123241470934,-0.18549805372086625
2020-08-27,0.06353302179058758,36,128,53.17665108952938,55.57320648748779,-0.07554929372302951,0.023277123241470934
2020-08-28,0.03102066568047337,26,80,51.551033284023674,54.70198258873696,-0.8420735177031002,-0.07554929372302951
2020-08-31,0.1364279463118581,40,129,56.821397315592904,54.73641240458924,-0.8117813185155159,-0.8420735177031002
2020-09-01,0.08059220430107528,31,100,54.02961021505377,54.34206043966348,-1.1587418809187613,-0.8117813185155159
2020-09-02,0.14011645238095236,30,75,57.00582261904762,54.51690290464948,-1.0049111779452577,-1.1587418809187613
2020-09-03,0.13243662561576355,29,87,56.62183128078818,55.20593894290123,-0.39868031665631454,-1.0049111779452577
2020-09-04,0.07961475446428572,32,78,53.98073772321429,55.691879830739346,0.02886243381733,-0.39868031665631454
2020-09-08,0.028232002997002993,39,143,51.411600149850145,54.609920397590805,-0.9230720988111171,0.02886243381733
2020-09-09,0.10584766414141415,24,70,55.292383207070706,54.86247499599419,-0.700868348625517,-0.9230720988111171
2020-09-10,0.12153276515151515,22,52,56.07663825757576,54.67663812369982,-0.8643722016839246,-0.700868348625517
2020-09-11,0.018057797619047623,28,64,50.90288988095239,53.53284984373266,-1.8707052751411686,-0.8643722016839246
2020-09-14,0.06327590095505242,31,149,53.163795047752615,53.369461308640325,-2.0144585287519425,-1.8707052751411686
2020-09-15,0.07220307060755336,29,91,53.610153530377666,53.80917198474583,-1.6275902561290378,-2.0144585287519425
2020-09-16,0.12763400974025974,28,78,56.381700487012985,54.02703544073429,-1.4359086266712007,-1.6275902561290378
2020-09-17,0.1327151552353896,32,106,56.635757761769476,54.138859341573024,-1.3375232071071401,-1.4359086266712007
2020-09-18,0.07476142238713668,28,76,53.73807111935683,54.705895589253906,-0.8386307635626482,-1.3375232071071401
2020-09-21,0.02629172580645161,31,115,51.31458629032258,54.336053837767906,-1.1640266370685424,-0.8386307635626482
2020-09-22,0.2513144930739758,29,70,62.56572465369879,56.12716806243213,0.41183973102459903,-1.1640266370685424
2020-09-23,0.119625625,24,72,55.98128125,56.04708421502953,0.34137999148848586,0.41183973102459903
2020-09-24,0.11731433421516754,27,75,55.86571671075837,55.89307600482732,0.20587977853396358,0.34137999148848586
2020-09-25,0.06575231481481482,24,64,53.28761574074075,55.80298492910409,0.12661543327748792,0.20587977853396358
2020-09-28,0.12536546029177223,38,154,56.26827301458861,56.7937222739573,0.9982905279581482,0.12661543327748792
2020-09-29,0.15778391534391537,30,81,57.889195767195766,55.858416496656695,0.17538549039274828,0.9982905279581482
2020-09-30,0.1658297899159664,34,128,58.291489495798324,56.32045814581636,0.5819011025980529,0.17538549039274828
2020-10-01,0.16623849893162393,26,103,58.31192494658119,56.80969979298093,1.0123479423475767,0.5819011025980529
2020-10-02,0.1167450518925519,26,76,55.83725259462759,57.3196271637583,1.4609945907369952,1.0123479423475767
2020-10-05,0.17836443310657596,35,137,58.91822165532879,57.84961689190633,1.9272925948075506,1.4609945907369952
2020-10-06,0.1280162962962963,30,79,56.400814814814815,57.55194070143015,1.6653897576272796,1.9272925948075506
2020-10-07,0.1830734349206349,25,78,59.15367174603175,57.72437715147682,1.8171035894533147,1.6653897576272796
2020-10-08,0.085407079228243,29,114,54.270353961412155,56.91606295444302,1.1059288690378288,1.8171035894533147
2020-10-09,0.13212720458553792,27,86,56.606360229276895,57.06988448137288,1.2412648334557,1.1059288690378288
2020-10-12,0.16797073063444493,35,149,58.39853653172224,56.96594745665156,1.1498184815689594,1.2412648334557
2020-10-13,-0.015275526106934,30,115,49.236223694653305,55.53302923261928,-0.11089823118203544,1.1498184815689594
2020-10-14,0.17368264605978262,32,124,58.684132302989134,55.43912134401074,-0.19352070233379476,-0.11089823118203544
2020-10-15,0.20682407670454545,32,91,60.341203835227276,56.65329131877377,0.8747359180591562,-0.19352070233379476
2020-10-16,0.21749555769230772,25,91,60.87477788461538,57.50697484984147,1.6258276949427797,0.8747359180591562
2020-10-19,0.195605604013104,37,130,59.7802802006552,57.783323583628054,1.8689661109313198,1.6258276949427797
2020-10-20,0.17722300000000002,25,64,58.86115000000001,59.7083088446974,3.5626155109648985,1.8689661109313198
2020-10-21,0.11630866815476192,32,88,55.81543340773809,59.13456906564719,3.0578251355705506,3.5626155109648985
2020-10-22,0.057422522005772005,30,128,52.8711261002886,57.64055351865945,1.7433534946858822,3.0578251355705506
2020-10-23,0.25190856363636366,25,95,62.59542818181818,57.98468357810001,2.0461275888528436,1.7433534946858822
2020-10-26,0.08865343508343508,39,146,54.43267175417176,56.91516188880333,1.1051360893158684,2.0461275888528436
2020-10-27,0.05221161023351648,32,132,52.61058051167582,55.665047991138486,0.005255121096115379,1.1051360893158684
2020-10-28,0.07461144124922696,35,179,53.73057206246135,55.248075722083136,-0.3616073414891465,0.005255121096115379
2020-10-29,0.06123242481203008,38,124,53.06162124060151,55.28617475014572,-0.3280868791120943,-0.3616073414891465
2020-10-30,0.10398630738185426,32,113,55.199315369092716,53.80695218760063,-1.6295432882790495,-0.3280868791120943
2020-11-02,0.06439584834834836,37,148,53.21979241741742,53.564376320249764,-1.8429675053419863,-1.6295432882790495
2020-11-03,0.12870001587301588,30,96,56.435000793650794,54.329260376644754,-1.1700036913286807,-1.8429675053419863
2020-11-04,0.12683746155753967,32,116,56.34187307787698,54.85152057972789,-0.710506313607562,-1.1700036913286807
2020-11-05,0.10774459899749374,38,106,55.38722994987468,55.31664232158253,-0.30128076005860793,-0.710506313607562
2020-11-06,0.10906275760304121,35,115,55.453137880152056,55.36740682379438,-0.2566169018707531,-0.30128076005860793
2020-11-09,0.14085572633506843,38,164,57.04278631675342,56.13200560366158,0.4160959188337164,-0.2566169018707531
2020-11-10,0.08590321895424838,34,121,54.29516094771242,55.70403763447391,0.039559168705230935,0.4160959188337164
2020-11-11,0.10527108294930877,31,87,55.26355414746544,55.48837384839161,-0.1501871370427712,0.039559168705230935
2020-11-12,0.15802810342038914,35,124,57.90140517101946,55.991208892620556,0.2922195079312923,-0.1501871370427712
2020-11-13,0.16392370636110518,29,92,58.19618531805526,56.5398183802012,0.7748996345196543,0.2922195079312923
2020-11-16,0.14341527876984128,40,161,57.170763938492065,56.565413904548926,0.797419206659648,0.7748996345196543
2020-11-17,0.13922668859649123,28,85,56.96133442982456,57.09864860097135,1.266572213665656,0.797419206659648
2020-11-18,0.12571961805555557,32,99,56.28598090277778,57.30313395203383,1.4464834572199254,1.266572213665656
2020-11-19,0.06130040966386555,34,75,53.06502048319328,56.335857014468594,0.5954494061521093,1.4464834572199254
2020-11-20,0.07337568877551019,28,90,53.66878443877551,55.430376838612645,-0.2012143333555995,0.5954494061521093
2020-11-23,0.10087163967611337,38,153,55.043581983805666,55.00494044767536,-0.5755237386458607,-0.2012143333555995
2020-11-24,0.06595879416282642,31,90,53.297939708141314,54.27226150333871,-1.2201527026118852,-0.5755237386458607
2020-11-25,0.15335719444444443,30,79,57.667859722222225,54.54863726722759,-0.976990504874227,-1.2201527026118852
2020-11-27,0.17392850274725274,26,77,58.69642513736264,55.67491819806147,0.013939172019202037,-0.976990504874227
2020-11-30,0.1294449084249084,39,110,56.472245421245425,56.23561039455545,0.507249963223921,0.013939172019202037
2020-12-01,0.16726777777777777,30,60,58.36338888888889,56.8995717755721,1.0914195240753288,0.507249963223921
2020-12-02,0.13310336601307188,34,94,56.65516830065359,57.57101749407455,1.6821739892108574,1.0914195240753288
2020-12-03,0.13363172528270567,27,98,56.681586264135284,57.373762802457165,1.508624457758334,1.6821739892108574
2020-12-04,0.08959502048131081,31,94,54.479751024065536,56.53042797979774,0.7666377291788569,1.508624457758334
2020-12-07,0.08241989417989418,30,164,54.12099470899471,56.0601778373476,0.35290008259347094,0.7666377291788569
2020-12-08,0.09914755839646465,32,99,54.95737791982324,55.378975643534474,-0.2464383695940862,0.35290008259347094
2020-12-09,0.11146535200489745,33,103,55.57326760024487,55.16259550345272,-0.43681494121784237,-0.2464383695940862
2020-12-10,0.17105812131519277,35,105,58.552906065759636,55.5368594637776,-0.10752829955997009,-0.43681494121784237
2020-12-11,0.04459064423880213,39,133,52.22953221194011,55.08681570135252,-0.5034878757889731,-0.10752829955997009
2020-12-14,0.10006168707482993,35,145,55.00308435374149,55.263233630301876,-0.34827104085369576,-0.5034878757889731
2020-12-15,0.21087476984126985,30,79,60.54373849206349,56.38050574474992,0.6347324577071213,-0.34827104085369576
2020-12-16,0.18285041666666665,28,72,59.142520833333336,57.09435639136761,1.2627958220395952,0.6347324577071213
2020-12-17,0.17308056462585034,35,101,58.65402823129252,57.11458082447418,1.280589775941317,1.2627958220395952
2020-12-18,0.13693966145833333,32,86,56.84698307291667,58.038070996669504,2.093099153393205,1.280589775941317
2020-12-21,0.1368722798732368,44,214,56.84361399366185,58.40617692465357,2.416967806669383,2.093099153393205
2020-12-22,0.08987989247311828,31,89,54.493994623655915,57.19622815097206,1.3524251028573593,2.416967806669383
2020-12-23,0.16776262896825397,28,76,58.38813144841269,57.04535027398792,1.2196790340949535,1.3524251028573593
2020-12-24,0.22380935064935067,22,55,61.19046753246753,57.55263813422293,1.6660033761598212,1.2196790340949535
2020-12-28,0.19389162889398182,34,115,59.69458144469909,58.122157808579416,2.1670807996021986,1.6660033761598212
2020-12-29,0.04747878600823046,27,84,52.37393930041152,57.22822286992935,1.3805748438772714,2.1670807996021986
2020-12-30,0.14589500000000002,31,61,57.29475000000001,57.78837394519817,1.873409543312939,1.3805748438772714
2020-12-31,0.22519500821018062,29,84,61.25975041050903,58.36269773761744,2.3787137480399734,1.873409543312939
2021-01-04,0.13092955555555555,30,115,56.54647777777778,57.43389978667949,1.561534456243928,2.3787137480399734
2021-01-05,0.12875263157894737,38,108,56.43763157894737,56.78250981352913,0.9884255293729022,1.561534456243928
2021-01-06,0.12264992703533026,31,104,56.13249635176651,57.53422122380014,1.6497997251922762,0.9884255293729022
2021-01-07,0.033573262548262546,37,97,51.678663127413124,56.41100384928276,0.6615654405298107,1.6497997251922762
2021-01-08,0.09220780257936508,32,83,54.610390128968255,55.08113179297461,-0.5084887182415264,0.6615654405298107
2021-01-11,0.1330350263665481,39,138,56.651751318327406,55.10218650108453,-0.4899642679616095,-0.5084887182415264
2021-01-12,0.09913257575757575,33,116,54.95662878787879,54.80598594287081,-0.7505688075670717,-0.4899642679616095
2021-01-13,0.135896868173548,33,121,56.794843408677394,54.938455354252994,-0.6340189598110416,-0.7505688075670717
2021-01-14,0.08046159277504104,29,91,54.023079638752044,55.40733865652078,-0.22148389285138442,-0.6340189598110416
2021-01-15,0.1676870185696656,34,123,58.384350928483286,56.16213081642378,0.4426008223009992,-0.22148389285138442
2021-01-19,0.06063596947084563,38,181,53.03179847354228,55.438140247466755,-0.19438389521464708,0.4426008223009992
2021-01-20,0.04581023851965028,33,101,52.29051192598252,54.904916875087494,-0.6635269390488328,-0.19438389521464708
2021-01-21,0.001894010416666667,32,81,50.094700520833335,53.5648882975187,-1.8425170551427563,-0.6635269390488328
2021-01-22,0.10021416666666667,28,87,55.01070833333333,53.76241403643495,-1.6687290496071434,-1.8425170551427563
2021-01-25,0.13899926533882784,40,167,56.949963266941396,53.47553650412658,-1.9211309616130952,-1.6687290496071434
2021-01-26,0.13129902568922305,32,152,56.56495128446115,54.18216706631034,-1.2994200052273335,-1.9211309616130952
2021-01-27,0.14013251976284585,33,114,57.00662598814229,55.125389878742304,-0.4695493653420394,-1.2994200052273335
2021-01-28,0.11530821021571022,39,141,55.76541051078551,56.25953187673274,0.5282966718698711,-0.4695493653420394
2021-01-29,0.05130052380952381,35,109,52.565026190476196,55.77039544816131,0.09794240602766496,0.5282966718698711
2021-02-01,0.16142219116249604,41,139,58.0711095581248,55.994624706397985,0.29522482494424274,0.09794240602766496
2021-02-02,0.15851852942379258,33,121,57.92592647118963,56.26681974374368,0.5347087165957378,0.29522482494424274
2021-02-03,0.0982998063973064,33,113,54.91499031986532,55.84849261008829,0.16665421079674883,0.5347087165957378
2021-02-04,0.10033206884513336,31,94,55.016603442256674,55.698731196382525,0.034890433899021425,0.16665421079674883
2021-02-05,0.08196842592592593,36,77,54.098421296296294,56.00541021754655,0.30471418304751985,0.034890433899021425
2021-02-08,0.10443526785714285,36,138,55.221763392857135,55.43554098449302,-0.19667079073797006,0.30471418304751985
2021-02-09,0.0907756157635468,29,91,54.53878078817734,54.758111847890554,-0.7926896143494695,-0.19667079073797006
2021-02-10,0.06455011494252874,29,87,53.227505747126436,54.420614933342776,-1.0896277044206102,-0.7926896143494695
2021-02-11,0.06679953453453454,37,102,53.339976726726725,54.08528959023679,-1.3846551925022696,-1.0896277044206102
2021-02-12,0.166009068627451,34,84,58.300453431372546,54.92569601725204,-0.6452449384684024,-1.3846551925022696
2021-02-16,0.08704885395306448,38,145,54.352442697653224,54.75183187821126,-0.7982148862020194,-0.6452449384684024
2021-02-17,0.14466134807900433,32,101,57.23306740395022,55.29068920136583,-0.32411495384333994,-0.7982148862020194
2021-02-18,0.14548112925170067,35,103,57.27405646258503,56.099999344457544,0.3879360244207448,-0.32411495384333994
2021-02-19,0.2093379411764706,34,70,60.466897058823534,57.525383410876906,1.6420239999138775,0.3879360244207448
2021-02-22,0.11942473611111111,40,115,55.971236805555556,57.059540085713515,1.23216357961417,1.6420239999138775
2021-02-23,0.12130448633156966,36,93,56.06522431657849,57.40209640949856,1.5335530624271259,1.23216357961417
2021-02-24,0.015876927284427286,37,101,50.79384636422136,56.11425220155279,0.40047603880751165,1.5335530624271259
2021-02-25,0.0959055787037037,36,108,54.79527893518519,55.618496696072825,-0.03570185377181003,0.40047603880751165
2021-02-26,0.053931848958333334,32,78,52.69659244791667,54.064435773891454,-1.4030028932644407,-0.03570185377181003
2021-03-01,0.1166801488095238,42,129,55.834007440476185,54.036989900875575,-1.4271504476934644,-1.4030028932644407
2021-03-02,0.058821000000000005,30,72,52.941050000000004,53.41215503755988,-1.9768955355009563,-1.4271504476934644
2021-03-03,0.0882793670697119,29,98,54.4139683534856,54.136179435412735,-1.3398810544903443,-1.9768955355009563
2021-03-04,0.11120365835777125,31,82,55.56018291788857,54.2891602319534,-1.2052847853564028,-1.3398810544903443
2021-03-05,0.09646323879551821,34,94,54.82316193977591,54.71447413032526,-0.8310831520393337,-1.2052847853564028
2021-03-08,0.11727890350877192,38,111,55.8639451754386,54.720461677317736,-0.8258151608621692,-0.8310831520393337
2021-03-09,0.030207015306122447,28,82,51.51035076530612,54.43432183037896,-1.0775680391280233,-0.8258151608621692
2021-03-10,0.1862174112831613,30,94,59.310870564158066,55.413702272513454,-0.21588502691406683,-1.0775680391280233
2021-03-11,0.13993266955266956,33,108,56.99663347763347,55.70099238446244,0.03687988281188259,-0.21588502691406683
2021-03-12,0.1700853037766831,29,63,58.50426518883416,56.43721303427409,0.6846249264041478,0.03687988281188259
2021-03-15,0.19747001253132831,38,131,59.87350062656641,57.239124124499654,1.3901660358910517,0.6846249264041478
2021-03-16,0.05055355392156863,34,87,52.527677696078435,57.442589510654116,1.569179889221377,1.3901660358910517
2021-03-17,0.10274596354166667,32,73,55.13729817708334,56.60787503323917,0.834777552505386,1.569179889221377
2021-03-18,0.07452563725490197,34,83,53.7262818627451,55.95380471026149,0.2593103879019826,0.834777552505386
2021-03-19,0.10966443223443224,26,72,55.48322161172161,55.34959599483898,-0.2722873074496845,0.2593103879019826
2021-03-22,0.08818172222222223,30,81,54.409086111111115,54.25671309174792,-1.233832577723029,-0.2722873074496845
2021-03-23,0.10606030465949821,31,88,55.30301523297491,54.81178059912721,-0.7454705264058964,-1.233832577723029
2021-03-24,0.12718956635318704,29,93,56.35947831765935,55.05621662724242,-0.5304096941302548,-0.7454705264058964
2021-03-25,0.10542809523809524,34,102,55.27140476190476,55.36524120707435,-0.25852226474950685,-0.5304096941302548
2021-03-26,0.0818673544973545,27,95,54.093367724867726,55.08727042970357,-0.5030877945963985,-0.25852226474950685
2021-03-29,0.19017247000075946,38,142,59.50862350003797,56.107177907488946,0.39425190081581096,-0.5030877945963985
2021-03-30,0.1411362742812743,33,85,57.056813714063715,56.457937603706704,0.70285891255218,0.39425190081581096
2021-03-31,0.0977739898989899,33,78,54.8886994949495,56.163781839164734,0.44405343273454634,0.70285891255218
2021-04-01,0.005918376068376072,39,80,50.29591880341881,55.168684647467536,-0.43145756248046896,0.44405343273454634
2021-04-05,0.18083586442129299,35,141,59.04179322106465,56.15836974670693,0.43929174061697013,-0.43145756248046896
2021-04-06,0.0601734365079365,30,99,53.008671825396824,54.8583794117787,-0.7044717443967141,0.43929174061697013
2021-04-07,0.07444442528735633,29,55,53.72222126436782,54.19146092183952,-1.291243042442564,-0.7044717443967141
2021-04-08,0.1646359768009768,39,91,58.231798840048846,54.860080790859385,-0.7029748292163702,-1.291243042442564
2021-04-09,0.09714005747126436,29,83,54.85700287356322,55.77229760488827,0.09961597032165936,-0.7029748292163702
2021-04-12,0.163624820861678,35,116,58.1812410430839,55.60018716929212,-0.05181102596869899,0.09961597032165936
2021-04-13,0.1860828888888889,30,96,59.304144444444454,56.85928169310165,1.0559713181158334,-0.05181102596869899
2021-04-14,0.11225642798957315,42,149,55.61282139947866,57.23740172012382,1.3886506221386758,1.0559713181158334
2021-04-15,0.10452282738095238,32,91,55.226141369047625,56.63627022592357,0.8597603417383052,1.3886506221386758
2021-04-16,0.09785891483516483,26,91,54.89294574175824,56.64345879956257,0.8660850257122678,0.8597603417383052
2021-04-19,0.09926386371665784,37,149,54.96319318583289,55.999849228112375,0.299821487706285,0.8660850257122678
2021-04-20,0.11921897828733766,32,106,55.96094891436688,55.33121012209686,-0.2884636507020371,0.299821487706285
2021-04-21,0.11076511069340017,38,97,55.538255534670014,55.31629694913513,-0.3015846272362712,-0.2884636507020371
2021-04-22,0.11362210678210677,36,137,55.68110533910534,55.40728974314667,-0.22152692804151689,-0.3015846272362712
2021-04-23,0.13772699919871795,32,99,56.8863499599359,55.8059705867822,0.1292422883695771,-0.22152692804151689
2021-04-26,0.11850715514275888,38,131,55.92535775713794,55.99840350104321,0.29854950145640147,0.1292422883695771
2021-04-27,0.13548847408234127,32,137,56.77442370411706,56.16109845899325,0.44169252883080967,0.29854950145640147
2021-04-28,0.14439706118798226,37,152,57.219853059399114,56.49741796393907,0.7375947049620993,0.44169252883080967
2021-04-29,0.10998580743066458,35,132,55.49929037153323,56.461054970424655,0.7056016484984337,0.7375947049620993
2021-04-30,0.13717926373626374,35,135,56.858963186813185,56.455577615800095,0.7007825371206646,0.7056016484984337
2021-05-03,0.1460817886904762,40,125,57.30408943452381,56.73132395127728,0.9433909482536226,0.7007825371206646
2021-05-04,0.13892206802721088,35,114,56.946103401360546,56.76565989072598,0.9736005526713558,0.9433909482536226
2021-05-05,0.13517541666666666,36,109,56.75877083333334,56.67344344551282,0.8924662550395189,0.9736005526713558
2021-05-06,0.12595494444444444,30,73,56.29774722222223,56.833134815650624,1.0329666519486327,0.8924662550395189
2021-05-07,0.0769017361111111,24,56,53.84508680555555,56.23035953939909,0.5026301316516546,1.0329666519486327
2021-05-10,0.13205795112781954,38,109,56.60289755639097,56.09012116377253,0.379244957985616,0.5026301316516546
2021-05-11,0.07823249999999998,29,86,53.911624999999994,55.48322548350042,-0.1547167951578033,0.379244957985616
2021-05-12,0.17409408163265305,35,81,58.704704081632656,55.872412133160275,0.18769919577364497,-0.1547167951578033
2021-05-13,0.08285506172839506,27,66,54.142753086419745,55.44141330599979,-0.19150417777843864,0.18769919577364497
2021-05-14,0.0865951231884058,25,84,54.32975615942029,55.53834717677273,-0.10621937305929537,-0.19150417777843864
2021-05-17,0.1446037734541304,34,150,57.23018867270652,55.663805400035834,0.004161858868057846,-0.10621937305929537
2021-05-18,0.10103547222222221,30,115,55.05177361111111,55.891835122258065,0.20478801951562953,0.004161858868057846
2021-05-19,0.027782311507936506,24,87,51.38911557539683,54.4287174210109,-1.0824989363955102,0.20478801951562953
2021-05-20,0.1539826612903226,31,85,57.699133064516126,55.13999341663017,-0.4567008133648618,-1.0824989363955102
2021-05-21,0.1757566220238095,32,71,58.78783110119048,56.031608404984205,0.32776399300352305,-0.4567008133648618
2021-05-24,0.1573202485380117,38,119,57.86601242690058,56.15877315582302,0.43964666988383244,0.32776399300352305
2021-05-25,0.17922488888888888,30,84,58.96124444444444,56.94066732248969,1.1275763974751605,0.43964666988383244
2021-05-26,0.13730641030844157,32,85,56.86532051542208,58.03590831049473,2.091196368880285,1.1275763974751605
2021-05-27,0.15776649206349205,35,105,57.8883246031746,58.07374661822644,2.1244874430947895,2.091196368880285
2021-05-28,0.21679595238095237,35,78,60.83979761904762,58.484139921797876,2.4855615699613263,2.1244874430947895
2021-06-01,0.1700476229480396,36,150,58.502381147401984,58.61141366589815,2.5975401417950184,2.4855615699613263
2021-06-02,0.1846959943977591,34,84,59.23479971988795,58.66612472098684,2.6456762743151705,2.5975401417950184
2021-06-03,0.13631895833333335,40,84,56.815947916666666,58.656250201235764,2.6369884288598007,2.6456762743151705
2021-06-04,0.18700971264367816,29,67,59.350485632183904,58.94868240703763,2.8942774792869685,2.6369884288598007
2021-06-07,0.11790287802840434,38,113,55.89514390142022,57.959751663512144,2.024191876908757,2.8942774792869685
2021-06-08,0.187922,30,57,59.3961,58.138495434031746,2.181455044488594,2.024191876908757
2021-06-09,0.09461036713286713,26,70,54.73051835664335,57.23763916138282,1.388859528800969,2.181455044488594
2021-06-10,0.11518693609022555,38,101,55.75934680451128,57.026318938951746,1.2029347972336542,1.388859528800969
2021-06-11,0.11100297619047618,28,60,55.55014880952381,56.266251574419734,0.5342088272438122,1.2029347972336542
2021-06-14,0.13135771094402673,38,101,56.567885547201335,56.40079990357596,0.6525877580125456,0.5342088272438122
2021-06-15,0.14845333333333333,31,64,57.422666666666665,56.006113236909286,0.3053327167817745,0.6525877580125456
2021-06-16,0.1344245102040816,35,89,56.72122551020408,56.40425466762143,0.6556273444297531,0.3053327167817745
2021-06-17,0.10401204861111112,32,89,55.200602430555556,56.2925057928303,0.5573079346285106,0.6556273444297531
2021-06-18,0.13968656565656568,33,77,56.98432828282829,56.57934168749118,0.8096732128076445,0.5573079346285106
2021-06-21,0.13548175815696648,36,138,56.774087907848326,56.62058215962058,0.8459575949749466,0.8096732128076445
2021-06-22,-0.029453958333333325,24,53,48.52730208333333,54.84150924295392,-0.7193145340462739,0.8459575949749466
2021-06-23,0.11722258928571429,28,82,55.86112946428572,54.66949003377024,-0.8706612670941672,-0.7193145340462739
2021-06-24,0.12286423745173747,37,114,56.143211872586875,54.8580119221765,-0.7047950707913977,-0.8706612670941672
2021-06-25,0.13975912561576354,29,90,56.987956280788175,54.858737521768475,-0.7041566704158396,-0.7047950707913977
2021-06-28,0.11336806022408964,34,102,55.66840301120448,54.63760054243971,-0.8987184262587604,-0.7041566704158396
2021-06-29,0.2021743073593074,33,80,60.108715367965374,56.953883199366125,1.1392040511488626,-0.8987184262587604
2021-06-30,0.08429481498660071,28,99,54.21474074933003,56.624605456374994,0.8494973904591367,1.1392040511488626
2021-07-01,0.17762033617424242,32,92,58.88101680871212,57.172166443600034,1.3312550206346105,0.8494973904591367
2021-07-02,0.21395130208333332,32,58,60.697565104166664,57.914088208275736,1.9840160453693294,1.3312550206346105
2021-07-06,0.08561169270833333,32,83,54.28058463541666,57.63652453311816,1.7398086940670152,1.9840160453693294
2021-07-07,0.1649266785714286,30,67,58.246333928571424,57.26404824523938,1.4120948906157638,1.7398086940670152
2021-07-08,0.10723582491582492,33,94,55.361791245791245,57.49345834453162,1.6139355409759153,1.4120948906157638
2021-07-09,0.12822953149001537,31,81,56.41147657450076,56.999550297689346,1.1793830879657123,1.6139355409759153
2021-07-12,0.14526101491101492,33,99,57.26305074555075,56.31264742596617,0.5750290390785858,1.1793830879657123
2021-07-13,0.0751224859775641,32,93,53.756124298878206,56.207755358658474,0.48274241722399924,0.5750290390785858
2021-07-14,0.0935579046474359,32,88,54.677895232371796,55.49406761941856,-0.14517761718890895,0.48274241722399924
2021-07-15,0.025323539094650207,27,92,51.266176954732515,54.6749447612068,-0.8658620636731746,-0.14517761718890895
2021-07-16,0.14675457402812242,31,102,57.33772870140612,54.86019518658789,-0.7028741810395437,-0.8658620636731746
2021-07-19,0.008665687889346425,41,159,50.43328439446733,53.494241916371195,-1.9046734796436628,-0.7028741810395437
2021-07-20,0.1885327178030303,32,79,59.426635890151516,54.62834423462586,-0.9068623536396672,-1.9046734796436628
2021-07-21,0.09687800170068027,35,106,54.843900085034015,54.661545205158305,-0.8776513228021757,-0.9068623536396672
2021-07-22,0.10543704034391535,36,117,55.27185201719577,55.46268021765095,-0.17279302560133233,-0.8776513228021757
2021-07-23,0.10032435483870969,31,109,55.01621774193548,54.99837802575682,-0.58129751892869,-0.17279302560133233
2021-07-26,0.13013958943833942,30,119,56.50697947191697,56.213117041246754,0.4874597574979534,-0.58129751892869
2021-07-27,0.09469255466755468,26,120,54.734627733377735,55.274715409891996,-0.3381690886427357,0.4874597574979534
2021-07-28,0.1427211862244898,28,92,57.136059311224486,55.733147255130085,0.06517052924735951,-0.3381690886427357
2021-07-29,0.15429646929824561,38,126,57.71482346491228,56.221741544673385,0.49504780783242053,0.06517052924735951
2021-07-30,0.09105102294372294,25,80,54.55255114718614,56.129008225723524,0.41345875196852894,0.49504780783242053
2021-08-02,0.12144628146544813,36,126,56.07231407327241,56.042075145994616,0.3369728892954056,0.41345875196852894
2021-08-03,0.14340313350340136,28,109,57.17015667517007,56.52918093435308,0.7655405479110912,0.3369728892954056
2021-08-04,0.06040845588235294,34,87,53.02042279411765,55.706053630931706,0.041332891995618064,0.7655405479110912
2021-08-05,0.12088997198879552,34,104,56.04449859943978,55.37198865783721,-0.2525856915365131,0.041332891995618064
2021-08-06,0.09108922222222221,30,66,54.55446111111111,55.3723706506222,-0.2522496048847307,-0.2525856915365131
2021-08-09,0.13389537878787877,35,103,56.69476893939394,55.496861623846506,-0.14271938334224782,-0.2522496048847307
2021-08-10,0.10777535330261136,31,79,55.388767665130565,55.140583821838604,-0.4561813603346154,-0.14271938334224782
2021-08-11,0.06451414814814814,30,71,53.225707407407405,55.181640744496555,-0.4200584695088248,-0.4561813603346154
2021-08-12,0.14886598389355743,34,86,57.44329919467788,55.46140086354418,-0.1739186328250257,-0.4200584695088248
2021-08-13,0.1384391525689223,28,82,56.921957628446116,55.934900167011186,0.24267770557381,-0.1739186328250257
2021-08-16,0.06687243894620272,43,138,53.34362194731014,55.26467076859442,-0.34700661122082604,0.24267770557381
2021-08-17,0.09721764550264549,33,92,54.86088227513227,55.15909369059476,-0.4398959223379903,-0.34700661122082604
2021-08-18,0.14497316964285714,36,110,57.24865848214286,55.96368390554185,0.2680023470030644,-0.4398959223379903
2021-08-19,0.10595873626373627,26,86,55.29793681318681,55.53461142924364,-0.10950617565944021,0.2680023470030644
2021-08-20,0.03138543209876544,27,66,51.56927160493827,54.464074224542074,-1.051391150638018,-0.10950617565944021
2021-08-23,0.10404551837051837,39,120,55.20227591852592,54.83580501878523,-0.7243332508314558,-1.051391150638018
2021-08-24,0.10998995621237001,29,85,55.4994978106185,54.963528125882476,-0.6119593183757294,-0.7243332508314558
2021-08-25,0.10835438271604937,27,71,55.41771913580247,54.597340256614395,-0.9341404163966762,-0.6119593183757294
2021-08-26,0.09244091666666666,30,73,54.62204583333333,54.4621620606437,-1.0530735194876628,-0.9341404163966762
2021-08-27,0.14961545454545455,30,97,57.48077272727272,55.64446228511059,-0.012856689611486232,-1.0530735194876628
2021-08-30,0.1415148911564626,35,98,57.07574455782313,56.01915601297003,0.31680807209840633,-0.012856689611486232
2021-08-31,0.06148890625,32,88,53.074445312499996,55.53414551334633,-0.10991609993049882,0.31680807209840633
2021-09-01,0.08739201940035274,27,75,54.36960097001764,55.324521880189366,-0.2943481305071549,-0.10991609993049882
2021-09-02,0.1424487780448718,32,103,57.12243890224359,55.82460049397141,0.14563333913334017,-0.2943481305071549
2021-09-03,0.16339724702380953,24,70,58.16986235119048,55.962418418754964,0.26688894058863455,0.14563333913334017
2021-09-07,0.15351528164924505,41,143,57.67576408246226,56.08242232368279,0.37247132903237645,0.26688894058863455
2021-09-08,0.08336821106821107,37,106,54.16841055341055,56.3012153718649,0.5649708365762913,0.37247132903237645
2021-09-09,0.06027777551020408,35,120,53.01388877551021,56.030072932963414,0.3264130469368834,0.5649708365762913
2021-09-10,0.028574292929292935,33,87,51.42871464646465,54.89132808180763,-0.6754826937504762,0.3264130469368834
2021-09-13,0.11808103595478596,42,147,55.9040517977393,54.43816597111739,-1.0741858695151143,-0.6754826937504762
2021-09-14,0.14015208333333332,36,83,57.00760416666667,54.30453398795828,-1.1917585765274281,-1.0741858695151143
2021-09-15,0.11800880272108843,35,108,55.90044013605442,54.65093990448705,-0.8869821272931476,-1.1917585765274281
2021-09-16,0.09315866666666667,35,73,54.65793333333333,54.97974881605167,-0.5976879560288192,-0.8869821272931476
2021-09-17,0.07872248917748918,33,78,53.93612445887446,55.48123077853363,-0.15647178567049538,-0.5976879560288192
2021-09-20,0.12164059254698789,43,167,56.08202962734939,55.51682634445565,-0.1251539308864021,-0.15647178567049538
2021-09-21,0.09003182415674603,32,92,54.50159120783729,55.015623752689784,-0.5661243040143432,-0.1251539308864021
2021-09-22,0.10534248548199768,41,95,55.267124274099885,54.88896058029887,-0.6775656798340468,-0.5661243040143432
2021-09-23,0.1559943253968254,36,89,57.79971626984127,55.51731716760046,-0.12472209260611021,-0.6775656798340468
2021-09-24,0.055590430555555556,30,84,52.779521527777774,55.28599658138112,-0.328243636375316,-0.12472209260611021
2021-09-27,0.1617270842781557,42,154,58.08635421390779,55.68686149869281,0.024447181798688978,-0.328243636375316
2021-09-28,0.13443780566280567,37,101,56.72189028314028,56.130921313753404,0.415141933891812,0.024447181798688978
2021-09-29,0.13310400510204082,28,68,56.655200255102045,56.408536509953834,0.6593946146753888,0.415141933891812
2021-09-30,0.10278817073170732,41,112,55.139408536585364,55.876474963302655,0.19127377370535298,0.6593946146753888
2021-10-01,0.08852261631089217,29,88,54.4261308155446,56.205796820856015,0.4810192474724373,0.19127377370535298
2021-10-04,0.10404113865546218,34,138,55.20205693277311,55.62893736462909,-0.02651589666664109,0.4810192474724373
2021-10-05,0.05496117117117117,37,97,52.74805855855856,54.83417101971274,-0.725770883422595,-0.02651589666664109
2021-10-06,0.10582663210445468,31,126,55.29133160522274,54.561397289736874,-0.9657639230897733,-0.725770883422595
2021-10-07,0.11107715728715728,33,78,55.553857864357866,54.64428715529137,-0.8928353797370542,-0.9657639230897733
2021-10-08,0.12670430875576036,31,83,56.33521543778802,55.02610407974006,-0.556903454390283,-0.8928353797370542
2021-10-11,0.15745821810764993,44,134,57.87291090538249,55.56027487426193,-0.08692684524219108,-0.556903454390283
2021-10-12,0.14260289540816326,28,86,57.130144770408165,56.43669211663185,0.6841666102444977,-0.08692684524219108
2021-10-13,0.07671240740740741,36,105,53.83562037037037,56.14554986966139,0.4280124973386977,0.6841666102444977
2021-10-14,0.12659307663690478,32,120,56.32965383184524,56.300709063158855,0.5645253737181778,0.4280124973386977
2021-10-15,0.21848617484367483,33,94,60.92430874218374,57.218527724038005,1.3720448159574792,0.5645253737181778
2021-10-18,0.13637415494227995,36,157,56.818707747114,57.0076870923843,1.1865420401571969,1.3720448159574792
2021-10-19,0.08757306382275132,36,96,54.37865319113757,56.45738877653018,0.7023760408975036,1.1865420401571969
2021-10-20,0.10129912037037037,36,81,55.064956018518515,56.70325590615981,0.9186959915000763,0.7023760408975036
2021-10-21,0.08286746428571429,40,146,54.14337321428572,56.26599978264791,0.533987294647222,0.9186959915000763
2021-10-22,0.13821406162464986,34,98,56.9107030812325,55.46327865045765,-0.17226650969259638,0.533987294647222
2021-10-25,0.12706003858024692,36,119,56.35300192901235,55.37013748683732,-0.25421439733323836,-0.17226650969259638
2021-10-26,0.11448214965986393,35,137,55.724107482993205,55.63922834520846,-0.017461638726855525,-0.25421439733323836
2021-10-27,0.1083051462585034,35,113,55.41525731292517,55.709288604089785,0.044179100981790946,-0.017461638726855525
2021-10-28,0.11661898867798869,35,130,55.830949433899434,56.04680384801253,0.3411333176880515,0.044179100981790946
2021-10-29,0.151295507950655,33,140,57.564775397532756,56.17761831127258,0.45622710136358263,0.3411333176880515
2021-11-01,0.1680932175925926,36,98,58.40466087962963,56.58795010139604,0.8172471071849483,0.45622710136358263
2021-11-02,0.0862832215982216,37,134,54.31416107991108,56.30596082077962,0.56914599930083,0.8172471071849483
2021-11-03,0.12214677035330261,31,105,56.10733851766513,56.44437706172761,0.6909280140401216,0.56914599930083
2021-11-04,0.13602106426352964,38,134,56.80105321317648,56.63839781758302,0.8616322492330906,0.6909280140401216
2021-11-05,0.18565583333333333,30,83,59.28279166666667,56.9820010714098,1.1639428468581519,0.8616322492330906
2021-11-08,0.0538944215134459,41,147,52.69472107567229,55.84001311061833,0.1591937385114125,1.1639428468581519
2021-11-09,0.10024731617647059,34,99,55.012365808823525,55.97965405640082,0.28205327869991986,0.1591937385114125
2021-11-10,0.007286881766381759,30,110,50.36434408831909,54.83105517053161,-0.72851228420261,0.28205327869991986
2021-11-11,0.11161978554778554,39,110,55.58098927738928,54.58704238337417,-0.9432007386690882,-0.72851228420261
2021-11-12,0.13211789965986392,28,59,56.6058949829932,54.051663046639476,-1.4142406529941374,-0.9432007386690882
2021-11-15,0.1733206770215011,38,134,58.66603385107505,55.245925601720025,-0.36349907029176676,-1.4142406529941374
2021-11-16,0.10208604562454843,31,119,55.104302281227426,55.264312896200806,-0.3473214761587513,-0.36349907029176676
2021-11-17,0.11673653054204138,30,133,55.83682652710207,56.35880938395739,0.6156434656081586,-0.3473214761587513
2021-11-18,0.12009187648239372,36,122,56.00459382411969,56.44353029330348,0.6901830063444832,0.6156434656081586
2021-11-19,0.08862182121971594,30,105,54.43109106098579,56.008569508902006,0.30749380532147536,0.6901830063444832
2021-11-22,0.15434669486215538,38,133,57.71733474310777,55.81882968730855,0.14055604143141806,0.30749380532147536
2021-11-23,0.17807978494623655,31,81,58.90398924731183,56.578767080525424,0.8091676594600477,0.14055604143141806
2021-11-24,0.042918240740740736,30,68,52.145912037037036,55.840584182512416,0.15969618161596785,0.8091676594600477
2021-11-26,0.04027683333333333,30,76,52.01384166666667,55.04243375102182,-0.5425362077788807,0.15969618161596785
2021-11-29,0.028540255809005807,36,122,51.42701279045029,54.44161809691472,-1.0711486042935394,-0.5425362077788807
2021-11-30,0.10206448646125116,34,105,55.10322432306256,53.91879601290568,-1.5311403386792515,-1.0711486042935394
2021-12-01,0.01238152777777778,36,86,50.619076388888885,52.26181344122109,-2.988994377956803,-1.5311403386792515
2021-12-02,0.041326590714090713,37,116,52.06632953570454,52.245896940954594,-3.0029981065422446,-2.988994377956803
2021-12-03,0.12220699404761906,30,93,56.11034970238096,53.06519854809744,-2.282156392350001,-3.0029981065422446
2021-12-06,0.11464786834510518,38,165,55.73239341725525,53.926274673458444,-1.524560429100512,-2.282156392350001
2021-12-07,0.11140050126389586,36,129,55.57002506319479,54.019634821484885,-1.442419873590912,-1.524560429100512
2021-12-08,0.06792764705882354,34,86,53.396382352941174,54.57509601429534,-0.9537114481441815,-1.442419873590912
2021-12-09,0.12806199915824915,36,103,56.40309995791246,55.44245009873693,-0.19059198201635819,-0.9537114481441815
2021-12-10,0.1284554119318182,32,74,56.42277059659091,55.50493427757891,-0.13561686394790598,-0.19059198201635819
2021-12-13,0.10806125649350651,40,140,55.40306282467533,55.439068159062934,-0.19356749575957824,-0.13561686394790598
2021-12-14,0.149817850877193,38,93,57.49089254385965,55.82324165519591,0.14443779934224946,-0.19356749575957824
2021-12-15,0.14178501501501503,37,106,57.08925075075075,56.56181533475782,0.7942530964088585,0.14443779934224946
2021-12-16,0.07821309374999999,40,127,53.910654687500006,56.063326280675334,0.35567016050569855,0.7942530964088585
2021-12-17,0.05550798941798942,36,110,52.77539947089947,55.333852055537044,-0.2861392126523633,0.35567016050569855
2021-12-20,0.08859173866229297,39,144,54.42958693311465,55.1391568772249,-0.45743682131801017,-0.2861392126523633
2021-12-21,0.1838685333431618,34,112,59.193426667158086,55.47966370188459,-0.15785053826674994,-0.45743682131801017
2021-12-22,0.21028663793103447,29,75,60.514331896551724,56.164679931044795,0.44484359606961216,-0.15785053826674994
2021-12-23,0.11074252966976263,38,111,55.53712648348813,56.489974290242415,0.7310455776802707,0.44484359606961216
2021-12-27,0.1457790909090909,33,117,57.28895454545455,57.39268530515343,1.5252729412489852,0.7310455776802707
2021-12-28,0.08882338304924242,32,101,54.44116915246212,57.395001749022924,1.5273110055651786,1.5252729412489852
2021-12-29,0.13487635057471264,29,66,56.74381752873563,56.90507992133843,1.0962657262572906,1.5273110055651786
2021-12-30,0.16711727155727155,37,101,58.35586357786357,56.47338625760081,0.7164510183870796,1.0962657262572906
2021-12-31,0.12646614439324116,31,72,56.323307219662055,56.63062240483559,0.8547912497714223,0.7164510183870796
2022-01-03,0.14614017278773858,38,137,57.30700863938692,56.63423322362206,0.8579681369897366,0.8547912497714223
2022-01-04,0.10930207697893973,36,118,55.46510384894698,56.83902016291903,1.0381447252937677,0.8579681369897366
2022-01-05,0.12122038472964945,34,124,56.061019236482466,56.7024605044684,0.9179961775198391,1.0381447252937677
2022-01-06,0.15734941666666666,40,107,57.867470833333336,56.60478195556235,0.8320561866551942,0.9179961775198391
2022-01-07,0.09328195238095238,35,113,54.664097619047624,56.27294003543947,0.5400934998292685,0.8320561866551942
2022-01-10,0.1849549099883856,41,178,59.24774549941928,56.66108740744594,0.8815951087081791,0.5400934998292685
2022-01-11,0.08656755070546736,36,102,54.32837753527336,56.43374214471121,0.6815711523599334,0.8815951087081791
2022-01-12,0.1401490284090909,40,153,57.007451420454544,56.62302858150563,0.8481100171475386,0.6815711523599334
2022-01-13,0.1693712876984127,40,167,58.468564384920626,56.74324729182308,0.9538813966587031,0.8481100171475386
2022-01-14,0.12734478944996802,42,174,56.3672394724984,57.08387566251324,1.253574618898406,0.9538813966587031
2022-01-18,0.11773338901159554,47,324,55.886669450579774,56.41166045274533,0.6621431364129624,1.253574618898406
2022-01-19,0.12160981396852123,43,218,56.08049069842607,56.76208308537588,0.9704535913113147,0.6621431364129624
2022-01-20,0.18205635970819303,45,182,59.10281798540965,57.181156398366895,1.339164604050727,0.9704535913113147
2022-01-21,0.12892397461050537,44,177,56.44619873052527,56.776683267487826,0.9832991907942665,1.339164604050727
2022-01-24,0.1158109940237068,47,222,55.79054970118534,56.66134531322522,0.8818220205589732,0.9832991907942665
2022-01-25,0.11316663008673952,43,202,55.65833150433698,56.61567772397666,0.8416425518139312,0.8818220205589732
2022-01-26,0.13286772784447684,41,230,56.64338639222384,56.72825686273622,0.9406924482845681,0.8416425518139312
2022-01-27,0.16128912739434478,46,233,58.06445636971724,56.520584539597735,0.7579772282772816,0.9406924482845681
2022-01-28,0.08887228061021665,43,210,54.44361403051084,56.12006759959485,0.4055925691020968,0.7579772282772816
2022-01-31,0.14397403622087132,47,212,57.19870181104356,56.401698021566496,0.653377944320252,0.4055925691020968
2022-02-01,0.08990569612493679,41,236,54.495284806246836,56.16908868194846,0.4487225235990316,0.653377944320252
2022-02-02,0.12882215339705427,44,239,56.441107669852705,56.12863293747423,0.41312856413223115,0.4487225235990316
2022-02-03,0.15726612218530822,43,150,57.86330610926541,56.08840288538387,0.37773317437828335,0.41312856413223115
2022-02-04,0.08787665622389307,38,104,54.393832811194656,56.078446641520635,0.3689734260380853,0.37773317437828335
2022-02-07,0.13833094281687305,43,188,56.916547140843655,56.02201570748065,0.3193241016962113,0.3689734260380853
2022-02-08,0.14609801200783346,42,211,57.304900600391676,56.58393886630962,0.8137179238530569,0.3193241016962113
2022-02-09,0.17711125748235504,41,139,58.85556287411775,57.06682990716263,1.2385773439028296,0.8137179238530569
2022-02-10,0.10914921279043019,45,162,55.45746063952151,56.58566081321385,0.8152329351106558,1.2385773439028296
2022-02-11,0.10383171957671958,42,133,55.191585978835974,56.74521144674211,0.9556095084876424,0.8152329351106558
2022-02-14,0.11203686748745081,45,237,55.60184337437254,56.48227069344789,0.7242677636611105,0.9556095084876424
2022-02-15,0.1524963338912801,41,158,57.624816694564004,56.54625391228235,0.7805617740012271,0.7242677636611105
2022-02-16,0.1334395467930762,39,145,56.671977339653814,56.109536805389574,0.3963273172332433,0.7805617740012271
2022-02-17,0.0718500733207588,47,200,53.59250366603794,55.73654541069286,0.0681603101285502,0.3963273172332433
2022-02-18,0.04013191287878788,44,139,52.00659564393939,55.09954734371354,-0.49228626355730226,0.0681603101285502
2022-02-22,0.0929687707641196,43,204,54.64843853820598,54.908866376480226,-0.660052070539701,-0.49228626355730226
2022-02-23,0.0429706007751938,43,117,52.14853003875969,53.81360904531937,-1.62368642105546,-0.660052070539701
2022-02-24,0.06861453634085213,38,130,53.430726817042604,53.16535894079713,-2.194032814245972,-1.62368642105546
2022-02-25,0.04610144139194139,40,125,52.30507206959707,52.90787262150894,-2.420575613818907,-2.194032814245972
2022-02-28,0.12544501125299204,39,187,56.2722505626496,53.76100360525099,-1.6699699816687057,-2.420575613818907
2022-03-01,0.07614855642012007,43,160,53.807427821006,53.59280146181099,-1.8179583663502927,-1.6699699816687057
2022-03-02,0.13163717482363316,36,146,56.581858741181655,54.47946720229538,-1.0378480300417918,-1.8179583663502927
2022-03-03,0.0818455938932862,39,138,54.09227969466431,54.611777777819725,-0.9214379299818989,-1.0378480300417918
2022-03-04,0.10727886621315193,42,140,55.36394331065759,55.223552026031825,-0.38318389271990044,-0.9214379299818989
2022-03-07,0.09692426085818943,42,201,54.846213042909476,54.93834452208381,-0.6341164726806932,-0.38318389271990044
2022-03-08,0.0817481537176274,38,141,54.087407685881374,54.994340495058886,-0.5848498377866418,-0.6341164726806932
2022-03-09,0.08057787131519274,42,172,54.02889356575964,54.483747459974474,-1.0340821540131326,-0.5848498377866418
2022-03-10,0.07793775641025641,46,176,53.896887820512816,54.44466908514418,-1.0684642697748152,-1.0340821540131326
2022-03-11,0.1337529396407686,38,129,56.68764698203843,54.709409819420344,-0.8355388573889556,-1.0684642697748152
2022-03-14,0.17289783960871172,43,160,58.64489198043559,55.469145606925565,-0.16710461702626883,-0.8355388573889556
2022-03-15,0.13691263110196036,41,162,56.84563155509802,56.020790380768894,0.31824602910408395,-0.16710461702626883
2022-03-16,0.1356910423623995,35,149,56.78455211811998,56.57192209124097,0.8031452694556642,0.31824602910408395
2022-03-17,0.0739991947839742,34,148,53.69995973919871,56.532536474978144,0.7684928351214741,0.8031452694556642
2022-03-18,0.12350259447869204,41,110,56.1751297239346,56.430033023357375,0.6783077761239582,0.7684928351214741
2022-03-21,0.1140997077922078,48,218,55.70498538961039,55.84205170519234,0.16098734418051053,0.6783077761239582
2022-03-22,0.05943655727155728,37,134,52.97182786357786,55.06729096688831,-0.5206662176079433,0.16098734418051053
2022-03-23,0.1252603274682307,31,126,56.26301637341153,54.96298381794662,-0.6124382138912623,-0.5206662176079433
2022-03-24,0.0842694902844903,37,168,54.213474514224515,55.06568677295178,-0.5220776269070625,-0.6124382138912623
2022-03-25,0.170526875,34,138,58.526343749999995,55.53592957816486,-0.1083464358033846,-0.5220776269070625
2022-03-28,0.16073256257631258,39,186,58.03662812881563,56.002258126005906,0.30194089534780355,-0.1083464358033846
2022-03-29,0.0733530864290748,43,147,53.66765432145374,56.14142341758109,0.42438194326048895,0.30194089534780355
2022-03-30,0.23465724977954144,36,102,61.73286248897707,57.235392640694194,1.386882984619874,0.42438194326048895
2022-03-31,0.137912476928756,43,143,56.8956238464378,57.77182250713685,1.8588471808319524,1.386882984619874
2022-04-01,0.1508177867212153,35,139,57.540889336060765,57.574731624349,1.6854417724184376,1.8588471808319524
2022-04-04,0.09378779847453528,43,211,54.689389923726765,56.90528398333123,1.0964452650198315,1.6854417724184376
2022-04-05,0.09802449821012321,44,150,54.901224910506166,57.151998101141714,1.31351041666542,1.0964452650198315
2022-04-06,0.14597922779922778,37,119,57.29896138996139,56.265217881338586,0.533299358635345,1.31351041666542
2022-04-07,0.10440416865079365,40,131,55.220208432539685,55.930134798558946,0.23848501715000767,0.533299358635345
2022-04-08,0.1865266850740296,35,132,59.32633425370148,56.287223782087096,0.5526606916043099,0.23848501715000767
2022-04-11,0.14883052783654255,40,216,57.441526391827125,56.83765107570717,1.0369401686761937,0.5526606916043099
2022-04-12,0.17268885212670929,42,137,58.63444260633547,57.58429461487303,1.6938555267941753,1.0369401686761937
2022-04-13,0.13590629385964914,38,148,56.79531469298246,57.48356527547725,1.6052313753870742,1.6938555267941753
2022-04-14,0.11661488333333334,40,187,55.83074416666667,57.605672422302646,1.7126642478059348,1.6052313753870742
2022-04-18,0.13355588146271072,41,149,56.67779407313554,57.075964386189455,1.2466140833191148,1.7126642478059348
2022-04-19,0.08836246463077986,46,156,54.41812323153899,56.47128375413183,0.7146011840996103,1.2466140833191148
2022-04-20,0.10314023504273503,39,132,55.157011752136754,55.77579758329208,0.10269533744390376,0.7146011840996103
2022-04-21,0.09740390986145919,48,190,54.87019549307296,55.390773743310184,-0.23605811110027952,0.10269533744390376
2022-04-22,0.0700757233044733,44,148,53.503786165223666,54.92538214302158,-0.6455210927397366,-0.23605811110027952
2022-04-25,0.1527569218323048,47,277,57.637846091615245,55.11739254671752,-0.4765856148446064,-0.6455210927397366
2022-04-26,0.12022053567420235,45,212,56.011026783710115,55.43597325715175,-0.19629046661605434,-0.4765856148446064
2022-04-27,0.09363266439909297,42,207,54.68163321995465,55.340897550715326,-0.2799404126288201,-0.19629046661605434
2022-04-28,0.09381579582349468,44,211,54.69078979117473,55.30501641033568,-0.3115095228477451,-0.2799404126288201
2022-04-29,0.10922134782347281,40,194,55.46106739117364,55.69647265552568,0.03290331407815648,-0.3115095228477451
2022-05-02,0.12797745001030716,42,166,56.39887250051536,55.448677937305696,-0.18511257639761472,0.03290331407815648
2022-05-03,0.1320448755898756,37,150,56.602243779493776,55.56692133646243,-0.08107912425134593,-0.18511257639761472
2022-05-04,0.04985517537922286,38,143,52.492758768961146,55.12914644626373,-0.4662442448003277,-0.08107912425134593
2022-05-05,0.09594307585825028,43,166,54.79715379291251,55.150419246611285,-0.4475279116032343,-0.4662442448003277
2022-05-06,0.06830003117913831,42,150,53.415001558956924,54.74120608016794,-0.8075637247853091,-0.4475279116032343
2022-05-09,0.08287211107997693,41,165,54.14360555399884,54.29015269086464,-1.204411595585258,-0.8075637247853091
2022-05-10,0.1289635891621606,42,141,56.44817945810803,54.25933982658749,-1.2315215117761553,-1.204411595585258
2022-05-11,0.08655695461945462,39,140,54.327847730972735,54.626357618989815,-0.908610226960116,-1.2315215117761553
2022-05-12,0.10466296418567426,42,164,55.23314820928371,54.71355650226404,-0.8318905037872999,-0.908610226960116
2022-05-13,0.10842491152122731,38,143,55.42124557606136,55.11480530568493,-0.47886193316828407,-0.8318905037872999
2022-05-16,0.07799035012210012,40,206,53.89951750610501,55.06598769610618,-0.5218128673111266,-0.47886193316828407
2022-05-17,0.12689975128466305,45,199,56.34498756423315,55.045349317331194,-0.539971020797714,-0.5218128673111266
2022-05-18,0.08044627862171923,41,148,54.02231393108596,54.984242557353845,-0.5937342518554634,-0.539971020797714
2022-05-19,0.15745206475956475,37,149,57.87260323797824,55.512133563092746,-0.1292827554028861,-0.5937342518554634
2022-05-20,0.15559510232837095,42,153,57.77975511641855,55.983835471164184,0.285732190299135,-0.1292827554028861
2022-05-23,0.11614194383906627,45,186,55.80709719195332,56.365351408333844,0.6213992996315453,0.285732190299135
2022-05-24,0.19636180911680912,39,118,59.818090455840455,57.0599719866553,1.2325435766903658,0.6213992996315453
2022-05-25,0.11686537319624819,40,147,55.84326865981241,57.4241629324006,1.5529677322584683,1.2325435766903658
2022-05-26,0.1565862325144256,43,162,57.82931162572128,57.41550460994921,1.5453499271138482,1.5529677322584683
2022-05-27,0.09451900396825398,40,101,54.7259501984127,56.804743626348035,1.0079873849895404,1.5453499271138482
2022-05-31,0.21311785586506518,43,160,60.655892793253265,57.77450274660803,1.8612053214702826,1.0079873849895404
2022-06-01,0.16755647944647944,39,127,58.377823972323974,57.486449449904725,1.6077689430181,1.8612053214702826
2022-06-02,0.10542156462585033,42,120,55.27107823129251,57.37201136420075,1.507083499283399,1.6077689430181
2022-06-03,0.10900451754385966,38,111,55.450225877192985,56.89619421449508,1.0884478627294711,1.507083499283399
2022-06-06,0.09847526949241235,42,153,54.923763474620614,56.935756869736664,1.1232560603134978,1.0884478627294711
2022-06-07,0.14324799603174604,42,125,57.162399801587306,56.23705827140348,0.5085238409021425,1.1232560603134978
2022-06-08,0.1797479020774977,34,117,58.98739510387488,56.35897249771366,0.6157869771045961,0.5085238409021425
2022-06-09,0.09314868466898955,41,119,54.65743423344948,56.23624369814505,0.5078071593055017,0.6157869771045961
2022-06-10,0.060635066738816745,42,129,53.03175333694084,55.752549190094626,0.08224082904484072,0.5078071593055017
2022-06-13,0.1128477603815937,45,198,55.64238801907968,55.89627409898644,0.20869354046938268,0.08224082904484072
2022-06-14,0.10985897186147185,44,140,55.492948593073585,55.56238385728369,-0.08507131008473941,0.20869354046938268
2022-06-15,0.09599699831649833,45,139,54.799849915824915,54.7248748196737,-0.8219323696249571,-0.08507131008473941
2022-06-16,0.08666914846881514,45,134,54.333457423440755,54.660079457671955,-0.8789409235077301,-0.8219323696249571
2022-06-17,0.17291479166666665,40,122,58.64573958333333,55.78287670695046,0.10892372463171854,-0.8789409235077301
2022-06-21,0.1313005070476719,43,217,56.56502535238359,55.967404173611236,0.27127553039366376,0.10892372463171854
2022-06-22,0.14179309998944145,41,160,57.089654999472074,56.286745454890934,0.5522398475671193,0.27127553039366376
2022-06-23,0.10849845061728396,45,181,55.424922530864194,56.41175997789878,0.6622307010919452,0.5522398475671193
2022-06-24,0.07133224206349205,36,119,53.566612103174606,56.25839091384556,0.5272928246465135,0.6622307010919452
2022-06-27,0.14127784090909093,44,225,57.063892045454544,55.9420214062698,0.24894314710303547,0.5272928246465135
2022-06-28,0.14240914798967325,43,166,57.12045739948366,56.05310781568981,0.34667970356974426,0.24894314710303547
2022-06-29,0.15360408887408886,39,156,57.68020444370444,56.17121770453629,0.45059569005981465,0.34667970356974426
2022-06-30,0.12839411648649454,41,143,56.41970582432473,56.3701743632284,0.6256426540243046,0.45059569005981465
2022-07-01,0.13551797321428571,40,112,56.77589866071428,57.01203167473633,1.1903645106159149,0.6256426540243046
2022-07-05,0.1588799205060812,42,228,57.94399602530406,57.18805247070624,1.3452319381837847,1.1903645106159149
2022-07-06,0.1132884577922078,44,126,55.664422889610385,56.89684556873158,1.089020940214354,1.3452319381837847
2022-07-07,0.11047053329461866,41,142,55.52352666473094,56.46551001293689,0.7095213045241517,1.089020940214354
2022-07-08,0.1270228947368421,38,96,56.35114473684211,56.45179779544035,0.6974569581596276,0.7095213045241517
2022-07-11,0.13941079311992355,46,189,56.97053965599618,56.490725994496735,0.7317069455801082,0.6974569581596276
2022-07-12,0.10445710127591706,38,140,55.22285506379585,55.94649780219508,0.25288159038698693,0.7317069455801082
2022-07-13,0.10928492790278506,42,145,55.46424639513925,55.90646250330086,0.2176575492872116,0.25288159038698693
2022-07-14,0.09538761033681765,41,180,54.76938051684088,55.75563327372286,0.08495428170977436,0.2176575492872116
2022-07-15,0.0440013033008658,40,167,52.200065165043284,54.92541735936309,-0.6454901085359227,0.08495428170977436
2022-07-18,0.16334804524135235,43,237,58.16740226206761,55.16478988057738,-0.4348842742274038,-0.6454901085359227
2022-07-19,0.12629402056277056,44,131,56.31470102813852,55.3831590734459,-0.24275768501801961,-0.4348842742274038
2022-07-20,0.10941543595896856,46,164,55.47077179794842,55.384464154007745,-0.24160944302611403,-0.24275768501801961
2022-07-21,0.10247479464285714,40,148,55.123739732142866,55.45533599706814,-0.17925465158639495,-0.24160944302611403
2022-07-22,0.14140236029122394,44,144,57.0701180145612,56.42934656697173,0.67770381490451,-0.17925465158639495
2022-07-25,0.12845117901173847,46,223,56.42255895058692,56.080377904675586,0.3706725988836337,0.67770381490451
2022-07-26,0.07916176993616288,40,203,53.958088496808145,55.60905539840951,-0.04400853977424176,0.3706725988836337
2022-07-27,0.13109024283286252,43,182,56.55451214164313,55.825803467148454,0.14669174453558478,-0.04400853977424176
2022-07-28,0.08652808510272796,42,208,54.326404255136396,55.666336371747164,0.00638867005829789,0.14669174453558478
2022-07-29,0.16526298566930145,41,171,58.263149283465076,55.90494262552793,0.21632032342356305,0.00638867005829789
2022-08-01,0.14582999709639954,41,180,57.29149985481998,56.07873080637454,0.3692234412688794,0.21632032342356305
2022-08-02,0.08669161911188226,38,184,54.33458095559411,56.15402929813174,0.4354729071568287,0.3692234412688794
2022-08-03,0.13810203155763412,41,169,56.90510157788171,56.22414718537946,0.4971643497202649,0.4354729071568287
2022-08-04,0.08901446626984127,40,143,54.45072331349207,56.2490109970506,0.5190401430424328,0.4971643497202649
2022-08-05,0.16354695238095238,35,95,58.177347619047616,56.2318506641671,0.5039420599140615,0.5190401430424328
2022-08-08,0.08561249512670566,38,183,54.280624756335285,55.62967564447016,-0.025866339895907295,0.5039420599140615
2022-08-09,0.09735314068647401,36,131,54.8676570343237,55.73629086021608,0.06793635035545499,-0.025866339895907295
2022-08-10,0.16172202306952307,39,129,58.08610115347616,55.97249077533496,0.27575084775417785,0.06793635035545499
2022-08-11,0.08230581466291993,38,143,54.11529073314599,55.90540425926575,0.21672648014533522,0.27575084775417785
2022-08-12,0.18344674851190476,32,99,59.17233742559523,56.104402220575274,0.3918097831689409,0.21672648014533522
2022-08-15,0.12067304095375524,42,193,56.03365204768777,56.455007678845774,0.7002810925640418,0.3918097831689409
2022-08-16,0.10050657203907204,39,139,55.0253286019536,56.48654199237175,0.7280257575564728,0.7002810925640418
2022-08-17,0.1245176731078905,36,114,56.225883655394526,56.11449849275542,0.4006927318679802,0.7280257575564728
2022-08-18,0.07379797619047619,42,112,53.689898809523804,56.02942010803099,0.32583867549753454,0.4006927318679802
2022-08-19,0.07110347222222221,36,103,53.55517361111111,54.905987345134164,-0.6625851131611425,0.32583867549753454
2022-08-22,0.19385808661145615,46,163,59.6929043305728,55.63783780171117,-0.018685073112317974,-0.6625851131611425
2022-08-23,0.11641049603174602,40,102,55.820524801587304,55.7968770416379,0.12124156359037978,-0.018685073112317974
2022-08-24,0.09836360110710951,42,129,54.91818005535547,55.5353363216301,-0.10886839750069653,0.12124156359037978
2022-08-25,0.11978924603174604,39,125,55.9894623015873,55.9952490200428,0.2957741114511865,-0.10886839750069653
2022-08-26,0.09665271494708995,36,109,54.832635747354495,56.25074144729147,0.52056263574485,0.2957741114511865
2022-08-29,0.14940051965230539,42,152,57.47002598261527,55.806165777699974,0.12941402214201797,0.52056263574485
2022-08-30,0.07555376879699248,38,107,53.777688439849626,55.39759850535243,-0.23005351752131617,0.12941402214201797
2022-08-31,0.09654718795093796,42,124,54.82735939754689,55.379434373790716,-0.24603476742685257,-0.23005351752131617
2022-09-01,0.14902117083418734,41,173,57.451058541709365,55.67175362181513,0.011154899968205121,-0.24603476742685257
2022-09-02,0.14419969387755102,35,117,57.209984693877544,56.14722341111974,0.42948492029392327,0.011154899968205121
2022-09-06,0.18041364417989417,42,181,59.020682208994714,56.45735465639564,0.7023460211635516,0.42948492029392327
2022-09-07,0.10933557681405896,42,137,55.46677884070294,56.79517273656629,0.9995666806524954,0.7023460211635516
2022-09-08,0.1685920105820106,45,133,58.42960052910053,57.515620962877016,1.6334347579429092,0.9995666806524954
2022-09-09,0.16338172764227643,41,103,58.16908638211382,57.659226530957916,1.7597824703854392,1.6334347579429092
2022-09-12,0.13169861607142858,40,176,56.58493080357143,57.53421575289669,1.6497949117568043,1.7597824703854392
2022-09-13,0.12765618452380953,40,122,56.382809226190474,57.006641156335846,1.185621799884834,1.6497949117568043
2022-09-14,0.11889517857142858,40,159,55.944758928571424,57.10223717390953,1.269729528439248,1.185621799884834
2022-09-15,0.13335929810527636,44,157,56.66796490526382,56.749910049142194,0.9597434544958712,1.269729528439248
2022-09-16,0.21048051820728292,40,120,60.524025910364145,57.22089795479226,1.3741302032983933,0.9597434544958712
2022-09-19,0.11854675943104515,42,172,55.92733797155226,57.08937938838842,1.2584169323513772,1.3741302032983933
2022-09-20,0.09682070767195766,36,105,54.841035383597884,56.7810246198699,0.9871188194459453,1.2584169323513772
2022-09-21,0.09272313841984574,41,106,54.636156920992285,56.51930421835408,0.7568507701427595,0.9871188194459453
2022-09-22,0.09033938405797103,46,135,54.516969202898544,56.08910507788103,0.3783509806158539,0.7568507701427595
2022-09-23,0.07482288988095238,40,118,53.741144494047624,54.73252879461772,-0.8151982141308987,0.3783509806158539
2022-09-26,0.15356081521739132,46,154,57.678040760869564,55.08266935248118,-0.5071359355535294,-0.8151982141308987
2022-09-27,0.11634785493827161,36,113,55.81739274691358,55.27794082514432,-0.3353312889372343,-0.5071359355535294
2022-09-28,0.05728044339498884,44,150,52.86402216974945,54.923513874895754,-0.6471648410085667,-0.3353312889372343
2022-09-29,0.11720171685340802,34,138,55.8600858426704,55.19213720285012,-0.4108234271671931,-0.6471648410085667
2022-09-30,0.1171657031140902,31,94,55.858285155704515,55.6155653351815,-0.03828093721482567,-0.4108234271671931
2022-10-03,0.17530977747252746,40,155,58.76548887362637,55.83305495773286,0.15307178438628502,-0.03828093721482567
2022-10-04,0.1299052677942213,43,112,56.49526338971107,55.96862908629237,0.272353238711461,0.15307178438628502
2022-10-05,0.17973270138888892,40,123,58.986635069444446,57.19315166623136,1.3497183358806555,0.272353238711461
2022-10-06,0.04505736670736671,39,131,52.25286833536833,56.47170816477094,0.7149745910231987,1.3497183358806555
2022-10-07,0.1091555633130445,42,163,55.45777816565223,56.39160676676049,0.6444994100304441,0.7149745910231987
2022-10-10,0.14129514285714287,45,170,57.06475714285715,56.051460420606645,0.345230284838779,0.6444994100304441
2022-10-11,0.07911483673469388,35,112,53.955741836734695,55.543556110011366,-0.10163642542180151,0.345230284838779
2022-10-12,0.1280894214658798,36,128,56.40447107329399,55.02712331078128,-0.5560067098404063,-0.10163642542180151
2022-10-13,0.005549088319088321,39,114,50.277454415954416,54.63204052689849,-0.9036102647450118,-0.5560067098404063
2022-10-14,0.09631441989531551,38,163,54.81572099476577,54.5036290927212,-1.0165898043031552,-0.9036102647450118
2022-10-17,0.05727579274891776,44,153,52.86378963744589,53.66343559163895,-1.7558127208617864,-1.0165898043031552
2022-10-18,0.10575099206349206,42,164,55.287549603174604,53.92979714492693,-1.5214612720264873,-1.7558127208617864
2022-10-19,0.04652541383219954,42,140,52.32627069160998,53.11415706859013,-2.2390814813177404,-1.5214612720264873
2022-10-20,0.11781037037037036,45,143,55.89051851851852,54.236769889102945,-1.2513790981445128,-2.2390814813177404
2022-10-21,0.11819819444444443,40,138,55.90990972222222,54.455607634594244,-1.0588402648081214,-1.2513790981445128
2022-10-24,0.10975129917184265,46,169,55.48756495859213,54.98036269882349,-0.5971478468606005,-1.0588402648081214
2022-10-25,0.08510064734361246,43,169,54.255032367180625,54.7738592516247,-0.7788346610540833,-0.5971478468606005
2022-10-26,0.1008735585016835,36,114,55.043677925084175,55.31734069831954,-0.30066631102070596,-0.7788346610540833
2022-10-27,0.12800295183982685,44,197,56.40014759199134,55.4192665130141,-0.21098947120455055,-0.30066631102070596
2022-10-28,0.08704548322048322,39,164,54.35227416102416,55.10773940077449,-0.4850786901763945,-0.21098947120455055
2022-10-31,0.178243462543554,41,153,58.9121731271777,55.79266103449161,0.11753221676146684,-0.4850786901763945
2022-11-01,0.10263830058099796,38,120,55.13191502904989,55.96803756686545,0.2718328053643747,0.11753221676146684
2022-11-02,0.12333730158730159,39,134,56.16686507936508,56.19267499772163,0.4694743445953367,0.2718328053643747
2022-11-03,0.05497705574912892,41,139,52.74885278745644,55.46241603681466,-0.17302545840169237,0.4694743445953367
2022-11-04,0.07204722222222222,36,105,53.60236111111111,55.312433426832044,-0.30498384922667837,-0.17302545840169237
2022-11-07,0.02978018582481349,47,176,51.48900929124067,53.82780065964464,-1.6112002895646924,-0.30498384922667837
2022-11-08,0.08074647435897436,39,141,54.037323717948716,53.60888239742441,-1.803809963500438,-1.6112002895646924
2022-11-09,0.06231647058823529,34,104,53.11582352941176,52.99867408743374,-2.3406862497828027,-1.803809963500438
2022-11-10,0.07864830072366658,41,109,53.932415036183336,53.235386537179124,-2.1324208118079486,-2.3406862497828027
2022-11-11,0.16633756547619047,40,88,58.31687827380952,54.1782899697188,-1.3028311702107445,-2.1324208118079486
2022-11-14,0.1395177869987674,45,188,56.97588934993837,55.27566598145834,-0.33733275238833227,-1.3028311702107445
2022-11-15,0.16289364625850342,35,126,58.14468231292517,56.09713770045363,0.38541827961076797,-0.33733275238833227
2022-11-16,0.12680437865497077,38,135,56.34021893274854,56.742016781120995,0.9527987630643212,0.38541827961076797
2022-11-17,0.13962377604166668,32,107,56.98118880208334,57.351771534300994,1.489275998904168,0.9527987630643212
2022-11-18,0.07728557291666667,32,80,53.86427864583333,56.461251608705744,0.7057746556967357,1.489275998904168
2022-11-21,0.16583608239772873,41,166,58.291804119886436,56.724434562695365,0.9373294946548133,0.7057746556967357
2022-11-22,0.04052292717086835,34,106,52.026146358543414,55.500727371819,-0.13931820315312557,0.9373294946548133
2022-11-23,0.18344151537698414,32,103,59.17207576884921,56.067098739039146,0.3589892622015594,-0.13931820315312557
2022-11-25,0.17247686873433585,38,108,58.6238434367168,56.39562966596584,0.6480388557411901,0.3589892622015594
2022-11-28,0.13435393678625296,34,149,56.71769683931265,56.966313304661696,1.1501403636505512,0.6480388557411901
2022-11-29,0.1311890432900433,35,112,56.55945216450217,56.619842913584854,0.8453071881223806,1.1501403636505512
2022-11-30,0.14161453601953602,39,113,57.0807268009768,57.63075900207152,1.7347360379820562,0.8453071881223806
2022-12-01,0.15660565217391303,46,118,57.83028260869565,57.36240037004082,1.498627510127587,1.7347360379820562
2022-12-02,0.13449947934947934,37,110,56.72497396747397,56.98262647619224,1.1644930933748285,1.498627510127587
2022-12-05,0.12291596073517126,38,143,56.14579803675856,56.86824671568142,1.0638589655802535,1.1644930933748285
2022-12-06,0.06531637205387204,36,106,53.26581860269361,56.209520003319724,0.48429499501887474,1.0638589655802535
2022-12-07,0.13302980820105823,36,119,56.65149041005291,56.12367272513494,0.4087644472621552,0.48429499501887474
2022-12-08,0.10441418091168092,36,124,55.22070904558405,55.60175801251262,-0.05042895945019134,0.4087644472621552
2022-12-09,0.11366353077816495,41,117,55.68317653890825,55.39339852679948,-0.23374876199939648,-0.05042895945019134
2022-12-12,0.10188757074979113,40,141,55.094378537489554,55.18311462694568,-0.41876171146284596,-0.23374876199939648
2022-12-13,0.11481492794486216,38,132,55.740746397243115,55.67810018585558,0.01673876317836271,-0.41876171146284596
2022-12-14,0.07087909722222223,36,91,53.54395486111111,55.056593076067216,-0.5300784851910739,0.01673876317836271
2022-12-15,0.13046906593406593,39,140,56.523453296703295,55.31714192629106,-0.3008411955424694,-0.5300784851910739
2022-12-16,0.07178930952380952,35,108,53.589465476190476,54.898399713747516,-0.6692608979609362,-0.3008411955424694
2022-12-19,0.11529522730499475,43,160,55.76476136524974,55.032476279299544,-0.5512970364196733,-0.6692608979609362
2022-12-20,0.21921374233405483,40,126,60.960687116702736,56.076464423191474,0.3672294215764335,-0.5512970364196733
2022-12-21,0.120009826270221,38,138,56.00049131351105,56.56777171367146,0.7994936651433242,0.3672294215764335
2022-12-22,0.11293693627450979,34,119,55.64684681372549,56.39245041707589,0.6452416743373025,0.7994936651433242
2022-12-23,0.11711361111111111,27,71,55.85568055555555,56.84569343294892,1.0440160324725622,0.6452416743373025
2022-12-27,0.17225860570646287,42,184,58.61293028532314,57.41532721696359,1.5451938524000615,1.0440160324725622
2022-12-28,0.1287472222222222,33,89,56.43736111111111,56.51066201584526,0.7492471477202711,1.5451938524000615
2022-12-29,0.09198829991645781,38,101,54.59941499582289,56.230446752307635,0.502706863714607,0.7492471477202711
2022-12-30,0.0853727731092437,34,94,54.26863865546218,55.954805120654974,0.2601905735828725,0.502706863714607
2023-01-03,0.1368851285071138,44,195,56.84425642535569,56.152520294615,0.4341452487313552,0.2601905735828725
2023-01-04,0.13374064028314028,37,137,56.68703201415701,55.76734064038178,0.09525471097479979,0.4341452487313552
2023-01-05,0.1720248292727944,43,130,58.60124146363972,56.20011671088749,0.4760217469539295,0.09525471097479979
2023-01-06,0.13700484593837536,34,101,56.85024229691877,56.650282171106674,0.8720883958967508,0.4760217469539295
2023-01-09,0.1505091856060606,44,157,57.525459280303025,57.30164629607484,1.4451745809010494,0.8720883958967508
2023-01-10,0.1327213596491228,38,116,56.63606798245614,57.26000860749493,1.408540717926443,1.4451745809010494
2023-01-11,0.09107137566137566,39,115,54.55356878306878,56.833315961277286,1.0331260283283483,1.408540717926443
2023-01-12,0.09656572557287672,43,136,54.82828627864384,56.078724924278106,0.36921826605570074,1.0331260283283483
2023-01-13,0.16572336052836054,39,132,58.286168026418025,56.36591007017796,0.6218908240687687,0.36921826605570074
2023-01-17,0.18855347542704404,44,319,59.427673771352204,56.7463529683878,0.9566138473204844,0.6218908240687687
2023-01-18,0.12753204166666668,40,131,56.37660208333334,56.694459788563236,0.9109569507960517,0.9566138473204844
2023-01-19,0.0695025580720093,41,126,53.47512790360046,56.478771612669576,0.7211891862918662,0.9109569507960517
2023-01-20,0.06801616535174228,39,149,53.40080826758712,56.19327601045823,0.4700031303898741,0.7211891862918662
2023-01-23,0.11866036430090379,45,222,55.933018215045195,55.72264604818366,0.05593130897688498,0.4700031303898741
2023-01-24,0.14781552552099064,43,189,57.390776276049536,55.31526654912314,-0.3024911985214637,0.05593130897688498
2023-01-25,0.07814537147417105,43,193,53.907268573708556,54.82139984719818,-0.7370072752560561,-0.3024911985214637
2023-01-26,0.1361620382206178,44,233,56.808101911030896,55.487994648684264,-0.15052076627611052,-0.7370072752560561
2023-01-27,0.1255178202450571,38,185,56.275891012252856,56.06301119761741,0.3553929426782172,-0.15052076627611052
2023-01-30,0.11576614375461936,41,175,55.788307187730965,56.03406899215456,0.3299288781426881,0.3553929426782172
2023-01-31,0.08685776251020999,42,217,54.342888125510505,55.42449136204675,-0.2063925204598478,0.3299288781426881
2023-02-01,0.0398886812976352,42,172,51.99443406488176,55.04192446028139,-0.5429842943042205,-0.2063925204598478
2023-02-02,0.17104765331890334,44,163,58.55238266594517,55.390780611264255,-0.23605206850529142,-0.5429842943042205
2023-02-03,0.09888548185941043,42,127,54.944274092970524,55.12445722740779,-0.4703699349355259,-0.23605206850529142
2023-02-06,0.0900396911663216,46,215,54.501984558316074,54.867192701524814,-0.6967175952129754,-0.4703699349355259
2023-02-07,0.09908257475083057,43,134,54.95412873754153,54.98944082393101,-0.5891606890091985,-0.6967175952129754
2023-02-08,0.09463049494949495,40,141,54.731524747474744,55.53685896044961,-0.10752874240032632,-0.5891606890091985
2023-02-09,0.08825570682191372,44,175,54.412785341095685,54.70893949547972,-0.8359526599649915,-0.10752874240032632
2023-02-10,0.12774200336700336,33,92,56.387100168350166,54.99750471055563,-0.5820658831320158,-0.8359526599649915
2023-02-13,0.17369167855503084,44,176,58.68458392775155,55.83402458444274,0.1539248858248506,-0.5820658831320158
2023-02-14,0.11516440803382663,43,137,55.758220401691325,55.99484291727269,0.29541681224123745,0.1539248858248506
2023-02-15,0.05898300595238096,36,94,52.94915029761905,55.63836802730155,-0.018218567590850727,0.29541681224123745
2023-02-16,0.09958458000641335,45,157,54.979229000320665,55.751656759146556,0.08145564633703582,-0.018218567590850727
2023-02-17,0.1255959568209568,39,113,56.27979784104784,55.730196293686085,0.06257420075579653,0.08145564633703582
2023-02-21,0.07980553375368593,46,289,53.9902766876843,54.79133484567264,-0.7634592033957334,0.06257420075579653
2023-02-22,0.10103328106852498,41,163,55.05166405342625,54.65002357601962,-0.8877883356265244,-0.7634592033957334
2023-02-23,0.07835158279220779,44,202,53.917579139610396,54.84370934441789,-0.7173788306412536,-0.8877883356265244
2023-02-24,0.0574509375,40,117,52.872546875000005,54.422372919353755,-1.08808098507009,-0.7173788306412536
2023-02-27,0.09713966442374052,46,191,54.85698322118703,54.1378099953816,-1.3384464477071967,-1.08808098507009
2023-02-28,0.1936740236466043,31,103,59.68370118233022,55.27649489431078,-0.3366034544640266,-1.3384464477071967
2023-03-01,0.09353015042451089,43,152,54.676507521225545,55.201463587870634,-0.4026178441355068,-0.3366034544640266
2023-03-02,0.15441521141649048,43,134,57.720760570824524,55.96209987411346,0.26660867717474035,-0.4026178441355068
2023-03-03,0.0802050816993464,34,90,54.01025408496732,56.18964131610693,0.4668052368621274,0.26660867717474035
2023-03-06,0.056473658730158735,45,186,52.82368293650793,55.78298125917111,0.10901571224811964,0.4668052368621274
2023-03-07,0.15032757452574524,41,129,57.516378726287265,55.34951676796252,-0.2723570132050968,0.10901571224811964
2023-03-08,0.12359239063104918,41,135,56.17961953155246,55.6501391700279,-0.007862026572396116,-0.2723570132050968
2023-03-09,0.0978302922077922,42,146,54.89151461038961,55.08428997794092,-0.5057100693959687,-0.007862026572396116
2023-03-10,0.1386215419501134,42,139,56.931077097505664,55.66845458044859,0.008252322195728804,-0.5057100693959687
2023-03-13,0.09334958169355896,44,214,54.66747908467795,56.037213810082584,0.332695766339045,0.008252322195728804
2023-03-14,0.10801388583638584,39,138,55.4006942918193,55.614076923188996,-0.039590478710591355,0.332695766339045
2023-03-15,0.0999408810325477,45,159,54.997044051627384,55.37756182720398,-0.24768227999087283,-0.039590478710591355
2023-03-16,0.08414479084677949,44,158,54.20723954233897,55.24070681359385,-0.36809068850181104,-0.24768227999087283
2023-03-17,0.07149970394736842,38,140,53.57498519736842,54.569488433566406,-0.9586451356530014,-0.36809068850181104
2023-03-20,0.13550093650793651,45,207,56.77504682539683,54.99100198171018,-0.5877871439803025,-0.9586451356530014
2023-03-21,0.15415597822074567,43,141,57.70779891103728,55.452422905553775,-0.18181766118201495,-0.5877871439803025
2023-03-22,0.08872983910095752,42,160,54.43649195504787,55.34031248623787,-0.2804551667525337,-0.18181766118201495
2023-03-23,0.11657984693877552,42,137,55.828992346938776,55.664663047157845,0.004916437909783862,-0.2804551667525337
2023-03-24,0.10469507050092765,35,105,55.234753525046386,55.99661671269344,0.29697744109948654,0.004916437909783862
2023-03-27,0.113098465707734,41,203,55.6549232853867,55.77259200469141,0.0998749905126391,0.29697744109948654
2023-03-28,0.19622619047619047,39,112,59.81130952380952,56.19329412724585,0.4700190699854166,0.0998749905126391
2023-03-29,0.08689198320413437,43,151,54.34459916020672,56.17491556827762,0.4538491615712953,0.4700190699854166
2023-03-30,0.15799510256410257,40,133,57.89975512820513,56.58906812453089,0.8182307714497392,0.4538491615712953
2023-03-31,0.13897019423558898,38,116,56.94850971177945,56.9318193618775,1.11979174401032,0.8182307714497392
2023-04-03,0.08601530343364373,45,269,54.30076517168219,56.6609877391366,0.8815074180771243,1.11979174401032
2023-04-04,0.12372478666535484,44,171,56.18623933326774,55.93597370102825,0.24362222721804894,0.8815074180771243
2023-04-05,0.0823143735963285,35,148,54.115718679816425,55.89019760495019,0.2033472914944238,0.24362222721804894
2023-04-06,0.15998823171889837,45,145,57.99941158594491,55.91012889649814,0.22088333223965873,0.2033472914944238
2023-04-10,0.12988686898155663,45,276,56.49434344907783,55.81929564395782,0.14096600155705702,0.22088333223965873
2023-04-11,0.08396049228549228,44,140,54.19802461427461,55.798747532476305,0.12288726745643216,0.14096600155705702
2023-04-12,0.11033336904761906,40,156,55.516668452380955,55.66483335629895,0.005066280082856726,0.12288726745643216
2023-04-13,0.045764352064103356,41,171,52.28821760320517,55.29933314097669,-0.3165098030757272,0.005066280082856726
2023-04-14,0.11697411255411257,40,183,55.84870562770563,54.869191949328844,-0.6949586078002968,-0.3165098030757272
2023-04-17,0.09551181440594579,44,257,54.77559072029729,54.525441403572735,-0.9973987964891369,-0.6949586078002968
2023-04-18,0.08776479283718645,47,216,54.38823964185933,54.56348440908967,-0.9639276241262716,-0.9973987964891369
2023-04-19,0.1352897350076394,44,226,56.76448675038197,54.813048068689874,-0.7443553754965474,-0.9639276241262716
2023-04-20,0.09654053649436983,45,222,54.827026824718494,55.32080991299254,-0.2976140105858213,-0.7443553754965474
2023-04-21,0.11089506037613181,42,150,55.54475301880659,55.26001939121274,-0.3510990074958203,-0.2976140105858213
2023-04-24,0.11698824100249633,47,252,55.84941205012481,55.474783657178236,-0.16214412168071463,-0.3510990074958203
2023-04-25,0.09198631407599493,47,235,54.599315703799746,55.51699886956633,-0.12500213904877125,-0.16214412168071463
2023-04-26,0.09866833665387643,44,213,54.93341683269383,55.15078488602869,-0.4472062130466598,-0.12500213904877125
2023-04-27,0.09144937962962962,45,250,54.57246898148148,55.09987331738129,-0.49199946390331245,-0.4472062130466598
2023-04-28,0.09195063872840505,43,224,54.59753193642025,54.910429100904025,-0.6586771471383058,-0.49199946390331245
2023-05-01,0.055677021953030724,45,235,52.783851097651535,54.29731691040937,-1.1981083389427074,-0.6586771471383058
2023-05-02,0.056386435185185185,45,183,52.81932175925926,53.941318121501276,-1.511324833344301,-1.1981083389427074
2023-05-03,0.06585445070738086,40,180,53.292722535369045,53.61317926203632,-1.8000294762836462,-1.511324833344301
2023-05-04,0.07442837031024531,44,197,53.72141851551226,53.44296916884247,-1.9497845045674922,-1.8000294762836462
2023-05-05,0.11986267131242741,41,98,55.99313356562136,53.7220894946827,-1.7042075736906919,-1.9497845045674922
2023-05-08,0.11659894098548511,44,188,55.82994704927425,54.331308685007244,-1.1682015392294551,-1.7042075736906919
2023-05-09,0.10064196498696498,37,143,55.03209824934825,54.77386398302504,-0.778830498251642,-1.1682015392294551
2023-05-10,0.07398413517376932,41,145,53.69920675868847,54.85516082768892,-0.7073035338773176,-0.778830498251642
2023-05-11,0.16104073869928523,43,159,58.052036934964256,55.72128451157933,0.054733395569602404,-0.7073035338773176
2023-05-12,0.09582122264309764,36,119,54.79106113215488,55.480870024886016,-0.15678918560658597,0.054733395569602404
2023-05-15,0.10507512716751846,46,209,55.253756358375924,55.36563188670635,-0.2581785351959707,-0.15678918560658597
2023-05-16,0.0843072546897547,39,161,54.21536273448774,55.202284783734264,-0.40189533580784637,-0.2581785351959707
2023-05-17,0.04094304625199362,38,149,52.04715231259968,54.87187389451649,-0.6925989664306498,-0.40189533580784637
2023-05-18,0.08871009093915344,42,184,54.43550454695767,54.148567416915185,-1.328981803538368,-0.6925989664306498
2023-05-19,0.10647966896053293,40,159,55.323983448026645,54.255151880089535,-1.2352061701561878,-1.328981803538368
2023-05-22,0.09109893241228467,44,245,54.55494662061423,54.115389932537184,-1.3581721706792624,-1.2352061701561878
2023-05-23,0.0997452380952381,37,110,54.98726190476191,54.26976976659203,-1.2223449939147906,-1.3581721706792624
2023-05-24,0.04136960317460318,41,152,52.068480158730154,54.27403533581812,-1.2185920411485136,-1.2223449939147906
2023-05-25,0.09210737090937662,41,245,54.605368545468835,54.30800813552035,-1.1887019360153521,-1.2185920411485136
2023-05-26,0.146752121309371,38,151,57.33760606546855,54.71073265900874,-0.8343749905684975,-1.1887019360153521
2023-05-30,0.12352460809009054,45,329,56.17623040450452,55.0349894157868,-0.5490859170984415,-0.8343749905684975
2023-05-31,0.13974578029941073,40,191,56.987289014970536,55.43499483782851,-0.1971513040122143,-0.5490859170984415
2023-06-01,0.10526202298181023,47,203,55.26310114909051,56.07391903590059,0.364989927204581,-0.1971513040122143
2023-06-02,0.07124015267627111,38,193,53.56200763381356,55.86524685356953,0.18139500647653053,0.364989927204581
2023-06-05,0.08048696973481063,44,246,54.024348486740536,55.20259533782394,-0.4016221026780717,0.18139500647653053
2023-06-06,0.13893388007054674,36,126,56.94669400352734,55.35668805762849,-0.26604753609591186,-0.4016221026780717
2023-06-07,0.19877451754385964,38,136,59.93872587719298,55.94697543007298,0.25330181914676125,-0.26604753609591186
2023-06-08,0.09737034517250427,44,186,54.86851725862522,55.86805865197992,0.18386889590679528,0.25330181914676125
2023-06-09,0.09256763709974236,39,164,54.62838185498712,56.08133349621464,0.37151335183355294,0.18386889590679528
2023-06-12,0.11651342592592592,42,224,55.8256712962963,56.44159805812579,0.6884829782894103,0.37151335183355294
2023-06-13,0.12001874390771108,43,183,56.00093719538556,56.25244669649743,0.5220629559566425,0.6884829782894103
2023-06-14,0.18203639261318563,35,161,59.10181963065928,56.0850654471907,0.3747968141329208,0.5220629559566425
2023-06-15,0.09509321287263683,42,164,54.75466064363184,56.06229412419202,0.3547620438338176,0.3747968141329208
2023-06-16,0.10969658715062111,40,151,55.484829357531055,56.233583624700806,0.5054667612338868,0.3547620438338176
2023-06-20,0.07023956740110615,42,305,53.5119783700553,55.7708450394526,0.09833796750865814,0.5054667612338868
2023-06-21,0.09335930952380952,39,183,54.667965476190474,55.504250695613585,-0.13621829618162878,0.09833796750865814
2023-06-22,0.12064196568863235,45,175,56.03209828443162,54.890306426368056,-0.6763815713456802,-0.13621829618162878
2023-06-23,0.08857723190089044,41,163,54.42886159504452,54.82514661665059,-0.7337107752965617,-0.6763815713456802
2023-06-26,0.14676652880849309,42,220,57.33832644042466,55.195846033229316,-0.40756030693786605,-0.7337107752965617
2023-06-27,0.17049597530864197,45,166,58.524798765432095,56.19841011230467,0.4745202395271727,-0.40756030693786605
2023-06-28,0.0885410852032246,39,186,54.427054260161235,56.15022786909883,0.43212831635342464,0.4745202395271727
2023-06-29,0.1005616545686006,44,221,55.02808272843003,55.94942475789851,0.2554567980372963,0.43212831635342464
2023-06-30,0.044414396584270696,41,185,52.220719829213536,55.50779640473231,-0.13309869405112365,0.2554567980372963
2023-07-03,0.14379924259203328,43,218,57.18996212960167,55.47812354256771,-0.15920560833182876,-0.13309869405112365
2023-07-05,0.18567876953601953,40,225,59.28393847680098,55.62995148484149,-0.025623648749717037,-0.15920560833182876
2023-07-06,0.1153525917500374,46,197,55.767629587501865,55.898066550309615,0.2102705832496481,-0.025623648749717037
2023-07-07,0.0631014030612245,42,158,53.155070153061224,55.52346403523586,-0.1193139272069634,0.2102705832496481
2023-07-10,0.10668858474649828,42,206,55.33442923732491,56.14620591685813,0.4285897038054829,-0.1193139272069634
2023-07-11,0.09362125561938063,44,190,54.681062780969036,55.6444260471316,-0.012888572677094349,0.4285897038054829
2023-07-12,0.12825720980569819,43,194,56.41286049028491,55.070210449828394,-0.5180975846787026,-0.012888572677094349
2023-07-13,0.10580303259240759,44,193,55.290151629620375,54.97471485825209,-0.6021169559694782,-0.5180975846787026
2023-07-14,0.10052753969845514,40,217,55.026376984922756,55.3489762246244,-0.2728325965349078,-0.6021169559694782
2023-07-17,0.07527083774542546,45,277,53.76354188727127,55.03479875461367,-0.5492536654900835,-0.2728325965349078
2023-07-18,0.12163668171384381,46,242,56.08183408569219,55.31495301555831,-0.30276705306679486,-0.5492536654900835
2023-07-19,0.11075988700518968,43,211,55.53799435025948,55.139979787553216,-0.4567128045621305,-0.30276705306679486
2023-07-20,0.07782981261163079,44,225,53.89149063058154,54.86024758774545,-0.7028280772117075,-0.4567128045621305
2023-07-21,0.0541936625189089,45,195,52.70968312594545,54.39690881595,-1.1104849298297539,-0.7028280772117075
2023-07-24,0.13275870693542569,48,292,56.637935346771286,54.97178750784999,-0.604692510885393,-1.1104849298297539
2023-07-25,0.061270730830745,48,276,53.063536541537246,54.368127999018995,-1.1358070007637375,-0.604692510885393
2023-07-26,0.09124356081291209,43,254,54.562178040645605,54.17296473709623,-1.307516440907955,-1.1358070007637375
2023-07-27,0.09935512703618404,45,270,54.96775635180921,54.38821788134176,-1.1181314279524455,-1.307516440907955
2023-07-28,0.1304396315083726,40,262,56.521981575418636,55.15067757123639,-0.44730063124157343,-1.1181314279524455
2023-07-31,0.16728611611303154,41,342,58.364305805651576,55.495951663012455,-0.14351998927508897,-0.44730063124157343
2023-08-01,0.1698461663785561,44,234,58.4923083189278,56.58170601849056,0.8117534093990467,-0.14351998927508897
2023-08-02,0.07172073528509632,45,238,53.58603676425482,56.386477763212405,0.639986786501494,0.8117534093990467
2023-08-03,0.06466407670934267,47,248,53.23320383546714,56.039567259944,0.3347663894375219,0.639986786501494
2023-08-04,0.030727616279069767,43,177,51.536380813953485,55.04244710765097,-0.5425244562878899,0.3347663894375219
2023-08-07,0.0617258143939394,44,191,53.08629071969697,53.986844090460046,-1.471269965615009,-0.5425244562878899
2023-08-08,0.11019724025974026,33,173,55.50986201298701,53.390354829271885,-1.9960758951817648,-1.471269965615009
2023-08-09,0.0885440462764053,42,197,54.42720231382027,53.558587939184974,-1.8480602654351728,-1.9960758951817648
2023-08-10,0.11859701633986929,45,168,55.929850816993465,54.09791733549024,-1.373544991502395,-1.8480602654351728
2023-08-11,0.1358751920399289,38,165,56.79375960199644,55.14939309309883,-0.4484307467136431,-1.373544991502395
2023-08-14,0.1385447627664733,38,223,56.927238138323666,55.91758257682417,0.22744126360023353,-0.4484307467136431
2023-08-15,0.05458722888839556,45,196,52.72936144441977,55.361482463110725,-0.261829300178616,0.22744126360023353
2023-08-16,0.10808962728791675,38,164,55.40448136439584,55.55693827322584,-0.08986246893615378,-0.261829300178616
2023-08-17,0.09195023416103203,47,219,54.597511708051606,55.290470451437464,-0.3243074154130077,-0.08986246893615378
2023-08-18,0.10867284774436091,38,176,55.43364238721804,55.01844700848178,-0.5636403340978164,-0.3243074154130077
2023-08-21,0.06999140881388727,44,262,53.49957044069436,54.33291346895593,-1.1667896108231226,-0.5636403340978164
2023-08-22,0.04471198412698413,42,195,52.23559920634921,54.23416102134181,-1.253674444196126,-1.1667896108231226
2023-08-23,0.1366017044067044,39,248,56.83008522033523,54.51928179252968,-1.0028181738519077,-1.253674444196126
2023-08-24,0.0969426028446415,45,269,54.84713014223207,54.56920547936578,-0.9588940857212552,-1.0028181738519077
2023-08-25,0.07653719224924012,42,183,53.82685961246201,54.247848924414576,-1.241631490259935,-0.9588940857212552
2023-08-28,0.13623966246839067,42,244,56.81198312341953,54.910331460959604,-0.6587630531639949,-1.241631490259935
2023-08-29,0.09765201714951714,39,193,54.88260085747586,55.43973179118494,-0.1929836158889066,-0.6587630531639949
2023-08-30,0.14028296107916852,38,163,57.01414805395842,55.476544357909575,-0.16059501385242198,-0.1929836158889066
2023-08-31,0.14893604409171077,45,189,57.44680220458554,55.99647877038027,0.296856076058071,-0.16059501385242198
2023-09-01,0.17988017165005538,43,153,58.994008582502765,57.02990856438843,1.2060930380213286,0.296856076058071
2023-09-05,0.13112591643142213,44,297,56.55629582157111,56.97877110401873,1.1611010420689738,1.2060930380213286
2023-09-06,0.16492806277056277,46,169,58.24640313852814,57.651531560229195,1.7530122457912336,1.1611010420689738
2023-09-07,0.1194215601851852,45,190,55.97107800925926,57.44291755128936,1.5694685074442316,1.7530122457912336
2023-09-08,0.14402740925137664,46,191,57.20137046256883,57.39383120288602,1.526281130270768,1.5694685074442316
2023-09-11,0.10695171032658464,48,277,55.34758551632923,56.66454658965132,0.884638582331192,1.526281130270768
2023-09-12,0.05322724716553288,42,194,52.66136235827664,55.88555989699241,0.1992669219149414,0.884638582331192
2023-09-13,0.12395393825009679,41,159,56.19769691250484,55.475818651787755,-0.16123350795556018,0.1992669219149414
2023-09-14,0.12486239703583454,44,202,56.243119851791725,55.53022702029425,-0.11336368653851778,-0.16123350795556018
2023-09-15,0.09561406078912127,39,210,54.78070303945606,55.046093535671694,-0.5393162391890577,-0.11336368653851778
2023-09-18,0.12875780748833277,43,226,56.43789037441665,55.264154507289184,-0.347460830620609,-0.5393162391890577
2023-09-19,0.12348687339743589,40,177,56.174343669871796,55.96675076960821,0.27070064947375094,-0.347460830620609
2023-09-20,0.06401823196248196,40,180,53.2009115981241,55.36739370673206,-0.2566284425849516,0.27070064947375094
2023-09-21,0.11466541472567288,46,202,55.73327073628364,55.265423883630454,-0.3463440020805223,-0.2566284425849516
2023-09-22,0.09126102965747704,38,150,54.563051482873846,55.221893572314,-0.38464304110975067,-0.3463440020805223
2023-09-25,0.09013220103639748,42,251,54.50661005181987,54.83563750779465,-0.7244806311228433,-0.38464304110975067
2023-09-26,0.1580197619047619,41,170,57.90098809523809,55.180966392867916,-0.4206517806652032,-0.7244806311228433
2023-09-27,0.11131795887445887,44,164,55.565897943722945,55.653963661987675,-0.004497144438436605,-0.4206517806652032
2023-09-28,0.13767339864270098,43,179,56.88366993213505,55.88404350115796,0.19793275954644446,-0.004497144438436605
2023-09-29,0.22894062487149136,41,196,61.44703124357457,57.260839453298104,1.4092717165083652,0.19793275954644446
2023-10-02,0.19919687371656122,48,282,59.95984368582806,58.35148618009974,2.368849543857578,1.4092717165083652
2023-10-03,0.2020502855107855,45,166,60.10251427553928,58.79179141615998,2.7562409249587576,2.368849543857578
2023-10-04,0.11581270695543772,39,161,55.79063534777189,58.83673889696977,2.7957868245799484,2.7562409249587576
2023-10-05,0.13087752238502237,45,192,56.54387611925111,58.768780134392976,2.735995033030712,2.7957868245799484
2023-10-06,0.11336210839160839,40,189,55.668105419580414,57.61299496959415,1.719106805095999,2.735995033030712
2023-10-09,0.09489712697033688,43,268,54.74485634851685,56.5699975021319,0.8014519685999048,1.719106805095999
2023-10-10,0.11058892639106925,42,200,55.529446319553465,55.655383910934745,-0.0032475744673044443,0.8014519685999048
2023-10-11,0.10379385751791644,38,199,55.18969287589582,55.53519541655953,-0.10899236924897546,-0.0032475744673044443
2023-10-12,0.15182605055315054,45,197,57.591302527657525,55.74468069824081,0.0753179362950144,-0.10899236924897546
2023-10-13,0.1137112181457949,41,198,55.68556090728974,55.74817179578268,0.0783894898163953,0.0753179362950144
2023-10-16,0.10744899003322259,43,242,55.37244950166112,55.87369042641153,0.18882386963055023,0.0783894898163953
2023-10-17,0.08498789006867123,41,244,54.24939450343356,55.61768006318755,-0.03642034747883497,0.18882386963055023
2023-10-18,0.041656559710928694,44,301,52.08282798554643,54.99630708511768,-0.5831195834618188,-0.03642034747883497
2023-10-19,0.11782529960779961,46,234,55.89126498038998,54.656299575664164,-0.8822665567082341,-0.5831195834618188
2023-10-20,0.08614300756645175,44,194,54.30715037832259,54.38061746987073,-1.1248184569849535,-0.8822665567082341
2023-10-23,0.08593668955735623,45,316,54.29683447786782,54.165494465112076,-1.3140889700176177,-1.1248184569849535
2023-10-24,0.14258988856898794,42,284,57.1294944284494,54.74151445011525,-0.8072924133177336,-1.3140889700176177
2023-10-25,0.11090040138676419,42,248,55.545020069338214,55.4339528668736,-0.19806805569771274,-0.8072924133177336
2023-10-26,0.12937496061672532,48,272,56.46874803083627,55.549449476962856,-0.0964512961621499,-0.19806805569771274
2023-10-27,0.0858121250205733,39,242,54.29060625102866,55.546140651504075,-0.09936248221973412,-0.0964512961621499
2023-10-30,0.11342716628332906,43,255,55.671358314166454,55.8210454187638,0.14250549648736882,-0.09936248221973412
2023-10-31,0.09731078481902099,44,216,54.865539240951044,55.36825438126412,-0.25587119995336716,0.14250549648736882
2023-11-01,0.1155806819750298,44,207,55.77903409875149,55.415057187146786,-0.21469293967981737,-0.25587119995336716
2023-11-02,0.1337001398130447,47,273,56.685006990652234,55.45830897910999,-0.17663894883099454,-0.21469293967981737
2023-11-03,0.11136397023809523,40,140,55.56819851190477,55.713827431285196,0.048172472833424566,-0.17663894883099454
2023-11-06,0.11775317617165444,46,240,55.88765880858272,55.75708753016845,0.08623377231491366,0.048172472833424566
2023-11-07,0.17845980699855699,42,181,58.92299034992785,56.568577751963815,0.8002028374667993,0.08623377231491366
2023-11-08,0.062189239691932005,39,172,53.10946198459659,56.03466332913283,0.33045179044078676,0.8002028374667993
2023-11-09,0.1596951730293748,45,198,57.98475865146874,56.29461366129614,0.5591624891722372,0.33045179044078676
2023-11-10,0.1015570995791648,39,151,55.07785497895824,56.19654495470682,0.4728792279773966,0.5591624891722372
2023-11-13,0.09267825637659356,47,252,54.63391281882968,55.94579575675622,0.2522639135349224,0.4728792279773966
2023-11-14,0.1627238911616498,37,200,58.13619455808249,55.78843659838715,0.11381545392774979,0.2522639135349224
2023-11-15,0.16149048894048895,37,149,58.074524447024444,56.78144909087272,0.9874922794790115,0.11381545392774979
2023-11-16,0.07406809339239571,43,177,53.70340466961978,55.92517829450293,0.23412416291880384,0.9874922794790115
2023-11-17,0.1339487089285714,40,144,56.69743544642857,56.24909438799699,0.5191135124490377,0.23412416291880384
2023-11-20,0.10602890815636534,41,190,55.30144540781827,56.38260090579471,0.636575831949122,0.5191135124490377
2023-11-21,0.08640045341528424,42,199,54.32002267076421,55.61936652833106,-0.03493655394740206,0.636575831949122
2023-11-22,0.07234111783959703,41,192,53.617055891979845,54.72787281732214,-0.8192946575233307,-0.03493655394740206
2023-11-24,0.0773836995928275,43,237,53.869184979641375,54.76102887932645,-0.7901231383139359,-0.8192946575233307
2023-11-27,0.10709886257305547,43,237,55.35494312865278,54.4925304157713,-1.0263546933843948,-0.7901231383139359
2023-11-28,0.10064241697994987,38,146,55.032120848997494,54.43866550400715,-1.0737463681869013,-1.0263546933843948
2023-11-29,0.10922082792207792,44,195,55.461041396103894,54.66686924907508,-0.8729670979575737,-1.0737463681869013
2023-11-30,0.12547137626262625,44,176,56.27356881313131,55.19817183330538,-0.4055140108009091,-0.8729670979575737
2023-12-01,0.08298067419467788,40,129,54.1490337097339,55.25414157932388,-0.35627045102861127,-0.4055140108009091
2023-12-04,0.12525796290948013,41,220,56.262898145474004,55.43573258268812,-0.19650221793133937,-0.35627045102861127
2023-12-05,0.10440879505040883,38,168,55.22043975252045,55.473396363392716,-0.16336469688979988,-0.19650221793133937
2023-12-06,0.12870915601840022,43,198,56.435457800920005,55.668279644355934,0.008098409116828005,-0.16336469688979988
2023-12-07,0.0879742075998076,45,210,54.398710379990376,55.29330795772775,-0.3218109075574301,0.008098409116828005
2023-12-08,0.08200321418485934,45,193,54.10016070924297,55.283533357629565,-0.33041084124349857,-0.3218109075574301
2023-12-11,0.11421818625287879,50,394,55.71090931264394,55.17313559106354,-0.4275415127821092,-0.33041084124349857
2023-12-12,0.10255496354879688,45,264,55.12774817743984,55.154597276047426,-0.44385197849821373,-0.4275415127821092
2023-12-13,0.15152151189461294,46,204,57.576075594730646,55.38272083480955,-0.24314325815384896,-0.44385197849821373
2023-12-14,0.1177304054054054,37,120,55.88652027027027,55.68028281286554,0.018659092128762635,-0.24314325815384896
2023-12-15,0.060997052207052205,30,108,53.04985261035261,55.47022119308747,-0.1661582898545066,0.018659092128762635
2023-12-18,0.1290084879108986,44,288,56.45042439554493,55.618124209667656,-0.036029576476702234,-0.1661582898545066
2023-12-19,0.14781666666666668,1,6,57.39083333333333,56.07074124084636,0.3621940249211356,-0.036029576476702234
2023-12-20,-0.012939999999999997,1,5,49.353,54.42612612190023,-1.084778825116141,0.3621940249211356
2023-12-21,0.1073375,1,8,55.36687500000001,54.322197067846176,-1.176218164213693,-1.084778825116141
2023-12-22,0.09534000000000001,1,5,54.766999999999996,54.66562654577565,-0.8740604588991125,-1.176218164213693
2023-12-26,0.21273,1,10,60.636500000000005,55.50284166666667,-0.1374579945205395,-0.8740604588991125
2023-12-27,0.181675,1,4,59.08375,55.841425,0.1604359535312061,-0.1374579945205395
2023-12-28,0.08514999999999999,1,10,54.2575,56.822325,1.0234559101463898,0.1604359535312061
2023-12-29,0.1398375,1,8,56.991875,57.147325,1.3093989072918049,1.0234559101463898
