fund,date,asset,weight,sector
Equity Equal-Weight,2021-01-04,ABBV,0.02,Healthcare
Equity Equal-Weight,2021-01-04,ABT,0.02,Healthcare
Equity Equal-Weight,2021-01-04,ADBE,0.02,Tech
Equity Equal-Weight,2021-01-04,AEP,0.02,Utilities
Equity Equal-Weight,2021-01-04,AMD,0.02,Tech
Equity Equal-Weight,2021-01-04,AMGN,0.02,Healthcare
Equity Equal-Weight,2021-01-04,AMT,0.02,RealEstate
Equity Equal-Weight,2021-01-04,BA,0.02,Industrials
Equity Equal-Weight,2021-01-04,CAT,0.02,Industrials
Equity Equal-Weight,2021-01-04,CCI,0.02,RealEstate
Equity Equal-Weight,2021-01-04,CMCSA,0.02,Comm
Equity Equal-Weight,2021-01-04,COP,0.02,Energy
Equity Equal-Weight,2021-01-04,CVX,0.02,Energy
Equity Equal-Weight,2021-01-04,D,0.02,Utilities
Equity Equal-Weight,2021-01-04,DD,0.02,Materials
Equity Equal-Weight,2021-01-04,DIS,0.02,Consumer
Equity Equal-Weight,2021-01-04,DOW,0.02,Materials
Equity Equal-Weight,2021-01-04,DUK,0.02,Utilities
Equity Equal-Weight,2021-01-04,EA,0.02,Comm
Equity Equal-Weight,2021-01-04,GE,0.02,Industrials
Equity Equal-Weight,2021-01-04,GILD,0.02,Healthcare
Equity Equal-Weight,2021-01-04,GS,0.02,Financials
Equity Equal-Weight,2021-01-04,INTC,0.02,Tech
Equity Equal-Weight,2021-01-04,KO,0.02,Consumer
Equity Equal-Weight,2021-01-04,MMM,0.02,Industrials
Equity Equal-Weight,2021-01-04,MRK,0.02,Healthcare
Equity Equal-Weight,2021-01-04,MS,0.02,Financials
Equity Equal-Weight,2021-01-04,NEE,0.02,Utilities
Equity Equal-Weight,2021-01-04,NEM,0.02,Materials
Equity Equal-Weight,2021-01-04,NKE,0.02,Consumer
Equity Equal-Weight,2021-01-04,NUE,0.02,Materials
Equity Equal-Weight,2021-01-04,NVDA,0.02,Tech
Equity Equal-Weight,2021-01-04,O,0.02,RealEstate
Equity Equal-Weight,2021-01-04,OXY,0.02,Energy
Equity Equal-Weight,2021-01-04,PLD,0.02,RealEstate
Equity Equal-Weight,2021-01-04,PSA,0.02,RealEstate
Equity Equal-Weight,2021-01-04,QCOM,0.02,Tech
Equity Equal-Weight,2021-01-04,SBUX,0.02,Consumer
Equity Equal-Weight,2021-01-04,SHW,0.02,Materials
Equity Equal-Weight,2021-01-04,SLB,0.02,Energy
Equity Equal-Weight,2021-01-04,SO,0.02,Utilities
Equity Equal-Weight,2021-01-04,T,0.02,Comm
Equity Equal-Weight,2021-01-04,TMUS,0.02,Comm
Equity Equal-Weight,2021-01-04,TTWO,0.02,Comm
Equity Equal-Weight,2021-01-04,UPS,0.02,Industrials
Equity Equal-Weight,2021-01-04,USB,0.02,Financials
Equity Equal-Weight,2021-01-04,V,0.02,Financials
Equity Equal-Weight,2021-01-04,WFC,0.02,Financials
Equity Equal-Weight,2021-01-04,WMT,0.02,Consumer
Equity Equal-Weight,2021-01-04,XOM,0.02,Energy
Equity Equal-Weight,2021-02-01,ABBV,0.02,Healthcare
Equity Equal-Weight,2021-02-01,ABT,0.02,Healthcare
Equity Equal-Weight,2021-02-01,ADBE,0.02,Tech
Equity Equal-Weight,2021-02-01,AEP,0.02,Utilities
Equity Equal-Weight,2021-02-01,AMD,0.02,Tech
Equity Equal-Weight,2021-02-01,AMGN,0.02,Healthcare
Equity Equal-Weight,2021-02-01,AMT,0.02,RealEstate
Equity Equal-Weight,2021-02-01,BA,0.02,Industrials
Equity Equal-Weight,2021-02-01,CAT,0.02,Industrials
Equity Equal-Weight,2021-02-01,CCI,0.02,RealEstate
Equity Equal-Weight,2021-02-01,CMCSA,0.02,Comm
Equity Equal-Weight,2021-02-01,COP,0.02,Energy
Equity Equal-Weight,2021-02-01,CVX,0.02,Energy
Equity Equal-Weight,2021-02-01,D,0.02,Utilities
Equity Equal-Weight,2021-02-01,DD,0.02,Materials
Equity Equal-Weight,2021-02-01,DIS,0.02,Consumer
Equity Equal-Weight,2021-02-01,DOW,0.02,Materials
Equity Equal-Weight,2021-02-01,DUK,0.02,Utilities
Equity Equal-Weight,2021-02-01,EA,0.02,Comm
Equity Equal-Weight,2021-02-01,GE,0.02,Industrials
Equity Equal-Weight,2021-02-01,GILD,0.02,Healthcare
Equity Equal-Weight,2021-02-01,GS,0.02,Financials
Equity Equal-Weight,2021-02-01,INTC,0.02,Tech
Equity Equal-Weight,2021-02-01,KO,0.02,Consumer
Equity Equal-Weight,2021-02-01,MMM,0.02,Industrials
Equity Equal-Weight,2021-02-01,MRK,0.02,Healthcare
Equity Equal-Weight,2021-02-01,MS,0.02,Financials
Equity Equal-Weight,2021-02-01,NEE,0.02,Utilities
Equity Equal-Weight,2021-02-01,NEM,0.02,Materials
Equity Equal-Weight,2021-02-01,NKE,0.02,Consumer
Equity Equal-Weight,2021-02-01,NUE,0.02,Materials
Equity Equal-Weight,2021-02-01,NVDA,0.02,Tech
Equity Equal-Weight,2021-02-01,O,0.02,RealEstate
Equity Equal-Weight,2021-02-01,OXY,0.02,Energy
Equity Equal-Weight,2021-02-01,PLD,0.02,RealEstate
Equity Equal-Weight,2021-02-01,PSA,0.02,RealEstate
Equity Equal-Weight,2021-02-01,QCOM,0.02,Tech
Equity Equal-Weight,2021-02-01,SBUX,0.02,Consumer
Equity Equal-Weight,2021-02-01,SHW,0.02,Materials
Equity Equal-Weight,2021-02-01,SLB,0.02,Energy
Equity Equal-Weight,2021-02-01,SO,0.02,Utilities
Equity Equal-Weight,2021-02-01,T,0.02,Comm
Equity Equal-Weight,2021-02-01,TMUS,0.02,Comm
Equity Equal-Weight,2021-02-01,TTWO,0.02,Comm
Equity Equal-Weight,2021-02-01,UPS,0.02,Industrials
Equity Equal-Weight,2021-02-01,USB,0.02,Financials
Equity Equal-Weight,2021-02-01,V,0.02,Financials
Equity Equal-Weight,2021-02-01,WFC,0.02,Financials
Equity Equal-Weight,2021-02-01,WMT,0.02,Consumer
Equity Equal-Weight,2021-02-01,XOM,0.02,Energy
Equity Equal-Weight,2021-03-01,ABBV,0.02,Healthcare
Equity Equal-Weight,2021-03-01,ABT,0.02,Healthcare
Equity Equal-Weight,2021-03-01,ADBE,0.02,Tech
Equity Equal-Weight,2021-03-01,AEP,0.02,Utilities
Equity Equal-Weight,2021-03-01,AMD,0.02,Tech
Equity Equal-Weight,2021-03-01,AMGN,0.02,Healthcare
Equity Equal-Weight,2021-03-01,AMT,0.02,RealEstate
Equity Equal-Weight,2021-03-01,BA,0.02,Industrials
Equity Equal-Weight,2021-03-01,CAT,0.02,Industrials
Equity Equal-Weight,2021-03-01,CCI,0.02,RealEstate
Equity Equal-Weight,2021-03-01,CMCSA,0.02,Comm
Equity Equal-Weight,2021-03-01,COP,0.02,Energy
Equity Equal-Weight,2021-03-01,CVX,0.02,Energy
Equity Equal-Weight,2021-03-01,D,0.02,Utilities
Equity Equal-Weight,2021-03-01,DD,0.02,Materials
Equity Equal-Weight,2021-03-01,DIS,0.02,Consumer
Equity Equal-Weight,2021-03-01,DOW,0.02,Materials
Equity Equal-Weight,2021-03-01,DUK,0.02,Utilities
Equity Equal-Weight,2021-03-01,EA,0.02,Comm
Equity Equal-Weight,2021-03-01,GE,0.02,Industrials
Equity Equal-Weight,2021-03-01,GILD,0.02,Healthcare
Equity Equal-Weight,2021-03-01,GS,0.02,Financials
Equity Equal-Weight,2021-03-01,INTC,0.02,Tech
Equity Equal-Weight,2021-03-01,KO,0.02,Consumer
Equity Equal-Weight,2021-03-01,MMM,0.02,Industrials
Equity Equal-Weight,2021-03-01,MRK,0.02,Healthcare
Equity Equal-Weight,2021-03-01,MS,0.02,Financials
Equity Equal-Weight,2021-03-01,NEE,0.02,Utilities
Equity Equal-Weight,2021-03-01,NEM,0.02,Materials
Equity Equal-Weight,2021-03-01,NKE,0.02,Consumer
Equity Equal-Weight,2021-03-01,NUE,0.02,Materials
Equity Equal-Weight,2021-03-01,NVDA,0.02,Tech
Equity Equal-Weight,2021-03-01,O,0.02,RealEstate
Equity Equal-Weight,2021-03-01,OXY,0.02,Energy
Equity Equal-Weight,2021-03-01,PLD,0.02,RealEstate
Equity Equal-Weight,2021-03-01,PSA,0.02,RealEstate
Equity Equal-Weight,2021-03-01,QCOM,0.02,Tech
Equity Equal-Weight,2021-03-01,SBUX,0.02,Consumer
Equity Equal-Weight,2021-03-01,SHW,0.02,Materials
Equity Equal-Weight,2021-03-01,SLB,0.02,Energy
Equity Equal-Weight,2021-03-01,SO,0.02,Utilities
Equity Equal-Weight,2021-03-01,T,0.02,Comm
Equity Equal-Weight,2021-03-01,TMUS,0.02,Comm
Equity Equal-Weight,2021-03-01,TTWO,0.02,Comm
Equity Equal-Weight,2021-03-01,UPS,0.02,Industrials
Equity Equal-Weight,2021-03-01,USB,0.02,Financials
Equity Equal-Weight,2021-03-01,V,0.02,Financials
Equity Equal-Weight,2021-03-01,WFC,0.02,Financials
Equity Equal-Weight,2021-03-01,WMT,0.02,Consumer
Equity Equal-Weight,2021-03-01,XOM,0.02,Energy
Equity Equal-Weight,2021-04-01,ABBV,0.02,Healthcare
Equity Equal-Weight,2021-04-01,ABT,0.02,Healthcare
Equity Equal-Weight,2021-04-01,ADBE,0.02,Tech
Equity Equal-Weight,2021-04-01,AEP,0.02,Utilities
Equity Equal-Weight,2021-04-01,AMD,0.02,Tech
Equity Equal-Weight,2021-04-01,AMGN,0.02,Healthcare
Equity Equal-Weight,2021-04-01,AMT,0.02,RealEstate
Equity Equal-Weight,2021-04-01,BA,0.02,Industrials
Equity Equal-Weight,2021-04-01,CAT,0.02,Industrials
Equity Equal-Weight,2021-04-01,CCI,0.02,RealEstate
Equity Equal-Weight,2021-04-01,CMCSA,0.02,Comm
Equity Equal-Weight,2021-04-01,COP,0.02,Energy
Equity Equal-Weight,2021-04-01,CVX,0.02,Energy
Equity Equal-Weight,2021-04-01,D,0.02,Utilities
Equity Equal-Weight,2021-04-01,DD,0.02,Materials
Equity Equal-Weight,2021-04-01,DIS,0.02,Consumer
Equity Equal-Weight,2021-04-01,DOW,0.02,Materials
Equity Equal-Weight,2021-04-01,DUK,0.02,Utilities
Equity Equal-Weight,2021-04-01,EA,0.02,Comm
Equity Equal-Weight,2021-04-01,GE,0.02,Industrials
Equity Equal-Weight,2021-04-01,GILD,0.02,Healthcare
Equity Equal-Weight,2021-04-01,GS,0.02,Financials
Equity Equal-Weight,2021-04-01,INTC,0.02,Tech
Equity Equal-Weight,2021-04-01,KO,0.02,Consumer
Equity Equal-Weight,2021-04-01,MMM,0.02,Industrials
Equity Equal-Weight,2021-04-01,MRK,0.02,Healthcare
Equity Equal-Weight,2021-04-01,MS,0.02,Financials
Equity Equal-Weight,2021-04-01,NEE,0.02,Utilities
Equity Equal-Weight,2021-04-01,NEM,0.02,Materials
Equity Equal-Weight,2021-04-01,NKE,0.02,Consumer
Equity Equal-Weight,2021-04-01,NUE,0.02,Materials
Equity Equal-Weight,2021-04-01,NVDA,0.02,Tech
Equity Equal-Weight,2021-04-01,O,0.02,RealEstate
Equity Equal-Weight,2021-04-01,OXY,0.02,Energy
Equity Equal-Weight,2021-04-01,PLD,0.02,RealEstate
Equity Equal-Weight,2021-04-01,PSA,0.02,RealEstate
Equity Equal-Weight,2021-04-01,QCOM,0.02,Tech
Equity Equal-Weight,2021-04-01,SBUX,0.02,Consumer
Equity Equal-Weight,2021-04-01,SHW,0.02,Materials
Equity Equal-Weight,2021-04-01,SLB,0.02,Energy
Equity Equal-Weight,2021-04-01,SO,0.02,Utilities
Equity Equal-Weight,2021-04-01,T,0.02,Comm
Equity Equal-Weight,2021-04-01,TMUS,0.02,Comm
Equity Equal-Weight,2021-04-01,TTWO,0.02,Comm
Equity Equal-Weight,2021-04-01,UPS,0.02,Industrials
Equity Equal-Weight,2021-04-01,USB,0.02,Financials
Equity Equal-Weight,2021-04-01,V,0.02,Financials
Equity Equal-Weight,2021-04-01,WFC,0.02,Financials
Equity Equal-Weight,2021-04-01,WMT,0.02,Consumer
Equity Equal-Weight,2021-04-01,XOM,0.02,Energy
Equity Equal-Weight,2021-05-03,ABBV,0.02,Healthcare
Equity Equal-Weight,2021-05-03,ABT,0.02,Healthcare
Equity Equal-Weight,2021-05-03,ADBE,0.02,Tech
Equity Equal-Weight,2021-05-03,AEP,0.02,Utilities
Equity Equal-Weight,2021-05-03,AMD,0.02,Tech
Equity Equal-Weight,2021-05-03,AMGN,0.02,Healthcare
Equity Equal-Weight,2021-05-03,AMT,0.02,RealEstate
Equity Equal-Weight,2021-05-03,BA,0.02,Industrials
Equity Equal-Weight,2021-05-03,CAT,0.02,Industrials
Equity Equal-Weight,2021-05-03,CCI,0.02,RealEstate
Equity Equal-Weight,2021-05-03,CMCSA,0.02,Comm
Equity Equal-Weight,2021-05-03,COP,0.02,Energy
Equity Equal-Weight,2021-05-03,CVX,0.02,Energy
Equity Equal-Weight,2021-05-03,D,0.02,Utilities
Equity Equal-Weight,2021-05-03,DD,0.02,Materials
Equity Equal-Weight,2021-05-03,DIS,0.02,Consumer
Equity Equal-Weight,2021-05-03,DOW,0.02,Materials
Equity Equal-Weight,2021-05-03,DUK,0.02,Utilities
Equity Equal-Weight,2021-05-03,EA,0.02,Comm
Equity Equal-Weight,2021-05-03,GE,0.02,Industrials
Equity Equal-Weight,2021-05-03,GILD,0.02,Healthcare
Equity Equal-Weight,2021-05-03,GS,0.02,Financials
Equity Equal-Weight,2021-05-03,INTC,0.02,Tech
Equity Equal-Weight,2021-05-03,KO,0.02,Consumer
Equity Equal-Weight,2021-05-03,MMM,0.02,Industrials
Equity Equal-Weight,2021-05-03,MRK,0.02,Healthcare
Equity Equal-Weight,2021-05-03,MS,0.02,Financials
Equity Equal-Weight,2021-05-03,NEE,0.02,Utilities
Equity Equal-Weight,2021-05-03,NEM,0.02,Materials
Equity Equal-Weight,2021-05-03,NKE,0.02,Consumer
Equity Equal-Weight,2021-05-03,NUE,0.02,Materials
Equity Equal-Weight,2021-05-03,NVDA,0.02,Tech
Equity Equal-Weight,2021-05-03,O,0.02,RealEstate
Equity Equal-Weight,2021-05-03,OXY,0.02,Energy
Equity Equal-Weight,2021-05-03,PLD,0.02,RealEstate
Equity Equal-Weight,2021-05-03,PSA,0.02,RealEstate
Equity Equal-Weight,2021-05-03,QCOM,0.02,Tech
Equity Equal-Weight,2021-05-03,SBUX,0.02,Consumer
Equity Equal-Weight,2021-05-03,SHW,0.02,Materials
Equity Equal-Weight,2021-05-03,SLB,0.02,Energy
Equity Equal-Weight,2021-05-03,SO,0.02,Utilities
Equity Equal-Weight,2021-05-03,T,0.02,Comm
Equity Equal-Weight,2021-05-03,TMUS,0.02,Comm
Equity Equal-Weight,2021-05-03,TTWO,0.02,Comm
Equity Equal-Weight,2021-05-03,UPS,0.02,Industrials
Equity Equal-Weight,2021-05-03,USB,0.02,Financials
Equity Equal-Weight,2021-05-03,V,0.02,Financials
Equity Equal-Weight,2021-05-03,WFC,0.02,Financials
Equity Equal-Weight,2021-05-03,WMT,0.02,Consumer
Equity Equal-Weight,2021-05-03,XOM,0.02,Energy
Equity Equal-Weight,2021-06-01,ABBV,0.02,Healthcare
Equity Equal-Weight,2021-06-01,ABT,0.02,Healthcare
Equity Equal-Weight,2021-06-01,ADBE,0.02,Tech
Equity Equal-Weight,2021-06-01,AEP,0.02,Utilities
Equity Equal-Weight,2021-06-01,AMD,0.02,Tech
Equity Equal-Weight,2021-06-01,AMGN,0.02,Healthcare
Equity Equal-Weight,2021-06-01,AMT,0.02,RealEstate
Equity Equal-Weight,2021-06-01,BA,0.02,Industrials
Equity Equal-Weight,2021-06-01,CAT,0.02,Industrials
Equity Equal-Weight,2021-06-01,CCI,0.02,RealEstate
Equity Equal-Weight,2021-06-01,CMCSA,0.02,Comm
Equity Equal-Weight,2021-06-01,COP,0.02,Energy
Equity Equal-Weight,2021-06-01,CVX,0.02,Energy
Equity Equal-Weight,2021-06-01,D,0.02,Utilities
Equity Equal-Weight,2021-06-01,DD,0.02,Materials
Equity Equal-Weight,2021-06-01,DIS,0.02,Consumer
Equity Equal-Weight,2021-06-01,DOW,0.02,Materials
Equity Equal-Weight,2021-06-01,DUK,0.02,Utilities
Equity Equal-Weight,2021-06-01,EA,0.02,Comm
Equity Equal-Weight,2021-06-01,GE,0.02,Industrials
Equity Equal-Weight,2021-06-01,GILD,0.02,Healthcare
Equity Equal-Weight,2021-06-01,GS,0.02,Financials
Equity Equal-Weight,2021-06-01,INTC,0.02,Tech
Equity Equal-Weight,2021-06-01,KO,0.02,Consumer
Equity Equal-Weight,2021-06-01,MMM,0.02,Industrials
Equity Equal-Weight,2021-06-01,MRK,0.02,Healthcare
Equity Equal-Weight,2021-06-01,MS,0.02,Financials
Equity Equal-Weight,2021-06-01,NEE,0.02,Utilities
Equity Equal-Weight,2021-06-01,NEM,0.02,Materials
Equity Equal-Weight,2021-06-01,NKE,0.02,Consumer
Equity Equal-Weight,2021-06-01,NUE,0.02,Materials
Equity Equal-Weight,2021-06-01,NVDA,0.02,Tech
Equity Equal-Weight,2021-06-01,O,0.02,RealEstate
Equity Equal-Weight,2021-06-01,OXY,0.02,Energy
Equity Equal-Weight,2021-06-01,PLD,0.02,RealEstate
Equity Equal-Weight,2021-06-01,PSA,0.02,RealEstate
Equity Equal-Weight,2021-06-01,QCOM,0.02,Tech
Equity Equal-Weight,2021-06-01,SBUX,0.02,Consumer
Equity Equal-Weight,2021-06-01,SHW,0.02,Materials
Equity Equal-Weight,2021-06-01,SLB,0.02,Energy
Equity Equal-Weight,2021-06-01,SO,0.02,Utilities
Equity Equal-Weight,2021-06-01,T,0.02,Comm
Equity Equal-Weight,2021-06-01,TMUS,0.02,Comm
Equity Equal-Weight,2021-06-01,TTWO,0.02,Comm
Equity Equal-Weight,2021-06-01,UPS,0.02,Industrials
Equity Equal-Weight,2021-06-01,USB,0.02,Financials
Equity Equal-Weight,2021-06-01,V,0.02,Financials
Equity Equal-Weight,2021-06-01,WFC,0.02,Financials
Equity Equal-Weight,2021-06-01,WMT,0.02,Consumer
Equity Equal-Weight,2021-06-01,XOM,0.02,Energy
Equity Equal-Weight,2021-07-01,ABBV,0.02,Healthcare
Equity Equal-Weight,2021-07-01,ABT,0.02,Healthcare
Equity Equal-Weight,2021-07-01,ADBE,0.02,Tech
Equity Equal-Weight,2021-07-01,AEP,0.02,Utilities
Equity Equal-Weight,2021-07-01,AMD,0.02,Tech
Equity Equal-Weight,2021-07-01,AMGN,0.02,Healthcare
Equity Equal-Weight,2021-07-01,AMT,0.02,RealEstate
Equity Equal-Weight,2021-07-01,BA,0.02,Industrials
Equity Equal-Weight,2021-07-01,CAT,0.02,Industrials
Equity Equal-Weight,2021-07-01,CCI,0.02,RealEstate
Equity Equal-Weight,2021-07-01,CMCSA,0.02,Comm
Equity Equal-Weight,2021-07-01,COP,0.02,Energy
Equity Equal-Weight,2021-07-01,CVX,0.02,Energy
Equity Equal-Weight,2021-07-01,D,0.02,Utilities
Equity Equal-Weight,2021-07-01,DD,0.02,Materials
Equity Equal-Weight,2021-07-01,DIS,0.02,Consumer
Equity Equal-Weight,2021-07-01,DOW,0.02,Materials
Equity Equal-Weight,2021-07-01,DUK,0.02,Utilities
Equity Equal-Weight,2021-07-01,EA,0.02,Comm
Equity Equal-Weight,2021-07-01,GE,0.02,Industrials
Equity Equal-Weight,2021-07-01,GILD,0.02,Healthcare
Equity Equal-Weight,2021-07-01,GS,0.02,Financials
Equity Equal-Weight,2021-07-01,INTC,0.02,Tech
Equity Equal-Weight,2021-07-01,KO,0.02,Consumer
Equity Equal-Weight,2021-07-01,MMM,0.02,Industrials
Equity Equal-Weight,2021-07-01,MRK,0.02,Healthcare
Equity Equal-Weight,2021-07-01,MS,0.02,Financials
Equity Equal-Weight,2021-07-01,NEE,0.02,Utilities
Equity Equal-Weight,2021-07-01,NEM,0.02,Materials
Equity Equal-Weight,2021-07-01,NKE,0.02,Consumer
Equity Equal-Weight,2021-07-01,NUE,0.02,Materials
Equity Equal-Weight,2021-07-01,NVDA,0.02,Tech
Equity Equal-Weight,2021-07-01,O,0.02,RealEstate
Equity Equal-Weight,2021-07-01,OXY,0.02,Energy
Equity Equal-Weight,2021-07-01,PLD,0.02,RealEstate
Equity Equal-Weight,2021-07-01,PSA,0.02,RealEstate
Equity Equal-Weight,2021-07-01,QCOM,0.02,Tech
Equity Equal-Weight,2021-07-01,SBUX,0.02,Consumer
Equity Equal-Weight,2021-07-01,SHW,0.02,Materials
Equity Equal-Weight,2021-07-01,SLB,0.02,Energy
Equity Equal-Weight,2021-07-01,SO,0.02,Utilities
Equity Equal-Weight,2021-07-01,T,0.02,Comm
Equity Equal-Weight,2021-07-01,TMUS,0.02,Comm
Equity Equal-Weight,2021-07-01,TTWO,0.02,Comm
Equity Equal-Weight,2021-07-01,UPS,0.02,Industrials
Equity Equal-Weight,2021-07-01,USB,0.02,Financials
Equity Equal-Weight,2021-07-01,V,0.02,Financials
Equity Equal-Weight,2021-07-01,WFC,0.02,Financials
Equity Equal-Weight,2021-07-01,WMT,0.02,Consumer
Equity Equal-Weight,2021-07-01,XOM,0.02,Energy
Equity Equal-Weight,2021-08-02,ABBV,0.02,Healthcare
Equity Equal-Weight,2021-08-02,ABT,0.02,Healthcare
Equity Equal-Weight,2021-08-02,ADBE,0.02,Tech
Equity Equal-Weight,2021-08-02,AEP,0.02,Utilities
Equity Equal-Weight,2021-08-02,AMD,0.02,Tech
Equity Equal-Weight,2021-08-02,AMGN,0.02,Healthcare
Equity Equal-Weight,2021-08-02,AMT,0.02,RealEstate
Equity Equal-Weight,2021-08-02,BA,0.02,Industrials
Equity Equal-Weight,2021-08-02,CAT,0.02,Industrials
Equity Equal-Weight,2021-08-02,CCI,0.02,RealEstate
Equity Equal-Weight,2021-08-02,CMCSA,0.02,Comm
Equity Equal-Weight,2021-08-02,COP,0.02,Energy
Equity Equal-Weight,2021-08-02,CVX,0.02,Energy
Equity Equal-Weight,2021-08-02,D,0.02,Utilities
Equity Equal-Weight,2021-08-02,DD,0.02,Materials
Equity Equal-Weight,2021-08-02,DIS,0.02,Consumer
Equity Equal-Weight,2021-08-02,DOW,0.02,Materials
Equity Equal-Weight,2021-08-02,DUK,0.02,Utilities
Equity Equal-Weight,2021-08-02,EA,0.02,Comm
Equity Equal-Weight,2021-08-02,GE,0.02,Industrials
Equity Equal-Weight,2021-08-02,GILD,0.02,Healthcare
Equity Equal-Weight,2021-08-02,GS,0.02,Financials
Equity Equal-Weight,2021-08-02,INTC,0.02,Tech
Equity Equal-Weight,2021-08-02,KO,0.02,Consumer
Equity Equal-Weight,2021-08-02,MMM,0.02,Industrials
Equity Equal-Weight,2021-08-02,MRK,0.02,Healthcare
Equity Equal-Weight,2021-08-02,MS,0.02,Financials
Equity Equal-Weight,2021-08-02,NEE,0.02,Utilities
Equity Equal-Weight,2021-08-02,NEM,0.02,Materials
Equity Equal-Weight,2021-08-02,NKE,0.02,Consumer
Equity Equal-Weight,2021-08-02,NUE,0.02,Materials
Equity Equal-Weight,2021-08-02,NVDA,0.02,Tech
Equity Equal-Weight,2021-08-02,O,0.02,RealEstate
Equity Equal-Weight,2021-08-02,OXY,0.02,Energy
Equity Equal-Weight,2021-08-02,PLD,0.02,RealEstate
Equity Equal-Weight,2021-08-02,PSA,0.02,RealEstate
Equity Equal-Weight,2021-08-02,QCOM,0.02,Tech
Equity Equal-Weight,2021-08-02,SBUX,0.02,Consumer
Equity Equal-Weight,2021-08-02,SHW,0.02,Materials
Equity Equal-Weight,2021-08-02,SLB,0.02,Energy
Equity Equal-Weight,2021-08-02,SO,0.02,Utilities
Equity Equal-Weight,2021-08-02,T,0.02,Comm
Equity Equal-Weight,2021-08-02,TMUS,0.02,Comm
Equity Equal-Weight,2021-08-02,TTWO,0.02,Comm
Equity Equal-Weight,2021-08-02,UPS,0.02,Industrials
Equity Equal-Weight,2021-08-02,USB,0.02,Financials
Equity Equal-Weight,2021-08-02,V,0.02,Financials
Equity Equal-Weight,2021-08-02,WFC,0.02,Financials
Equity Equal-Weight,2021-08-02,WMT,0.02,Consumer
Equity Equal-Weight,2021-08-02,XOM,0.02,Energy
Equity Equal-Weight,2021-09-01,ABBV,0.02,Healthcare
Equity Equal-Weight,2021-09-01,ABT,0.02,Healthcare
Equity Equal-Weight,2021-09-01,ADBE,0.02,Tech
Equity Equal-Weight,2021-09-01,AEP,0.02,Utilities
Equity Equal-Weight,2021-09-01,AMD,0.02,Tech
Equity Equal-Weight,2021-09-01,AMGN,0.02,Healthcare
Equity Equal-Weight,2021-09-01,AMT,0.02,RealEstate
Equity Equal-Weight,2021-09-01,BA,0.02,Industrials
Equity Equal-Weight,2021-09-01,CAT,0.02,Industrials
Equity Equal-Weight,2021-09-01,CCI,0.02,RealEstate
Equity Equal-Weight,2021-09-01,CMCSA,0.02,Comm
Equity Equal-Weight,2021-09-01,COP,0.02,Energy
Equity Equal-Weight,2021-09-01,CVX,0.02,Energy
Equity Equal-Weight,2021-09-01,D,0.02,Utilities
Equity Equal-Weight,2021-09-01,DD,0.02,Materials
Equity Equal-Weight,2021-09-01,DIS,0.02,Consumer
Equity Equal-Weight,2021-09-01,DOW,0.02,Materials
Equity Equal-Weight,2021-09-01,DUK,0.02,Utilities
Equity Equal-Weight,2021-09-01,EA,0.02,Comm
Equity Equal-Weight,2021-09-01,GE,0.02,Industrials
Equity Equal-Weight,2021-09-01,GILD,0.02,Healthcare
Equity Equal-Weight,2021-09-01,GS,0.02,Financials
Equity Equal-Weight,2021-09-01,INTC,0.02,Tech
Equity Equal-Weight,2021-09-01,KO,0.02,Consumer
Equity Equal-Weight,2021-09-01,MMM,0.02,Industrials
Equity Equal-Weight,2021-09-01,MRK,0.02,Healthcare
Equity Equal-Weight,2021-09-01,MS,0.02,Financials
Equity Equal-Weight,2021-09-01,NEE,0.02,Utilities
Equity Equal-Weight,2021-09-01,NEM,0.02,Materials
Equity Equal-Weight,2021-09-01,NKE,0.02,Consumer
Equity Equal-Weight,2021-09-01,NUE,0.02,Materials
Equity Equal-Weight,2021-09-01,NVDA,0.02,Tech
Equity Equal-Weight,2021-09-01,O,0.02,RealEstate
Equity Equal-Weight,2021-09-01,OXY,0.02,Energy
Equity Equal-Weight,2021-09-01,PLD,0.02,RealEstate
Equity Equal-Weight,2021-09-01,PSA,0.02,RealEstate
Equity Equal-Weight,2021-09-01,QCOM,0.02,Tech
Equity Equal-Weight,2021-09-01,SBUX,0.02,Consumer
Equity Equal-Weight,2021-09-01,SHW,0.02,Materials
Equity Equal-Weight,2021-09-01,SLB,0.02,Energy
Equity Equal-Weight,2021-09-01,SO,0.02,Utilities
Equity Equal-Weight,2021-09-01,T,0.02,Comm
Equity Equal-Weight,2021-09-01,TMUS,0.02,Comm
Equity Equal-Weight,2021-09-01,TTWO,0.02,Comm
Equity Equal-Weight,2021-09-01,UPS,0.02,Industrials
Equity Equal-Weight,2021-09-01,USB,0.02,Financials
Equity Equal-Weight,2021-09-01,V,0.02,Financials
Equity Equal-Weight,2021-09-01,WFC,0.02,Financials
Equity Equal-Weight,2021-09-01,WMT,0.02,Consumer
Equity Equal-Weight,2021-09-01,XOM,0.02,Energy
Equity Equal-Weight,2021-10-01,ABBV,0.02,Healthcare
Equity Equal-Weight,2021-10-01,ABT,0.02,Healthcare
Equity Equal-Weight,2021-10-01,ADBE,0.02,Tech
Equity Equal-Weight,2021-10-01,AEP,0.02,Utilities
Equity Equal-Weight,2021-10-01,AMD,0.02,Tech
Equity Equal-Weight,2021-10-01,AMGN,0.02,Healthcare
Equity Equal-Weight,2021-10-01,AMT,0.02,RealEstate
Equity Equal-Weight,2021-10-01,BA,0.02,Industrials
Equity Equal-Weight,2021-10-01,CAT,0.02,Industrials
Equity Equal-Weight,2021-10-01,CCI,0.02,RealEstate
Equity Equal-Weight,2021-10-01,CMCSA,0.02,Comm
Equity Equal-Weight,2021-10-01,COP,0.02,Energy
Equity Equal-Weight,2021-10-01,CVX,0.02,Energy
Equity Equal-Weight,2021-10-01,D,0.02,Utilities
Equity Equal-Weight,2021-10-01,DD,0.02,Materials
Equity Equal-Weight,2021-10-01,DIS,0.02,Consumer
Equity Equal-Weight,2021-10-01,DOW,0.02,Materials
Equity Equal-Weight,2021-10-01,DUK,0.02,Utilities
Equity Equal-Weight,2021-10-01,EA,0.02,Comm
Equity Equal-Weight,2021-10-01,GE,0.02,Industrials
Equity Equal-Weight,2021-10-01,GILD,0.02,Healthcare
Equity Equal-Weight,2021-10-01,GS,0.02,Financials
Equity Equal-Weight,2021-10-01,INTC,0.02,Tech
Equity Equal-Weight,2021-10-01,KO,0.02,Consumer
Equity Equal-Weight,2021-10-01,MMM,0.02,Industrials
Equity Equal-Weight,2021-10-01,MRK,0.02,Healthcare
Equity Equal-Weight,2021-10-01,MS,0.02,Financials
Equity Equal-Weight,2021-10-01,NEE,0.02,Utilities
Equity Equal-Weight,2021-10-01,NEM,0.02,Materials
Equity Equal-Weight,2021-10-01,NKE,0.02,Consumer
Equity Equal-Weight,2021-10-01,NUE,0.02,Materials
Equity Equal-Weight,2021-10-01,NVDA,0.02,Tech
Equity Equal-Weight,2021-10-01,O,0.02,RealEstate
Equity Equal-Weight,2021-10-01,OXY,0.02,Energy
Equity Equal-Weight,2021-10-01,PLD,0.02,RealEstate
Equity Equal-Weight,2021-10-01,PSA,0.02,RealEstate
Equity Equal-Weight,2021-10-01,QCOM,0.02,Tech
Equity Equal-Weight,2021-10-01,SBUX,0.02,Consumer
Equity Equal-Weight,2021-10-01,SHW,0.02,Materials
Equity Equal-Weight,2021-10-01,SLB,0.02,Energy
Equity Equal-Weight,2021-10-01,SO,0.02,Utilities
Equity Equal-Weight,2021-10-01,T,0.02,Comm
Equity Equal-Weight,2021-10-01,TMUS,0.02,Comm
Equity Equal-Weight,2021-10-01,TTWO,0.02,Comm
Equity Equal-Weight,2021-10-01,UPS,0.02,Industrials
Equity Equal-Weight,2021-10-01,USB,0.02,Financials
Equity Equal-Weight,2021-10-01,V,0.02,Financials
Equity Equal-Weight,2021-10-01,WFC,0.02,Financials
Equity Equal-Weight,2021-10-01,WMT,0.02,Consumer
Equity Equal-Weight,2021-10-01,XOM,0.02,Energy
Equity Equal-Weight,2021-11-01,ABBV,0.02,Healthcare
Equity Equal-Weight,2021-11-01,ABT,0.02,Healthcare
Equity Equal-Weight,2021-11-01,ADBE,0.02,Tech
Equity Equal-Weight,2021-11-01,AEP,0.02,Utilities
Equity Equal-Weight,2021-11-01,AMD,0.02,Tech
Equity Equal-Weight,2021-11-01,AMGN,0.02,Healthcare
Equity Equal-Weight,2021-11-01,AMT,0.02,RealEstate
Equity Equal-Weight,2021-11-01,BA,0.02,Industrials
Equity Equal-Weight,2021-11-01,CAT,0.02,Industrials
Equity Equal-Weight,2021-11-01,CCI,0.02,RealEstate
Equity Equal-Weight,2021-11-01,CMCSA,0.02,Comm
Equity Equal-Weight,2021-11-01,COP,0.02,Energy
Equity Equal-Weight,2021-11-01,CVX,0.02,Energy
Equity Equal-Weight,2021-11-01,D,0.02,Utilities
Equity Equal-Weight,2021-11-01,DD,0.02,Materials
Equity Equal-Weight,2021-11-01,DIS,0.02,Consumer
Equity Equal-Weight,2021-11-01,DOW,0.02,Materials
Equity Equal-Weight,2021-11-01,DUK,0.02,Utilities
Equity Equal-Weight,2021-11-01,EA,0.02,Comm
Equity Equal-Weight,2021-11-01,GE,0.02,Industrials
Equity Equal-Weight,2021-11-01,GILD,0.02,Healthcare
Equity Equal-Weight,2021-11-01,GS,0.02,Financials
Equity Equal-Weight,2021-11-01,INTC,0.02,Tech
Equity Equal-Weight,2021-11-01,KO,0.02,Consumer
Equity Equal-Weight,2021-11-01,MMM,0.02,Industrials
Equity Equal-Weight,2021-11-01,MRK,0.02,Healthcare
Equity Equal-Weight,2021-11-01,MS,0.02,Financials
Equity Equal-Weight,2021-11-01,NEE,0.02,Utilities
Equity Equal-Weight,2021-11-01,NEM,0.02,Materials
Equity Equal-Weight,2021-11-01,NKE,0.02,Consumer
Equity Equal-Weight,2021-11-01,NUE,0.02,Materials
Equity Equal-Weight,2021-11-01,NVDA,0.02,Tech
Equity Equal-Weight,2021-11-01,O,0.02,RealEstate
Equity Equal-Weight,2021-11-01,OXY,0.02,Energy
Equity Equal-Weight,2021-11-01,PLD,0.02,RealEstate
Equity Equal-Weight,2021-11-01,PSA,0.02,RealEstate
Equity Equal-Weight,2021-11-01,QCOM,0.02,Tech
Equity Equal-Weight,2021-11-01,SBUX,0.02,Consumer
Equity Equal-Weight,2021-11-01,SHW,0.02,Materials
Equity Equal-Weight,2021-11-01,SLB,0.02,Energy
Equity Equal-Weight,2021-11-01,SO,0.02,Utilities
Equity Equal-Weight,2021-11-01,T,0.02,Comm
Equity Equal-Weight,2021-11-01,TMUS,0.02,Comm
Equity Equal-Weight,2021-11-01,TTWO,0.02,Comm
Equity Equal-Weight,2021-11-01,UPS,0.02,Industrials
Equity Equal-Weight,2021-11-01,USB,0.02,Financials
Equity Equal-Weight,2021-11-01,V,0.02,Financials
Equity Equal-Weight,2021-11-01,WFC,0.02,Financials
Equity Equal-Weight,2021-11-01,WMT,0.02,Consumer
Equity Equal-Weight,2021-11-01,XOM,0.02,Energy
Equity Equal-Weight,2021-12-01,ABBV,0.02,Healthcare
Equity Equal-Weight,2021-12-01,ABT,0.02,Healthcare
Equity Equal-Weight,2021-12-01,ADBE,0.02,Tech
Equity Equal-Weight,2021-12-01,AEP,0.02,Utilities
Equity Equal-Weight,2021-12-01,AMD,0.02,Tech
Equity Equal-Weight,2021-12-01,AMGN,0.02,Healthcare
Equity Equal-Weight,2021-12-01,AMT,0.02,RealEstate
Equity Equal-Weight,2021-12-01,BA,0.02,Industrials
Equity Equal-Weight,2021-12-01,CAT,0.02,Industrials
Equity Equal-Weight,2021-12-01,CCI,0.02,RealEstate
Equity Equal-Weight,2021-12-01,CMCSA,0.02,Comm
Equity Equal-Weight,2021-12-01,COP,0.02,Energy
Equity Equal-Weight,2021-12-01,CVX,0.02,Energy
Equity Equal-Weight,2021-12-01,D,0.02,Utilities
Equity Equal-Weight,2021-12-01,DD,0.02,Materials
Equity Equal-Weight,2021-12-01,DIS,0.02,Consumer
Equity Equal-Weight,2021-12-01,DOW,0.02,Materials
Equity Equal-Weight,2021-12-01,DUK,0.02,Utilities
Equity Equal-Weight,2021-12-01,EA,0.02,Comm
Equity Equal-Weight,2021-12-01,GE,0.02,Industrials
Equity Equal-Weight,2021-12-01,GILD,0.02,Healthcare
Equity Equal-Weight,2021-12-01,GS,0.02,Financials
Equity Equal-Weight,2021-12-01,INTC,0.02,Tech
Equity Equal-Weight,2021-12-01,KO,0.02,Consumer
Equity Equal-Weight,2021-12-01,MMM,0.02,Industrials
Equity Equal-Weight,2021-12-01,MRK,0.02,Healthcare
Equity Equal-Weight,2021-12-01,MS,0.02,Financials
Equity Equal-Weight,2021-12-01,NEE,0.02,Utilities
Equity Equal-Weight,2021-12-01,NEM,0.02,Materials
Equity Equal-Weight,2021-12-01,NKE,0.02,Consumer
Equity Equal-Weight,2021-12-01,NUE,0.02,Materials
Equity Equal-Weight,2021-12-01,NVDA,0.02,Tech
Equity Equal-Weight,2021-12-01,O,0.02,RealEstate
Equity Equal-Weight,2021-12-01,OXY,0.02,Energy
Equity Equal-Weight,2021-12-01,PLD,0.02,RealEstate
Equity Equal-Weight,2021-12-01,PSA,0.02,RealEstate
Equity Equal-Weight,2021-12-01,QCOM,0.02,Tech
Equity Equal-Weight,2021-12-01,SBUX,0.02,Consumer
Equity Equal-Weight,2021-12-01,SHW,0.02,Materials
Equity Equal-Weight,2021-12-01,SLB,0.02,Energy
Equity Equal-Weight,2021-12-01,SO,0.02,Utilities
Equity Equal-Weight,2021-12-01,T,0.02,Comm
Equity Equal-Weight,2021-12-01,TMUS,0.02,Comm
Equity Equal-Weight,2021-12-01,TTWO,0.02,Comm
Equity Equal-Weight,2021-12-01,UPS,0.02,Industrials
Equity Equal-Weight,2021-12-01,USB,0.02,Financials
Equity Equal-Weight,2021-12-01,V,0.02,Financials
Equity Equal-Weight,2021-12-01,WFC,0.02,Financials
Equity Equal-Weight,2021-12-01,WMT,0.02,Consumer
Equity Equal-Weight,2021-12-01,XOM,0.02,Energy
Equity Equal-Weight,2022-01-03,ABBV,0.02,Healthcare
Equity Equal-Weight,2022-01-03,ABT,0.02,Healthcare
Equity Equal-Weight,2022-01-03,ADBE,0.02,Tech
Equity Equal-Weight,2022-01-03,AEP,0.02,Utilities
Equity Equal-Weight,2022-01-03,AMD,0.02,Tech
Equity Equal-Weight,2022-01-03,AMGN,0.02,Healthcare
Equity Equal-Weight,2022-01-03,AMT,0.02,RealEstate
Equity Equal-Weight,2022-01-03,BA,0.02,Industrials
Equity Equal-Weight,2022-01-03,CAT,0.02,Industrials
Equity Equal-Weight,2022-01-03,CCI,0.02,RealEstate
Equity Equal-Weight,2022-01-03,CMCSA,0.02,Comm
Equity Equal-Weight,2022-01-03,COP,0.02,Energy
Equity Equal-Weight,2022-01-03,CVX,0.02,Energy
Equity Equal-Weight,2022-01-03,D,0.02,Utilities
Equity Equal-Weight,2022-01-03,DD,0.02,Materials
Equity Equal-Weight,2022-01-03,DIS,0.02,Consumer
Equity Equal-Weight,2022-01-03,DOW,0.02,Materials
Equity Equal-Weight,2022-01-03,DUK,0.02,Utilities
Equity Equal-Weight,2022-01-03,EA,0.02,Comm
Equity Equal-Weight,2022-01-03,GE,0.02,Industrials
Equity Equal-Weight,2022-01-03,GILD,0.02,Healthcare
Equity Equal-Weight,2022-01-03,GS,0.02,Financials
Equity Equal-Weight,2022-01-03,INTC,0.02,Tech
Equity Equal-Weight,2022-01-03,KO,0.02,Consumer
Equity Equal-Weight,2022-01-03,MMM,0.02,Industrials
Equity Equal-Weight,2022-01-03,MRK,0.02,Healthcare
Equity Equal-Weight,2022-01-03,MS,0.02,Financials
Equity Equal-Weight,2022-01-03,NEE,0.02,Utilities
Equity Equal-Weight,2022-01-03,NEM,0.02,Materials
Equity Equal-Weight,2022-01-03,NKE,0.02,Consumer
Equity Equal-Weight,2022-01-03,NUE,0.02,Materials
Equity Equal-Weight,2022-01-03,NVDA,0.02,Tech
Equity Equal-Weight,2022-01-03,O,0.02,RealEstate
Equity Equal-Weight,2022-01-03,OXY,0.02,Energy
Equity Equal-Weight,2022-01-03,PLD,0.02,RealEstate
Equity Equal-Weight,2022-01-03,PSA,0.02,RealEstate
Equity Equal-Weight,2022-01-03,QCOM,0.02,Tech
Equity Equal-Weight,2022-01-03,SBUX,0.02,Consumer
Equity Equal-Weight,2022-01-03,SHW,0.02,Materials
Equity Equal-Weight,2022-01-03,SLB,0.02,Energy
Equity Equal-Weight,2022-01-03,SO,0.02,Utilities
Equity Equal-Weight,2022-01-03,T,0.02,Comm
Equity Equal-Weight,2022-01-03,TMUS,0.02,Comm
Equity Equal-Weight,2022-01-03,TTWO,0.02,Comm
Equity Equal-Weight,2022-01-03,UPS,0.02,Industrials
Equity Equal-Weight,2022-01-03,USB,0.02,Financials
Equity Equal-Weight,2022-01-03,V,0.02,Financials
Equity Equal-Weight,2022-01-03,WFC,0.02,Financials
Equity Equal-Weight,2022-01-03,WMT,0.02,Consumer
Equity Equal-Weight,2022-01-03,XOM,0.02,Energy
Equity Equal-Weight,2022-02-01,ABBV,0.02,Healthcare
Equity Equal-Weight,2022-02-01,ABT,0.02,Healthcare
Equity Equal-Weight,2022-02-01,ADBE,0.02,Tech
Equity Equal-Weight,2022-02-01,AEP,0.02,Utilities
Equity Equal-Weight,2022-02-01,AMD,0.02,Tech
Equity Equal-Weight,2022-02-01,AMGN,0.02,Healthcare
Equity Equal-Weight,2022-02-01,AMT,0.02,RealEstate
Equity Equal-Weight,2022-02-01,BA,0.02,Industrials
Equity Equal-Weight,2022-02-01,CAT,0.02,Industrials
Equity Equal-Weight,2022-02-01,CCI,0.02,RealEstate
Equity Equal-Weight,2022-02-01,CMCSA,0.02,Comm
Equity Equal-Weight,2022-02-01,COP,0.02,Energy
Equity Equal-Weight,2022-02-01,CVX,0.02,Energy
Equity Equal-Weight,2022-02-01,D,0.02,Utilities
Equity Equal-Weight,2022-02-01,DD,0.02,Materials
Equity Equal-Weight,2022-02-01,DIS,0.02,Consumer
Equity Equal-Weight,2022-02-01,DOW,0.02,Materials
Equity Equal-Weight,2022-02-01,DUK,0.02,Utilities
Equity Equal-Weight,2022-02-01,EA,0.02,Comm
Equity Equal-Weight,2022-02-01,GE,0.02,Industrials
Equity Equal-Weight,2022-02-01,GILD,0.02,Healthcare
Equity Equal-Weight,2022-02-01,GS,0.02,Financials
Equity Equal-Weight,2022-02-01,INTC,0.02,Tech
Equity Equal-Weight,2022-02-01,KO,0.02,Consumer
Equity Equal-Weight,2022-02-01,MMM,0.02,Industrials
Equity Equal-Weight,2022-02-01,MRK,0.02,Healthcare
Equity Equal-Weight,2022-02-01,MS,0.02,Financials
Equity Equal-Weight,2022-02-01,NEE,0.02,Utilities
Equity Equal-Weight,2022-02-01,NEM,0.02,Materials
Equity Equal-Weight,2022-02-01,NKE,0.02,Consumer
Equity Equal-Weight,2022-02-01,NUE,0.02,Materials
Equity Equal-Weight,2022-02-01,NVDA,0.02,Tech
Equity Equal-Weight,2022-02-01,O,0.02,RealEstate
Equity Equal-Weight,2022-02-01,OXY,0.02,Energy
Equity Equal-Weight,2022-02-01,PLD,0.02,RealEstate
Equity Equal-Weight,2022-02-01,PSA,0.02,RealEstate
Equity Equal-Weight,2022-02-01,QCOM,0.02,Tech
Equity Equal-Weight,2022-02-01,SBUX,0.02,Consumer
Equity Equal-Weight,2022-02-01,SHW,0.02,Materials
Equity Equal-Weight,2022-02-01,SLB,0.02,Energy
Equity Equal-Weight,2022-02-01,SO,0.02,Utilities
Equity Equal-Weight,2022-02-01,T,0.02,Comm
Equity Equal-Weight,2022-02-01,TMUS,0.02,Comm
Equity Equal-Weight,2022-02-01,TTWO,0.02,Comm
Equity Equal-Weight,2022-02-01,UPS,0.02,Industrials
Equity Equal-Weight,2022-02-01,USB,0.02,Financials
Equity Equal-Weight,2022-02-01,V,0.02,Financials
Equity Equal-Weight,2022-02-01,WFC,0.02,Financials
Equity Equal-Weight,2022-02-01,WMT,0.02,Consumer
Equity Equal-Weight,2022-02-01,XOM,0.02,Energy
Equity Equal-Weight,2022-03-01,ABBV,0.02,Healthcare
Equity Equal-Weight,2022-03-01,ABT,0.02,Healthcare
Equity Equal-Weight,2022-03-01,ADBE,0.02,Tech
Equity Equal-Weight,2022-03-01,AEP,0.02,Utilities
Equity Equal-Weight,2022-03-01,AMD,0.02,Tech
Equity Equal-Weight,2022-03-01,AMGN,0.02,Healthcare
Equity Equal-Weight,2022-03-01,AMT,0.02,RealEstate
Equity Equal-Weight,2022-03-01,BA,0.02,Industrials
Equity Equal-Weight,2022-03-01,CAT,0.02,Industrials
Equity Equal-Weight,2022-03-01,CCI,0.02,RealEstate
Equity Equal-Weight,2022-03-01,CMCSA,0.02,Comm
Equity Equal-Weight,2022-03-01,COP,0.02,Energy
Equity Equal-Weight,2022-03-01,CVX,0.02,Energy
Equity Equal-Weight,2022-03-01,D,0.02,Utilities
Equity Equal-Weight,2022-03-01,DD,0.02,Materials
Equity Equal-Weight,2022-03-01,DIS,0.02,Consumer
Equity Equal-Weight,2022-03-01,DOW,0.02,Materials
Equity Equal-Weight,2022-03-01,DUK,0.02,Utilities
Equity Equal-Weight,2022-03-01,EA,0.02,Comm
Equity Equal-Weight,2022-03-01,GE,0.02,Industrials
Equity Equal-Weight,2022-03-01,GILD,0.02,Healthcare
Equity Equal-Weight,2022-03-01,GS,0.02,Financials
Equity Equal-Weight,2022-03-01,INTC,0.02,Tech
Equity Equal-Weight,2022-03-01,KO,0.02,Consumer
Equity Equal-Weight,2022-03-01,MMM,0.02,Industrials
Equity Equal-Weight,2022-03-01,MRK,0.02,Healthcare
Equity Equal-Weight,2022-03-01,MS,0.02,Financials
Equity Equal-Weight,2022-03-01,NEE,0.02,Utilities
Equity Equal-Weight,2022-03-01,NEM,0.02,Materials
Equity Equal-Weight,2022-03-01,NKE,0.02,Consumer
Equity Equal-Weight,2022-03-01,NUE,0.02,Materials
Equity Equal-Weight,2022-03-01,NVDA,0.02,Tech
Equity Equal-Weight,2022-03-01,O,0.02,RealEstate
Equity Equal-Weight,2022-03-01,OXY,0.02,Energy
Equity Equal-Weight,2022-03-01,PLD,0.02,RealEstate
Equity Equal-Weight,2022-03-01,PSA,0.02,RealEstate
Equity Equal-Weight,2022-03-01,QCOM,0.02,Tech
Equity Equal-Weight,2022-03-01,SBUX,0.02,Consumer
Equity Equal-Weight,2022-03-01,SHW,0.02,Materials
Equity Equal-Weight,2022-03-01,SLB,0.02,Energy
Equity Equal-Weight,2022-03-01,SO,0.02,Utilities
Equity Equal-Weight,2022-03-01,T,0.02,Comm
Equity Equal-Weight,2022-03-01,TMUS,0.02,Comm
Equity Equal-Weight,2022-03-01,TTWO,0.02,Comm
Equity Equal-Weight,2022-03-01,UPS,0.02,Industrials
Equity Equal-Weight,2022-03-01,USB,0.02,Financials
Equity Equal-Weight,2022-03-01,V,0.02,Financials
Equity Equal-Weight,2022-03-01,WFC,0.02,Financials
Equity Equal-Weight,2022-03-01,WMT,0.02,Consumer
Equity Equal-Weight,2022-03-01,XOM,0.02,Energy
Equity Equal-Weight,2022-04-01,ABBV,0.02,Healthcare
Equity Equal-Weight,2022-04-01,ABT,0.02,Healthcare
Equity Equal-Weight,2022-04-01,ADBE,0.02,Tech
Equity Equal-Weight,2022-04-01,AEP,0.02,Utilities
Equity Equal-Weight,2022-04-01,AMD,0.02,Tech
Equity Equal-Weight,2022-04-01,AMGN,0.02,Healthcare
Equity Equal-Weight,2022-04-01,AMT,0.02,RealEstate
Equity Equal-Weight,2022-04-01,BA,0.02,Industrials
Equity Equal-Weight,2022-04-01,CAT,0.02,Industrials
Equity Equal-Weight,2022-04-01,CCI,0.02,RealEstate
Equity Equal-Weight,2022-04-01,CMCSA,0.02,Comm
Equity Equal-Weight,2022-04-01,COP,0.02,Energy
Equity Equal-Weight,2022-04-01,CVX,0.02,Energy
Equity Equal-Weight,2022-04-01,D,0.02,Utilities
Equity Equal-Weight,2022-04-01,DD,0.02,Materials
Equity Equal-Weight,2022-04-01,DIS,0.02,Consumer
Equity Equal-Weight,2022-04-01,DOW,0.02,Materials
Equity Equal-Weight,2022-04-01,DUK,0.02,Utilities
Equity Equal-Weight,2022-04-01,EA,0.02,Comm
Equity Equal-Weight,2022-04-01,GE,0.02,Industrials
Equity Equal-Weight,2022-04-01,GILD,0.02,Healthcare
Equity Equal-Weight,2022-04-01,GS,0.02,Financials
Equity Equal-Weight,2022-04-01,INTC,0.02,Tech
Equity Equal-Weight,2022-04-01,KO,0.02,Consumer
Equity Equal-Weight,2022-04-01,MMM,0.02,Industrials
Equity Equal-Weight,2022-04-01,MRK,0.02,Healthcare
Equity Equal-Weight,2022-04-01,MS,0.02,Financials
Equity Equal-Weight,2022-04-01,NEE,0.02,Utilities
Equity Equal-Weight,2022-04-01,NEM,0.02,Materials
Equity Equal-Weight,2022-04-01,NKE,0.02,Consumer
Equity Equal-Weight,2022-04-01,NUE,0.02,Materials
Equity Equal-Weight,2022-04-01,NVDA,0.02,Tech
Equity Equal-Weight,2022-04-01,O,0.02,RealEstate
Equity Equal-Weight,2022-04-01,OXY,0.02,Energy
Equity Equal-Weight,2022-04-01,PLD,0.02,RealEstate
Equity Equal-Weight,2022-04-01,PSA,0.02,RealEstate
Equity Equal-Weight,2022-04-01,QCOM,0.02,Tech
Equity Equal-Weight,2022-04-01,SBUX,0.02,Consumer
Equity Equal-Weight,2022-04-01,SHW,0.02,Materials
Equity Equal-Weight,2022-04-01,SLB,0.02,Energy
Equity Equal-Weight,2022-04-01,SO,0.02,Utilities
Equity Equal-Weight,2022-04-01,T,0.02,Comm
Equity Equal-Weight,2022-04-01,TMUS,0.02,Comm
Equity Equal-Weight,2022-04-01,TTWO,0.02,Comm
Equity Equal-Weight,2022-04-01,UPS,0.02,Industrials
Equity Equal-Weight,2022-04-01,USB,0.02,Financials
Equity Equal-Weight,2022-04-01,V,0.02,Financials
Equity Equal-Weight,2022-04-01,WFC,0.02,Financials
Equity Equal-Weight,2022-04-01,WMT,0.02,Consumer
Equity Equal-Weight,2022-04-01,XOM,0.02,Energy
Equity Equal-Weight,2022-05-02,ABBV,0.02,Healthcare
Equity Equal-Weight,2022-05-02,ABT,0.02,Healthcare
Equity Equal-Weight,2022-05-02,ADBE,0.02,Tech
Equity Equal-Weight,2022-05-02,AEP,0.02,Utilities
Equity Equal-Weight,2022-05-02,AMD,0.02,Tech
Equity Equal-Weight,2022-05-02,AMGN,0.02,Healthcare
Equity Equal-Weight,2022-05-02,AMT,0.02,RealEstate
Equity Equal-Weight,2022-05-02,BA,0.02,Industrials
Equity Equal-Weight,2022-05-02,CAT,0.02,Industrials
Equity Equal-Weight,2022-05-02,CCI,0.02,RealEstate
Equity Equal-Weight,2022-05-02,CMCSA,0.02,Comm
Equity Equal-Weight,2022-05-02,COP,0.02,Energy
Equity Equal-Weight,2022-05-02,CVX,0.02,Energy
Equity Equal-Weight,2022-05-02,D,0.02,Utilities
Equity Equal-Weight,2022-05-02,DD,0.02,Materials
Equity Equal-Weight,2022-05-02,DIS,0.02,Consumer
Equity Equal-Weight,2022-05-02,DOW,0.02,Materials
Equity Equal-Weight,2022-05-02,DUK,0.02,Utilities
Equity Equal-Weight,2022-05-02,EA,0.02,Comm
Equity Equal-Weight,2022-05-02,GE,0.02,Industrials
Equity Equal-Weight,2022-05-02,GILD,0.02,Healthcare
Equity Equal-Weight,2022-05-02,GS,0.02,Financials
Equity Equal-Weight,2022-05-02,INTC,0.02,Tech
Equity Equal-Weight,2022-05-02,KO,0.02,Consumer
Equity Equal-Weight,2022-05-02,MMM,0.02,Industrials
Equity Equal-Weight,2022-05-02,MRK,0.02,Healthcare
Equity Equal-Weight,2022-05-02,MS,0.02,Financials
Equity Equal-Weight,2022-05-02,NEE,0.02,Utilities
Equity Equal-Weight,2022-05-02,NEM,0.02,Materials
Equity Equal-Weight,2022-05-02,NKE,0.02,Consumer
Equity Equal-Weight,2022-05-02,NUE,0.02,Materials
Equity Equal-Weight,2022-05-02,NVDA,0.02,Tech
Equity Equal-Weight,2022-05-02,O,0.02,RealEstate
Equity Equal-Weight,2022-05-02,OXY,0.02,Energy
Equity Equal-Weight,2022-05-02,PLD,0.02,RealEstate
Equity Equal-Weight,2022-05-02,PSA,0.02,RealEstate
Equity Equal-Weight,2022-05-02,QCOM,0.02,Tech
Equity Equal-Weight,2022-05-02,SBUX,0.02,Consumer
Equity Equal-Weight,2022-05-02,SHW,0.02,Materials
Equity Equal-Weight,2022-05-02,SLB,0.02,Energy
Equity Equal-Weight,2022-05-02,SO,0.02,Utilities
Equity Equal-Weight,2022-05-02,T,0.02,Comm
Equity Equal-Weight,2022-05-02,TMUS,0.02,Comm
Equity Equal-Weight,2022-05-02,TTWO,0.02,Comm
Equity Equal-Weight,2022-05-02,UPS,0.02,Industrials
Equity Equal-Weight,2022-05-02,USB,0.02,Financials
Equity Equal-Weight,2022-05-02,V,0.02,Financials
Equity Equal-Weight,2022-05-02,WFC,0.02,Financials
Equity Equal-Weight,2022-05-02,WMT,0.02,Consumer
Equity Equal-Weight,2022-05-02,XOM,0.02,Energy
Equity Equal-Weight,2022-06-01,ABBV,0.02,Healthcare
Equity Equal-Weight,2022-06-01,ABT,0.02,Healthcare
Equity Equal-Weight,2022-06-01,ADBE,0.02,Tech
Equity Equal-Weight,2022-06-01,AEP,0.02,Utilities
Equity Equal-Weight,2022-06-01,AMD,0.02,Tech
Equity Equal-Weight,2022-06-01,AMGN,0.02,Healthcare
Equity Equal-Weight,2022-06-01,AMT,0.02,RealEstate
Equity Equal-Weight,2022-06-01,BA,0.02,Industrials
Equity Equal-Weight,2022-06-01,CAT,0.02,Industrials
Equity Equal-Weight,2022-06-01,CCI,0.02,RealEstate
Equity Equal-Weight,2022-06-01,CMCSA,0.02,Comm
Equity Equal-Weight,2022-06-01,COP,0.02,Energy
Equity Equal-Weight,2022-06-01,CVX,0.02,Energy
Equity Equal-Weight,2022-06-01,D,0.02,Utilities
Equity Equal-Weight,2022-06-01,DD,0.02,Materials
Equity Equal-Weight,2022-06-01,DIS,0.02,Consumer
Equity Equal-Weight,2022-06-01,DOW,0.02,Materials
Equity Equal-Weight,2022-06-01,DUK,0.02,Utilities
Equity Equal-Weight,2022-06-01,EA,0.02,Comm
Equity Equal-Weight,2022-06-01,GE,0.02,Industrials
Equity Equal-Weight,2022-06-01,GILD,0.02,Healthcare
Equity Equal-Weight,2022-06-01,GS,0.02,Financials
Equity Equal-Weight,2022-06-01,INTC,0.02,Tech
Equity Equal-Weight,2022-06-01,KO,0.02,Consumer
Equity Equal-Weight,2022-06-01,MMM,0.02,Industrials
Equity Equal-Weight,2022-06-01,MRK,0.02,Healthcare
Equity Equal-Weight,2022-06-01,MS,0.02,Financials
Equity Equal-Weight,2022-06-01,NEE,0.02,Utilities
Equity Equal-Weight,2022-06-01,NEM,0.02,Materials
Equity Equal-Weight,2022-06-01,NKE,0.02,Consumer
Equity Equal-Weight,2022-06-01,NUE,0.02,Materials
Equity Equal-Weight,2022-06-01,NVDA,0.02,Tech
Equity Equal-Weight,2022-06-01,O,0.02,RealEstate
Equity Equal-Weight,2022-06-01,OXY,0.02,Energy
Equity Equal-Weight,2022-06-01,PLD,0.02,RealEstate
Equity Equal-Weight,2022-06-01,PSA,0.02,RealEstate
Equity Equal-Weight,2022-06-01,QCOM,0.02,Tech
Equity Equal-Weight,2022-06-01,SBUX,0.02,Consumer
Equity Equal-Weight,2022-06-01,SHW,0.02,Materials
Equity Equal-Weight,2022-06-01,SLB,0.02,Energy
Equity Equal-Weight,2022-06-01,SO,0.02,Utilities
Equity Equal-Weight,2022-06-01,T,0.02,Comm
Equity Equal-Weight,2022-06-01,TMUS,0.02,Comm
Equity Equal-Weight,2022-06-01,TTWO,0.02,Comm
Equity Equal-Weight,2022-06-01,UPS,0.02,Industrials
Equity Equal-Weight,2022-06-01,USB,0.02,Financials
Equity Equal-Weight,2022-06-01,V,0.02,Financials
Equity Equal-Weight,2022-06-01,WFC,0.02,Financials
Equity Equal-Weight,2022-06-01,WMT,0.02,Consumer
Equity Equal-Weight,2022-06-01,XOM,0.02,Energy
Equity Equal-Weight,2022-07-01,ABBV,0.02,Healthcare
Equity Equal-Weight,2022-07-01,ABT,0.02,Healthcare
Equity Equal-Weight,2022-07-01,ADBE,0.02,Tech
Equity Equal-Weight,2022-07-01,AEP,0.02,Utilities
Equity Equal-Weight,2022-07-01,AMD,0.02,Tech
Equity Equal-Weight,2022-07-01,AMGN,0.02,Healthcare
Equity Equal-Weight,2022-07-01,AMT,0.02,RealEstate
Equity Equal-Weight,2022-07-01,BA,0.02,Industrials
Equity Equal-Weight,2022-07-01,CAT,0.02,Industrials
Equity Equal-Weight,2022-07-01,CCI,0.02,RealEstate
Equity Equal-Weight,2022-07-01,CMCSA,0.02,Comm
Equity Equal-Weight,2022-07-01,COP,0.02,Energy
Equity Equal-Weight,2022-07-01,CVX,0.02,Energy
Equity Equal-Weight,2022-07-01,D,0.02,Utilities
Equity Equal-Weight,2022-07-01,DD,0.02,Materials
Equity Equal-Weight,2022-07-01,DIS,0.02,Consumer
Equity Equal-Weight,2022-07-01,DOW,0.02,Materials
Equity Equal-Weight,2022-07-01,DUK,0.02,Utilities
Equity Equal-Weight,2022-07-01,EA,0.02,Comm
Equity Equal-Weight,2022-07-01,GE,0.02,Industrials
Equity Equal-Weight,2022-07-01,GILD,0.02,Healthcare
Equity Equal-Weight,2022-07-01,GS,0.02,Financials
Equity Equal-Weight,2022-07-01,INTC,0.02,Tech
Equity Equal-Weight,2022-07-01,KO,0.02,Consumer
Equity Equal-Weight,2022-07-01,MMM,0.02,Industrials
Equity Equal-Weight,2022-07-01,MRK,0.02,Healthcare
Equity Equal-Weight,2022-07-01,MS,0.02,Financials
Equity Equal-Weight,2022-07-01,NEE,0.02,Utilities
Equity Equal-Weight,2022-07-01,NEM,0.02,Materials
Equity Equal-Weight,2022-07-01,NKE,0.02,Consumer
Equity Equal-Weight,2022-07-01,NUE,0.02,Materials
Equity Equal-Weight,2022-07-01,NVDA,0.02,Tech
Equity Equal-Weight,2022-07-01,O,0.02,RealEstate
Equity Equal-Weight,2022-07-01,OXY,0.02,Energy
Equity Equal-Weight,2022-07-01,PLD,0.02,RealEstate
Equity Equal-Weight,2022-07-01,PSA,0.02,RealEstate
Equity Equal-Weight,2022-07-01,QCOM,0.02,Tech
Equity Equal-Weight,2022-07-01,SBUX,0.02,Consumer
Equity Equal-Weight,2022-07-01,SHW,0.02,Materials
Equity Equal-Weight,2022-07-01,SLB,0.02,Energy
Equity Equal-Weight,2022-07-01,SO,0.02,Utilities
Equity Equal-Weight,2022-07-01,T,0.02,Comm
Equity Equal-Weight,2022-07-01,TMUS,0.02,Comm
Equity Equal-Weight,2022-07-01,TTWO,0.02,Comm
Equity Equal-Weight,2022-07-01,UPS,0.02,Industrials
Equity Equal-Weight,2022-07-01,USB,0.02,Financials
Equity Equal-Weight,2022-07-01,V,0.02,Financials
Equity Equal-Weight,2022-07-01,WFC,0.02,Financials
Equity Equal-Weight,2022-07-01,WMT,0.02,Consumer
Equity Equal-Weight,2022-07-01,XOM,0.02,Energy
Equity Equal-Weight,2022-08-01,ABBV,0.02,Healthcare
Equity Equal-Weight,2022-08-01,ABT,0.02,Healthcare
Equity Equal-Weight,2022-08-01,ADBE,0.02,Tech
Equity Equal-Weight,2022-08-01,AEP,0.02,Utilities
Equity Equal-Weight,2022-08-01,AMD,0.02,Tech
Equity Equal-Weight,2022-08-01,AMGN,0.02,Healthcare
Equity Equal-Weight,2022-08-01,AMT,0.02,RealEstate
Equity Equal-Weight,2022-08-01,BA,0.02,Industrials
Equity Equal-Weight,2022-08-01,CAT,0.02,Industrials
Equity Equal-Weight,2022-08-01,CCI,0.02,RealEstate
Equity Equal-Weight,2022-08-01,CMCSA,0.02,Comm
Equity Equal-Weight,2022-08-01,COP,0.02,Energy
Equity Equal-Weight,2022-08-01,CVX,0.02,Energy
Equity Equal-Weight,2022-08-01,D,0.02,Utilities
Equity Equal-Weight,2022-08-01,DD,0.02,Materials
Equity Equal-Weight,2022-08-01,DIS,0.02,Consumer
Equity Equal-Weight,2022-08-01,DOW,0.02,Materials
Equity Equal-Weight,2022-08-01,DUK,0.02,Utilities
Equity Equal-Weight,2022-08-01,EA,0.02,Comm
Equity Equal-Weight,2022-08-01,GE,0.02,Industrials
Equity Equal-Weight,2022-08-01,GILD,0.02,Healthcare
Equity Equal-Weight,2022-08-01,GS,0.02,Financials
Equity Equal-Weight,2022-08-01,INTC,0.02,Tech
Equity Equal-Weight,2022-08-01,KO,0.02,Consumer
Equity Equal-Weight,2022-08-01,MMM,0.02,Industrials
Equity Equal-Weight,2022-08-01,MRK,0.02,Healthcare
Equity Equal-Weight,2022-08-01,MS,0.02,Financials
Equity Equal-Weight,2022-08-01,NEE,0.02,Utilities
Equity Equal-Weight,2022-08-01,NEM,0.02,Materials
Equity Equal-Weight,2022-08-01,NKE,0.02,Consumer
Equity Equal-Weight,2022-08-01,NUE,0.02,Materials
Equity Equal-Weight,2022-08-01,NVDA,0.02,Tech
Equity Equal-Weight,2022-08-01,O,0.02,RealEstate
Equity Equal-Weight,2022-08-01,OXY,0.02,Energy
Equity Equal-Weight,2022-08-01,PLD,0.02,RealEstate
Equity Equal-Weight,2022-08-01,PSA,0.02,RealEstate
Equity Equal-Weight,2022-08-01,QCOM,0.02,Tech
Equity Equal-Weight,2022-08-01,SBUX,0.02,Consumer
Equity Equal-Weight,2022-08-01,SHW,0.02,Materials
Equity Equal-Weight,2022-08-01,SLB,0.02,Energy
Equity Equal-Weight,2022-08-01,SO,0.02,Utilities
Equity Equal-Weight,2022-08-01,T,0.02,Comm
Equity Equal-Weight,2022-08-01,TMUS,0.02,Comm
Equity Equal-Weight,2022-08-01,TTWO,0.02,Comm
Equity Equal-Weight,2022-08-01,UPS,0.02,Industrials
Equity Equal-Weight,2022-08-01,USB,0.02,Financials
Equity Equal-Weight,2022-08-01,V,0.02,Financials
Equity Equal-Weight,2022-08-01,WFC,0.02,Financials
Equity Equal-Weight,2022-08-01,WMT,0.02,Consumer
Equity Equal-Weight,2022-08-01,XOM,0.02,Energy
Equity Equal-Weight,2022-09-01,ABBV,0.02,Healthcare
Equity Equal-Weight,2022-09-01,ABT,0.02,Healthcare
Equity Equal-Weight,2022-09-01,ADBE,0.02,Tech
Equity Equal-Weight,2022-09-01,AEP,0.02,Utilities
Equity Equal-Weight,2022-09-01,AMD,0.02,Tech
Equity Equal-Weight,2022-09-01,AMGN,0.02,Healthcare
Equity Equal-Weight,2022-09-01,AMT,0.02,RealEstate
Equity Equal-Weight,2022-09-01,BA,0.02,Industrials
Equity Equal-Weight,2022-09-01,CAT,0.02,Industrials
Equity Equal-Weight,2022-09-01,CCI,0.02,RealEstate
Equity Equal-Weight,2022-09-01,CMCSA,0.02,Comm
Equity Equal-Weight,2022-09-01,COP,0.02,Energy
Equity Equal-Weight,2022-09-01,CVX,0.02,Energy
Equity Equal-Weight,2022-09-01,D,0.02,Utilities
Equity Equal-Weight,2022-09-01,DD,0.02,Materials
Equity Equal-Weight,2022-09-01,DIS,0.02,Consumer
Equity Equal-Weight,2022-09-01,DOW,0.02,Materials
Equity Equal-Weight,2022-09-01,DUK,0.02,Utilities
Equity Equal-Weight,2022-09-01,EA,0.02,Comm
Equity Equal-Weight,2022-09-01,GE,0.02,Industrials
Equity Equal-Weight,2022-09-01,GILD,0.02,Healthcare
Equity Equal-Weight,2022-09-01,GS,0.02,Financials
Equity Equal-Weight,2022-09-01,INTC,0.02,Tech
Equity Equal-Weight,2022-09-01,KO,0.02,Consumer
Equity Equal-Weight,2022-09-01,MMM,0.02,Industrials
Equity Equal-Weight,2022-09-01,MRK,0.02,Healthcare
Equity Equal-Weight,2022-09-01,MS,0.02,Financials
Equity Equal-Weight,2022-09-01,NEE,0.02,Utilities
Equity Equal-Weight,2022-09-01,NEM,0.02,Materials
Equity Equal-Weight,2022-09-01,NKE,0.02,Consumer
Equity Equal-Weight,2022-09-01,NUE,0.02,Materials
Equity Equal-Weight,2022-09-01,NVDA,0.02,Tech
Equity Equal-Weight,2022-09-01,O,0.02,RealEstate
Equity Equal-Weight,2022-09-01,OXY,0.02,Energy
Equity Equal-Weight,2022-09-01,PLD,0.02,RealEstate
Equity Equal-Weight,2022-09-01,PSA,0.02,RealEstate
Equity Equal-Weight,2022-09-01,QCOM,0.02,Tech
Equity Equal-Weight,2022-09-01,SBUX,0.02,Consumer
Equity Equal-Weight,2022-09-01,SHW,0.02,Materials
Equity Equal-Weight,2022-09-01,SLB,0.02,Energy
Equity Equal-Weight,2022-09-01,SO,0.02,Utilities
Equity Equal-Weight,2022-09-01,T,0.02,Comm
Equity Equal-Weight,2022-09-01,TMUS,0.02,Comm
Equity Equal-Weight,2022-09-01,TTWO,0.02,Comm
Equity Equal-Weight,2022-09-01,UPS,0.02,Industrials
Equity Equal-Weight,2022-09-01,USB,0.02,Financials
Equity Equal-Weight,2022-09-01,V,0.02,Financials
Equity Equal-Weight,2022-09-01,WFC,0.02,Financials
Equity Equal-Weight,2022-09-01,WMT,0.02,Consumer
Equity Equal-Weight,2022-09-01,XOM,0.02,Energy
Equity Equal-Weight,2022-10-03,ABBV,0.02,Healthcare
Equity Equal-Weight,2022-10-03,ABT,0.02,Healthcare
Equity Equal-Weight,2022-10-03,ADBE,0.02,Tech
Equity Equal-Weight,2022-10-03,AEP,0.02,Utilities
Equity Equal-Weight,2022-10-03,AMD,0.02,Tech
Equity Equal-Weight,2022-10-03,AMGN,0.02,Healthcare
Equity Equal-Weight,2022-10-03,AMT,0.02,RealEstate
Equity Equal-Weight,2022-10-03,BA,0.02,Industrials
Equity Equal-Weight,2022-10-03,CAT,0.02,Industrials
Equity Equal-Weight,2022-10-03,CCI,0.02,RealEstate
Equity Equal-Weight,2022-10-03,CMCSA,0.02,Comm
Equity Equal-Weight,2022-10-03,COP,0.02,Energy
Equity Equal-Weight,2022-10-03,CVX,0.02,Energy
Equity Equal-Weight,2022-10-03,D,0.02,Utilities
Equity Equal-Weight,2022-10-03,DD,0.02,Materials
Equity Equal-Weight,2022-10-03,DIS,0.02,Consumer
Equity Equal-Weight,2022-10-03,DOW,0.02,Materials
Equity Equal-Weight,2022-10-03,DUK,0.02,Utilities
Equity Equal-Weight,2022-10-03,EA,0.02,Comm
Equity Equal-Weight,2022-10-03,GE,0.02,Industrials
Equity Equal-Weight,2022-10-03,GILD,0.02,Healthcare
Equity Equal-Weight,2022-10-03,GS,0.02,Financials
Equity Equal-Weight,2022-10-03,INTC,0.02,Tech
Equity Equal-Weight,2022-10-03,KO,0.02,Consumer
Equity Equal-Weight,2022-10-03,MMM,0.02,Industrials
Equity Equal-Weight,2022-10-03,MRK,0.02,Healthcare
Equity Equal-Weight,2022-10-03,MS,0.02,Financials
Equity Equal-Weight,2022-10-03,NEE,0.02,Utilities
Equity Equal-Weight,2022-10-03,NEM,0.02,Materials
Equity Equal-Weight,2022-10-03,NKE,0.02,Consumer
Equity Equal-Weight,2022-10-03,NUE,0.02,Materials
Equity Equal-Weight,2022-10-03,NVDA,0.02,Tech
Equity Equal-Weight,2022-10-03,O,0.02,RealEstate
Equity Equal-Weight,2022-10-03,OXY,0.02,Energy
Equity Equal-Weight,2022-10-03,PLD,0.02,RealEstate
Equity Equal-Weight,2022-10-03,PSA,0.02,RealEstate
Equity Equal-Weight,2022-10-03,QCOM,0.02,Tech
Equity Equal-Weight,2022-10-03,SBUX,0.02,Consumer
Equity Equal-Weight,2022-10-03,SHW,0.02,Materials
Equity Equal-Weight,2022-10-03,SLB,0.02,Energy
Equity Equal-Weight,2022-10-03,SO,0.02,Utilities
Equity Equal-Weight,2022-10-03,T,0.02,Comm
Equity Equal-Weight,2022-10-03,TMUS,0.02,Comm
Equity Equal-Weight,2022-10-03,TTWO,0.02,Comm
Equity Equal-Weight,2022-10-03,UPS,0.02,Industrials
Equity Equal-Weight,2022-10-03,USB,0.02,Financials
Equity Equal-Weight,2022-10-03,V,0.02,Financials
Equity Equal-Weight,2022-10-03,WFC,0.02,Financials
Equity Equal-Weight,2022-10-03,WMT,0.02,Consumer
Equity Equal-Weight,2022-10-03,XOM,0.02,Energy
Equity Equal-Weight,2022-11-01,ABBV,0.02,Healthcare
Equity Equal-Weight,2022-11-01,ABT,0.02,Healthcare
Equity Equal-Weight,2022-11-01,ADBE,0.02,Tech
Equity Equal-Weight,2022-11-01,AEP,0.02,Utilities
Equity Equal-Weight,2022-11-01,AMD,0.02,Tech
Equity Equal-Weight,2022-11-01,AMGN,0.02,Healthcare
Equity Equal-Weight,2022-11-01,AMT,0.02,RealEstate
Equity Equal-Weight,2022-11-01,BA,0.02,Industrials
Equity Equal-Weight,2022-11-01,CAT,0.02,Industrials
Equity Equal-Weight,2022-11-01,CCI,0.02,RealEstate
Equity Equal-Weight,2022-11-01,CMCSA,0.02,Comm
Equity Equal-Weight,2022-11-01,COP,0.02,Energy
Equity Equal-Weight,2022-11-01,CVX,0.02,Energy
Equity Equal-Weight,2022-11-01,D,0.02,Utilities
Equity Equal-Weight,2022-11-01,DD,0.02,Materials
Equity Equal-Weight,2022-11-01,DIS,0.02,Consumer
Equity Equal-Weight,2022-11-01,DOW,0.02,Materials
Equity Equal-Weight,2022-11-01,DUK,0.02,Utilities
Equity Equal-Weight,2022-11-01,EA,0.02,Comm
Equity Equal-Weight,2022-11-01,GE,0.02,Industrials
Equity Equal-Weight,2022-11-01,GILD,0.02,Healthcare
Equity Equal-Weight,2022-11-01,GS,0.02,Financials
Equity Equal-Weight,2022-11-01,INTC,0.02,Tech
Equity Equal-Weight,2022-11-01,KO,0.02,Consumer
Equity Equal-Weight,2022-11-01,MMM,0.02,Industrials
Equity Equal-Weight,2022-11-01,MRK,0.02,Healthcare
Equity Equal-Weight,2022-11-01,MS,0.02,Financials
Equity Equal-Weight,2022-11-01,NEE,0.02,Utilities
Equity Equal-Weight,2022-11-01,NEM,0.02,Materials
Equity Equal-Weight,2022-11-01,NKE,0.02,Consumer
Equity Equal-Weight,2022-11-01,NUE,0.02,Materials
Equity Equal-Weight,2022-11-01,NVDA,0.02,Tech
Equity Equal-Weight,2022-11-01,O,0.02,RealEstate
Equity Equal-Weight,2022-11-01,OXY,0.02,Energy
Equity Equal-Weight,2022-11-01,PLD,0.02,RealEstate
Equity Equal-Weight,2022-11-01,PSA,0.02,RealEstate
Equity Equal-Weight,2022-11-01,QCOM,0.02,Tech
Equity Equal-Weight,2022-11-01,SBUX,0.02,Consumer
Equity Equal-Weight,2022-11-01,SHW,0.02,Materials
Equity Equal-Weight,2022-11-01,SLB,0.02,Energy
Equity Equal-Weight,2022-11-01,SO,0.02,Utilities
Equity Equal-Weight,2022-11-01,T,0.02,Comm
Equity Equal-Weight,2022-11-01,TMUS,0.02,Comm
Equity Equal-Weight,2022-11-01,TTWO,0.02,Comm
Equity Equal-Weight,2022-11-01,UPS,0.02,Industrials
Equity Equal-Weight,2022-11-01,USB,0.02,Financials
Equity Equal-Weight,2022-11-01,V,0.02,Financials
Equity Equal-Weight,2022-11-01,WFC,0.02,Financials
Equity Equal-Weight,2022-11-01,WMT,0.02,Consumer
Equity Equal-Weight,2022-11-01,XOM,0.02,Energy
Equity Equal-Weight,2022-12-01,ABBV,0.02,Healthcare
Equity Equal-Weight,2022-12-01,ABT,0.02,Healthcare
Equity Equal-Weight,2022-12-01,ADBE,0.02,Tech
Equity Equal-Weight,2022-12-01,AEP,0.02,Utilities
Equity Equal-Weight,2022-12-01,AMD,0.02,Tech
Equity Equal-Weight,2022-12-01,AMGN,0.02,Healthcare
Equity Equal-Weight,2022-12-01,AMT,0.02,RealEstate
Equity Equal-Weight,2022-12-01,BA,0.02,Industrials
Equity Equal-Weight,2022-12-01,CAT,0.02,Industrials
Equity Equal-Weight,2022-12-01,CCI,0.02,RealEstate
Equity Equal-Weight,2022-12-01,CMCSA,0.02,Comm
Equity Equal-Weight,2022-12-01,COP,0.02,Energy
Equity Equal-Weight,2022-12-01,CVX,0.02,Energy
Equity Equal-Weight,2022-12-01,D,0.02,Utilities
Equity Equal-Weight,2022-12-01,DD,0.02,Materials
Equity Equal-Weight,2022-12-01,DIS,0.02,Consumer
Equity Equal-Weight,2022-12-01,DOW,0.02,Materials
Equity Equal-Weight,2022-12-01,DUK,0.02,Utilities
Equity Equal-Weight,2022-12-01,EA,0.02,Comm
Equity Equal-Weight,2022-12-01,GE,0.02,Industrials
Equity Equal-Weight,2022-12-01,GILD,0.02,Healthcare
Equity Equal-Weight,2022-12-01,GS,0.02,Financials
Equity Equal-Weight,2022-12-01,INTC,0.02,Tech
Equity Equal-Weight,2022-12-01,KO,0.02,Consumer
Equity Equal-Weight,2022-12-01,MMM,0.02,Industrials
Equity Equal-Weight,2022-12-01,MRK,0.02,Healthcare
Equity Equal-Weight,2022-12-01,MS,0.02,Financials
Equity Equal-Weight,2022-12-01,NEE,0.02,Utilities
Equity Equal-Weight,2022-12-01,NEM,0.02,Materials
Equity Equal-Weight,2022-12-01,NKE,0.02,Consumer
Equity Equal-Weight,2022-12-01,NUE,0.02,Materials
Equity Equal-Weight,2022-12-01,NVDA,0.02,Tech
Equity Equal-Weight,2022-12-01,O,0.02,RealEstate
Equity Equal-Weight,2022-12-01,OXY,0.02,Energy
Equity Equal-Weight,2022-12-01,PLD,0.02,RealEstate
Equity Equal-Weight,2022-12-01,PSA,0.02,RealEstate
Equity Equal-Weight,2022-12-01,QCOM,0.02,Tech
Equity Equal-Weight,2022-12-01,SBUX,0.02,Consumer
Equity Equal-Weight,2022-12-01,SHW,0.02,Materials
Equity Equal-Weight,2022-12-01,SLB,0.02,Energy
Equity Equal-Weight,2022-12-01,SO,0.02,Utilities
Equity Equal-Weight,2022-12-01,T,0.02,Comm
Equity Equal-Weight,2022-12-01,TMUS,0.02,Comm
Equity Equal-Weight,2022-12-01,TTWO,0.02,Comm
Equity Equal-Weight,2022-12-01,UPS,0.02,Industrials
Equity Equal-Weight,2022-12-01,USB,0.02,Financials
Equity Equal-Weight,2022-12-01,V,0.02,Financials
Equity Equal-Weight,2022-12-01,WFC,0.02,Financials
Equity Equal-Weight,2022-12-01,WMT,0.02,Consumer
Equity Equal-Weight,2022-12-01,XOM,0.02,Energy
Equity Equal-Weight,2023-01-03,ABBV,0.02,Healthcare
Equity Equal-Weight,2023-01-03,ABT,0.02,Healthcare
Equity Equal-Weight,2023-01-03,ADBE,0.02,Tech
Equity Equal-Weight,2023-01-03,AEP,0.02,Utilities
Equity Equal-Weight,2023-01-03,AMD,0.02,Tech
Equity Equal-Weight,2023-01-03,AMGN,0.02,Healthcare
Equity Equal-Weight,2023-01-03,AMT,0.02,RealEstate
Equity Equal-Weight,2023-01-03,BA,0.02,Industrials
Equity Equal-Weight,2023-01-03,CAT,0.02,Industrials
Equity Equal-Weight,2023-01-03,CCI,0.02,RealEstate
Equity Equal-Weight,2023-01-03,CMCSA,0.02,Comm
Equity Equal-Weight,2023-01-03,COP,0.02,Energy
Equity Equal-Weight,2023-01-03,CVX,0.02,Energy
Equity Equal-Weight,2023-01-03,D,0.02,Utilities
Equity Equal-Weight,2023-01-03,DD,0.02,Materials
Equity Equal-Weight,2023-01-03,DIS,0.02,Consumer
Equity Equal-Weight,2023-01-03,DOW,0.02,Materials
Equity Equal-Weight,2023-01-03,DUK,0.02,Utilities
Equity Equal-Weight,2023-01-03,EA,0.02,Comm
Equity Equal-Weight,2023-01-03,GE,0.02,Industrials
Equity Equal-Weight,2023-01-03,GILD,0.02,Healthcare
Equity Equal-Weight,2023-01-03,GS,0.02,Financials
Equity Equal-Weight,2023-01-03,INTC,0.02,Tech
Equity Equal-Weight,2023-01-03,KO,0.02,Consumer
Equity Equal-Weight,2023-01-03,MMM,0.02,Industrials
Equity Equal-Weight,2023-01-03,MRK,0.02,Healthcare
Equity Equal-Weight,2023-01-03,MS,0.02,Financials
Equity Equal-Weight,2023-01-03,NEE,0.02,Utilities
Equity Equal-Weight,2023-01-03,NEM,0.02,Materials
Equity Equal-Weight,2023-01-03,NKE,0.02,Consumer
Equity Equal-Weight,2023-01-03,NUE,0.02,Materials
Equity Equal-Weight,2023-01-03,NVDA,0.02,Tech
Equity Equal-Weight,2023-01-03,O,0.02,RealEstate
Equity Equal-Weight,2023-01-03,OXY,0.02,Energy
Equity Equal-Weight,2023-01-03,PLD,0.02,RealEstate
Equity Equal-Weight,2023-01-03,PSA,0.02,RealEstate
Equity Equal-Weight,2023-01-03,QCOM,0.02,Tech
Equity Equal-Weight,2023-01-03,SBUX,0.02,Consumer
Equity Equal-Weight,2023-01-03,SHW,0.02,Materials
Equity Equal-Weight,2023-01-03,SLB,0.02,Energy
Equity Equal-Weight,2023-01-03,SO,0.02,Utilities
Equity Equal-Weight,2023-01-03,T,0.02,Comm
Equity Equal-Weight,2023-01-03,TMUS,0.02,Comm
Equity Equal-Weight,2023-01-03,TTWO,0.02,Comm
Equity Equal-Weight,2023-01-03,UPS,0.02,Industrials
Equity Equal-Weight,2023-01-03,USB,0.02,Financials
Equity Equal-Weight,2023-01-03,V,0.02,Financials
Equity Equal-Weight,2023-01-03,WFC,0.02,Financials
Equity Equal-Weight,2023-01-03,WMT,0.02,Consumer
Equity Equal-Weight,2023-01-03,XOM,0.02,Energy
Equity Equal-Weight,2023-02-01,ABBV,0.02,Healthcare
Equity Equal-Weight,2023-02-01,ABT,0.02,Healthcare
Equity Equal-Weight,2023-02-01,ADBE,0.02,Tech
Equity Equal-Weight,2023-02-01,AEP,0.02,Utilities
Equity Equal-Weight,2023-02-01,AMD,0.02,Tech
Equity Equal-Weight,2023-02-01,AMGN,0.02,Healthcare
Equity Equal-Weight,2023-02-01,AMT,0.02,RealEstate
Equity Equal-Weight,2023-02-01,BA,0.02,Industrials
Equity Equal-Weight,2023-02-01,CAT,0.02,Industrials
Equity Equal-Weight,2023-02-01,CCI,0.02,RealEstate
Equity Equal-Weight,2023-02-01,CMCSA,0.02,Comm
Equity Equal-Weight,2023-02-01,COP,0.02,Energy
Equity Equal-Weight,2023-02-01,CVX,0.02,Energy
Equity Equal-Weight,2023-02-01,D,0.02,Utilities
Equity Equal-Weight,2023-02-01,DD,0.02,Materials
Equity Equal-Weight,2023-02-01,DIS,0.02,Consumer
Equity Equal-Weight,2023-02-01,DOW,0.02,Materials
Equity Equal-Weight,2023-02-01,DUK,0.02,Utilities
Equity Equal-Weight,2023-02-01,EA,0.02,Comm
Equity Equal-Weight,2023-02-01,GE,0.02,Industrials
Equity Equal-Weight,2023-02-01,GILD,0.02,Healthcare
Equity Equal-Weight,2023-02-01,GS,0.02,Financials
Equity Equal-Weight,2023-02-01,INTC,0.02,Tech
Equity Equal-Weight,2023-02-01,KO,0.02,Consumer
Equity Equal-Weight,2023-02-01,MMM,0.02,Industrials
Equity Equal-Weight,2023-02-01,MRK,0.02,Healthcare
Equity Equal-Weight,2023-02-01,MS,0.02,Financials
Equity Equal-Weight,2023-02-01,NEE,0.02,Utilities
Equity Equal-Weight,2023-02-01,NEM,0.02,Materials
Equity Equal-Weight,2023-02-01,NKE,0.02,Consumer
Equity Equal-Weight,2023-02-01,NUE,0.02,Materials
Equity Equal-Weight,2023-02-01,NVDA,0.02,Tech
Equity Equal-Weight,2023-02-01,O,0.02,RealEstate
Equity Equal-Weight,2023-02-01,OXY,0.02,Energy
Equity Equal-Weight,2023-02-01,PLD,0.02,RealEstate
Equity Equal-Weight,2023-02-01,PSA,0.02,RealEstate
Equity Equal-Weight,2023-02-01,QCOM,0.02,Tech
Equity Equal-Weight,2023-02-01,SBUX,0.02,Consumer
Equity Equal-Weight,2023-02-01,SHW,0.02,Materials
Equity Equal-Weight,2023-02-01,SLB,0.02,Energy
Equity Equal-Weight,2023-02-01,SO,0.02,Utilities
Equity Equal-Weight,2023-02-01,T,0.02,Comm
Equity Equal-Weight,2023-02-01,TMUS,0.02,Comm
Equity Equal-Weight,2023-02-01,TTWO,0.02,Comm
Equity Equal-Weight,2023-02-01,UPS,0.02,Industrials
Equity Equal-Weight,2023-02-01,USB,0.02,Financials
Equity Equal-Weight,2023-02-01,V,0.02,Financials
Equity Equal-Weight,2023-02-01,WFC,0.02,Financials
Equity Equal-Weight,2023-02-01,WMT,0.02,Consumer
Equity Equal-Weight,2023-02-01,XOM,0.02,Energy
Equity Equal-Weight,2023-03-01,ABBV,0.02,Healthcare
Equity Equal-Weight,2023-03-01,ABT,0.02,Healthcare
Equity Equal-Weight,2023-03-01,ADBE,0.02,Tech
Equity Equal-Weight,2023-03-01,AEP,0.02,Utilities
Equity Equal-Weight,2023-03-01,AMD,0.02,Tech
Equity Equal-Weight,2023-03-01,AMGN,0.02,Healthcare
Equity Equal-Weight,2023-03-01,AMT,0.02,RealEstate
Equity Equal-Weight,2023-03-01,BA,0.02,Industrials
Equity Equal-Weight,2023-03-01,CAT,0.02,Industrials
Equity Equal-Weight,2023-03-01,CCI,0.02,RealEstate
Equity Equal-Weight,2023-03-01,CMCSA,0.02,Comm
Equity Equal-Weight,2023-03-01,COP,0.02,Energy
Equity Equal-Weight,2023-03-01,CVX,0.02,Energy
Equity Equal-Weight,2023-03-01,D,0.02,Utilities
Equity Equal-Weight,2023-03-01,DD,0.02,Materials
Equity Equal-Weight,2023-03-01,DIS,0.02,Consumer
Equity Equal-Weight,2023-03-01,DOW,0.02,Materials
Equity Equal-Weight,2023-03-01,DUK,0.02,Utilities
Equity Equal-Weight,2023-03-01,EA,0.02,Comm
Equity Equal-Weight,2023-03-01,GE,0.02,Industrials
Equity Equal-Weight,2023-03-01,GILD,0.02,Healthcare
Equity Equal-Weight,2023-03-01,GS,0.02,Financials
Equity Equal-Weight,2023-03-01,INTC,0.02,Tech
Equity Equal-Weight,2023-03-01,KO,0.02,Consumer
Equity Equal-Weight,2023-03-01,MMM,0.02,Industrials
Equity Equal-Weight,2023-03-01,MRK,0.02,Healthcare
Equity Equal-Weight,2023-03-01,MS,0.02,Financials
Equity Equal-Weight,2023-03-01,NEE,0.02,Utilities
Equity Equal-Weight,2023-03-01,NEM,0.02,Materials
Equity Equal-Weight,2023-03-01,NKE,0.02,Consumer
Equity Equal-Weight,2023-03-01,NUE,0.02,Materials
Equity Equal-Weight,2023-03-01,NVDA,0.02,Tech
Equity Equal-Weight,2023-03-01,O,0.02,RealEstate
Equity Equal-Weight,2023-03-01,OXY,0.02,Energy
Equity Equal-Weight,2023-03-01,PLD,0.02,RealEstate
Equity Equal-Weight,2023-03-01,PSA,0.02,RealEstate
Equity Equal-Weight,2023-03-01,QCOM,0.02,Tech
Equity Equal-Weight,2023-03-01,SBUX,0.02,Consumer
Equity Equal-Weight,2023-03-01,SHW,0.02,Materials
Equity Equal-Weight,2023-03-01,SLB,0.02,Energy
Equity Equal-Weight,2023-03-01,SO,0.02,Utilities
Equity Equal-Weight,2023-03-01,T,0.02,Comm
Equity Equal-Weight,2023-03-01,TMUS,0.02,Comm
Equity Equal-Weight,2023-03-01,TTWO,0.02,Comm
Equity Equal-Weight,2023-03-01,UPS,0.02,Industrials
Equity Equal-Weight,2023-03-01,USB,0.02,Financials
Equity Equal-Weight,2023-03-01,V,0.02,Financials
Equity Equal-Weight,2023-03-01,WFC,0.02,Financials
Equity Equal-Weight,2023-03-01,WMT,0.02,Consumer
Equity Equal-Weight,2023-03-01,XOM,0.02,Energy
Equity Equal-Weight,2023-04-03,ABBV,0.02,Healthcare
Equity Equal-Weight,2023-04-03,ABT,0.02,Healthcare
Equity Equal-Weight,2023-04-03,ADBE,0.02,Tech
Equity Equal-Weight,2023-04-03,AEP,0.02,Utilities
Equity Equal-Weight,2023-04-03,AMD,0.02,Tech
Equity Equal-Weight,2023-04-03,AMGN,0.02,Healthcare
Equity Equal-Weight,2023-04-03,AMT,0.02,RealEstate
Equity Equal-Weight,2023-04-03,BA,0.02,Industrials
Equity Equal-Weight,2023-04-03,CAT,0.02,Industrials
Equity Equal-Weight,2023-04-03,CCI,0.02,RealEstate
Equity Equal-Weight,2023-04-03,CMCSA,0.02,Comm
Equity Equal-Weight,2023-04-03,COP,0.02,Energy
Equity Equal-Weight,2023-04-03,CVX,0.02,Energy
Equity Equal-Weight,2023-04-03,D,0.02,Utilities
Equity Equal-Weight,2023-04-03,DD,0.02,Materials
Equity Equal-Weight,2023-04-03,DIS,0.02,Consumer
Equity Equal-Weight,2023-04-03,DOW,0.02,Materials
Equity Equal-Weight,2023-04-03,DUK,0.02,Utilities
Equity Equal-Weight,2023-04-03,EA,0.02,Comm
Equity Equal-Weight,2023-04-03,GE,0.02,Industrials
Equity Equal-Weight,2023-04-03,GILD,0.02,Healthcare
Equity Equal-Weight,2023-04-03,GS,0.02,Financials
Equity Equal-Weight,2023-04-03,INTC,0.02,Tech
Equity Equal-Weight,2023-04-03,KO,0.02,Consumer
Equity Equal-Weight,2023-04-03,MMM,0.02,Industrials
Equity Equal-Weight,2023-04-03,MRK,0.02,Healthcare
Equity Equal-Weight,2023-04-03,MS,0.02,Financials
Equity Equal-Weight,2023-04-03,NEE,0.02,Utilities
Equity Equal-Weight,2023-04-03,NEM,0.02,Materials
Equity Equal-Weight,2023-04-03,NKE,0.02,Consumer
Equity Equal-Weight,2023-04-03,NUE,0.02,Materials
Equity Equal-Weight,2023-04-03,NVDA,0.02,Tech
Equity Equal-Weight,2023-04-03,O,0.02,RealEstate
Equity Equal-Weight,2023-04-03,OXY,0.02,Energy
Equity Equal-Weight,2023-04-03,PLD,0.02,RealEstate
Equity Equal-Weight,2023-04-03,PSA,0.02,RealEstate
Equity Equal-Weight,2023-04-03,QCOM,0.02,Tech
Equity Equal-Weight,2023-04-03,SBUX,0.02,Consumer
Equity Equal-Weight,2023-04-03,SHW,0.02,Materials
Equity Equal-Weight,2023-04-03,SLB,0.02,Energy
Equity Equal-Weight,2023-04-03,SO,0.02,Utilities
Equity Equal-Weight,2023-04-03,T,0.02,Comm
Equity Equal-Weight,2023-04-03,TMUS,0.02,Comm
Equity Equal-Weight,2023-04-03,TTWO,0.02,Comm
Equity Equal-Weight,2023-04-03,UPS,0.02,Industrials
Equity Equal-Weight,2023-04-03,USB,0.02,Financials
Equity Equal-Weight,2023-04-03,V,0.02,Financials
Equity Equal-Weight,2023-04-03,WFC,0.02,Financials
Equity Equal-Weight,2023-04-03,WMT,0.02,Consumer
Equity Equal-Weight,2023-04-03,XOM,0.02,Energy
Equity Equal-Weight,2023-05-01,ABBV,0.02,Healthcare
Equity Equal-Weight,2023-05-01,ABT,0.02,Healthcare
Equity Equal-Weight,2023-05-01,ADBE,0.02,Tech
Equity Equal-Weight,2023-05-01,AEP,0.02,Utilities
Equity Equal-Weight,2023-05-01,AMD,0.02,Tech
Equity Equal-Weight,2023-05-01,AMGN,0.02,Healthcare
Equity Equal-Weight,2023-05-01,AMT,0.02,RealEstate
Equity Equal-Weight,2023-05-01,BA,0.02,Industrials
Equity Equal-Weight,2023-05-01,CAT,0.02,Industrials
Equity Equal-Weight,2023-05-01,CCI,0.02,RealEstate
Equity Equal-Weight,2023-05-01,CMCSA,0.02,Comm
Equity Equal-Weight,2023-05-01,COP,0.02,Energy
Equity Equal-Weight,2023-05-01,CVX,0.02,Energy
Equity Equal-Weight,2023-05-01,D,0.02,Utilities
Equity Equal-Weight,2023-05-01,DD,0.02,Materials
Equity Equal-Weight,2023-05-01,DIS,0.02,Consumer
Equity Equal-Weight,2023-05-01,DOW,0.02,Materials
Equity Equal-Weight,2023-05-01,DUK,0.02,Utilities
Equity Equal-Weight,2023-05-01,EA,0.02,Comm
Equity Equal-Weight,2023-05-01,GE,0.02,Industrials
Equity Equal-Weight,2023-05-01,GILD,0.02,Healthcare
Equity Equal-Weight,2023-05-01,GS,0.02,Financials
Equity Equal-Weight,2023-05-01,INTC,0.02,Tech
Equity Equal-Weight,2023-05-01,KO,0.02,Consumer
Equity Equal-Weight,2023-05-01,MMM,0.02,Industrials
Equity Equal-Weight,2023-05-01,MRK,0.02,Healthcare
Equity Equal-Weight,2023-05-01,MS,0.02,Financials
Equity Equal-Weight,2023-05-01,NEE,0.02,Utilities
Equity Equal-Weight,2023-05-01,NEM,0.02,Materials
Equity Equal-Weight,2023-05-01,NKE,0.02,Consumer
Equity Equal-Weight,2023-05-01,NUE,0.02,Materials
Equity Equal-Weight,2023-05-01,NVDA,0.02,Tech
Equity Equal-Weight,2023-05-01,O,0.02,RealEstate
Equity Equal-Weight,2023-05-01,OXY,0.02,Energy
Equity Equal-Weight,2023-05-01,PLD,0.02,RealEstate
Equity Equal-Weight,2023-05-01,PSA,0.02,RealEstate
Equity Equal-Weight,2023-05-01,QCOM,0.02,Tech
Equity Equal-Weight,2023-05-01,SBUX,0.02,Consumer
Equity Equal-Weight,2023-05-01,SHW,0.02,Materials
Equity Equal-Weight,2023-05-01,SLB,0.02,Energy
Equity Equal-Weight,2023-05-01,SO,0.02,Utilities
Equity Equal-Weight,2023-05-01,T,0.02,Comm
Equity Equal-Weight,2023-05-01,TMUS,0.02,Comm
Equity Equal-Weight,2023-05-01,TTWO,0.02,Comm
Equity Equal-Weight,2023-05-01,UPS,0.02,Industrials
Equity Equal-Weight,2023-05-01,USB,0.02,Financials
Equity Equal-Weight,2023-05-01,V,0.02,Financials
Equity Equal-Weight,2023-05-01,WFC,0.02,Financials
Equity Equal-Weight,2023-05-01,WMT,0.02,Consumer
Equity Equal-Weight,2023-05-01,XOM,0.02,Energy
Equity Equal-Weight,2023-06-01,ABBV,0.02,Healthcare
Equity Equal-Weight,2023-06-01,ABT,0.02,Healthcare
Equity Equal-Weight,2023-06-01,ADBE,0.02,Tech
Equity Equal-Weight,2023-06-01,AEP,0.02,Utilities
Equity Equal-Weight,2023-06-01,AMD,0.02,Tech
Equity Equal-Weight,2023-06-01,AMGN,0.02,Healthcare
Equity Equal-Weight,2023-06-01,AMT,0.02,RealEstate
Equity Equal-Weight,2023-06-01,BA,0.02,Industrials
Equity Equal-Weight,2023-06-01,CAT,0.02,Industrials
Equity Equal-Weight,2023-06-01,CCI,0.02,RealEstate
Equity Equal-Weight,2023-06-01,CMCSA,0.02,Comm
Equity Equal-Weight,2023-06-01,COP,0.02,Energy
Equity Equal-Weight,2023-06-01,CVX,0.02,Energy
Equity Equal-Weight,2023-06-01,D,0.02,Utilities
Equity Equal-Weight,2023-06-01,DD,0.02,Materials
Equity Equal-Weight,2023-06-01,DIS,0.02,Consumer
Equity Equal-Weight,2023-06-01,DOW,0.02,Materials
Equity Equal-Weight,2023-06-01,DUK,0.02,Utilities
Equity Equal-Weight,2023-06-01,EA,0.02,Comm
Equity Equal-Weight,2023-06-01,GE,0.02,Industrials
Equity Equal-Weight,2023-06-01,GILD,0.02,Healthcare
Equity Equal-Weight,2023-06-01,GS,0.02,Financials
Equity Equal-Weight,2023-06-01,INTC,0.02,Tech
Equity Equal-Weight,2023-06-01,KO,0.02,Consumer
Equity Equal-Weight,2023-06-01,MMM,0.02,Industrials
Equity Equal-Weight,2023-06-01,MRK,0.02,Healthcare
Equity Equal-Weight,2023-06-01,MS,0.02,Financials
Equity Equal-Weight,2023-06-01,NEE,0.02,Utilities
Equity Equal-Weight,2023-06-01,NEM,0.02,Materials
Equity Equal-Weight,2023-06-01,NKE,0.02,Consumer
Equity Equal-Weight,2023-06-01,NUE,0.02,Materials
Equity Equal-Weight,2023-06-01,NVDA,0.02,Tech
Equity Equal-Weight,2023-06-01,O,0.02,RealEstate
Equity Equal-Weight,2023-06-01,OXY,0.02,Energy
Equity Equal-Weight,2023-06-01,PLD,0.02,RealEstate
Equity Equal-Weight,2023-06-01,PSA,0.02,RealEstate
Equity Equal-Weight,2023-06-01,QCOM,0.02,Tech
Equity Equal-Weight,2023-06-01,SBUX,0.02,Consumer
Equity Equal-Weight,2023-06-01,SHW,0.02,Materials
Equity Equal-Weight,2023-06-01,SLB,0.02,Energy
Equity Equal-Weight,2023-06-01,SO,0.02,Utilities
Equity Equal-Weight,2023-06-01,T,0.02,Comm
Equity Equal-Weight,2023-06-01,TMUS,0.02,Comm
Equity Equal-Weight,2023-06-01,TTWO,0.02,Comm
Equity Equal-Weight,2023-06-01,UPS,0.02,Industrials
Equity Equal-Weight,2023-06-01,USB,0.02,Financials
Equity Equal-Weight,2023-06-01,V,0.02,Financials
Equity Equal-Weight,2023-06-01,WFC,0.02,Financials
Equity Equal-Weight,2023-06-01,WMT,0.02,Consumer
Equity Equal-Weight,2023-06-01,XOM,0.02,Energy
Equity Equal-Weight,2023-07-03,ABBV,0.02,Healthcare
Equity Equal-Weight,2023-07-03,ABT,0.02,Healthcare
Equity Equal-Weight,2023-07-03,ADBE,0.02,Tech
Equity Equal-Weight,2023-07-03,AEP,0.02,Utilities
Equity Equal-Weight,2023-07-03,AMD,0.02,Tech
Equity Equal-Weight,2023-07-03,AMGN,0.02,Healthcare
Equity Equal-Weight,2023-07-03,AMT,0.02,RealEstate
Equity Equal-Weight,2023-07-03,BA,0.02,Industrials
Equity Equal-Weight,2023-07-03,CAT,0.02,Industrials
Equity Equal-Weight,2023-07-03,CCI,0.02,RealEstate
Equity Equal-Weight,2023-07-03,CMCSA,0.02,Comm
Equity Equal-Weight,2023-07-03,COP,0.02,Energy
Equity Equal-Weight,2023-07-03,CVX,0.02,Energy
Equity Equal-Weight,2023-07-03,D,0.02,Utilities
Equity Equal-Weight,2023-07-03,DD,0.02,Materials
Equity Equal-Weight,2023-07-03,DIS,0.02,Consumer
Equity Equal-Weight,2023-07-03,DOW,0.02,Materials
Equity Equal-Weight,2023-07-03,DUK,0.02,Utilities
Equity Equal-Weight,2023-07-03,EA,0.02,Comm
Equity Equal-Weight,2023-07-03,GE,0.02,Industrials
Equity Equal-Weight,2023-07-03,GILD,0.02,Healthcare
Equity Equal-Weight,2023-07-03,GS,0.02,Financials
Equity Equal-Weight,2023-07-03,INTC,0.02,Tech
Equity Equal-Weight,2023-07-03,KO,0.02,Consumer
Equity Equal-Weight,2023-07-03,MMM,0.02,Industrials
Equity Equal-Weight,2023-07-03,MRK,0.02,Healthcare
Equity Equal-Weight,2023-07-03,MS,0.02,Financials
Equity Equal-Weight,2023-07-03,NEE,0.02,Utilities
Equity Equal-Weight,2023-07-03,NEM,0.02,Materials
Equity Equal-Weight,2023-07-03,NKE,0.02,Consumer
Equity Equal-Weight,2023-07-03,NUE,0.02,Materials
Equity Equal-Weight,2023-07-03,NVDA,0.02,Tech
Equity Equal-Weight,2023-07-03,O,0.02,RealEstate
Equity Equal-Weight,2023-07-03,OXY,0.02,Energy
Equity Equal-Weight,2023-07-03,PLD,0.02,RealEstate
Equity Equal-Weight,2023-07-03,PSA,0.02,RealEstate
Equity Equal-Weight,2023-07-03,QCOM,0.02,Tech
Equity Equal-Weight,2023-07-03,SBUX,0.02,Consumer
Equity Equal-Weight,2023-07-03,SHW,0.02,Materials
Equity Equal-Weight,2023-07-03,SLB,0.02,Energy
Equity Equal-Weight,2023-07-03,SO,0.02,Utilities
Equity Equal-Weight,2023-07-03,T,0.02,Comm
Equity Equal-Weight,2023-07-03,TMUS,0.02,Comm
Equity Equal-Weight,2023-07-03,TTWO,0.02,Comm
Equity Equal-Weight,2023-07-03,UPS,0.02,Industrials
Equity Equal-Weight,2023-07-03,USB,0.02,Financials
Equity Equal-Weight,2023-07-03,V,0.02,Financials
Equity Equal-Weight,2023-07-03,WFC,0.02,Financials
Equity Equal-Weight,2023-07-03,WMT,0.02,Consumer
Equity Equal-Weight,2023-07-03,XOM,0.02,Energy
Equity Equal-Weight,2023-08-01,ABBV,0.02,Healthcare
Equity Equal-Weight,2023-08-01,ABT,0.02,Healthcare
Equity Equal-Weight,2023-08-01,ADBE,0.02,Tech
Equity Equal-Weight,2023-08-01,AEP,0.02,Utilities
Equity Equal-Weight,2023-08-01,AMD,0.02,Tech
Equity Equal-Weight,2023-08-01,AMGN,0.02,Healthcare
Equity Equal-Weight,2023-08-01,AMT,0.02,RealEstate
Equity Equal-Weight,2023-08-01,BA,0.02,Industrials
Equity Equal-Weight,2023-08-01,CAT,0.02,Industrials
Equity Equal-Weight,2023-08-01,CCI,0.02,RealEstate
Equity Equal-Weight,2023-08-01,CMCSA,0.02,Comm
Equity Equal-Weight,2023-08-01,COP,0.02,Energy
Equity Equal-Weight,2023-08-01,CVX,0.02,Energy
Equity Equal-Weight,2023-08-01,D,0.02,Utilities
Equity Equal-Weight,2023-08-01,DD,0.02,Materials
Equity Equal-Weight,2023-08-01,DIS,0.02,Consumer
Equity Equal-Weight,2023-08-01,DOW,0.02,Materials
Equity Equal-Weight,2023-08-01,DUK,0.02,Utilities
Equity Equal-Weight,2023-08-01,EA,0.02,Comm
Equity Equal-Weight,2023-08-01,GE,0.02,Industrials
Equity Equal-Weight,2023-08-01,GILD,0.02,Healthcare
Equity Equal-Weight,2023-08-01,GS,0.02,Financials
Equity Equal-Weight,2023-08-01,INTC,0.02,Tech
Equity Equal-Weight,2023-08-01,KO,0.02,Consumer
Equity Equal-Weight,2023-08-01,MMM,0.02,Industrials
Equity Equal-Weight,2023-08-01,MRK,0.02,Healthcare
Equity Equal-Weight,2023-08-01,MS,0.02,Financials
Equity Equal-Weight,2023-08-01,NEE,0.02,Utilities
Equity Equal-Weight,2023-08-01,NEM,0.02,Materials
Equity Equal-Weight,2023-08-01,NKE,0.02,Consumer
Equity Equal-Weight,2023-08-01,NUE,0.02,Materials
Equity Equal-Weight,2023-08-01,NVDA,0.02,Tech
Equity Equal-Weight,2023-08-01,O,0.02,RealEstate
Equity Equal-Weight,2023-08-01,OXY,0.02,Energy
Equity Equal-Weight,2023-08-01,PLD,0.02,RealEstate
Equity Equal-Weight,2023-08-01,PSA,0.02,RealEstate
Equity Equal-Weight,2023-08-01,QCOM,0.02,Tech
Equity Equal-Weight,2023-08-01,SBUX,0.02,Consumer
Equity Equal-Weight,2023-08-01,SHW,0.02,Materials
Equity Equal-Weight,2023-08-01,SLB,0.02,Energy
Equity Equal-Weight,2023-08-01,SO,0.02,Utilities
Equity Equal-Weight,2023-08-01,T,0.02,Comm
Equity Equal-Weight,2023-08-01,TMUS,0.02,Comm
Equity Equal-Weight,2023-08-01,TTWO,0.02,Comm
Equity Equal-Weight,2023-08-01,UPS,0.02,Industrials
Equity Equal-Weight,2023-08-01,USB,0.02,Financials
Equity Equal-Weight,2023-08-01,V,0.02,Financials
Equity Equal-Weight,2023-08-01,WFC,0.02,Financials
Equity Equal-Weight,2023-08-01,WMT,0.02,Consumer
Equity Equal-Weight,2023-08-01,XOM,0.02,Energy
Equity Equal-Weight,2023-09-01,ABBV,0.02,Healthcare
Equity Equal-Weight,2023-09-01,ABT,0.02,Healthcare
Equity Equal-Weight,2023-09-01,ADBE,0.02,Tech
Equity Equal-Weight,2023-09-01,AEP,0.02,Utilities
Equity Equal-Weight,2023-09-01,AMD,0.02,Tech
Equity Equal-Weight,2023-09-01,AMGN,0.02,Healthcare
Equity Equal-Weight,2023-09-01,AMT,0.02,RealEstate
Equity Equal-Weight,2023-09-01,BA,0.02,Industrials
Equity Equal-Weight,2023-09-01,CAT,0.02,Industrials
Equity Equal-Weight,2023-09-01,CCI,0.02,RealEstate
Equity Equal-Weight,2023-09-01,CMCSA,0.02,Comm
Equity Equal-Weight,2023-09-01,COP,0.02,Energy
Equity Equal-Weight,2023-09-01,CVX,0.02,Energy
Equity Equal-Weight,2023-09-01,D,0.02,Utilities
Equity Equal-Weight,2023-09-01,DD,0.02,Materials
Equity Equal-Weight,2023-09-01,DIS,0.02,Consumer
Equity Equal-Weight,2023-09-01,DOW,0.02,Materials
Equity Equal-Weight,2023-09-01,DUK,0.02,Utilities
Equity Equal-Weight,2023-09-01,EA,0.02,Comm
Equity Equal-Weight,2023-09-01,GE,0.02,Industrials
Equity Equal-Weight,2023-09-01,GILD,0.02,Healthcare
Equity Equal-Weight,2023-09-01,GS,0.02,Financials
Equity Equal-Weight,2023-09-01,INTC,0.02,Tech
Equity Equal-Weight,2023-09-01,KO,0.02,Consumer
Equity Equal-Weight,2023-09-01,MMM,0.02,Industrials
Equity Equal-Weight,2023-09-01,MRK,0.02,Healthcare
Equity Equal-Weight,2023-09-01,MS,0.02,Financials
Equity Equal-Weight,2023-09-01,NEE,0.02,Utilities
Equity Equal-Weight,2023-09-01,NEM,0.02,Materials
Equity Equal-Weight,2023-09-01,NKE,0.02,Consumer
Equity Equal-Weight,2023-09-01,NUE,0.02,Materials
Equity Equal-Weight,2023-09-01,NVDA,0.02,Tech
Equity Equal-Weight,2023-09-01,O,0.02,RealEstate
Equity Equal-Weight,2023-09-01,OXY,0.02,Energy
Equity Equal-Weight,2023-09-01,PLD,0.02,RealEstate
Equity Equal-Weight,2023-09-01,PSA,0.02,RealEstate
Equity Equal-Weight,2023-09-01,QCOM,0.02,Tech
Equity Equal-Weight,2023-09-01,SBUX,0.02,Consumer
Equity Equal-Weight,2023-09-01,SHW,0.02,Materials
Equity Equal-Weight,2023-09-01,SLB,0.02,Energy
Equity Equal-Weight,2023-09-01,SO,0.02,Utilities
Equity Equal-Weight,2023-09-01,T,0.02,Comm
Equity Equal-Weight,2023-09-01,TMUS,0.02,Comm
Equity Equal-Weight,2023-09-01,TTWO,0.02,Comm
Equity Equal-Weight,2023-09-01,UPS,0.02,Industrials
Equity Equal-Weight,2023-09-01,USB,0.02,Financials
Equity Equal-Weight,2023-09-01,V,0.02,Financials
Equity Equal-Weight,2023-09-01,WFC,0.02,Financials
Equity Equal-Weight,2023-09-01,WMT,0.02,Consumer
Equity Equal-Weight,2023-09-01,XOM,0.02,Energy
Equity Equal-Weight,2023-10-02,ABBV,0.02,Healthcare
Equity Equal-Weight,2023-10-02,ABT,0.02,Healthcare
Equity Equal-Weight,2023-10-02,ADBE,0.02,Tech
Equity Equal-Weight,2023-10-02,AEP,0.02,Utilities
Equity Equal-Weight,2023-10-02,AMD,0.02,Tech
Equity Equal-Weight,2023-10-02,AMGN,0.02,Healthcare
Equity Equal-Weight,2023-10-02,AMT,0.02,RealEstate
Equity Equal-Weight,2023-10-02,BA,0.02,Industrials
Equity Equal-Weight,2023-10-02,CAT,0.02,Industrials
Equity Equal-Weight,2023-10-02,CCI,0.02,RealEstate
Equity Equal-Weight,2023-10-02,CMCSA,0.02,Comm
Equity Equal-Weight,2023-10-02,COP,0.02,Energy
Equity Equal-Weight,2023-10-02,CVX,0.02,Energy
Equity Equal-Weight,2023-10-02,D,0.02,Utilities
Equity Equal-Weight,2023-10-02,DD,0.02,Materials
Equity Equal-Weight,2023-10-02,DIS,0.02,Consumer
Equity Equal-Weight,2023-10-02,DOW,0.02,Materials
Equity Equal-Weight,2023-10-02,DUK,0.02,Utilities
Equity Equal-Weight,2023-10-02,EA,0.02,Comm
Equity Equal-Weight,2023-10-02,GE,0.02,Industrials
Equity Equal-Weight,2023-10-02,GILD,0.02,Healthcare
Equity Equal-Weight,2023-10-02,GS,0.02,Financials
Equity Equal-Weight,2023-10-02,INTC,0.02,Tech
Equity Equal-Weight,2023-10-02,KO,0.02,Consumer
Equity Equal-Weight,2023-10-02,MMM,0.02,Industrials
Equity Equal-Weight,2023-10-02,MRK,0.02,Healthcare
Equity Equal-Weight,2023-10-02,MS,0.02,Financials
Equity Equal-Weight,2023-10-02,NEE,0.02,Utilities
Equity Equal-Weight,2023-10-02,NEM,0.02,Materials
Equity Equal-Weight,2023-10-02,NKE,0.02,Consumer
Equity Equal-Weight,2023-10-02,NUE,0.02,Materials
Equity Equal-Weight,2023-10-02,NVDA,0.02,Tech
Equity Equal-Weight,2023-10-02,O,0.02,RealEstate
Equity Equal-Weight,2023-10-02,OXY,0.02,Energy
Equity Equal-Weight,2023-10-02,PLD,0.02,RealEstate
Equity Equal-Weight,2023-10-02,PSA,0.02,RealEstate
Equity Equal-Weight,2023-10-02,QCOM,0.02,Tech
Equity Equal-Weight,2023-10-02,SBUX,0.02,Consumer
Equity Equal-Weight,2023-10-02,SHW,0.02,Materials
Equity Equal-Weight,2023-10-02,SLB,0.02,Energy
Equity Equal-Weight,2023-10-02,SO,0.02,Utilities
Equity Equal-Weight,2023-10-02,T,0.02,Comm
Equity Equal-Weight,2023-10-02,TMUS,0.02,Comm
Equity Equal-Weight,2023-10-02,TTWO,0.02,Comm
Equity Equal-Weight,2023-10-02,UPS,0.02,Industrials
Equity Equal-Weight,2023-10-02,USB,0.02,Financials
Equity Equal-Weight,2023-10-02,V,0.02,Financials
Equity Equal-Weight,2023-10-02,WFC,0.02,Financials
Equity Equal-Weight,2023-10-02,WMT,0.02,Consumer
Equity Equal-Weight,2023-10-02,XOM,0.02,Energy
Equity Equal-Weight,2023-11-01,ABBV,0.02,Healthcare
Equity Equal-Weight,2023-11-01,ABT,0.02,Healthcare
Equity Equal-Weight,2023-11-01,ADBE,0.02,Tech
Equity Equal-Weight,2023-11-01,AEP,0.02,Utilities
Equity Equal-Weight,2023-11-01,AMD,0.02,Tech
Equity Equal-Weight,2023-11-01,AMGN,0.02,Healthcare
Equity Equal-Weight,2023-11-01,AMT,0.02,RealEstate
Equity Equal-Weight,2023-11-01,BA,0.02,Industrials
Equity Equal-Weight,2023-11-01,CAT,0.02,Industrials
Equity Equal-Weight,2023-11-01,CCI,0.02,RealEstate
Equity Equal-Weight,2023-11-01,CMCSA,0.02,Comm
Equity Equal-Weight,2023-11-01,COP,0.02,Energy
Equity Equal-Weight,2023-11-01,CVX,0.02,Energy
Equity Equal-Weight,2023-11-01,D,0.02,Utilities
Equity Equal-Weight,2023-11-01,DD,0.02,Materials
Equity Equal-Weight,2023-11-01,DIS,0.02,Consumer
Equity Equal-Weight,2023-11-01,DOW,0.02,Materials
Equity Equal-Weight,2023-11-01,DUK,0.02,Utilities
Equity Equal-Weight,2023-11-01,EA,0.02,Comm
Equity Equal-Weight,2023-11-01,GE,0.02,Industrials
Equity Equal-Weight,2023-11-01,GILD,0.02,Healthcare
Equity Equal-Weight,2023-11-01,GS,0.02,Financials
Equity Equal-Weight,2023-11-01,INTC,0.02,Tech
Equity Equal-Weight,2023-11-01,KO,0.02,Consumer
Equity Equal-Weight,2023-11-01,MMM,0.02,Industrials
Equity Equal-Weight,2023-11-01,MRK,0.02,Healthcare
Equity Equal-Weight,2023-11-01,MS,0.02,Financials
Equity Equal-Weight,2023-11-01,NEE,0.02,Utilities
Equity Equal-Weight,2023-11-01,NEM,0.02,Materials
Equity Equal-Weight,2023-11-01,NKE,0.02,Consumer
Equity Equal-Weight,2023-11-01,NUE,0.02,Materials
Equity Equal-Weight,2023-11-01,NVDA,0.02,Tech
Equity Equal-Weight,2023-11-01,O,0.02,RealEstate
Equity Equal-Weight,2023-11-01,OXY,0.02,Energy
Equity Equal-Weight,2023-11-01,PLD,0.02,RealEstate
Equity Equal-Weight,2023-11-01,PSA,0.02,RealEstate
Equity Equal-Weight,2023-11-01,QCOM,0.02,Tech
Equity Equal-Weight,2023-11-01,SBUX,0.02,Consumer
Equity Equal-Weight,2023-11-01,SHW,0.02,Materials
Equity Equal-Weight,2023-11-01,SLB,0.02,Energy
Equity Equal-Weight,2023-11-01,SO,0.02,Utilities
Equity Equal-Weight,2023-11-01,T,0.02,Comm
Equity Equal-Weight,2023-11-01,TMUS,0.02,Comm
Equity Equal-Weight,2023-11-01,TTWO,0.02,Comm
Equity Equal-Weight,2023-11-01,UPS,0.02,Industrials
Equity Equal-Weight,2023-11-01,USB,0.02,Financials
Equity Equal-Weight,2023-11-01,V,0.02,Financials
Equity Equal-Weight,2023-11-01,WFC,0.02,Financials
Equity Equal-Weight,2023-11-01,WMT,0.02,Consumer
Equity Equal-Weight,2023-11-01,XOM,0.02,Energy
Equity Equal-Weight,2023-12-01,ABBV,0.02,Healthcare
Equity Equal-Weight,2023-12-01,ABT,0.02,Healthcare
Equity Equal-Weight,2023-12-01,ADBE,0.02,Tech
Equity Equal-Weight,2023-12-01,AEP,0.02,Utilities
Equity Equal-Weight,2023-12-01,AMD,0.02,Tech
Equity Equal-Weight,2023-12-01,AMGN,0.02,Healthcare
Equity Equal-Weight,2023-12-01,AMT,0.02,RealEstate
Equity Equal-Weight,2023-12-01,BA,0.02,Industrials
Equity Equal-Weight,2023-12-01,CAT,0.02,Industrials
Equity Equal-Weight,2023-12-01,CCI,0.02,RealEstate
Equity Equal-Weight,2023-12-01,CMCSA,0.02,Comm
Equity Equal-Weight,2023-12-01,COP,0.02,Energy
Equity Equal-Weight,2023-12-01,CVX,0.02,Energy
Equity Equal-Weight,2023-12-01,D,0.02,Utilities
Equity Equal-Weight,2023-12-01,DD,0.02,Materials
Equity Equal-Weight,2023-12-01,DIS,0.02,Consumer
Equity Equal-Weight,2023-12-01,DOW,0.02,Materials
Equity Equal-Weight,2023-12-01,DUK,0.02,Utilities
Equity Equal-Weight,2023-12-01,EA,0.02,Comm
Equity Equal-Weight,2023-12-01,GE,0.02,Industrials
Equity Equal-Weight,2023-12-01,GILD,0.02,Healthcare
Equity Equal-Weight,2023-12-01,GS,0.02,Financials
Equity Equal-Weight,2023-12-01,INTC,0.02,Tech
Equity Equal-Weight,2023-12-01,KO,0.02,Consumer
Equity Equal-Weight,2023-12-01,MMM,0.02,Industrials
Equity Equal-Weight,2023-12-01,MRK,0.02,Healthcare
Equity Equal-Weight,2023-12-01,MS,0.02,Financials
Equity Equal-Weight,2023-12-01,NEE,0.02,Utilities
Equity Equal-Weight,2023-12-01,NEM,0.02,Materials
Equity Equal-Weight,2023-12-01,NKE,0.02,Consumer
Equity Equal-Weight,2023-12-01,NUE,0.02,Materials
Equity Equal-Weight,2023-12-01,NVDA,0.02,Tech
Equity Equal-Weight,2023-12-01,O,0.02,RealEstate
Equity Equal-Weight,2023-12-01,OXY,0.02,Energy
Equity Equal-Weight,2023-12-01,PLD,0.02,RealEstate
Equity Equal-Weight,2023-12-01,PSA,0.02,RealEstate
Equity Equal-Weight,2023-12-01,QCOM,0.02,Tech
Equity Equal-Weight,2023-12-01,SBUX,0.02,Consumer
Equity Equal-Weight,2023-12-01,SHW,0.02,Materials
Equity Equal-Weight,2023-12-01,SLB,0.02,Energy
Equity Equal-Weight,2023-12-01,SO,0.02,Utilities
Equity Equal-Weight,2023-12-01,T,0.02,Comm
Equity Equal-Weight,2023-12-01,TMUS,0.02,Comm
Equity Equal-Weight,2023-12-01,TTWO,0.02,Comm
Equity Equal-Weight,2023-12-01,UPS,0.02,Industrials
Equity Equal-Weight,2023-12-01,USB,0.02,Financials
Equity Equal-Weight,2023-12-01,V,0.02,Financials
Equity Equal-Weight,2023-12-01,WFC,0.02,Financials
Equity Equal-Weight,2023-12-01,WMT,0.02,Consumer
Equity Equal-Weight,2023-12-01,XOM,0.02,Energy
Equity Minimum-Variance,2021-01-04,ABBV,0.16312395362012114,Healthcare
Equity Minimum-Variance,2021-01-04,EA,0.07298019335135196,Comm
Equity Minimum-Variance,2021-01-04,GILD,0.12747829694341503,Healthcare
Equity Minimum-Variance,2021-01-04,MMM,0.07763859017595882,Industrials
Equity Minimum-Variance,2021-01-04,MRK,0.057692275533068514,Healthcare
Equity Minimum-Variance,2021-01-04,NEM,0.1370939761470136,Materials
Equity Minimum-Variance,2021-01-04,NKE,0.00510641103214976,Consumer
Equity Minimum-Variance,2021-01-04,PSA,0.07627971354239933,RealEstate
Equity Minimum-Variance,2021-01-04,TTWO,0.037472096985986046,Comm
Equity Minimum-Variance,2021-01-04,UPS,0.014081443538912856,Industrials
Equity Minimum-Variance,2021-01-04,WMT,0.23105304912962257,Consumer
Equity Minimum-Variance,2021-02-01,ABBV,0.14909321979473097,Healthcare
Equity Minimum-Variance,2021-02-01,EA,0.08637879589984018,Comm
Equity Minimum-Variance,2021-02-01,GILD,0.12023875537619258,Healthcare
Equity Minimum-Variance,2021-02-01,MMM,0.10034888306512957,Industrials
Equity Minimum-Variance,2021-02-01,MRK,0.06687052739461076,Healthcare
Equity Minimum-Variance,2021-02-01,NEM,0.128188291003656,Materials
Equity Minimum-Variance,2021-02-01,PSA,0.08162238279794302,RealEstate
Equity Minimum-Variance,2021-02-01,TTWO,0.031925294496912386,Comm
Equity Minimum-Variance,2021-02-01,UPS,0.007304541654437318,Industrials
Equity Minimum-Variance,2021-02-01,WMT,0.22802930851654676,Consumer
Equity Minimum-Variance,2021-03-01,ABBV,0.18050733280371303,Healthcare
Equity Minimum-Variance,2021-03-01,EA,0.0934666140628262,Comm
Equity Minimum-Variance,2021-03-01,GILD,0.13209252789292986,Healthcare
Equity Minimum-Variance,2021-03-01,MMM,0.07757809107002558,Industrials
Equity Minimum-Variance,2021-03-01,MRK,0.02191478333236308,Healthcare
Equity Minimum-Variance,2021-03-01,NEM,0.13212444054064723,Materials
Equity Minimum-Variance,2021-03-01,PSA,0.11707996103700581,RealEstate
Equity Minimum-Variance,2021-03-01,TTWO,0.014457022737660785,Comm
Equity Minimum-Variance,2021-03-01,UPS,0.02111930852403357,Industrials
Equity Minimum-Variance,2021-03-01,WMT,0.20965991799879455,Consumer
Equity Minimum-Variance,2021-04-01,ABBV,0.10847371963175856,Healthcare
Equity Minimum-Variance,2021-04-01,D,0.05951349025061666,Utilities
Equity Minimum-Variance,2021-04-01,DIS,0.007001903280588816,Consumer
Equity Minimum-Variance,2021-04-01,EA,0.08976158303011102,Comm
Equity Minimum-Variance,2021-04-01,GILD,0.0541331625520411,Healthcare
Equity Minimum-Variance,2021-04-01,MMM,0.10498103996740066,Industrials
Equity Minimum-Variance,2021-04-01,MRK,0.04688146083816945,Healthcare
Equity Minimum-Variance,2021-04-01,NEM,0.0006564723385592535,Materials
Equity Minimum-Variance,2021-04-01,PSA,0.12366153840248419,RealEstate
Equity Minimum-Variance,2021-04-01,T,0.0960932319732764,Comm
Equity Minimum-Variance,2021-04-01,TTWO,0.07730722503110324,Comm
Equity Minimum-Variance,2021-04-01,WMT,0.23153517270389035,Consumer
Equity Minimum-Variance,2021-05-03,ABBV,0.0869504589526644,Healthcare
Equity Minimum-Variance,2021-05-03,AEP,0.05809597108581544,Utilities
Equity Minimum-Variance,2021-05-03,D,0.082725402676962,Utilities
Equity Minimum-Variance,2021-05-03,DUK,0.012201956663893595,Utilities
Equity Minimum-Variance,2021-05-03,EA,0.06148918143168596,Comm
Equity Minimum-Variance,2021-05-03,GILD,0.04451902068454227,Healthcare
Equity Minimum-Variance,2021-05-03,MMM,0.07080760589027005,Industrials
Equity Minimum-Variance,2021-05-03,MRK,0.10696832599926817,Healthcare
Equity Minimum-Variance,2021-05-03,NEM,0.0017022898951454591,Materials
Equity Minimum-Variance,2021-05-03,NKE,0.026883916384104475,Consumer
Equity Minimum-Variance,2021-05-03,PSA,0.06592869192629654,RealEstate
Equity Minimum-Variance,2021-05-03,T,0.11450904594066755,Comm
Equity Minimum-Variance,2021-05-03,TTWO,0.06278712672192616,Comm
Equity Minimum-Variance,2021-05-03,WMT,0.2044310057467579,Consumer
Equity Minimum-Variance,2021-06-01,ABBV,0.04896057568532704,Healthcare
Equity Minimum-Variance,2021-06-01,AEP,0.09241261503217188,Utilities
Equity Minimum-Variance,2021-06-01,D,0.050747668787688924,Utilities
Equity Minimum-Variance,2021-06-01,DIS,0.00985042632042016,Consumer
Equity Minimum-Variance,2021-06-01,DUK,0.011111235976373741,Utilities
Equity Minimum-Variance,2021-06-01,EA,0.06244703188428939,Comm
Equity Minimum-Variance,2021-06-01,GILD,0.05908837364935892,Healthcare
Equity Minimum-Variance,2021-06-01,MMM,0.08498906122883099,Industrials
Equity Minimum-Variance,2021-06-01,MRK,0.11729646754021784,Healthcare
Equity Minimum-Variance,2021-06-01,NKE,0.02584942722315661,Consumer
Equity Minimum-Variance,2021-06-01,PSA,0.0890996614460283,RealEstate
Equity Minimum-Variance,2021-06-01,T,0.11631349337228415,Comm
Equity Minimum-Variance,2021-06-01,TTWO,0.056873673616289006,Comm
Equity Minimum-Variance,2021-06-01,WMT,0.1749602882375631,Consumer
Equity Minimum-Variance,2021-07-01,ABBV,0.03769592987439677,Healthcare
Equity Minimum-Variance,2021-07-01,ABT,0.0016282119319348456,Healthcare
Equity Minimum-Variance,2021-07-01,AEP,0.07314852612604626,Utilities
Equity Minimum-Variance,2021-07-01,AMD,0.007271393668556358,Tech
Equity Minimum-Variance,2021-07-01,CCI,0.054074479042364176,RealEstate
Equity Minimum-Variance,2021-07-01,D,0.02277435334518969,Utilities
Equity Minimum-Variance,2021-07-01,DIS,0.015026834749601805,Consumer
Equity Minimum-Variance,2021-07-01,EA,0.025568256471923127,Comm
Equity Minimum-Variance,2021-07-01,GILD,0.030797903939745238,Healthcare
Equity Minimum-Variance,2021-07-01,GS,0.020858716681748466,Financials
Equity Minimum-Variance,2021-07-01,MMM,0.0946250949405794,Industrials
Equity Minimum-Variance,2021-07-01,MRK,0.13527078344104074,Healthcare
Equity Minimum-Variance,2021-07-01,NKE,0.03622663156118392,Consumer
Equity Minimum-Variance,2021-07-01,PSA,0.10443555673063093,RealEstate
Equity Minimum-Variance,2021-07-01,SBUX,0.021878462110574287,Consumer
Equity Minimum-Variance,2021-07-01,T,0.1633897340645388,Comm
Equity Minimum-Variance,2021-07-01,TTWO,0.04891995882836352,Comm
Equity Minimum-Variance,2021-07-01,WMT,0.10640917249158166,Consumer
Equity Minimum-Variance,2021-08-02,ABBV,0.03028898676599144,Healthcare
Equity Minimum-Variance,2021-08-02,ABT,0.009862775725285306,Healthcare
Equity Minimum-Variance,2021-08-02,AEP,0.08521665467657306,Utilities
Equity Minimum-Variance,2021-08-02,AMD,0.0020045669303982816,Tech
Equity Minimum-Variance,2021-08-02,CAT,0.006226597047897536,Industrials
Equity Minimum-Variance,2021-08-02,CCI,0.06421089414990196,RealEstate
Equity Minimum-Variance,2021-08-02,DIS,0.014235782531283896,Consumer
Equity Minimum-Variance,2021-08-02,DUK,0.006491841103484737,Utilities
Equity Minimum-Variance,2021-08-02,EA,0.02306187099831254,Comm
Equity Minimum-Variance,2021-08-02,GILD,0.024931077425359268,Healthcare
Equity Minimum-Variance,2021-08-02,GS,0.022522200605266985,Financials
Equity Minimum-Variance,2021-08-02,MMM,0.08188916488004537,Industrials
Equity Minimum-Variance,2021-08-02,MRK,0.14405014708044353,Healthcare
Equity Minimum-Variance,2021-08-02,NKE,0.03323854202911883,Consumer
Equity Minimum-Variance,2021-08-02,PSA,0.1056962412406351,RealEstate
Equity Minimum-Variance,2021-08-02,SBUX,0.01437169176233608,Consumer
Equity Minimum-Variance,2021-08-02,T,0.16403089074962074,Comm
Equity Minimum-Variance,2021-08-02,TTWO,0.056463042285159686,Comm
Equity Minimum-Variance,2021-08-02,WMT,0.11120703201288566,Consumer
Equity Minimum-Variance,2021-09-01,ABBV,0.019995762850682025,Healthcare
Equity Minimum-Variance,2021-09-01,ABT,0.011692527133220124,Healthcare
Equity Minimum-Variance,2021-09-01,AEP,0.09590652665015244,Utilities
Equity Minimum-Variance,2021-09-01,AMD,0.011082652420645829,Tech
Equity Minimum-Variance,2021-09-01,CAT,0.003995806341336293,Industrials
Equity Minimum-Variance,2021-09-01,CCI,0.06868411906748896,RealEstate
Equity Minimum-Variance,2021-09-01,DIS,0.01373581007646764,Consumer
Equity Minimum-Variance,2021-09-01,DUK,0.0042044788017761665,Utilities
Equity Minimum-Variance,2021-09-01,EA,0.022563146063948207,Comm
Equity Minimum-Variance,2021-09-01,GILD,0.018856730111764163,Healthcare
Equity Minimum-Variance,2021-09-01,GS,0.031211828373320677,Financials
Equity Minimum-Variance,2021-09-01,MMM,0.07446068817350797,Industrials
Equity Minimum-Variance,2021-09-01,MRK,0.1303700428143015,Healthcare
Equity Minimum-Variance,2021-09-01,NKE,0.029205196978102917,Consumer
Equity Minimum-Variance,2021-09-01,PSA,0.11679439307157136,RealEstate
Equity Minimum-Variance,2021-09-01,SBUX,0.003945423851914031,Consumer
Equity Minimum-Variance,2021-09-01,T,0.16327488738600796,Comm
Equity Minimum-Variance,2021-09-01,TTWO,0.05674959947396276,Comm
Equity Minimum-Variance,2021-09-01,WMT,0.1232703803598289,Consumer
Equity Minimum-Variance,2021-10-01,ABT,0.03342492088628567,Healthcare
Equity Minimum-Variance,2021-10-01,AEP,0.05421175083779527,Utilities
Equity Minimum-Variance,2021-10-01,AMD,0.019673255983929935,Tech
Equity Minimum-Variance,2021-10-01,CCI,0.09101643234516921,RealEstate
Equity Minimum-Variance,2021-10-01,DD,0.0008496714161992012,Materials
Equity Minimum-Variance,2021-10-01,DIS,0.007537383597386273,Consumer
Equity Minimum-Variance,2021-10-01,DUK,0.0435450067803921,Utilities
Equity Minimum-Variance,2021-10-01,EA,0.04549774203736688,Comm
Equity Minimum-Variance,2021-10-01,GILD,0.006241203084037058,Healthcare
Equity Minimum-Variance,2021-10-01,GS,0.04415043114891064,Financials
Equity Minimum-Variance,2021-10-01,INTC,0.002056301839119879,Tech
Equity Minimum-Variance,2021-10-01,MMM,0.08286025889907955,Industrials
Equity Minimum-Variance,2021-10-01,MRK,0.14595758535005585,Healthcare
Equity Minimum-Variance,2021-10-01,OXY,0.0025334359838585685,Energy
Equity Minimum-Variance,2021-10-01,PSA,0.09444790460349976,RealEstate
Equity Minimum-Variance,2021-10-01,SBUX,0.020332585902785225,Consumer
Equity Minimum-Variance,2021-10-01,SLB,0.0019814233796290144,Energy
Equity Minimum-Variance,2021-10-01,T,0.13467248776760196,Comm
Equity Minimum-Variance,2021-10-01,TTWO,0.040588373487602046,Comm
Equity Minimum-Variance,2021-10-01,WMT,0.12842184466929593,Consumer
Equity Minimum-Variance,2021-11-01,ABBV,0.015936456065217316,Healthcare
Equity Minimum-Variance,2021-11-01,ABT,0.05576118559230587,Healthcare
Equity Minimum-Variance,2021-11-01,AEP,0.04798551253668216,Utilities
Equity Minimum-Variance,2021-11-01,AMD,0.035252325119154986,Tech
Equity Minimum-Variance,2021-11-01,CCI,0.05539202523800214,RealEstate
Equity Minimum-Variance,2021-11-01,COP,0.0004950028772938843,Energy
Equity Minimum-Variance,2021-11-01,DUK,0.05320428384832573,Utilities
Equity Minimum-Variance,2021-11-01,EA,0.05266649246141184,Comm
Equity Minimum-Variance,2021-11-01,GILD,0.044985412015740155,Healthcare
Equity Minimum-Variance,2021-11-01,GS,0.06295266690947744,Financials
Equity Minimum-Variance,2021-11-01,INTC,7.168618937377568e-05,Tech
Equity Minimum-Variance,2021-11-01,KO,0.0652313048339769,Consumer
Equity Minimum-Variance,2021-11-01,MMM,0.06318787183936261,Industrials
Equity Minimum-Variance,2021-11-01,MRK,0.07297822499786237,Healthcare
Equity Minimum-Variance,2021-11-01,NEM,0.0012076350333778542,Materials
Equity Minimum-Variance,2021-11-01,OXY,0.004343321921914488,Energy
Equity Minimum-Variance,2021-11-01,PSA,0.10253105081508622,RealEstate
Equity Minimum-Variance,2021-11-01,SBUX,0.012960010550603127,Consumer
Equity Minimum-Variance,2021-11-01,T,0.11053273563270768,Comm
Equity Minimum-Variance,2021-11-01,TMUS,0.0008588029527246739,Comm
Equity Minimum-Variance,2021-11-01,TTWO,0.026946816495171007,Comm
Equity Minimum-Variance,2021-11-01,UPS,0.007620690101525258,Industrials
Equity Minimum-Variance,2021-11-01,WMT,0.10689848597270256,Consumer
Equity Minimum-Variance,2021-12-01,ABBV,0.031191441998485184,Healthcare
Equity Minimum-Variance,2021-12-01,ABT,0.0781961155688793,Healthcare
Equity Minimum-Variance,2021-12-01,AEP,0.05644536768318534,Utilities
Equity Minimum-Variance,2021-12-01,AMD,0.025590871027595035,Tech
Equity Minimum-Variance,2021-12-01,CCI,0.00044753001742082966,RealEstate
Equity Minimum-Variance,2021-12-01,COP,0.01192823336814884,Energy
Equity Minimum-Variance,2021-12-01,CVX,0.014375265960162238,Energy
Equity Minimum-Variance,2021-12-01,DIS,0.0049605631284173534,Consumer
Equity Minimum-Variance,2021-12-01,DUK,0.0655691516515285,Utilities
Equity Minimum-Variance,2021-12-01,EA,0.06810171239620087,Comm
Equity Minimum-Variance,2021-12-01,GILD,0.03934883666539119,Healthcare
Equity Minimum-Variance,2021-12-01,GS,0.051581820577592044,Financials
Equity Minimum-Variance,2021-12-01,INTC,0.006506909965199269,Tech
Equity Minimum-Variance,2021-12-01,KO,0.032834057185314416,Consumer
Equity Minimum-Variance,2021-12-01,MMM,0.06330258428402338,Industrials
Equity Minimum-Variance,2021-12-01,MRK,0.03318800789551361,Healthcare
Equity Minimum-Variance,2021-12-01,NEM,0.014433300168311741,Materials
Equity Minimum-Variance,2021-12-01,NKE,0.0007985828876062487,Consumer
Equity Minimum-Variance,2021-12-01,O,0.004099164251192939,RealEstate
Equity Minimum-Variance,2021-12-01,PSA,0.1270954766884966,RealEstate
Equity Minimum-Variance,2021-12-01,SBUX,0.011923366482201833,Consumer
Equity Minimum-Variance,2021-12-01,SHW,0.027325857581124838,Materials
Equity Minimum-Variance,2021-12-01,SO,0.008562643690869396,Utilities
Equity Minimum-Variance,2021-12-01,T,0.08829897119277405,Comm
Equity Minimum-Variance,2021-12-01,TTWO,0.0215720178819614,Comm
Equity Minimum-Variance,2021-12-01,UPS,0.000403035762756682,Industrials
Equity Minimum-Variance,2021-12-01,WMT,0.11191911403964697,Consumer
Equity Minimum-Variance,2022-01-03,ABBV,0.021794141311376605,Healthcare
Equity Minimum-Variance,2022-01-03,ABT,0.06922536903807258,Healthcare
Equity Minimum-Variance,2022-01-03,ADBE,0.011224653213794228,Tech
Equity Minimum-Variance,2022-01-03,AEP,0.05578576424147601,Utilities
Equity Minimum-Variance,2022-01-03,AMD,0.022537155624372363,Tech
Equity Minimum-Variance,2022-01-03,CVX,0.018081584726308053,Energy
Equity Minimum-Variance,2022-01-03,DIS,0.02478331315508005,Consumer
Equity Minimum-Variance,2022-01-03,DUK,0.07221692799861065,Utilities
Equity Minimum-Variance,2022-01-03,EA,0.059771345711419,Comm
Equity Minimum-Variance,2022-01-03,GILD,0.06951351688652505,Healthcare
Equity Minimum-Variance,2022-01-03,GS,0.044654717485233635,Financials
Equity Minimum-Variance,2022-01-03,INTC,0.007758878673956464,Tech
Equity Minimum-Variance,2022-01-03,KO,0.024346861813602818,Consumer
Equity Minimum-Variance,2022-01-03,MMM,0.07630351754366156,Industrials
Equity Minimum-Variance,2022-01-03,MRK,0.0484527782739294,Healthcare
Equity Minimum-Variance,2022-01-03,NEM,0.014041765748038658,Materials
Equity Minimum-Variance,2022-01-03,NKE,0.009151929513232489,Consumer
Equity Minimum-Variance,2022-01-03,O,0.006376926240826487,RealEstate
Equity Minimum-Variance,2022-01-03,OXY,0.0038457232654083573,Energy
Equity Minimum-Variance,2022-01-03,PSA,0.11451614127569153,RealEstate
Equity Minimum-Variance,2022-01-03,SHW,0.007511144398202,Materials
Equity Minimum-Variance,2022-01-03,SO,0.008020747551008041,Utilities
Equity Minimum-Variance,2022-01-03,T,0.0734312867941973,Comm
Equity Minimum-Variance,2022-01-03,TTWO,0.0193739029640167,Comm
Equity Minimum-Variance,2022-01-03,UPS,0.0034016880959934818,Industrials
Equity Minimum-Variance,2022-01-03,WMT,0.11387821845596638,Consumer
Equity Minimum-Variance,2022-02-01,ABBV,0.04750554125154267,Healthcare
Equity Minimum-Variance,2022-02-01,ABT,0.035836347323587,Healthcare
Equity Minimum-Variance,2022-02-01,ADBE,0.006711575706859557,Tech
Equity Minimum-Variance,2022-02-01,AEP,0.03521761911513436,Utilities
Equity Minimum-Variance,2022-02-01,AMD,0.008683207196388461,Tech
Equity Minimum-Variance,2022-02-01,CAT,0.01643079323851422,Industrials
Equity Minimum-Variance,2022-02-01,CVX,0.07630195086779122,Energy
Equity Minimum-Variance,2022-02-01,DIS,0.014684965531089262,Consumer
Equity Minimum-Variance,2022-02-01,DUK,0.05556424559003483,Utilities
Equity Minimum-Variance,2022-02-01,EA,0.06327486583056817,Comm
Equity Minimum-Variance,2022-02-01,GILD,0.06833469984734272,Healthcare
Equity Minimum-Variance,2022-02-01,GS,0.0023743752887602195,Financials
Equity Minimum-Variance,2022-02-01,INTC,0.013729242622329314,Tech
Equity Minimum-Variance,2022-02-01,KO,0.02931940173251084,Consumer
Equity Minimum-Variance,2022-02-01,MMM,0.0173498806713363,Industrials
Equity Minimum-Variance,2022-02-01,MRK,0.06284407150009944,Healthcare
Equity Minimum-Variance,2022-02-01,MS,0.02132220248284675,Financials
Equity Minimum-Variance,2022-02-01,NEM,0.012810677245498715,Materials
Equity Minimum-Variance,2022-02-01,NKE,0.01739103428577392,Consumer
Equity Minimum-Variance,2022-02-01,O,0.008068086247259885,RealEstate
Equity Minimum-Variance,2022-02-01,PSA,0.10471738859843617,RealEstate
Equity Minimum-Variance,2022-02-01,SBUX,0.024476740205861124,Consumer
Equity Minimum-Variance,2022-02-01,SHW,0.011383214692030637,Materials
Equity Minimum-Variance,2022-02-01,SO,0.10874926098943806,Utilities
Equity Minimum-Variance,2022-02-01,T,0.009094356783519776,Comm
Equity Minimum-Variance,2022-02-01,TTWO,0.03134242519001857,Comm
Equity Minimum-Variance,2022-02-01,UPS,0.0023954157818782164,Industrials
Equity Minimum-Variance,2022-02-01,WMT,0.09408641418354949,Consumer
Equity Minimum-Variance,2022-03-01,ABBV,0.034505255300232476,Healthcare
Equity Minimum-Variance,2022-03-01,ABT,0.012888371620054273,Healthcare
Equity Minimum-Variance,2022-03-01,ADBE,0.010170561842331002,Tech
Equity Minimum-Variance,2022-03-01,AEP,0.041553771894271015,Utilities
Equity Minimum-Variance,2022-03-01,CAT,0.013197545467986547,Industrials
Equity Minimum-Variance,2022-03-01,CVX,0.05853238160704022,Energy
Equity Minimum-Variance,2022-03-01,DIS,0.06781733093250701,Consumer
Equity Minimum-Variance,2022-03-01,DUK,0.003787442077840779,Utilities
Equity Minimum-Variance,2022-03-01,EA,0.06825922072397593,Comm
Equity Minimum-Variance,2022-03-01,GILD,0.14105518528519345,Healthcare
Equity Minimum-Variance,2022-03-01,GS,0.001195744608039639,Financials
Equity Minimum-Variance,2022-03-01,INTC,8.78717185650899e-06,Tech
Equity Minimum-Variance,2022-03-01,KO,0.0896005859275179,Consumer
Equity Minimum-Variance,2022-03-01,MRK,0.047389265187497226,Healthcare
Equity Minimum-Variance,2022-03-01,MS,0.011027484906371348,Financials
Equity Minimum-Variance,2022-03-01,NEM,0.02157762372449412,Materials
Equity Minimum-Variance,2022-03-01,NKE,0.022109119259646863,Consumer
Equity Minimum-Variance,2022-03-01,O,0.0053449065024421686,RealEstate
Equity Minimum-Variance,2022-03-01,OXY,0.004198496875017035,Energy
Equity Minimum-Variance,2022-03-01,PSA,0.06967456196696103,RealEstate
Equity Minimum-Variance,2022-03-01,SO,0.09242846791659048,Utilities
Equity Minimum-Variance,2022-03-01,TTWO,0.040386172701213446,Comm
Equity Minimum-Variance,2022-03-01,UPS,0.011863120795196693,Industrials
Equity Minimum-Variance,2022-03-01,WMT,0.13142859570572274,Consumer
Equity Minimum-Variance,2022-04-01,ABBV,0.045512059074856843,Healthcare
Equity Minimum-Variance,2022-04-01,ADBE,0.010620539743004458,Tech
Equity Minimum-Variance,2022-04-01,AEP,0.01193673591796557,Utilities
Equity Minimum-Variance,2022-04-01,AMD,0.0028164644403813953,Tech
Equity Minimum-Variance,2022-04-01,CAT,0.028038695867170876,Industrials
Equity Minimum-Variance,2022-04-01,CVX,0.08616369661683111,Energy
Equity Minimum-Variance,2022-04-01,DIS,0.04941127020331047,Consumer
Equity Minimum-Variance,2022-04-01,DUK,0.012382383055498406,Utilities
Equity Minimum-Variance,2022-04-01,EA,0.07477627236647962,Comm
Equity Minimum-Variance,2022-04-01,GILD,0.1420191139157388,Healthcare
Equity Minimum-Variance,2022-04-01,INTC,0.0014214771991233038,Tech
Equity Minimum-Variance,2022-04-01,KO,0.08692739370803093,Consumer
Equity Minimum-Variance,2022-04-01,MRK,0.05112421472968928,Healthcare
Equity Minimum-Variance,2022-04-01,NEE,0.018652912207391605,Utilities
Equity Minimum-Variance,2022-04-01,NEM,0.034807551615530896,Materials
Equity Minimum-Variance,2022-04-01,NKE,0.013163532710672199,Consumer
Equity Minimum-Variance,2022-04-01,O,0.008321011437350267,RealEstate
Equity Minimum-Variance,2022-04-01,PSA,0.048214887002922965,RealEstate
Equity Minimum-Variance,2022-04-01,SHW,0.008655201958788942,Materials
Equity Minimum-Variance,2022-04-01,SO,0.10027019186255007,Utilities
Equity Minimum-Variance,2022-04-01,TMUS,0.014943525795716513,Comm
Equity Minimum-Variance,2022-04-01,TTWO,0.0334411487623181,Comm
Equity Minimum-Variance,2022-04-01,WMT,0.1163797198086773,Consumer
Equity Minimum-Variance,2022-05-02,ABBV,0.018808767877054586,Healthcare
Equity Minimum-Variance,2022-05-02,ADBE,0.01633791812968208,Tech
Equity Minimum-Variance,2022-05-02,AMGN,0.008944560919193455,Healthcare
Equity Minimum-Variance,2022-05-02,CAT,0.043109075470310204,Industrials
Equity Minimum-Variance,2022-05-02,CVX,0.06458636369166272,Energy
Equity Minimum-Variance,2022-05-02,DIS,0.03937548863981799,Consumer
Equity Minimum-Variance,2022-05-02,DUK,0.09004574595410757,Utilities
Equity Minimum-Variance,2022-05-02,EA,0.09419393185255857,Comm
Equity Minimum-Variance,2022-05-02,GILD,0.12896388785341115,Healthcare
Equity Minimum-Variance,2022-05-02,KO,0.11073990753205588,Consumer
Equity Minimum-Variance,2022-05-02,MRK,0.055243968208107314,Healthcare
Equity Minimum-Variance,2022-05-02,NEM,0.04800524448966617,Materials
Equity Minimum-Variance,2022-05-02,SHW,0.06816789498722227,Materials
Equity Minimum-Variance,2022-05-02,SO,0.06721727925025997,Utilities
Equity Minimum-Variance,2022-05-02,TTWO,0.03862424514822597,Comm
Equity Minimum-Variance,2022-05-02,WMT,0.10763571999666405,Consumer
Equity Minimum-Variance,2022-06-01,ABBV,0.06721135401142166,Healthcare
Equity Minimum-Variance,2022-06-01,ADBE,0.004688351551306707,Tech
Equity Minimum-Variance,2022-06-01,AMGN,0.03457953603289925,Healthcare
Equity Minimum-Variance,2022-06-01,CAT,0.018092104212942196,Industrials
Equity Minimum-Variance,2022-06-01,CVX,0.03616917832685833,Energy
Equity Minimum-Variance,2022-06-01,DIS,0.057952174826806674,Consumer
Equity Minimum-Variance,2022-06-01,DUK,0.16962020133288266,Utilities
Equity Minimum-Variance,2022-06-01,EA,0.09250557505182526,Comm
Equity Minimum-Variance,2022-06-01,GILD,0.17028469503178417,Healthcare
Equity Minimum-Variance,2022-06-01,INTC,0.0030999910149054183,Tech
Equity Minimum-Variance,2022-06-01,MRK,0.0733374601933452,Healthcare
Equity Minimum-Variance,2022-06-01,NEM,0.06282132680125527,Materials
Equity Minimum-Variance,2022-06-01,SHW,0.05291513556890236,Materials
Equity Minimum-Variance,2022-06-01,SO,0.044997632309584874,Utilities
Equity Minimum-Variance,2022-06-01,TTWO,0.026291852197122142,Comm
Equity Minimum-Variance,2022-06-01,WMT,0.0854334315361579,Consumer
Equity Minimum-Variance,2022-07-01,ABBV,0.04341589690597658,Healthcare
Equity Minimum-Variance,2022-07-01,AMGN,0.06977679577014027,Healthcare
Equity Minimum-Variance,2022-07-01,CAT,0.008209102125555838,Industrials
Equity Minimum-Variance,2022-07-01,CVX,0.04728171105575425,Energy
Equity Minimum-Variance,2022-07-01,DIS,0.05260684963717363,Consumer
Equity Minimum-Variance,2022-07-01,DUK,0.17847132078872863,Utilities
Equity Minimum-Variance,2022-07-01,EA,0.09116693119393958,Comm
Equity Minimum-Variance,2022-07-01,GILD,0.1756425963315333,Healthcare
Equity Minimum-Variance,2022-07-01,KO,0.029660894848348385,Consumer
Equity Minimum-Variance,2022-07-01,MMM,0.002570203962431766,Industrials
Equity Minimum-Variance,2022-07-01,MRK,0.061680426166488916,Healthcare
Equity Minimum-Variance,2022-07-01,NEM,0.06176940929833874,Materials
Equity Minimum-Variance,2022-07-01,SHW,0.027254039613601275,Materials
Equity Minimum-Variance,2022-07-01,SO,0.0032831384235235215,Utilities
Equity Minimum-Variance,2022-07-01,TTWO,0.02745270532569939,Comm
Equity Minimum-Variance,2022-07-01,UPS,0.008362480282736524,Industrials
Equity Minimum-Variance,2022-07-01,WMT,0.11139549827002948,Consumer
Equity Minimum-Variance,2022-08-01,ABBV,0.05450808736507109,Healthcare
Equity Minimum-Variance,2022-08-01,AMGN,0.0751400375534179,Healthcare
Equity Minimum-Variance,2022-08-01,CVX,0.048030361496080635,Energy
Equity Minimum-Variance,2022-08-01,DIS,0.05187931002793806,Consumer
Equity Minimum-Variance,2022-08-01,DUK,0.16426083349250348,Utilities
Equity Minimum-Variance,2022-08-01,EA,0.09566907948211303,Comm
Equity Minimum-Variance,2022-08-01,GILD,0.1690242812538935,Healthcare
Equity Minimum-Variance,2022-08-01,KO,0.0260644804987318,Consumer
Equity Minimum-Variance,2022-08-01,MMM,0.03210345143899597,Industrials
Equity Minimum-Variance,2022-08-01,MRK,0.06199695271101975,Healthcare
Equity Minimum-Variance,2022-08-01,NEM,0.05945935784267632,Materials
Equity Minimum-Variance,2022-08-01,SHW,0.022999340403723752,Materials
Equity Minimum-Variance,2022-08-01,SO,0.0025260866806374664,Utilities
Equity Minimum-Variance,2022-08-01,TTWO,0.02728923049355059,Comm
Equity Minimum-Variance,2022-08-01,WMT,0.10904910925964655,Consumer
Equity Minimum-Variance,2022-09-01,ABBV,0.05364359844095197,Healthcare
Equity Minimum-Variance,2022-09-01,AMGN,0.13377674957003194,Healthcare
Equity Minimum-Variance,2022-09-01,CVX,0.07396935519303541,Energy
Equity Minimum-Variance,2022-09-01,DIS,0.029858127660399098,Consumer
Equity Minimum-Variance,2022-09-01,DUK,0.11685253707543489,Utilities
Equity Minimum-Variance,2022-09-01,EA,0.1019084348229799,Comm
Equity Minimum-Variance,2022-09-01,GILD,0.14252176366493796,Healthcare
Equity Minimum-Variance,2022-09-01,KO,0.032366287800841165,Consumer
Equity Minimum-Variance,2022-09-01,MRK,0.06466816489381823,Healthcare
Equity Minimum-Variance,2022-09-01,NEM,0.05949589269477609,Materials
Equity Minimum-Variance,2022-09-01,O,0.0190661638865531,RealEstate
Equity Minimum-Variance,2022-09-01,SHW,0.025717195510842797,Materials
Equity Minimum-Variance,2022-09-01,SO,0.030623555456147318,Utilities
Equity Minimum-Variance,2022-09-01,TTWO,0.012174008746650308,Comm
Equity Minimum-Variance,2022-09-01,UPS,0.0042263980343695195,Industrials
Equity Minimum-Variance,2022-09-01,WMT,0.09913176654823033,Consumer
Equity Minimum-Variance,2022-10-03,ABBV,0.07324996087069972,Healthcare
Equity Minimum-Variance,2022-10-03,AMGN,0.1648359696405836,Healthcare
Equity Minimum-Variance,2022-10-03,CVX,0.07774473877835732,Energy
Equity Minimum-Variance,2022-10-03,DUK,0.057856585291840665,Utilities
Equity Minimum-Variance,2022-10-03,EA,0.0946889947204948,Comm
Equity Minimum-Variance,2022-10-03,GILD,0.0974766173816095,Healthcare
Equity Minimum-Variance,2022-10-03,KO,0.06299394783257525,Consumer
Equity Minimum-Variance,2022-10-03,MMM,0.020461243879103665,Industrials
Equity Minimum-Variance,2022-10-03,MRK,0.07849255172882333,Healthcare
Equity Minimum-Variance,2022-10-03,NEM,0.0556202195398931,Materials
Equity Minimum-Variance,2022-10-03,O,0.07275508734528136,RealEstate
Equity Minimum-Variance,2022-10-03,SHW,0.013552795899358813,Materials
Equity Minimum-Variance,2022-10-03,TTWO,0.01363460179212643,Comm
Equity Minimum-Variance,2022-10-03,UPS,0.0009321109245109337,Industrials
Equity Minimum-Variance,2022-10-03,WMT,0.11570457437474162,Consumer
Equity Minimum-Variance,2022-11-01,ABBV,0.0884384431412752,Healthcare
Equity Minimum-Variance,2022-11-01,AMGN,0.1762041883283609,Healthcare
Equity Minimum-Variance,2022-11-01,CVX,0.07153556398136882,Energy
Equity Minimum-Variance,2022-11-01,DUK,0.019412424623214745,Utilities
Equity Minimum-Variance,2022-11-01,EA,0.10534695935047397,Comm
Equity Minimum-Variance,2022-11-01,GILD,0.038140719896851395,Healthcare
Equity Minimum-Variance,2022-11-01,KO,0.08177145555973549,Consumer
Equity Minimum-Variance,2022-11-01,MRK,0.13414022334818537,Healthcare
Equity Minimum-Variance,2022-11-01,NEM,0.05531085842223182,Materials
Equity Minimum-Variance,2022-11-01,O,0.08277050480990739,RealEstate
Equity Minimum-Variance,2022-11-01,TTWO,0.019948272125700956,Comm
Equity Minimum-Variance,2022-11-01,UPS,0.016096035829733766,Industrials
Equity Minimum-Variance,2022-11-01,WMT,0.11088435058296017,Consumer
Equity Minimum-Variance,2022-12-01,ABBV,0.06365345991872384,Healthcare
Equity Minimum-Variance,2022-12-01,AMGN,0.17090453897954827,Healthcare
Equity Minimum-Variance,2022-12-01,CVX,0.06052386564454518,Energy
Equity Minimum-Variance,2022-12-01,D,0.006955100473670643,Utilities
Equity Minimum-Variance,2022-12-01,DUK,0.009996966663288486,Utilities
Equity Minimum-Variance,2022-12-01,EA,0.10553421170922705,Comm
Equity Minimum-Variance,2022-12-01,GILD,0.027161199891874974,Healthcare
Equity Minimum-Variance,2022-12-01,KO,0.09452203994881694,Consumer
Equity Minimum-Variance,2022-12-01,MRK,0.23898756585717737,Healthcare
Equity Minimum-Variance,2022-12-01,NEM,0.015206900636709647,Materials
Equity Minimum-Variance,2022-12-01,O,0.042047401602994416,RealEstate
Equity Minimum-Variance,2022-12-01,TTWO,0.03654776097568252,Comm
Equity Minimum-Variance,2022-12-01,WMT,0.11237886167149898,Consumer
Equity Minimum-Variance,2022-12-01,XOM,0.01558012602624152,Energy
Equity Minimum-Variance,2023-01-03,ABBV,0.07803002973640702,Healthcare
Equity Minimum-Variance,2023-01-03,AMGN,0.17631110682028758,Healthcare
Equity Minimum-Variance,2023-01-03,CVX,0.05228174900794577,Energy
Equity Minimum-Variance,2023-01-03,D,0.017382524807700174,Utilities
Equity Minimum-Variance,2023-01-03,DUK,0.01714626730810435,Utilities
Equity Minimum-Variance,2023-01-03,EA,0.10503502242211293,Comm
Equity Minimum-Variance,2023-01-03,GILD,0.009937967452944245,Healthcare
Equity Minimum-Variance,2023-01-03,KO,0.09198194740816529,Consumer
Equity Minimum-Variance,2023-01-03,MRK,0.22175471869772972,Healthcare
Equity Minimum-Variance,2023-01-03,NEM,0.014800514172294266,Materials
Equity Minimum-Variance,2023-01-03,O,0.06072122874241413,RealEstate
Equity Minimum-Variance,2023-01-03,T,0.003470322095497139,Comm
Equity Minimum-Variance,2023-01-03,TTWO,0.03532377025912919,Comm
Equity Minimum-Variance,2023-01-03,WMT,0.10715280108754474,Consumer
Equity Minimum-Variance,2023-01-03,XOM,0.008670029981723303,Energy
Equity Minimum-Variance,2023-02-01,ABBV,0.062455172518054006,Healthcare
Equity Minimum-Variance,2023-02-01,AMGN,0.17948498053569942,Healthcare
Equity Minimum-Variance,2023-02-01,CVX,0.05108607165851983,Energy
Equity Minimum-Variance,2023-02-01,D,0.034983907445602536,Utilities
Equity Minimum-Variance,2023-02-01,DUK,0.005570724066234925,Utilities
Equity Minimum-Variance,2023-02-01,EA,0.13398156536159536,Comm
Equity Minimum-Variance,2023-02-01,KO,0.07754503329071508,Consumer
Equity Minimum-Variance,2023-02-01,MRK,0.21395178441746648,Healthcare
Equity Minimum-Variance,2023-02-01,NEM,0.007090420021240997,Materials
Equity Minimum-Variance,2023-02-01,O,0.07363209871596985,RealEstate
Equity Minimum-Variance,2023-02-01,T,0.02935948659149242,Comm
Equity Minimum-Variance,2023-02-01,TTWO,0.022490834210301174,Comm
Equity Minimum-Variance,2023-02-01,WMT,0.10093291602496196,Consumer
Equity Minimum-Variance,2023-02-01,XOM,0.007435005142145712,Energy
Equity Minimum-Variance,2023-03-01,ABBV,0.04817514217765423,Healthcare
Equity Minimum-Variance,2023-03-01,AMGN,0.20127195570341086,Healthcare
Equity Minimum-Variance,2023-03-01,CVX,0.06097352557439525,Energy
Equity Minimum-Variance,2023-03-01,D,0.0050164919837758495,Utilities
Equity Minimum-Variance,2023-03-01,DUK,0.04807225795867248,Utilities
Equity Minimum-Variance,2023-03-01,EA,0.09432580371171864,Comm
Equity Minimum-Variance,2023-03-01,KO,0.08285478854694817,Consumer
Equity Minimum-Variance,2023-03-01,MRK,0.20563332295364595,Healthcare
Equity Minimum-Variance,2023-03-01,NEM,0.000936726684077852,Materials
Equity Minimum-Variance,2023-03-01,O,0.08649854155749506,RealEstate
Equity Minimum-Variance,2023-03-01,T,0.043013194507241226,Comm
Equity Minimum-Variance,2023-03-01,TTWO,0.0277753184653659,Comm
Equity Minimum-Variance,2023-03-01,WMT,0.0954529301755984,Consumer
Equity Minimum-Variance,2023-04-03,ABBV,0.05540767939235046,Healthcare
Equity Minimum-Variance,2023-04-03,AMGN,0.19057803046743318,Healthcare
Equity Minimum-Variance,2023-04-03,CVX,0.032213748804416804,Energy
Equity Minimum-Variance,2023-04-03,D,0.016512180375236694,Utilities
Equity Minimum-Variance,2023-04-03,DUK,0.008233128902876311,Utilities
Equity Minimum-Variance,2023-04-03,EA,0.10578869133633974,Comm
Equity Minimum-Variance,2023-04-03,KO,0.1357545351382603,Consumer
Equity Minimum-Variance,2023-04-03,MRK,0.18902978703407483,Healthcare
Equity Minimum-Variance,2023-04-03,NEM,0.005548064966410669,Materials
Equity Minimum-Variance,2023-04-03,O,0.07280342049541151,RealEstate
Equity Minimum-Variance,2023-04-03,T,0.05101663103695109,Comm
Equity Minimum-Variance,2023-04-03,TTWO,0.023165354966895434,Comm
Equity Minimum-Variance,2023-04-03,WMT,0.10426507953139005,Consumer
Equity Minimum-Variance,2023-04-03,XOM,0.009683667551952746,Energy
Equity Minimum-Variance,2023-05-01,ABBV,0.07679861649756757,Healthcare
Equity Minimum-Variance,2023-05-01,AMGN,0.17919010971956634,Healthcare
Equity Minimum-Variance,2023-05-01,CVX,0.04164278721668039,Energy
Equity Minimum-Variance,2023-05-01,D,0.007231756802928024,Utilities
Equity Minimum-Variance,2023-05-01,EA,0.0795239856910184,Comm
Equity Minimum-Variance,2023-05-01,KO,0.1546283099616873,Consumer
Equity Minimum-Variance,2023-05-01,MRK,0.1770406784788819,Healthcare
Equity Minimum-Variance,2023-05-01,NEM,0.004394889097356172,Materials
Equity Minimum-Variance,2023-05-01,O,0.10254006791638166,RealEstate
Equity Minimum-Variance,2023-05-01,T,0.03574021609210853,Comm
Equity Minimum-Variance,2023-05-01,TTWO,0.022153934407921943,Comm
Equity Minimum-Variance,2023-05-01,WMT,0.11911464811790168,Consumer
Equity Minimum-Variance,2023-06-01,ABBV,0.05013981878771834,Healthcare
Equity Minimum-Variance,2023-06-01,AMGN,0.0806663721518063,Healthcare
Equity Minimum-Variance,2023-06-01,CVX,0.0399324671752196,Energy
Equity Minimum-Variance,2023-06-01,EA,0.12450850825896688,Comm
Equity Minimum-Variance,2023-06-01,KO,0.2862084003623646,Consumer
Equity Minimum-Variance,2023-06-01,MRK,0.15676699202487188,Healthcare
Equity Minimum-Variance,2023-06-01,O,0.08477577463412211,RealEstate
Equity Minimum-Variance,2023-06-01,T,0.023880831590935573,Comm
Equity Minimum-Variance,2023-06-01,WMT,0.15312083501399462,Consumer
Equity Minimum-Variance,2023-07-03,ABBV,0.0869777267081013,Healthcare
Equity Minimum-Variance,2023-07-03,AMGN,0.012612734318746929,Healthcare
Equity Minimum-Variance,2023-07-03,CVX,0.014469091233843531,Energy
Equity Minimum-Variance,2023-07-03,EA,0.12627780428053278,Comm
Equity Minimum-Variance,2023-07-03,KO,0.23855453973145066,Consumer
Equity Minimum-Variance,2023-07-03,MRK,0.17631336924017232,Healthcare
Equity Minimum-Variance,2023-07-03,O,0.11705829148021756,RealEstate
Equity Minimum-Variance,2023-07-03,OXY,0.004548305986958307,Energy
Equity Minimum-Variance,2023-07-03,T,0.0439756311400588,Comm
Equity Minimum-Variance,2023-07-03,TMUS,0.029914955718350043,Comm
Equity Minimum-Variance,2023-07-03,TTWO,0.0006282106410199754,Comm
Equity Minimum-Variance,2023-07-03,WMT,0.13942584924796547,Consumer
Equity Minimum-Variance,2023-07-03,XOM,0.009243490272582443,Energy
Equity Minimum-Variance,2023-08-01,ABBV,0.08754310500951894,Healthcare
Equity Minimum-Variance,2023-08-01,AMGN,0.015608146633556062,Healthcare
Equity Minimum-Variance,2023-08-01,CVX,0.011988051395474897,Energy
Equity Minimum-Variance,2023-08-01,EA,0.11521289712413367,Comm
Equity Minimum-Variance,2023-08-01,KO,0.23299248998588892,Consumer
Equity Minimum-Variance,2023-08-01,MRK,0.15979014114526474,Healthcare
Equity Minimum-Variance,2023-08-01,O,0.12231494459521737,RealEstate
Equity Minimum-Variance,2023-08-01,OXY,0.01315121140687445,Energy
Equity Minimum-Variance,2023-08-01,T,0.0268386044136372,Comm
Equity Minimum-Variance,2023-08-01,TMUS,0.05263408305022315,Comm
Equity Minimum-Variance,2023-08-01,TTWO,0.0021503722938752737,Comm
Equity Minimum-Variance,2023-08-01,V,0.012671980651614354,Financials
Equity Minimum-Variance,2023-08-01,WMT,0.138115037868094,Consumer
Equity Minimum-Variance,2023-08-01,XOM,0.008988934426627118,Energy
Equity Minimum-Variance,2023-09-01,ABBV,0.07428726472575121,Healthcare
Equity Minimum-Variance,2023-09-01,AMGN,0.04031784672717182,Healthcare
Equity Minimum-Variance,2023-09-01,EA,0.07823142800406702,Comm
Equity Minimum-Variance,2023-09-01,KO,0.2564800540840418,Consumer
Equity Minimum-Variance,2023-09-01,MRK,0.1418736899109057,Healthcare
Equity Minimum-Variance,2023-09-01,O,0.09382667445961598,RealEstate
Equity Minimum-Variance,2023-09-01,OXY,0.019197841457764427,Energy
Equity Minimum-Variance,2023-09-01,T,0.03299157711143595,Comm
Equity Minimum-Variance,2023-09-01,TMUS,0.03435785618951465,Comm
Equity Minimum-Variance,2023-09-01,TTWO,0.015878674301271246,Comm
Equity Minimum-Variance,2023-09-01,V,0.018261052348916132,Financials
Equity Minimum-Variance,2023-09-01,WMT,0.18076407715457718,Consumer
Equity Minimum-Variance,2023-09-01,XOM,0.013531963524966868,Energy
Equity Minimum-Variance,2023-10-02,ABBV,0.062271224904237726,Healthcare
Equity Minimum-Variance,2023-10-02,AMGN,0.04598728700585798,Healthcare
Equity Minimum-Variance,2023-10-02,CVX,0.028509366022189175,Energy
Equity Minimum-Variance,2023-10-02,EA,0.07878254277874172,Comm
Equity Minimum-Variance,2023-10-02,GE,0.0073345377276050365,Industrials
Equity Minimum-Variance,2023-10-02,KO,0.2873760538879233,Consumer
Equity Minimum-Variance,2023-10-02,MRK,0.11650659240833008,Healthcare
Equity Minimum-Variance,2023-10-02,O,0.06317954343022425,RealEstate
Equity Minimum-Variance,2023-10-02,OXY,0.017682735201949212,Energy
Equity Minimum-Variance,2023-10-02,T,0.02702520194407356,Comm
Equity Minimum-Variance,2023-10-02,TMUS,0.061673690066217035,Comm
Equity Minimum-Variance,2023-10-02,TTWO,0.01640114231480608,Comm
Equity Minimum-Variance,2023-10-02,V,0.029109810118244473,Financials
Equity Minimum-Variance,2023-10-02,WMT,0.15816027218960027,Consumer
Equity Minimum-Variance,2023-11-01,ABBV,0.07644229305647424,Healthcare
Equity Minimum-Variance,2023-11-01,AMGN,0.032625083821076324,Healthcare
Equity Minimum-Variance,2023-11-01,CMCSA,0.00023595032383527586,Comm
Equity Minimum-Variance,2023-11-01,CVX,0.046893375739547966,Energy
Equity Minimum-Variance,2023-11-01,DD,0.019018037172566338,Materials
Equity Minimum-Variance,2023-11-01,EA,0.06702684987561097,Comm
Equity Minimum-Variance,2023-11-01,GE,0.007845006123759907,Industrials
Equity Minimum-Variance,2023-11-01,GS,0.00538087380057048,Financials
Equity Minimum-Variance,2023-11-01,KO,0.17898019084032235,Consumer
Equity Minimum-Variance,2023-11-01,MRK,0.12172790744457146,Healthcare
Equity Minimum-Variance,2023-11-01,NVDA,0.004088355038500524,Tech
Equity Minimum-Variance,2023-11-01,O,0.1005174024345619,RealEstate
Equity Minimum-Variance,2023-11-01,T,0.041052432360277,Comm
Equity Minimum-Variance,2023-11-01,TMUS,0.0621842898689981,Comm
Equity Minimum-Variance,2023-11-01,V,0.03960106560992541,Financials
Equity Minimum-Variance,2023-11-01,WMT,0.19638088648940166,Consumer
Equity Minimum-Variance,2023-12-01,ABBV,0.08783367823441544,Healthcare
Equity Minimum-Variance,2023-12-01,ABT,0.019793615873383442,Healthcare
Equity Minimum-Variance,2023-12-01,AMD,0.008882839611244187,Tech
Equity Minimum-Variance,2023-12-01,AMGN,0.009959804148845666,Healthcare
Equity Minimum-Variance,2023-12-01,CVX,0.025150072027688535,Energy
Equity Minimum-Variance,2023-12-01,DD,0.007757822241823361,Materials
Equity Minimum-Variance,2023-12-01,EA,0.04239329263270347,Comm
Equity Minimum-Variance,2023-12-01,GE,0.011723008432104182,Industrials
Equity Minimum-Variance,2023-12-01,INTC,0.0029931142042708128,Tech
Equity Minimum-Variance,2023-12-01,KO,0.18796734314097363,Consumer
Equity Minimum-Variance,2023-12-01,MRK,0.10349555324447637,Healthcare
Equity Minimum-Variance,2023-12-01,NEM,0.011246903946060881,Materials
Equity Minimum-Variance,2023-12-01,NVDA,0.01206222240447642,Tech
Equity Minimum-Variance,2023-12-01,O,0.08456665302150444,RealEstate
Equity Minimum-Variance,2023-12-01,OXY,0.027777028510501747,Energy
Equity Minimum-Variance,2023-12-01,T,0.03628682191980611,Comm
Equity Minimum-Variance,2023-12-01,TMUS,0.06411151327689625,Comm
Equity Minimum-Variance,2023-12-01,V,0.07756297807441205,Financials
Equity Minimum-Variance,2023-12-01,WMT,0.17843573505441307,Consumer
Equity Maximum-Sharpe,2021-01-04,NEM,0.1621933399435278,Materials
Equity Maximum-Sharpe,2021-01-04,NVDA,0.19752836614112781,Tech
Equity Maximum-Sharpe,2021-01-04,QCOM,0.001834330512900961,Tech
Equity Maximum-Sharpe,2021-01-04,TMUS,0.2911687893630051,Comm
Equity Maximum-Sharpe,2021-01-04,TTWO,0.2396068412611591,Comm
Equity Maximum-Sharpe,2021-01-04,UPS,0.10766833277798522,Industrials
Equity Maximum-Sharpe,2021-02-01,ABBV,0.0011021439094312882,Healthcare
Equity Maximum-Sharpe,2021-02-01,DD,0.11221443125890776,Materials
Equity Maximum-Sharpe,2021-02-01,NEM,0.14478087872861567,Materials
Equity Maximum-Sharpe,2021-02-01,NVDA,0.25555616441730034,Tech
Equity Maximum-Sharpe,2021-02-01,QCOM,0.11649860298832872,Tech
Equity Maximum-Sharpe,2021-02-01,TMUS,0.0765326369481498,Comm
Equity Maximum-Sharpe,2021-02-01,TTWO,0.18783057830762487,Comm
Equity Maximum-Sharpe,2021-02-01,UPS,0.10548456344163425,Industrials
Equity Maximum-Sharpe,2021-03-01,CAT,0.3009821977570769,Industrials
Equity Maximum-Sharpe,2021-03-01,NVDA,0.08776297081663087,Tech
Equity Maximum-Sharpe,2021-03-01,TTWO,0.32971621017920183,Comm
Equity Maximum-Sharpe,2021-03-01,UPS,0.28153862124706003,Industrials
Equity Maximum-Sharpe,2021-04-01,ABBV,0.11331573525132556,Healthcare
Equity Maximum-Sharpe,2021-04-01,ABT,0.06597577334037012,Healthcare
Equity Maximum-Sharpe,2021-04-01,CAT,0.027979028506477342,Industrials
Equity Maximum-Sharpe,2021-04-01,DD,0.09703835758071848,Materials
Equity Maximum-Sharpe,2021-04-01,DIS,0.05369132910401169,Consumer
Equity Maximum-Sharpe,2021-04-01,EA,0.06658023506899953,Comm
Equity Maximum-Sharpe,2021-04-01,GS,0.1069682265830767,Financials
Equity Maximum-Sharpe,2021-04-01,MS,0.02876926055130611,Financials
Equity Maximum-Sharpe,2021-04-01,NEM,0.01264520717460019,Materials
Equity Maximum-Sharpe,2021-04-01,NUE,0.14234709866890513,Materials
Equity Maximum-Sharpe,2021-04-01,NVDA,0.017856181075176447,Tech
Equity Maximum-Sharpe,2021-04-01,PSA,0.0030603951497249556,RealEstate
Equity Maximum-Sharpe,2021-04-01,TTWO,0.175352262134065,Comm
Equity Maximum-Sharpe,2021-04-01,UPS,0.0884209098112165,Industrials
Equity Maximum-Sharpe,2021-05-03,ABBV,0.13316394386938646,Healthcare
Equity Maximum-Sharpe,2021-05-03,CAT,0.15100120941016937,Industrials
Equity Maximum-Sharpe,2021-05-03,GE,0.00592880049845654,Industrials
Equity Maximum-Sharpe,2021-05-03,MS,0.12135427022919018,Financials
Equity Maximum-Sharpe,2021-05-03,NUE,0.0036732703739674483,Materials
Equity Maximum-Sharpe,2021-05-03,NVDA,0.06872748668760256,Tech
Equity Maximum-Sharpe,2021-05-03,PSA,0.19996926407662596,RealEstate
Equity Maximum-Sharpe,2021-05-03,SHW,0.029188448176089798,Materials
Equity Maximum-Sharpe,2021-05-03,TTWO,0.10228109963152918,Comm
Equity Maximum-Sharpe,2021-05-03,UPS,0.18471220704696165,Industrials
Equity Maximum-Sharpe,2021-06-01,CAT,0.12166760062822861,Industrials
Equity Maximum-Sharpe,2021-06-01,GE,0.07017791948091998,Industrials
Equity Maximum-Sharpe,2021-06-01,MS,0.1271027512203098,Financials
Equity Maximum-Sharpe,2021-06-01,NUE,0.09483694209688064,Materials
Equity Maximum-Sharpe,2021-06-01,NVDA,0.05448107422378142,Tech
Equity Maximum-Sharpe,2021-06-01,PSA,0.2074531260239155,RealEstate
Equity Maximum-Sharpe,2021-06-01,TTWO,0.11420114318176824,Comm
Equity Maximum-Sharpe,2021-06-01,UPS,0.21007944314410504,Industrials
Equity Maximum-Sharpe,2021-07-01,ABT,0.02094911766159896,Healthcare
Equity Maximum-Sharpe,2021-07-01,AMD,0.036257694507562346,Tech
Equity Maximum-Sharpe,2021-07-01,DIS,0.005692334077913671,Consumer
Equity Maximum-Sharpe,2021-07-01,GE,0.07905514156914163,Industrials
Equity Maximum-Sharpe,2021-07-01,GS,0.174649041191967,Financials
Equity Maximum-Sharpe,2021-07-01,NKE,0.06641412550678906,Consumer
Equity Maximum-Sharpe,2021-07-01,NUE,0.09975290225160559,Materials
Equity Maximum-Sharpe,2021-07-01,NVDA,0.09251270829875592,Tech
Equity Maximum-Sharpe,2021-07-01,PSA,0.3375019448266591,RealEstate
Equity Maximum-Sharpe,2021-07-01,UPS,0.08721499010797826,Industrials
Equity Maximum-Sharpe,2021-08-02,ABBV,0.002965612758459648,Healthcare
Equity Maximum-Sharpe,2021-08-02,ADBE,0.0072442751326008865,Tech
Equity Maximum-Sharpe,2021-08-02,DUK,0.004276917754258336,Utilities
Equity Maximum-Sharpe,2021-08-02,GE,0.07122263234957832,Industrials
Equity Maximum-Sharpe,2021-08-02,GS,0.1261454323775945,Financials
Equity Maximum-Sharpe,2021-08-02,MS,0.026197311243749664,Financials
Equity Maximum-Sharpe,2021-08-02,NKE,0.13138216251530474,Consumer
Equity Maximum-Sharpe,2021-08-02,NUE,0.11951968250044603,Materials
Equity Maximum-Sharpe,2021-08-02,NVDA,0.09106109533779197,Tech
Equity Maximum-Sharpe,2021-08-02,PSA,0.38856626855139037,RealEstate
Equity Maximum-Sharpe,2021-08-02,SBUX,0.031418609478790584,Consumer
Equity Maximum-Sharpe,2021-09-01,ABBV,0.022523781518271238,Healthcare
Equity Maximum-Sharpe,2021-09-01,DUK,0.05274380547962573,Utilities
Equity Maximum-Sharpe,2021-09-01,GE,0.06490208481813323,Industrials
Equity Maximum-Sharpe,2021-09-01,GS,0.1999650118109806,Financials
Equity Maximum-Sharpe,2021-09-01,NKE,0.06495041853512902,Consumer
Equity Maximum-Sharpe,2021-09-01,NUE,0.11334488780820282,Materials
Equity Maximum-Sharpe,2021-09-01,NVDA,0.08810566633245445,Tech
Equity Maximum-Sharpe,2021-09-01,PSA,0.39346434369715866,RealEstate
Equity Maximum-Sharpe,2021-10-01,ABBV,0.00893136167188738,Healthcare
Equity Maximum-Sharpe,2021-10-01,ABT,0.002366139590872513,Healthcare
Equity Maximum-Sharpe,2021-10-01,GE,0.10899379412971791,Industrials
Equity Maximum-Sharpe,2021-10-01,GILD,0.012087071743475994,Healthcare
Equity Maximum-Sharpe,2021-10-01,GS,0.04341645686561867,Financials
Equity Maximum-Sharpe,2021-10-01,MS,0.16149980105757927,Financials
Equity Maximum-Sharpe,2021-10-01,NUE,0.0548726033503408,Materials
Equity Maximum-Sharpe,2021-10-01,NVDA,0.11763803608504492,Tech
Equity Maximum-Sharpe,2021-10-01,OXY,0.046811678735786906,Energy
Equity Maximum-Sharpe,2021-10-01,PSA,0.4368863753705033,RealEstate
Equity Maximum-Sharpe,2021-10-01,WFC,0.006496681399107128,Financials
Equity Maximum-Sharpe,2021-11-01,ABBV,0.051230721248783806,Healthcare
Equity Maximum-Sharpe,2021-11-01,ABT,0.08559249871902098,Healthcare
Equity Maximum-Sharpe,2021-11-01,AMD,0.011906284219378357,Tech
Equity Maximum-Sharpe,2021-11-01,COP,0.00080500562374463,Energy
Equity Maximum-Sharpe,2021-11-01,GS,0.1745947353754119,Financials
Equity Maximum-Sharpe,2021-11-01,MRK,0.03270798158987441,Healthcare
Equity Maximum-Sharpe,2021-11-01,NUE,0.02283615086268351,Materials
Equity Maximum-Sharpe,2021-11-01,NVDA,0.08605975684901146,Tech
Equity Maximum-Sharpe,2021-11-01,OXY,0.05751544538487363,Energy
Equity Maximum-Sharpe,2021-11-01,PLD,0.03230550139899548,RealEstate
Equity Maximum-Sharpe,2021-11-01,PSA,0.3377644466959581,RealEstate
Equity Maximum-Sharpe,2021-11-01,SHW,0.025905091799471685,Materials
Equity Maximum-Sharpe,2021-11-01,WFC,0.0807763802327406,Financials
Equity Maximum-Sharpe,2021-12-01,ABT,0.0197040381037395,Healthcare
Equity Maximum-Sharpe,2021-12-01,COP,0.040651447216721384,Energy
Equity Maximum-Sharpe,2021-12-01,GILD,0.09034368574083729,Healthcare
Equity Maximum-Sharpe,2021-12-01,GS,0.12349746699443309,Financials
Equity Maximum-Sharpe,2021-12-01,NUE,0.05224872533579707,Materials
Equity Maximum-Sharpe,2021-12-01,NVDA,0.1491771529116246,Tech
Equity Maximum-Sharpe,2021-12-01,PLD,0.03441717107619667,RealEstate
Equity Maximum-Sharpe,2021-12-01,PSA,0.3728160441964844,RealEstate
Equity Maximum-Sharpe,2021-12-01,SHW,0.0257847318461458,Materials
Equity Maximum-Sharpe,2021-12-01,WFC,0.061504623301475436,Financials
Equity Maximum-Sharpe,2021-12-01,XOM,0.029854913276193686,Energy
Equity Maximum-Sharpe,2022-01-03,ABT,0.07305594076162529,Healthcare
Equity Maximum-Sharpe,2022-01-03,COP,0.08685268445157779,Energy
Equity Maximum-Sharpe,2022-01-03,GILD,0.11588129261465259,Healthcare
Equity Maximum-Sharpe,2022-01-03,NUE,0.10525470018537994,Materials
Equity Maximum-Sharpe,2022-01-03,NVDA,0.09394357084393828,Tech
Equity Maximum-Sharpe,2022-01-03,PLD,0.1015920241120508,RealEstate
Equity Maximum-Sharpe,2022-01-03,PSA,0.3669893471531385,RealEstate
Equity Maximum-Sharpe,2022-01-03,SHW,0.02883632292288652,Materials
Equity Maximum-Sharpe,2022-01-03,WFC,0.02759411695459462,Financials
Equity Maximum-Sharpe,2022-02-01,ABBV,0.11400088870577282,Healthcare
Equity Maximum-Sharpe,2022-02-01,COP,0.16502565219599588,Energy
Equity Maximum-Sharpe,2022-02-01,MS,0.004029443327913128,Financials
Equity Maximum-Sharpe,2022-02-01,NUE,0.07335453187095142,Materials
Equity Maximum-Sharpe,2022-02-01,NVDA,0.06726409882877721,Tech
Equity Maximum-Sharpe,2022-02-01,PLD,0.07237105596589727,RealEstate
Equity Maximum-Sharpe,2022-02-01,PSA,0.40407830021760127,RealEstate
Equity Maximum-Sharpe,2022-02-01,SO,0.038225582455219544,Utilities
Equity Maximum-Sharpe,2022-02-01,WFC,0.061650446431821354,Financials
Equity Maximum-Sharpe,2022-03-01,ABBV,0.18128758474682732,Healthcare
Equity Maximum-Sharpe,2022-03-01,AEP,0.03955810885918533,Utilities
Equity Maximum-Sharpe,2022-03-01,COP,0.15485396695674486,Energy
Equity Maximum-Sharpe,2022-03-01,KO,0.034345999657860685,Consumer
Equity Maximum-Sharpe,2022-03-01,NEM,0.025295118021494544,Materials
Equity Maximum-Sharpe,2022-03-01,NUE,0.0989436444924043,Materials
Equity Maximum-Sharpe,2022-03-01,NVDA,0.06458688309948059,Tech
Equity Maximum-Sharpe,2022-03-01,PSA,0.4011286941657997,RealEstate
Equity Maximum-Sharpe,2022-04-01,ABBV,0.2989040664315438,Healthcare
Equity Maximum-Sharpe,2022-04-01,COP,0.07759321405972106,Energy
Equity Maximum-Sharpe,2022-04-01,CVX,0.10668693711206716,Energy
Equity Maximum-Sharpe,2022-04-01,NEM,0.05845289608853408,Materials
Equity Maximum-Sharpe,2022-04-01,NUE,0.036111807309775784,Materials
Equity Maximum-Sharpe,2022-04-01,NVDA,0.07092896964085058,Tech
Equity Maximum-Sharpe,2022-04-01,OXY,0.004774283759925848,Energy
Equity Maximum-Sharpe,2022-04-01,PLD,0.02609983541790701,RealEstate
Equity Maximum-Sharpe,2022-04-01,PSA,0.32044799017964126,RealEstate
Equity Maximum-Sharpe,2022-05-02,ABBV,0.19772649883875668,Healthcare
Equity Maximum-Sharpe,2022-05-02,COP,0.17412838291736218,Energy
Equity Maximum-Sharpe,2022-05-02,CVX,0.08468152154223572,Energy
Equity Maximum-Sharpe,2022-05-02,KO,0.022719967046369045,Consumer
Equity Maximum-Sharpe,2022-05-02,MRK,0.0806742741648584,Healthcare
Equity Maximum-Sharpe,2022-05-02,NUE,0.10481476708478599,Materials
Equity Maximum-Sharpe,2022-05-02,OXY,0.012921506161340145,Energy
Equity Maximum-Sharpe,2022-05-02,PLD,0.223740761274981,RealEstate
Equity Maximum-Sharpe,2022-05-02,PSA,0.09859232096911483,RealEstate
Equity Maximum-Sharpe,2022-06-01,ABBV,0.2541396966004544,Healthcare
Equity Maximum-Sharpe,2022-06-01,AEP,0.11002919931493706,Utilities
Equity Maximum-Sharpe,2022-06-01,AMD,0.04022408347723462,Tech
Equity Maximum-Sharpe,2022-06-01,COP,0.049921914768856275,Energy
Equity Maximum-Sharpe,2022-06-01,CVX,0.1943221890117429,Energy
Equity Maximum-Sharpe,2022-06-01,MRK,0.1337884338285467,Healthcare
Equity Maximum-Sharpe,2022-06-01,OXY,0.06760659167817648,Energy
Equity Maximum-Sharpe,2022-06-01,SO,0.14996789131997515,Utilities
Equity Maximum-Sharpe,2022-07-01,ABBV,0.467933459842654,Healthcare
Equity Maximum-Sharpe,2022-07-01,CVX,0.11478794722556446,Energy
Equity Maximum-Sharpe,2022-07-01,KO,0.04894328491257642,Consumer
Equity Maximum-Sharpe,2022-07-01,MRK,0.03252125818671526,Healthcare
Equity Maximum-Sharpe,2022-07-01,OXY,0.11048567823726285,Energy
Equity Maximum-Sharpe,2022-07-01,SO,0.22532837159517016,Utilities
Equity Maximum-Sharpe,2022-08-01,ABBV,0.24016247228942506,Healthcare
Equity Maximum-Sharpe,2022-08-01,CVX,0.2103075103223495,Energy
Equity Maximum-Sharpe,2022-08-01,MRK,0.05758978060762897,Healthcare
Equity Maximum-Sharpe,2022-08-01,NUE,0.022231814403388974,Materials
Equity Maximum-Sharpe,2022-08-01,OXY,0.16722361625216878,Energy
Equity Maximum-Sharpe,2022-08-01,SO,0.30248480612501616,Utilities
Equity Maximum-Sharpe,2022-09-01,ABBV,0.08164287542260745,Healthcare
Equity Maximum-Sharpe,2022-09-01,AMGN,0.061910407283573284,Healthcare
Equity Maximum-Sharpe,2022-09-01,COP,0.063346028866287,Energy
Equity Maximum-Sharpe,2022-09-01,CVX,0.13109692243385676,Energy
Equity Maximum-Sharpe,2022-09-01,MRK,0.03263726562789438,Healthcare
Equity Maximum-Sharpe,2022-09-01,OXY,0.22887894815040408,Energy
Equity Maximum-Sharpe,2022-09-01,SO,0.33733654904702215,Utilities
Equity Maximum-Sharpe,2022-09-01,XOM,0.0631510031682535,Energy
Equity Maximum-Sharpe,2022-10-03,ABBV,0.5352614478730483,Healthcare
Equity Maximum-Sharpe,2022-10-03,CVX,0.15171411627788994,Energy
Equity Maximum-Sharpe,2022-10-03,MRK,0.04984181117765238,Healthcare
Equity Maximum-Sharpe,2022-10-03,OXY,0.21428329844429067,Energy
Equity Maximum-Sharpe,2022-10-03,SO,0.012926447497931003,Utilities
Equity Maximum-Sharpe,2022-10-03,XOM,0.03597287872916224,Energy
Equity Maximum-Sharpe,2022-11-01,ABBV,0.17686205979771008,Healthcare
Equity Maximum-Sharpe,2022-11-01,AMGN,0.3894556743767486,Healthcare
Equity Maximum-Sharpe,2022-11-01,CVX,0.05852215160487423,Energy
Equity Maximum-Sharpe,2022-11-01,GILD,0.050730888634752676,Healthcare
Equity Maximum-Sharpe,2022-11-01,OXY,0.10289940959233322,Energy
Equity Maximum-Sharpe,2022-11-01,TMUS,0.008798760047975676,Comm
Equity Maximum-Sharpe,2022-11-01,XOM,0.2127310559455121,Energy
Equity Maximum-Sharpe,2022-12-01,ABBV,0.062052877350931464,Healthcare
Equity Maximum-Sharpe,2022-12-01,AMGN,0.2711149483686404,Healthcare
Equity Maximum-Sharpe,2022-12-01,MRK,0.3881858425010946,Healthcare
Equity Maximum-Sharpe,2022-12-01,OXY,0.08254142128513561,Energy
Equity Maximum-Sharpe,2022-12-01,TMUS,0.024671608272997823,Comm
Equity Maximum-Sharpe,2022-12-01,XOM,0.17143330222085593,Energy
Equity Maximum-Sharpe,2023-01-03,AMGN,0.028317097412239818,Healthcare
Equity Maximum-Sharpe,2023-01-03,MRK,0.6416419507314264,Healthcare
Equity Maximum-Sharpe,2023-01-03,OXY,0.08594942774626985,Energy
Equity Maximum-Sharpe,2023-01-03,XOM,0.24409152411003807,Energy
Equity Maximum-Sharpe,2023-02-01,GILD,0.044725174326824435,Healthcare
Equity Maximum-Sharpe,2023-02-01,MRK,0.4957963794603527,Healthcare
Equity Maximum-Sharpe,2023-02-01,NUE,0.11351485141946088,Materials
Equity Maximum-Sharpe,2023-02-01,OXY,0.06717884045783926,Energy
Equity Maximum-Sharpe,2023-02-01,TMUS,0.1254594180962724,Comm
Equity Maximum-Sharpe,2023-02-01,XOM,0.1533253362391418,Energy
Equity Maximum-Sharpe,2023-03-01,GILD,0.18121306230005832,Healthcare
Equity Maximum-Sharpe,2023-03-01,MRK,0.6036512055702157,Healthcare
Equity Maximum-Sharpe,2023-03-01,NUE,0.023626241131845745,Materials
Equity Maximum-Sharpe,2023-03-01,OXY,0.04560561776726389,Energy
Equity Maximum-Sharpe,2023-03-01,XOM,0.14590387323053858,Energy
Equity Maximum-Sharpe,2023-04-03,GE,0.07007080823788955,Industrials
Equity Maximum-Sharpe,2023-04-03,GILD,0.3661666966333866,Healthcare
Equity Maximum-Sharpe,2023-04-03,MRK,0.402799754535762,Healthcare
Equity Maximum-Sharpe,2023-04-03,XOM,0.16096274059285862,Energy
Equity Maximum-Sharpe,2023-05-01,GE,0.24199864758888684,Industrials
Equity Maximum-Sharpe,2023-05-01,GILD,0.07910298730427995,Healthcare
Equity Maximum-Sharpe,2023-05-01,MRK,0.47120664285982944,Healthcare
Equity Maximum-Sharpe,2023-05-01,SBUX,0.14103957979466075,Consumer
Equity Maximum-Sharpe,2023-05-01,XOM,0.06665214245222974,Energy
Equity Maximum-Sharpe,2023-06-01,BA,0.04490700853329717,Industrials
Equity Maximum-Sharpe,2023-06-01,GE,0.38913348597637515,Industrials
Equity Maximum-Sharpe,2023-06-01,GILD,0.012323760185866537,Healthcare
Equity Maximum-Sharpe,2023-06-01,MRK,0.41700293473466804,Healthcare
Equity Maximum-Sharpe,2023-06-01,NVDA,0.13663281056976953,Tech
Equity Maximum-Sharpe,2023-07-03,GE,0.48789880276857056,Industrials
Equity Maximum-Sharpe,2023-07-03,MRK,0.3187550716708458,Healthcare
Equity Maximum-Sharpe,2023-07-03,NVDA,0.11051399596492184,Tech
Equity Maximum-Sharpe,2023-07-03,WMT,0.08283212959552122,Consumer
Equity Maximum-Sharpe,2023-08-01,GE,0.471046279772938,Industrials
Equity Maximum-Sharpe,2023-08-01,GILD,0.04656573612433946,Healthcare
Equity Maximum-Sharpe,2023-08-01,MRK,0.26635622347949395,Healthcare
Equity Maximum-Sharpe,2023-08-01,NVDA,0.14431409008948545,Tech
Equity Maximum-Sharpe,2023-08-01,SLB,0.06925323216800343,Energy
Equity Maximum-Sharpe,2023-08-01,WMT,0.0024644383656484328,Consumer
Equity Maximum-Sharpe,2023-09-01,GE,0.3992436066943069,Industrials
Equity Maximum-Sharpe,2023-09-01,MRK,0.3463681673089883,Healthcare
Equity Maximum-Sharpe,2023-09-01,NVDA,0.19220119409159764,Tech
Equity Maximum-Sharpe,2023-09-01,SLB,0.024327008105382585,Energy
Equity Maximum-Sharpe,2023-09-01,WMT,0.037860023799701346,Consumer
Equity Maximum-Sharpe,2023-10-02,AMGN,0.08973222440982821,Healthcare
Equity Maximum-Sharpe,2023-10-02,CAT,0.017913212495444947,Industrials
Equity Maximum-Sharpe,2023-10-02,GE,0.494017258423723,Industrials
Equity Maximum-Sharpe,2023-10-02,MRK,0.18396061168819325,Healthcare
Equity Maximum-Sharpe,2023-10-02,NVDA,0.1730603233513484,Tech
Equity Maximum-Sharpe,2023-10-02,SLB,0.04131636963140653,Energy
Equity Maximum-Sharpe,2023-11-01,GE,0.5159327368219819,Industrials
Equity Maximum-Sharpe,2023-11-01,MRK,0.10693560320996015,Healthcare
Equity Maximum-Sharpe,2023-11-01,NVDA,0.24118513318284393,Tech
Equity Maximum-Sharpe,2023-11-01,WMT,0.13594652678516755,Consumer
Equity Maximum-Sharpe,2023-12-01,ADBE,0.09080867766705092,Tech
Equity Maximum-Sharpe,2023-12-01,GE,0.50380271354718,Industrials
Equity Maximum-Sharpe,2023-12-01,INTC,0.04674439948820635,Tech
Equity Maximum-Sharpe,2023-12-01,NVDA,0.21010660754380397,Tech
Equity Maximum-Sharpe,2023-12-01,SO,0.08483617982508071,Utilities
Equity Maximum-Sharpe,2023-12-01,TTWO,0.06370142192866211,Comm
Equity Risk Parity,2021-01-04,ABBV,0.027193658557891083,Healthcare
Equity Risk Parity,2021-01-04,ABT,0.022318972981618588,Healthcare
Equity Risk Parity,2021-01-04,ADBE,0.019168792692807374,Tech
Equity Risk Parity,2021-01-04,AEP,0.024164599301344968,Utilities
Equity Risk Parity,2021-01-04,AMD,0.017256520696314923,Tech
Equity Risk Parity,2021-01-04,AMGN,0.02378427935368663,Healthcare
Equity Risk Parity,2021-01-04,AMT,0.01875755806549556,RealEstate
Equity Risk Parity,2021-01-04,BA,0.011024685620916108,Industrials
Equity Risk Parity,2021-01-04,CAT,0.01851624043598659,Industrials
Equity Risk Parity,2021-01-04,CCI,0.01982759150874778,RealEstate
Equity Risk Parity,2021-01-04,CMCSA,0.020961294027374924,Comm
Equity Risk Parity,2021-01-04,COP,0.012524002344319978,Energy
Equity Risk Parity,2021-01-04,CVX,0.013549227549419656,Energy
Equity Risk Parity,2021-01-04,D,0.019378890536620112,Utilities
Equity Risk Parity,2021-01-04,DD,0.016013380371088497,Materials
Equity Risk Parity,2021-01-04,DIS,0.01828053197024562,Consumer
Equity Risk Parity,2021-01-04,DOW,0.013662442682376754,Materials
Equity Risk Parity,2021-01-04,DUK,0.0193559524013117,Utilities
Equity Risk Parity,2021-01-04,EA,0.03267881435570657,Comm
Equity Risk Parity,2021-01-04,GE,0.014796681502600367,Industrials
Equity Risk Parity,2021-01-04,GILD,0.03633857376317293,Healthcare
Equity Risk Parity,2021-01-04,GS,0.014982323273158123,Financials
Equity Risk Parity,2021-01-04,INTC,0.016709938581099433,Tech
Equity Risk Parity,2021-01-04,KO,0.022653387296977072,Consumer
Equity Risk Parity,2021-01-04,MMM,0.022612554735654364,Industrials
Equity Risk Parity,2021-01-04,MRK,0.027344316441412435,Healthcare
Equity Risk Parity,2021-01-04,MS,0.013245359179190418,Financials
Equity Risk Parity,2021-01-04,NEE,0.019715837581175257,Utilities
Equity Risk Parity,2021-01-04,NEM,0.039276099766356556,Materials
Equity Risk Parity,2021-01-04,NKE,0.02072225469188686,Consumer
Equity Risk Parity,2021-01-04,NUE,0.016450566659129497,Materials
Equity Risk Parity,2021-01-04,NVDA,0.015236354048673677,Tech
Equity Risk Parity,2021-01-04,O,0.015726007498518636,RealEstate
Equity Risk Parity,2021-01-04,OXY,0.009790137394863197,Energy
Equity Risk Parity,2021-01-04,PLD,0.017069721091717508,RealEstate
Equity Risk Parity,2021-01-04,PSA,0.026044816509923303,RealEstate
Equity Risk Parity,2021-01-04,QCOM,0.01720848546588369,Tech
Equity Risk Parity,2021-01-04,SBUX,0.017236193003281514,Consumer
Equity Risk Parity,2021-01-04,SHW,0.020057909042887036,Materials
Equity Risk Parity,2021-01-04,SLB,0.012275648848605946,Energy
Equity Risk Parity,2021-01-04,SO,0.01779599966752571,Utilities
Equity Risk Parity,2021-01-04,T,0.02191309170332352,Comm
Equity Risk Parity,2021-01-04,TMUS,0.02281858070557031,Comm
Equity Risk Parity,2021-01-04,TTWO,0.0317127382010662,Comm
Equity Risk Parity,2021-01-04,UPS,0.023964296175491135,Industrials
Equity Risk Parity,2021-01-04,USB,0.014244652511414296,Financials
Equity Risk Parity,2021-01-04,V,0.017360478961097624,Financials
Equity Risk Parity,2021-01-04,WFC,0.013405897988502202,Financials
Equity Risk Parity,2021-01-04,WMT,0.036389594727702174,Consumer
Equity Risk Parity,2021-01-04,XOM,0.016484067528865574,Energy
Equity Risk Parity,2021-02-01,ABBV,0.026768605874509774,Healthcare
Equity Risk Parity,2021-02-01,ABT,0.02254200930374091,Healthcare
Equity Risk Parity,2021-02-01,ADBE,0.01917986587592955,Tech
Equity Risk Parity,2021-02-01,AEP,0.024333504239485663,Utilities
Equity Risk Parity,2021-02-01,AMD,0.01737468607456025,Tech
Equity Risk Parity,2021-02-01,AMGN,0.023782333337801446,Healthcare
Equity Risk Parity,2021-02-01,AMT,0.018888118435094223,RealEstate
Equity Risk Parity,2021-02-01,BA,0.010981396537439844,Industrials
Equity Risk Parity,2021-02-01,CAT,0.018585165761504204,Industrials
Equity Risk Parity,2021-02-01,CCI,0.01997224868547546,RealEstate
Equity Risk Parity,2021-02-01,CMCSA,0.020817612108710862,Comm
Equity Risk Parity,2021-02-01,COP,0.012478342804680739,Energy
Equity Risk Parity,2021-02-01,CVX,0.013540656311656461,Energy
Equity Risk Parity,2021-02-01,D,0.01960762979989516,Utilities
Equity Risk Parity,2021-02-01,DD,0.01594118614182303,Materials
Equity Risk Parity,2021-02-01,DIS,0.018224723630119195,Consumer
Equity Risk Parity,2021-02-01,DOW,0.013629071711484805,Materials
Equity Risk Parity,2021-02-01,DUK,0.01954471395546244,Utilities
Equity Risk Parity,2021-02-01,EA,0.03302790514929644,Comm
Equity Risk Parity,2021-02-01,GE,0.014841870531826973,Industrials
Equity Risk Parity,2021-02-01,GILD,0.036224971806723176,Healthcare
Equity Risk Parity,2021-02-01,GS,0.015054609442535937,Financials
Equity Risk Parity,2021-02-01,INTC,0.016672323352647324,Tech
Equity Risk Parity,2021-02-01,KO,0.022737449817372832,Consumer
Equity Risk Parity,2021-02-01,MMM,0.02311799971555189,Industrials
Equity Risk Parity,2021-02-01,MRK,0.027229395275862812,Healthcare
Equity Risk Parity,2021-02-01,MS,0.013281113902366571,Financials
Equity Risk Parity,2021-02-01,NEE,0.01925678261811583,Utilities
Equity Risk Parity,2021-02-01,NEM,0.03861137138976837,Materials
Equity Risk Parity,2021-02-01,NKE,0.020662949048886815,Consumer
Equity Risk Parity,2021-02-01,NUE,0.016469639612144808,Materials
Equity Risk Parity,2021-02-01,NVDA,0.015359886258385646,Tech
Equity Risk Parity,2021-02-01,O,0.015789727144178686,RealEstate
Equity Risk Parity,2021-02-01,OXY,0.009777485623226303,Energy
Equity Risk Parity,2021-02-01,PLD,0.01714914023709236,RealEstate
Equity Risk Parity,2021-02-01,PSA,0.02616536267300965,RealEstate
Equity Risk Parity,2021-02-01,QCOM,0.017162948326453552,Tech
Equity Risk Parity,2021-02-01,SBUX,0.017184477573609747,Consumer
Equity Risk Parity,2021-02-01,SHW,0.020194746515244187,Materials
Equity Risk Parity,2021-02-01,SLB,0.012228088640653324,Energy
Equity Risk Parity,2021-02-01,SO,0.017772027711970794,Utilities
Equity Risk Parity,2021-02-01,T,0.02214135696335181,Comm
Equity Risk Parity,2021-02-01,TMUS,0.02256523507876391,Comm
Equity Risk Parity,2021-02-01,TTWO,0.03151390284922068,Comm
Equity Risk Parity,2021-02-01,UPS,0.0239826565008475,Industrials
Equity Risk Parity,2021-02-01,USB,0.014219138140430168,Financials
Equity Risk Parity,2021-02-01,V,0.017398757226610762,Financials
Equity Risk Parity,2021-02-01,WFC,0.013276815414225531,Financials
Equity Risk Parity,2021-02-01,WMT,0.036284219170198716,Consumer
Equity Risk Parity,2021-02-01,XOM,0.01645377570005298,Energy
Equity Risk Parity,2021-03-01,ABBV,0.027067875730156763,Healthcare
Equity Risk Parity,2021-03-01,ABT,0.022778971400699583,Healthcare
Equity Risk Parity,2021-03-01,ADBE,0.019075938847716405,Tech
Equity Risk Parity,2021-03-01,AEP,0.02440430091423842,Utilities
Equity Risk Parity,2021-03-01,AMD,0.01775950799441968,Tech
Equity Risk Parity,2021-03-01,AMGN,0.02433974666326167,Healthcare
Equity Risk Parity,2021-03-01,AMT,0.018596073365675196,RealEstate
Equity Risk Parity,2021-03-01,BA,0.010845374524395733,Industrials
Equity Risk Parity,2021-03-01,CAT,0.01864594541049612,Industrials
Equity Risk Parity,2021-03-01,CCI,0.020261373532042413,RealEstate
Equity Risk Parity,2021-03-01,CMCSA,0.02082277912108928,Comm
Equity Risk Parity,2021-03-01,COP,0.012450728127289382,Energy
Equity Risk Parity,2021-03-01,CVX,0.013488238765973663,Energy
Equity Risk Parity,2021-03-01,D,0.019449841661424244,Utilities
Equity Risk Parity,2021-03-01,DD,0.01605385834070135,Materials
Equity Risk Parity,2021-03-01,DIS,0.018101086619646916,Consumer
Equity Risk Parity,2021-03-01,DOW,0.013729433794709792,Materials
Equity Risk Parity,2021-03-01,DUK,0.019405553953016547,Utilities
Equity Risk Parity,2021-03-01,EA,0.0333015541605306,Comm
Equity Risk Parity,2021-03-01,GE,0.01478922495066196,Industrials
Equity Risk Parity,2021-03-01,GILD,0.03519052891748862,Healthcare
Equity Risk Parity,2021-03-01,GS,0.014918198544704974,Financials
Equity Risk Parity,2021-03-01,INTC,0.016784319755687446,Tech
Equity Risk Parity,2021-03-01,KO,0.022612736317479336,Consumer
Equity Risk Parity,2021-03-01,MMM,0.022936446631260418,Industrials
Equity Risk Parity,2021-03-01,MRK,0.026931932154403763,Healthcare
Equity Risk Parity,2021-03-01,MS,0.013182731478886744,Financials
Equity Risk Parity,2021-03-01,NEE,0.01910523756900184,Utilities
Equity Risk Parity,2021-03-01,NEM,0.03836191711740058,Materials
Equity Risk Parity,2021-03-01,NKE,0.020841646375718684,Consumer
Equity Risk Parity,2021-03-01,NUE,0.016440513384690526,Materials
Equity Risk Parity,2021-03-01,NVDA,0.01553004997195604,Tech
Equity Risk Parity,2021-03-01,O,0.015740844921087398,RealEstate
Equity Risk Parity,2021-03-01,OXY,0.009724216431035078,Energy
Equity Risk Parity,2021-03-01,PLD,0.017242587623237042,RealEstate
Equity Risk Parity,2021-03-01,PSA,0.026403367659699896,RealEstate
Equity Risk Parity,2021-03-01,QCOM,0.017363944065179857,Tech
Equity Risk Parity,2021-03-01,SBUX,0.017082509841053577,Consumer
Equity Risk Parity,2021-03-01,SHW,0.020285519527722305,Materials
Equity Risk Parity,2021-03-01,SLB,0.012205443887486523,Energy
Equity Risk Parity,2021-03-01,SO,0.017594138476472322,Utilities
Equity Risk Parity,2021-03-01,T,0.021831192124914748,Comm
Equity Risk Parity,2021-03-01,TMUS,0.02272551295710043,Comm
Equity Risk Parity,2021-03-01,TTWO,0.03149329165075189,Comm
Equity Risk Parity,2021-03-01,UPS,0.024619752278799985,Industrials
Equity Risk Parity,2021-03-01,USB,0.014075706086472774,Financials
Equity Risk Parity,2021-03-01,V,0.017486890188452172,Financials
Equity Risk Parity,2021-03-01,WFC,0.013052797945909795,Financials
Equity Risk Parity,2021-03-01,WMT,0.03634074288412919,Consumer
Equity Risk Parity,2021-03-01,XOM,0.016527875353670392,Energy
Equity Risk Parity,2021-04-01,ABBV,0.028505967878316,Healthcare
Equity Risk Parity,2021-04-01,ABT,0.025975165786376556,Healthcare
Equity Risk Parity,2021-04-01,ADBE,0.019852344211370034,Tech
Equity Risk Parity,2021-04-01,AEP,0.02288744953763312,Utilities
Equity Risk Parity,2021-04-01,AMD,0.01662338796345682,Tech
Equity Risk Parity,2021-04-01,AMGN,0.026853459362392848,Healthcare
Equity Risk Parity,2021-04-01,AMT,0.019671187797183944,RealEstate
Equity Risk Parity,2021-04-01,BA,0.009427815441349428,Industrials
Equity Risk Parity,2021-04-01,CAT,0.016056017973064236,Industrials
Equity Risk Parity,2021-04-01,CCI,0.021654411687152042,RealEstate
Equity Risk Parity,2021-04-01,CMCSA,0.01831055511709531,Comm
Equity Risk Parity,2021-04-01,COP,0.011699281796686287,Energy
Equity Risk Parity,2021-04-01,CVX,0.01324396074710562,Energy
Equity Risk Parity,2021-04-01,D,0.02633469304471947,Utilities
Equity Risk Parity,2021-04-01,DD,0.014720020144475925,Materials
Equity Risk Parity,2021-04-01,DIS,0.017509983091666008,Consumer
Equity Risk Parity,2021-04-01,DOW,0.011873727951800866,Materials
Equity Risk Parity,2021-04-01,DUK,0.022975467849953884,Utilities
Equity Risk Parity,2021-04-01,EA,0.037936447583863886,Comm
Equity Risk Parity,2021-04-01,GE,0.014106597068253249,Industrials
Equity Risk Parity,2021-04-01,GILD,0.028840223089822543,Healthcare
Equity Risk Parity,2021-04-01,GS,0.01545573171461282,Financials
Equity Risk Parity,2021-04-01,INTC,0.018136047494264344,Tech
Equity Risk Parity,2021-04-01,KO,0.019492018873854315,Consumer
Equity Risk Parity,2021-04-01,MMM,0.0229093741118563,Industrials
Equity Risk Parity,2021-04-01,MRK,0.02618664423763448,Healthcare
Equity Risk Parity,2021-04-01,MS,0.013536943104640575,Financials
Equity Risk Parity,2021-04-01,NEE,0.019762913072477562,Utilities
Equity Risk Parity,2021-04-01,NEM,0.03061728660922973,Materials
Equity Risk Parity,2021-04-01,NKE,0.020687522115015004,Consumer
Equity Risk Parity,2021-04-01,NUE,0.015340661937060865,Materials
Equity Risk Parity,2021-04-01,NVDA,0.01506267743829306,Tech
Equity Risk Parity,2021-04-01,O,0.016111419781274373,RealEstate
Equity Risk Parity,2021-04-01,OXY,0.0076066554061172366,Energy
Equity Risk Parity,2021-04-01,PLD,0.01672826903437974,RealEstate
Equity Risk Parity,2021-04-01,PSA,0.030937342047208976,RealEstate
Equity Risk Parity,2021-04-01,QCOM,0.01612651372511555,Tech
Equity Risk Parity,2021-04-01,SBUX,0.016822484045224316,Consumer
Equity Risk Parity,2021-04-01,SHW,0.019987774683970373,Materials
Equity Risk Parity,2021-04-01,SLB,0.010002599611425595,Energy
Equity Risk Parity,2021-04-01,SO,0.01853231224157983,Utilities
Equity Risk Parity,2021-04-01,T,0.02233209087420486,Comm
Equity Risk Parity,2021-04-01,TMUS,0.02356568152539604,Comm
Equity Risk Parity,2021-04-01,TTWO,0.038457917012714005,Comm
Equity Risk Parity,2021-04-01,UPS,0.020309897273026737,Industrials
Equity Risk Parity,2021-04-01,USB,0.012463833964121046,Financials
Equity Risk Parity,2021-04-01,V,0.016099178070578604,Financials
Equity Risk Parity,2021-04-01,WFC,0.012321577224561705,Financials
Equity Risk Parity,2021-04-01,WMT,0.045578790394416195,Consumer
Equity Risk Parity,2021-04-01,XOM,0.01376967725200769,Energy
Equity Risk Parity,2021-05-03,ABBV,0.029859000084245413,Healthcare
Equity Risk Parity,2021-05-03,ABT,0.02389676845046789,Healthcare
Equity Risk Parity,2021-05-03,ADBE,0.020911773031105654,Tech
Equity Risk Parity,2021-05-03,AEP,0.029061643239265807,Utilities
Equity Risk Parity,2021-05-03,AMD,0.015794751132102672,Tech
Equity Risk Parity,2021-05-03,AMGN,0.025940877003535274,Healthcare
Equity Risk Parity,2021-05-03,AMT,0.02151540903067089,RealEstate
Equity Risk Parity,2021-05-03,BA,0.008453832521018313,Industrials
Equity Risk Parity,2021-05-03,CAT,0.015126793057847216,Industrials
Equity Risk Parity,2021-05-03,CCI,0.022238767405038853,RealEstate
Equity Risk Parity,2021-05-03,CMCSA,0.018301639525180685,Comm
Equity Risk Parity,2021-05-03,COP,0.01065457688390702,Energy
Equity Risk Parity,2021-05-03,CVX,0.012936421924449007,Energy
Equity Risk Parity,2021-05-03,D,0.03286544438492995,Utilities
Equity Risk Parity,2021-05-03,DD,0.0141720961690893,Materials
Equity Risk Parity,2021-05-03,DIS,0.016002968059741694,Consumer
Equity Risk Parity,2021-05-03,DOW,0.011446357555080175,Materials
Equity Risk Parity,2021-05-03,DUK,0.02770673941698334,Utilities
Equity Risk Parity,2021-05-03,EA,0.032842190695092234,Comm
Equity Risk Parity,2021-05-03,GE,0.012507909444558894,Industrials
Equity Risk Parity,2021-05-03,GILD,0.03003057060765625,Healthcare
Equity Risk Parity,2021-05-03,GS,0.014728151943503584,Financials
Equity Risk Parity,2021-05-03,INTC,0.017446591775790103,Tech
Equity Risk Parity,2021-05-03,KO,0.019974877553849076,Consumer
Equity Risk Parity,2021-05-03,MMM,0.02188654890917871,Industrials
Equity Risk Parity,2021-05-03,MRK,0.030072780788580455,Healthcare
Equity Risk Parity,2021-05-03,MS,0.013579960162633974,Financials
Equity Risk Parity,2021-05-03,NEE,0.021877373525102987,Utilities
Equity Risk Parity,2021-05-03,NEM,0.029435948488683018,Materials
Equity Risk Parity,2021-05-03,NKE,0.02070469815382468,Consumer
Equity Risk Parity,2021-05-03,NUE,0.013091955984563437,Materials
Equity Risk Parity,2021-05-03,NVDA,0.01520231625532481,Tech
Equity Risk Parity,2021-05-03,O,0.017131471936941305,RealEstate
Equity Risk Parity,2021-05-03,OXY,0.006704745399580144,Energy
Equity Risk Parity,2021-05-03,PLD,0.017968454927357175,RealEstate
Equity Risk Parity,2021-05-03,PSA,0.02862283295136189,RealEstate
Equity Risk Parity,2021-05-03,QCOM,0.014056850974071078,Tech
Equity Risk Parity,2021-05-03,SBUX,0.016940229981313167,Consumer
Equity Risk Parity,2021-05-03,SHW,0.024518757671710845,Materials
Equity Risk Parity,2021-05-03,SLB,0.008934989135711611,Energy
Equity Risk Parity,2021-05-03,SO,0.022535005128764437,Utilities
Equity Risk Parity,2021-05-03,T,0.024645300719737508,Comm
Equity Risk Parity,2021-05-03,TMUS,0.01893241857516241,Comm
Equity Risk Parity,2021-05-03,TTWO,0.03193188107750831,Comm
Equity Risk Parity,2021-05-03,UPS,0.01901748239959905,Industrials
Equity Risk Parity,2021-05-03,USB,0.012695555489888499,Financials
Equity Risk Parity,2021-05-03,V,0.01737101111039045,Financials
Equity Risk Parity,2021-05-03,WFC,0.011692374482661833,Financials
Equity Risk Parity,2021-05-03,WMT,0.043951514294589045,Consumer
Equity Risk Parity,2021-05-03,XOM,0.012081390580649973,Energy
Equity Risk Parity,2021-06-01,ABBV,0.02485456687359592,Healthcare
Equity Risk Parity,2021-06-01,ABT,0.024137959809537396,Healthcare
Equity Risk Parity,2021-06-01,ADBE,0.019391010266409447,Tech
Equity Risk Parity,2021-06-01,AEP,0.031187999724779238,Utilities
Equity Risk Parity,2021-06-01,AMD,0.015807705819981102,Tech
Equity Risk Parity,2021-06-01,AMGN,0.023645987116515516,Healthcare
Equity Risk Parity,2021-06-01,AMT,0.021752429432878383,RealEstate
Equity Risk Parity,2021-06-01,BA,0.008372107484458529,Industrials
Equity Risk Parity,2021-06-01,CAT,0.016144696399355642,Industrials
Equity Risk Parity,2021-06-01,CCI,0.023869401010059986,RealEstate
Equity Risk Parity,2021-06-01,CMCSA,0.01840705285531949,Comm
Equity Risk Parity,2021-06-01,COP,0.010517562030563081,Energy
Equity Risk Parity,2021-06-01,CVX,0.012917886175833022,Energy
Equity Risk Parity,2021-06-01,D,0.03194043843094326,Utilities
Equity Risk Parity,2021-06-01,DD,0.014144530035061423,Materials
Equity Risk Parity,2021-06-01,DIS,0.017025116443027212,Consumer
Equity Risk Parity,2021-06-01,DOW,0.012334352168305104,Materials
Equity Risk Parity,2021-06-01,DUK,0.028679758596376965,Utilities
Equity Risk Parity,2021-06-01,EA,0.031138329882803916,Comm
Equity Risk Parity,2021-06-01,GE,0.013599314551155718,Industrials
Equity Risk Parity,2021-06-01,GILD,0.03125468724183838,Healthcare
Equity Risk Parity,2021-06-01,GS,0.015260397169179266,Financials
Equity Risk Parity,2021-06-01,INTC,0.017137151005128356,Tech
Equity Risk Parity,2021-06-01,KO,0.01998656731746032,Consumer
Equity Risk Parity,2021-06-01,MMM,0.024022942575583385,Industrials
Equity Risk Parity,2021-06-01,MRK,0.028685900509175168,Healthcare
Equity Risk Parity,2021-06-01,MS,0.014713439989962357,Financials
Equity Risk Parity,2021-06-01,NEE,0.021874106852985534,Utilities
Equity Risk Parity,2021-06-01,NEM,0.02416162370740849,Materials
Equity Risk Parity,2021-06-01,NKE,0.020488283634909427,Consumer
Equity Risk Parity,2021-06-01,NUE,0.012497553143687097,Materials
Equity Risk Parity,2021-06-01,NVDA,0.014405072214171163,Tech
Equity Risk Parity,2021-06-01,O,0.017733132982037457,RealEstate
Equity Risk Parity,2021-06-01,OXY,0.006788526049375831,Energy
Equity Risk Parity,2021-06-01,PLD,0.019044153533332987,RealEstate
Equity Risk Parity,2021-06-01,PSA,0.03310637912278863,RealEstate
Equity Risk Parity,2021-06-01,QCOM,0.01406740367458491,Tech
Equity Risk Parity,2021-06-01,SBUX,0.016383780291000096,Consumer
Equity Risk Parity,2021-06-01,SHW,0.02337029819550249,Materials
Equity Risk Parity,2021-06-01,SLB,0.009686800697632034,Energy
Equity Risk Parity,2021-06-01,SO,0.02434102738572464,Utilities
Equity Risk Parity,2021-06-01,T,0.026522306291909745,Comm
Equity Risk Parity,2021-06-01,TMUS,0.020705879115793933,Comm
Equity Risk Parity,2021-06-01,TTWO,0.030056868831466924,Comm
Equity Risk Parity,2021-06-01,UPS,0.018939307425032435,Industrials
Equity Risk Parity,2021-06-01,USB,0.013660384400417653,Financials
Equity Risk Parity,2021-06-01,V,0.017009153562522906,Financials
Equity Risk Parity,2021-06-01,WFC,0.012511351134936616,Financials
Equity Risk Parity,2021-06-01,WMT,0.03916722756186111,Consumer
Equity Risk Parity,2021-06-01,XOM,0.012550089275630472,Energy
Equity Risk Parity,2021-07-01,ABBV,0.023761708818294702,Healthcare
Equity Risk Parity,2021-07-01,ABT,0.02596675756547561,Healthcare
Equity Risk Parity,2021-07-01,ADBE,0.019885403338376056,Tech
Equity Risk Parity,2021-07-01,AEP,0.031244491437969493,Utilities
Equity Risk Parity,2021-07-01,AMD,0.01627247986111135,Tech
Equity Risk Parity,2021-07-01,AMGN,0.02127819154724661,Healthcare
Equity Risk Parity,2021-07-01,AMT,0.023804625679912726,RealEstate
Equity Risk Parity,2021-07-01,BA,0.010090477915793324,Industrials
Equity Risk Parity,2021-07-01,CAT,0.01734321845075709,Industrials
Equity Risk Parity,2021-07-01,CCI,0.027475613085491412,RealEstate
Equity Risk Parity,2021-07-01,CMCSA,0.01692402152470474,Comm
Equity Risk Parity,2021-07-01,COP,0.010395709555196966,Energy
Equity Risk Parity,2021-07-01,CVX,0.01279168380173491,Energy
Equity Risk Parity,2021-07-01,D,0.029074132031427162,Utilities
Equity Risk Parity,2021-07-01,DD,0.01382484232046062,Materials
Equity Risk Parity,2021-07-01,DIS,0.017676476908809597,Consumer
Equity Risk Parity,2021-07-01,DOW,0.01274244441593722,Materials
Equity Risk Parity,2021-07-01,DUK,0.027269831177483366,Utilities
Equity Risk Parity,2021-07-01,EA,0.02564302976146095,Comm
Equity Risk Parity,2021-07-01,GE,0.014922032001966623,Industrials
Equity Risk Parity,2021-07-01,GILD,0.02795476119890491,Healthcare
Equity Risk Parity,2021-07-01,GS,0.017048554558483628,Financials
Equity Risk Parity,2021-07-01,INTC,0.01569278693527309,Tech
Equity Risk Parity,2021-07-01,KO,0.02060140511732891,Consumer
Equity Risk Parity,2021-07-01,MMM,0.026262959448672272,Industrials
Equity Risk Parity,2021-07-01,MRK,0.030954258367778535,Healthcare
Equity Risk Parity,2021-07-01,MS,0.01450237394543175,Financials
Equity Risk Parity,2021-07-01,NEE,0.019906857208200204,Utilities
Equity Risk Parity,2021-07-01,NEM,0.019578673178283507,Materials
Equity Risk Parity,2021-07-01,NKE,0.023167787104487976,Consumer
Equity Risk Parity,2021-07-01,NUE,0.012290002078470266,Materials
Equity Risk Parity,2021-07-01,NVDA,0.013806544675504597,Tech
Equity Risk Parity,2021-07-01,O,0.019225585397194482,RealEstate
Equity Risk Parity,2021-07-01,OXY,0.008369996020403376,Energy
Equity Risk Parity,2021-07-01,PLD,0.020015378575861293,RealEstate
Equity Risk Parity,2021-07-01,PSA,0.037270017239890825,RealEstate
Equity Risk Parity,2021-07-01,QCOM,0.013905879060465837,Tech
Equity Risk Parity,2021-07-01,SBUX,0.018145615934941576,Consumer
Equity Risk Parity,2021-07-01,SHW,0.02436229264810642,Materials
Equity Risk Parity,2021-07-01,SLB,0.010159571814038941,Energy
Equity Risk Parity,2021-07-01,SO,0.023596117330592227,Utilities
Equity Risk Parity,2021-07-01,T,0.03157013953176276,Comm
Equity Risk Parity,2021-07-01,TMUS,0.01987499448502656,Comm
Equity Risk Parity,2021-07-01,TTWO,0.02573266932710931,Comm
Equity Risk Parity,2021-07-01,UPS,0.019978779542122356,Industrials
Equity Risk Parity,2021-07-01,USB,0.014599803644241406,Financials
Equity Risk Parity,2021-07-01,V,0.016136767382042897,Financials
Equity Risk Parity,2021-07-01,WFC,0.013438922256257068,Financials
Equity Risk Parity,2021-07-01,WMT,0.03034858710386759,Consumer
Equity Risk Parity,2021-07-01,XOM,0.013114747689645097,Energy
Equity Risk Parity,2021-08-02,ABBV,0.022908885929934293,Healthcare
Equity Risk Parity,2021-08-02,ABT,0.0270615821689454,Healthcare
Equity Risk Parity,2021-08-02,ADBE,0.019984381555116584,Tech
Equity Risk Parity,2021-08-02,AEP,0.03081260241439569,Utilities
Equity Risk Parity,2021-08-02,AMD,0.016025907679217154,Tech
Equity Risk Parity,2021-08-02,AMGN,0.021332967952384273,Healthcare
Equity Risk Parity,2021-08-02,AMT,0.024446995974858977,RealEstate
Equity Risk Parity,2021-08-02,BA,0.010091263246135804,Industrials
Equity Risk Parity,2021-08-02,CAT,0.017254536000269778,Industrials
Equity Risk Parity,2021-08-02,CCI,0.028709018844904916,RealEstate
Equity Risk Parity,2021-08-02,CMCSA,0.01711799163017574,Comm
Equity Risk Parity,2021-08-02,COP,0.010518509400805494,Energy
Equity Risk Parity,2021-08-02,CVX,0.013061483987613445,Energy
Equity Risk Parity,2021-08-02,D,0.028345552099332556,Utilities
Equity Risk Parity,2021-08-02,DD,0.01348831184157141,Materials
Equity Risk Parity,2021-08-02,DIS,0.017054427459975128,Consumer
Equity Risk Parity,2021-08-02,DOW,0.012911405449355824,Materials
Equity Risk Parity,2021-08-02,DUK,0.027704355941242757,Utilities
Equity Risk Parity,2021-08-02,EA,0.025610294319826934,Comm
Equity Risk Parity,2021-08-02,GE,0.014463412255931734,Industrials
Equity Risk Parity,2021-08-02,GILD,0.027261011406678987,Healthcare
Equity Risk Parity,2021-08-02,GS,0.016799021053005778,Financials
Equity Risk Parity,2021-08-02,INTC,0.015848244146677914,Tech
Equity Risk Parity,2021-08-02,KO,0.021350471289257576,Consumer
Equity Risk Parity,2021-08-02,MMM,0.026472166032298624,Industrials
Equity Risk Parity,2021-08-02,MRK,0.031804223402749965,Healthcare
Equity Risk Parity,2021-08-02,MS,0.01419358466790826,Financials
Equity Risk Parity,2021-08-02,NEE,0.020566940668629453,Utilities
Equity Risk Parity,2021-08-02,NEM,0.01953334665421719,Materials
Equity Risk Parity,2021-08-02,NKE,0.023619078892371,Consumer
Equity Risk Parity,2021-08-02,NUE,0.01197707134168947,Materials
Equity Risk Parity,2021-08-02,NVDA,0.013739306366927394,Tech
Equity Risk Parity,2021-08-02,O,0.019861570659057425,RealEstate
Equity Risk Parity,2021-08-02,OXY,0.008501811665002296,Energy
Equity Risk Parity,2021-08-02,PLD,0.019995712169908197,RealEstate
Equity Risk Parity,2021-08-02,PSA,0.03659160444588544,RealEstate
Equity Risk Parity,2021-08-02,QCOM,0.012954714134338276,Tech
Equity Risk Parity,2021-08-02,SBUX,0.018353467835762177,Consumer
Equity Risk Parity,2021-08-02,SHW,0.025818076509345374,Materials
Equity Risk Parity,2021-08-02,SLB,0.01018193646166809,Energy
Equity Risk Parity,2021-08-02,SO,0.024097117981417747,Utilities
Equity Risk Parity,2021-08-02,T,0.030958244136257237,Comm
Equity Risk Parity,2021-08-02,TMUS,0.019747403128812024,Comm
Equity Risk Parity,2021-08-02,TTWO,0.026363320213937235,Comm
Equity Risk Parity,2021-08-02,UPS,0.019419497389956023,Industrials
Equity Risk Parity,2021-08-02,USB,0.014002755925387737,Financials
Equity Risk Parity,2021-08-02,V,0.016179348735273897,Financials
Equity Risk Parity,2021-08-02,WFC,0.012983791491773393,Financials
Equity Risk Parity,2021-08-02,WMT,0.028776009652579922,Consumer
Equity Risk Parity,2021-08-02,XOM,0.013145265389232023,Energy
Equity Risk Parity,2021-09-01,ABBV,0.022078575042533483,Healthcare
Equity Risk Parity,2021-09-01,ABT,0.027173855631598774,Healthcare
Equity Risk Parity,2021-09-01,ADBE,0.018913469264059166,Tech
Equity Risk Parity,2021-09-01,AEP,0.031839797299804476,Utilities
Equity Risk Parity,2021-09-01,AMD,0.016902711831240518,Tech
Equity Risk Parity,2021-09-01,AMGN,0.019863759326554088,Healthcare
Equity Risk Parity,2021-09-01,AMT,0.02518749658039022,RealEstate
Equity Risk Parity,2021-09-01,BA,0.009845092447299975,Industrials
Equity Risk Parity,2021-09-01,CAT,0.016589456908889116,Industrials
Equity Risk Parity,2021-09-01,CCI,0.03000818688605428,RealEstate
Equity Risk Parity,2021-09-01,CMCSA,0.01673564750020506,Comm
Equity Risk Parity,2021-09-01,COP,0.010532084237133702,Energy
Equity Risk Parity,2021-09-01,CVX,0.012949045729750289,Energy
Equity Risk Parity,2021-09-01,D,0.02879305848720873,Utilities
Equity Risk Parity,2021-09-01,DD,0.013705222335847155,Materials
Equity Risk Parity,2021-09-01,DIS,0.016871014259906607,Consumer
Equity Risk Parity,2021-09-01,DOW,0.012989495872220185,Materials
Equity Risk Parity,2021-09-01,DUK,0.028007134779307406,Utilities
Equity Risk Parity,2021-09-01,EA,0.026191814541116416,Comm
Equity Risk Parity,2021-09-01,GE,0.014665574360488114,Industrials
Equity Risk Parity,2021-09-01,GILD,0.02663892985301721,Healthcare
Equity Risk Parity,2021-09-01,GS,0.016397322591795844,Financials
Equity Risk Parity,2021-09-01,INTC,0.015809259313675668,Tech
Equity Risk Parity,2021-09-01,KO,0.021597975789363653,Consumer
Equity Risk Parity,2021-09-01,MMM,0.025720690241504935,Industrials
Equity Risk Parity,2021-09-01,MRK,0.03039856008850832,Healthcare
Equity Risk Parity,2021-09-01,MS,0.013738118239429132,Financials
Equity Risk Parity,2021-09-01,NEE,0.02129062874587554,Utilities
Equity Risk Parity,2021-09-01,NEM,0.01936793770135908,Materials
Equity Risk Parity,2021-09-01,NKE,0.022592712676252378,Consumer
Equity Risk Parity,2021-09-01,NUE,0.011831333950034781,Materials
Equity Risk Parity,2021-09-01,NVDA,0.013743305551181634,Tech
Equity Risk Parity,2021-09-01,O,0.020690580930386313,RealEstate
Equity Risk Parity,2021-09-01,OXY,0.008433324912780184,Energy
Equity Risk Parity,2021-09-01,PLD,0.02010718060709178,RealEstate
Equity Risk Parity,2021-09-01,PSA,0.03836434298812673,RealEstate
Equity Risk Parity,2021-09-01,QCOM,0.0127790635137562,Tech
Equity Risk Parity,2021-09-01,SBUX,0.017984867594880515,Consumer
Equity Risk Parity,2021-09-01,SHW,0.02547114655946842,Materials
Equity Risk Parity,2021-09-01,SLB,0.01015429785574021,Energy
Equity Risk Parity,2021-09-01,SO,0.02459247434119084,Utilities
Equity Risk Parity,2021-09-01,T,0.030243801716487537,Comm
Equity Risk Parity,2021-09-01,TMUS,0.020045572109807078,Comm
Equity Risk Parity,2021-09-01,TTWO,0.02751320454005778,Comm
Equity Risk Parity,2021-09-01,UPS,0.01984997810543896,Industrials
Equity Risk Parity,2021-09-01,USB,0.013542872441810894,Financials
Equity Risk Parity,2021-09-01,V,0.015834827303415667,Financials
Equity Risk Parity,2021-09-01,WFC,0.012584891090039671,Financials
Equity Risk Parity,2021-09-01,WMT,0.029909208267113414,Consumer
Equity Risk Parity,2021-09-01,XOM,0.012929097058801891,Energy
Equity Risk Parity,2021-10-01,ABBV,0.020862287217086377,Healthcare
Equity Risk Parity,2021-10-01,ABT,0.02928510079440168,Healthcare
Equity Risk Parity,2021-10-01,ADBE,0.02007258795466967,Tech
Equity Risk Parity,2021-10-01,AEP,0.02994164500029932,Utilities
Equity Risk Parity,2021-10-01,AMD,0.017159664992868057,Tech
Equity Risk Parity,2021-10-01,AMGN,0.02078200609448984,Healthcare
Equity Risk Parity,2021-10-01,AMT,0.026763051974394166,RealEstate
Equity Risk Parity,2021-10-01,BA,0.009952212332361125,Industrials
Equity Risk Parity,2021-10-01,CAT,0.015287948935087847,Industrials
Equity Risk Parity,2021-10-01,CCI,0.03451933172197831,RealEstate
Equity Risk Parity,2021-10-01,CMCSA,0.015212540115061669,Comm
Equity Risk Parity,2021-10-01,COP,0.010275399428982866,Energy
Equity Risk Parity,2021-10-01,CVX,0.01255562779337596,Energy
Equity Risk Parity,2021-10-01,D,0.027898863640592103,Utilities
Equity Risk Parity,2021-10-01,DD,0.01418436843656057,Materials
Equity Risk Parity,2021-10-01,DIS,0.015312850193159555,Consumer
Equity Risk Parity,2021-10-01,DOW,0.012633853666095868,Materials
Equity Risk Parity,2021-10-01,DUK,0.029046687545011354,Utilities
Equity Risk Parity,2021-10-01,EA,0.0300698261068864,Comm
Equity Risk Parity,2021-10-01,GE,0.015262155239376268,Industrials
Equity Risk Parity,2021-10-01,GILD,0.026091853972358418,Healthcare
Equity Risk Parity,2021-10-01,GS,0.01547449096153329,Financials
Equity Risk Parity,2021-10-01,INTC,0.015706647641844398,Tech
Equity Risk Parity,2021-10-01,KO,0.021880636791058346,Consumer
Equity Risk Parity,2021-10-01,MMM,0.0260320489340614,Industrials
Equity Risk Parity,2021-10-01,MRK,0.03165983244963184,Healthcare
Equity Risk Parity,2021-10-01,MS,0.01343005864792024,Financials
Equity Risk Parity,2021-10-01,NEE,0.020774287313087392,Utilities
Equity Risk Parity,2021-10-01,NEM,0.020313464988118764,Materials
Equity Risk Parity,2021-10-01,NKE,0.018218481122150028,Consumer
Equity Risk Parity,2021-10-01,NUE,0.011017062312719253,Materials
Equity Risk Parity,2021-10-01,NVDA,0.015573494389959993,Tech
Equity Risk Parity,2021-10-01,O,0.020203917614110938,RealEstate
Equity Risk Parity,2021-10-01,OXY,0.00798583953046054,Energy
Equity Risk Parity,2021-10-01,PLD,0.021806473138857394,RealEstate
Equity Risk Parity,2021-10-01,PSA,0.03780273538134522,RealEstate
Equity Risk Parity,2021-10-01,QCOM,0.012922395790348845,Tech
Equity Risk Parity,2021-10-01,SBUX,0.01780530186731677,Consumer
Equity Risk Parity,2021-10-01,SHW,0.026127769562450984,Materials
Equity Risk Parity,2021-10-01,SLB,0.009839006943685301,Energy
Equity Risk Parity,2021-10-01,SO,0.02293644759829559,Utilities
Equity Risk Parity,2021-10-01,T,0.02802191752964732,Comm
Equity Risk Parity,2021-10-01,TMUS,0.02020303137596623,Comm
Equity Risk Parity,2021-10-01,TTWO,0.027909424602665253,Comm
Equity Risk Parity,2021-10-01,UPS,0.01957265982814826,Industrials
Equity Risk Parity,2021-10-01,USB,0.013659154709997219,Financials
Equity Risk Parity,2021-10-01,V,0.016075660770911382,Financials
Equity Risk Parity,2021-10-01,WFC,0.012123237308105494,Financials
Equity Risk Parity,2021-10-01,WMT,0.029959639556300273,Consumer
Equity Risk Parity,2021-10-01,XOM,0.011795018184204722,Energy
Equity Risk Parity,2021-11-01,ABBV,0.022184770848477267,Healthcare
Equity Risk Parity,2021-11-01,ABT,0.031101210607926127,Healthcare
Equity Risk Parity,2021-11-01,ADBE,0.021325635234110765,Tech
Equity Risk Parity,2021-11-01,AEP,0.029441413878407444,Utilities
Equity Risk Parity,2021-11-01,AMD,0.018295683079741137,Tech
Equity Risk Parity,2021-11-01,AMGN,0.020882628312324843,Healthcare
Equity Risk Parity,2021-11-01,AMT,0.026246043069862744,RealEstate
Equity Risk Parity,2021-11-01,BA,0.010679821991338972,Industrials
Equity Risk Parity,2021-11-01,CAT,0.015457587830961338,Industrials
Equity Risk Parity,2021-11-01,CCI,0.031560155304959,RealEstate
Equity Risk Parity,2021-11-01,CMCSA,0.014973486633134749,Comm
Equity Risk Parity,2021-11-01,COP,0.011123763528573366,Energy
Equity Risk Parity,2021-11-01,CVX,0.01269697169573427,Energy
Equity Risk Parity,2021-11-01,D,0.026608280705842348,Utilities
Equity Risk Parity,2021-11-01,DD,0.01364133359854716,Materials
Equity Risk Parity,2021-11-01,DIS,0.015116509102555522,Consumer
Equity Risk Parity,2021-11-01,DOW,0.011855974744893345,Materials
Equity Risk Parity,2021-11-01,DUK,0.029187839775659096,Utilities
Equity Risk Parity,2021-11-01,EA,0.030057937022226672,Comm
Equity Risk Parity,2021-11-01,GE,0.013878704070246954,Industrials
Equity Risk Parity,2021-11-01,GILD,0.027545087570915214,Healthcare
Equity Risk Parity,2021-11-01,GS,0.015660310112931272,Financials
Equity Risk Parity,2021-11-01,INTC,0.015675663058316816,Tech
Equity Risk Parity,2021-11-01,KO,0.024026530965379274,Consumer
Equity Risk Parity,2021-11-01,MMM,0.026247334318028948,Industrials
Equity Risk Parity,2021-11-01,MRK,0.0285516763580644,Healthcare
Equity Risk Parity,2021-11-01,MS,0.013489917667228622,Financials
Equity Risk Parity,2021-11-01,NEE,0.019863999893619554,Utilities
Equity Risk Parity,2021-11-01,NEM,0.02187308334427432,Materials
Equity Risk Parity,2021-11-01,NKE,0.01822381754441664,Consumer
Equity Risk Parity,2021-11-01,NUE,0.010930862221754016,Materials
Equity Risk Parity,2021-11-01,NVDA,0.016015995676917815,Tech
Equity Risk Parity,2021-11-01,O,0.019820565594056986,RealEstate
Equity Risk Parity,2021-11-01,OXY,0.008273806747438944,Energy
Equity Risk Parity,2021-11-01,PLD,0.02215451393722501,RealEstate
Equity Risk Parity,2021-11-01,PSA,0.038067867260695006,RealEstate
Equity Risk Parity,2021-11-01,QCOM,0.012740743659680365,Tech
Equity Risk Parity,2021-11-01,SBUX,0.018075864409785213,Consumer
Equity Risk Parity,2021-11-01,SHW,0.02423170519790746,Materials
Equity Risk Parity,2021-11-01,SLB,0.009581564547159912,Energy
Equity Risk Parity,2021-11-01,SO,0.0227531969822194,Utilities
Equity Risk Parity,2021-11-01,T,0.02727851111637214,Comm
Equity Risk Parity,2021-11-01,TMUS,0.020655286415725574,Comm
Equity Risk Parity,2021-11-01,TTWO,0.026129492431441487,Comm
Equity Risk Parity,2021-11-01,UPS,0.02164723945846068,Industrials
Equity Risk Parity,2021-11-01,USB,0.014144345109085991,Financials
Equity Risk Parity,2021-11-01,V,0.015753328095159,Financials
Equity Risk Parity,2021-11-01,WFC,0.012707969172518308,Financials
Equity Risk Parity,2021-11-01,WMT,0.029584866539452498,Consumer
Equity Risk Parity,2021-11-01,XOM,0.011979103558246027,Energy
Equity Risk Parity,2021-12-01,ABBV,0.022266824192336665,Healthcare
Equity Risk Parity,2021-12-01,ABT,0.03163338058925754,Healthcare
Equity Risk Parity,2021-12-01,ADBE,0.020160615759422268,Tech
Equity Risk Parity,2021-12-01,AEP,0.029466184708212103,Utilities
Equity Risk Parity,2021-12-01,AMD,0.016002506759289728,Tech
Equity Risk Parity,2021-12-01,AMGN,0.020897160179814037,Healthcare
Equity Risk Parity,2021-12-01,AMT,0.024599635596266038,RealEstate
Equity Risk Parity,2021-12-01,BA,0.0130668735839965,Industrials
Equity Risk Parity,2021-12-01,CAT,0.015097257149348706,Industrials
Equity Risk Parity,2021-12-01,CCI,0.02655951979611479,RealEstate
Equity Risk Parity,2021-12-01,CMCSA,0.015674667233821774,Comm
Equity Risk Parity,2021-12-01,COP,0.012278647515317147,Energy
Equity Risk Parity,2021-12-01,CVX,0.015127251213578009,Energy
Equity Risk Parity,2021-12-01,D,0.026675392234108745,Utilities
Equity Risk Parity,2021-12-01,DD,0.013455677055444874,Materials
Equity Risk Parity,2021-12-01,DIS,0.016898198432038214,Consumer
Equity Risk Parity,2021-12-01,DOW,0.012614989036608007,Materials
Equity Risk Parity,2021-12-01,DUK,0.031906831694083836,Utilities
Equity Risk Parity,2021-12-01,EA,0.029487163747970623,Comm
Equity Risk Parity,2021-12-01,GE,0.014114755776440316,Industrials
Equity Risk Parity,2021-12-01,GILD,0.026746885010278384,Healthcare
Equity Risk Parity,2021-12-01,GS,0.016369942978833978,Financials
Equity Risk Parity,2021-12-01,INTC,0.01536023496531857,Tech
Equity Risk Parity,2021-12-01,KO,0.02472763285482315,Consumer
Equity Risk Parity,2021-12-01,MMM,0.02645290144286492,Industrials
Equity Risk Parity,2021-12-01,MRK,0.027749272813306393,Healthcare
Equity Risk Parity,2021-12-01,MS,0.014291258163567626,Financials
Equity Risk Parity,2021-12-01,NEE,0.0198208476420562,Utilities
Equity Risk Parity,2021-12-01,NEM,0.021420024344985845,Materials
Equity Risk Parity,2021-12-01,NKE,0.01826503968341601,Consumer
Equity Risk Parity,2021-12-01,NUE,0.011173847923156607,Materials
Equity Risk Parity,2021-12-01,NVDA,0.013887537908021523,Tech
Equity Risk Parity,2021-12-01,O,0.023266559933099607,RealEstate
Equity Risk Parity,2021-12-01,OXY,0.00924788944663298,Energy
Equity Risk Parity,2021-12-01,PLD,0.019820390631638492,RealEstate
Equity Risk Parity,2021-12-01,PSA,0.03518315663447416,RealEstate
Equity Risk Parity,2021-12-01,QCOM,0.013265031961740422,Tech
Equity Risk Parity,2021-12-01,SBUX,0.018510741938461996,Consumer
Equity Risk Parity,2021-12-01,SHW,0.0234316191380587,Materials
Equity Risk Parity,2021-12-01,SLB,0.010032541989259798,Energy
Equity Risk Parity,2021-12-01,SO,0.024875170367911797,Utilities
Equity Risk Parity,2021-12-01,T,0.026978827982889045,Comm
Equity Risk Parity,2021-12-01,TMUS,0.018135423369281208,Comm
Equity Risk Parity,2021-12-01,TTWO,0.023985958590539695,Comm
Equity Risk Parity,2021-12-01,UPS,0.021597189411417635,Industrials
Equity Risk Parity,2021-12-01,USB,0.014808522670323662,Financials
Equity Risk Parity,2021-12-01,V,0.017107637021508686,Financials
Equity Risk Parity,2021-12-01,WFC,0.012888913345464235,Financials
Equity Risk Parity,2021-12-01,WMT,0.02938354170851656,Consumer
Equity Risk Parity,2021-12-01,XOM,0.013231925874682233,Energy
Equity Risk Parity,2022-01-03,ABBV,0.023083516198232065,Healthcare
Equity Risk Parity,2022-01-03,ABT,0.03136288202021659,Healthcare
Equity Risk Parity,2022-01-03,ADBE,0.018523250714853817,Tech
Equity Risk Parity,2022-01-03,AEP,0.030076572353336144,Utilities
Equity Risk Parity,2022-01-03,AMD,0.014988835041286803,Tech
Equity Risk Parity,2022-01-03,AMGN,0.021777848306077076,Healthcare
Equity Risk Parity,2022-01-03,AMT,0.0240208373168696,RealEstate
Equity Risk Parity,2022-01-03,BA,0.01187146056363206,Industrials
Equity Risk Parity,2022-01-03,CAT,0.015178681228048998,Industrials
Equity Risk Parity,2022-01-03,CCI,0.025576533747889825,RealEstate
Equity Risk Parity,2022-01-03,CMCSA,0.016194344020212314,Comm
Equity Risk Parity,2022-01-03,COP,0.012250455841332983,Energy
Equity Risk Parity,2022-01-03,CVX,0.01541616546481444,Energy
Equity Risk Parity,2022-01-03,D,0.026413485899727054,Utilities
Equity Risk Parity,2022-01-03,DD,0.013644916153851595,Materials
Equity Risk Parity,2022-01-03,DIS,0.01731733260271147,Consumer
Equity Risk Parity,2022-01-03,DOW,0.012771522709835332,Materials
Equity Risk Parity,2022-01-03,DUK,0.03257126115847139,Utilities
Equity Risk Parity,2022-01-03,EA,0.02802276589579724,Comm
Equity Risk Parity,2022-01-03,GE,0.01413625675026108,Industrials
Equity Risk Parity,2022-01-03,GILD,0.02930089225074177,Healthcare
Equity Risk Parity,2022-01-03,GS,0.015821579940076283,Financials
Equity Risk Parity,2022-01-03,INTC,0.0153673924780877,Tech
Equity Risk Parity,2022-01-03,KO,0.024938763235708723,Consumer
Equity Risk Parity,2022-01-03,MMM,0.026472958832106687,Industrials
Equity Risk Parity,2022-01-03,MRK,0.03086451181376417,Healthcare
Equity Risk Parity,2022-01-03,MS,0.014247505096811247,Financials
Equity Risk Parity,2022-01-03,NEE,0.020601250006610592,Utilities
Equity Risk Parity,2022-01-03,NEM,0.022825674073517075,Materials
Equity Risk Parity,2022-01-03,NKE,0.01807589827334744,Consumer
Equity Risk Parity,2022-01-03,NUE,0.01215842208067014,Materials
Equity Risk Parity,2022-01-03,NVDA,0.012887126846072955,Tech
Equity Risk Parity,2022-01-03,O,0.022522488122024155,RealEstate
Equity Risk Parity,2022-01-03,OXY,0.009708463327063974,Energy
Equity Risk Parity,2022-01-03,PLD,0.02057793689648771,RealEstate
Equity Risk Parity,2022-01-03,PSA,0.03300292454510678,RealEstate
Equity Risk Parity,2022-01-03,QCOM,0.013995802062630536,Tech
Equity Risk Parity,2022-01-03,SBUX,0.01754218270092776,Consumer
Equity Risk Parity,2022-01-03,SHW,0.022279558518348966,Materials
Equity Risk Parity,2022-01-03,SLB,0.01049417965483628,Energy
Equity Risk Parity,2022-01-03,SO,0.026259375133474705,Utilities
Equity Risk Parity,2022-01-03,T,0.026368972399277067,Comm
Equity Risk Parity,2022-01-03,TMUS,0.017531785336189442,Comm
Equity Risk Parity,2022-01-03,TTWO,0.02364585907195142,Comm
Equity Risk Parity,2022-01-03,UPS,0.019900669289885528,Industrials
Equity Risk Parity,2022-01-03,USB,0.014596216965154476,Financials
Equity Risk Parity,2022-01-03,V,0.016300228129306964,Financials
Equity Risk Parity,2022-01-03,WFC,0.012663129930569717,Financials
Equity Risk Parity,2022-01-03,WMT,0.02993321519177107,Consumer
Equity Risk Parity,2022-01-03,XOM,0.013916113810020812,Energy
Equity Risk Parity,2022-02-01,ABBV,0.027272788298864606,Healthcare
Equity Risk Parity,2022-02-01,ABT,0.02779864340982078,Healthcare
Equity Risk Parity,2022-02-01,ADBE,0.017697168086325724,Tech
Equity Risk Parity,2022-02-01,AEP,0.030374950451029527,Utilities
Equity Risk Parity,2022-02-01,AMD,0.013078552172937978,Tech
Equity Risk Parity,2022-02-01,AMGN,0.022660714247995966,Healthcare
Equity Risk Parity,2022-02-01,AMT,0.021483435050336265,RealEstate
Equity Risk Parity,2022-02-01,BA,0.011732665901602669,Industrials
Equity Risk Parity,2022-02-01,CAT,0.016519226662416533,Industrials
Equity Risk Parity,2022-02-01,CCI,0.022324680809490276,RealEstate
Equity Risk Parity,2022-02-01,CMCSA,0.01730756736951782,Comm
Equity Risk Parity,2022-02-01,COP,0.013200285553853205,Energy
Equity Risk Parity,2022-02-01,CVX,0.017607988314490702,Energy
Equity Risk Parity,2022-02-01,D,0.025427851406339172,Utilities
Equity Risk Parity,2022-02-01,DD,0.013954911718505249,Materials
Equity Risk Parity,2022-02-01,DIS,0.01706476272748183,Consumer
Equity Risk Parity,2022-02-01,DOW,0.013830165267115896,Materials
Equity Risk Parity,2022-02-01,DUK,0.03198760508068116,Utilities
Equity Risk Parity,2022-02-01,EA,0.028491619237458674,Comm
Equity Risk Parity,2022-02-01,GE,0.012924645518821236,Industrials
Equity Risk Parity,2022-02-01,GILD,0.027381844750001192,Healthcare
Equity Risk Parity,2022-02-01,GS,0.014888233135526324,Financials
Equity Risk Parity,2022-02-01,INTC,0.01607008131890079,Tech
Equity Risk Parity,2022-02-01,KO,0.0255064207402718,Consumer
Equity Risk Parity,2022-02-01,MMM,0.02254348650146797,Industrials
Equity Risk Parity,2022-02-01,MRK,0.03682768731846655,Healthcare
Equity Risk Parity,2022-02-01,MS,0.015317590458310435,Financials
Equity Risk Parity,2022-02-01,NEE,0.023075768833958163,Utilities
Equity Risk Parity,2022-02-01,NEM,0.023784542265094293,Materials
Equity Risk Parity,2022-02-01,NKE,0.018422893932780737,Consumer
Equity Risk Parity,2022-02-01,NUE,0.011430317634941095,Materials
Equity Risk Parity,2022-02-01,NVDA,0.011422379908294988,Tech
Equity Risk Parity,2022-02-01,O,0.022025526831055277,RealEstate
Equity Risk Parity,2022-02-01,OXY,0.009618444376237097,Energy
Equity Risk Parity,2022-02-01,PLD,0.020985909908430366,RealEstate
Equity Risk Parity,2022-02-01,PSA,0.03170881962940143,RealEstate
Equity Risk Parity,2022-02-01,QCOM,0.013848688181993146,Tech
Equity Risk Parity,2022-02-01,SBUX,0.019239214624216773,Consumer
Equity Risk Parity,2022-02-01,SHW,0.02199080342623844,Materials
Equity Risk Parity,2022-02-01,SLB,0.011183267623011011,Energy
Equity Risk Parity,2022-02-01,SO,0.029785234371557747,Utilities
Equity Risk Parity,2022-02-01,T,0.021773767459618235,Comm
Equity Risk Parity,2022-02-01,TMUS,0.018793471416654748,Comm
Equity Risk Parity,2022-02-01,TTWO,0.0231307482061628,Comm
Equity Risk Parity,2022-02-01,UPS,0.019190068927168836,Industrials
Equity Risk Parity,2022-02-01,USB,0.014784331141608672,Financials
Equity Risk Parity,2022-02-01,V,0.015314805499268776,Financials
Equity Risk Parity,2022-02-01,WFC,0.013846415146071793,Financials
Equity Risk Parity,2022-02-01,WMT,0.02885278212433559,Consumer
Equity Risk Parity,2022-02-01,XOM,0.014516227023869628,Energy
Equity Risk Parity,2022-03-01,ABBV,0.028066546140411926,Healthcare
Equity Risk Parity,2022-03-01,ABT,0.025300449764851154,Healthcare
Equity Risk Parity,2022-03-01,ADBE,0.017092765532718684,Tech
Equity Risk Parity,2022-03-01,AEP,0.02998152508322895,Utilities
Equity Risk Parity,2022-03-01,AMD,0.011641265461655552,Tech
Equity Risk Parity,2022-03-01,AMGN,0.021293173616485885,Healthcare
Equity Risk Parity,2022-03-01,AMT,0.020970668866275063,RealEstate
Equity Risk Parity,2022-03-01,BA,0.012842266332343793,Industrials
Equity Risk Parity,2022-03-01,CAT,0.01644869745151091,Industrials
Equity Risk Parity,2022-03-01,CCI,0.020754219961736077,RealEstate
Equity Risk Parity,2022-03-01,CMCSA,0.016990324350186395,Comm
Equity Risk Parity,2022-03-01,COP,0.0136680850590731,Energy
Equity Risk Parity,2022-03-01,CVX,0.018187826946189523,Energy
Equity Risk Parity,2022-03-01,D,0.026250358603178724,Utilities
Equity Risk Parity,2022-03-01,DD,0.013677624656805009,Materials
Equity Risk Parity,2022-03-01,DIS,0.019866396400677992,Consumer
Equity Risk Parity,2022-03-01,DOW,0.014545558882239023,Materials
Equity Risk Parity,2022-03-01,DUK,0.02929669308034098,Utilities
Equity Risk Parity,2022-03-01,EA,0.028880313552394916,Comm
Equity Risk Parity,2022-03-01,GE,0.013251981809511476,Industrials
Equity Risk Parity,2022-03-01,GILD,0.03192978688077282,Healthcare
Equity Risk Parity,2022-03-01,GS,0.015435766175504361,Financials
Equity Risk Parity,2022-03-01,INTC,0.016123687812485365,Tech
Equity Risk Parity,2022-03-01,KO,0.02815393998736823,Consumer
Equity Risk Parity,2022-03-01,MMM,0.019805557732011533,Industrials
Equity Risk Parity,2022-03-01,MRK,0.03362475790937856,Healthcare
Equity Risk Parity,2022-03-01,MS,0.015289961525060387,Financials
Equity Risk Parity,2022-03-01,NEE,0.023004959992094856,Utilities
Equity Risk Parity,2022-03-01,NEM,0.027432958273145246,Materials
Equity Risk Parity,2022-03-01,NKE,0.018303624618168875,Consumer
Equity Risk Parity,2022-03-01,NUE,0.010854725003296586,Materials
Equity Risk Parity,2022-03-01,NVDA,0.01044506597890083,Tech
Equity Risk Parity,2022-03-01,O,0.021125610217798383,RealEstate
Equity Risk Parity,2022-03-01,OXY,0.011692584479002741,Energy
Equity Risk Parity,2022-03-01,PLD,0.0192050778617486,RealEstate
Equity Risk Parity,2022-03-01,PSA,0.028163846238499622,RealEstate
Equity Risk Parity,2022-03-01,QCOM,0.012310572852591259,Tech
Equity Risk Parity,2022-03-01,SBUX,0.017899490832062718,Consumer
Equity Risk Parity,2022-03-01,SHW,0.020003348633181647,Materials
Equity Risk Parity,2022-03-01,SLB,0.011940095513978241,Energy
Equity Risk Parity,2022-03-01,SO,0.029349635603535543,Utilities
Equity Risk Parity,2022-03-01,T,0.022018981351875303,Comm
Equity Risk Parity,2022-03-01,TMUS,0.01941440129310913,Comm
Equity Risk Parity,2022-03-01,TTWO,0.02549105262106361,Comm
Equity Risk Parity,2022-03-01,UPS,0.01796646475820898,Industrials
Equity Risk Parity,2022-03-01,USB,0.0153625053990171,Financials
Equity Risk Parity,2022-03-01,V,0.01569528561591356,Financials
Equity Risk Parity,2022-03-01,WFC,0.01430196157812231,Financials
Equity Risk Parity,2022-03-01,WMT,0.03264556371731354,Consumer
Equity Risk Parity,2022-03-01,XOM,0.016001987992974944,Energy
Equity Risk Parity,2022-04-01,ABBV,0.029365904125310108,Healthcare
Equity Risk Parity,2022-04-01,ABT,0.023239770507468553,Healthcare
Equity Risk Parity,2022-04-01,ADBE,0.015829631170186466,Tech
Equity Risk Parity,2022-04-01,AEP,0.030022171786390443,Utilities
Equity Risk Parity,2022-04-01,AMD,0.011088706943351087,Tech
Equity Risk Parity,2022-04-01,AMGN,0.022704290597126663,Healthcare
Equity Risk Parity,2022-04-01,AMT,0.021574072622488883,RealEstate
Equity Risk Parity,2022-04-01,BA,0.012072980263820183,Industrials
Equity Risk Parity,2022-04-01,CAT,0.0181329962347949,Industrials
Equity Risk Parity,2022-04-01,CCI,0.021790186366655688,RealEstate
Equity Risk Parity,2022-04-01,CMCSA,0.017136078874118908,Comm
Equity Risk Parity,2022-04-01,COP,0.014710276692133142,Energy
Equity Risk Parity,2022-04-01,CVX,0.021470963942273994,Energy
Equity Risk Parity,2022-04-01,D,0.026612696014429508,Utilities
Equity Risk Parity,2022-04-01,DD,0.012357189870205839,Materials
Equity Risk Parity,2022-04-01,DIS,0.017777301974292333,Consumer
Equity Risk Parity,2022-04-01,DOW,0.013918438867340703,Materials
Equity Risk Parity,2022-04-01,DUK,0.030352131591893563,Utilities
Equity Risk Parity,2022-04-01,EA,0.028022697570115603,Comm
Equity Risk Parity,2022-04-01,GE,0.012483203869587227,Industrials
Equity Risk Parity,2022-04-01,GILD,0.03175942513889688,Healthcare
Equity Risk Parity,2022-04-01,GS,0.01371910065124455,Financials
Equity Risk Parity,2022-04-01,INTC,0.016359676064487922,Tech
Equity Risk Parity,2022-04-01,KO,0.02752321522804279,Consumer
Equity Risk Parity,2022-04-01,MMM,0.01843623640807606,Industrials
Equity Risk Parity,2022-04-01,MRK,0.035358800490341104,Healthcare
Equity Risk Parity,2022-04-01,MS,0.013291767728922856,Financials
Equity Risk Parity,2022-04-01,NEE,0.025848751235371822,Utilities
Equity Risk Parity,2022-04-01,NEM,0.03495478559575635,Materials
Equity Risk Parity,2022-04-01,NKE,0.016204410464830593,Consumer
Equity Risk Parity,2022-04-01,NUE,0.010968280910689316,Materials
Equity Risk Parity,2022-04-01,NVDA,0.009877271738118776,Tech
Equity Risk Parity,2022-04-01,O,0.021099766629874984,RealEstate
Equity Risk Parity,2022-04-01,OXY,0.011117536497668884,Energy
Equity Risk Parity,2022-04-01,PLD,0.01923895881298188,RealEstate
Equity Risk Parity,2022-04-01,PSA,0.02646213954084689,RealEstate
Equity Risk Parity,2022-04-01,QCOM,0.011806613456393606,Tech
Equity Risk Parity,2022-04-01,SBUX,0.015517324479663773,Consumer
Equity Risk Parity,2022-04-01,SHW,0.019790995061909348,Materials
Equity Risk Parity,2022-04-01,SLB,0.013472012920451283,Energy
Equity Risk Parity,2022-04-01,SO,0.030810016943017268,Utilities
Equity Risk Parity,2022-04-01,T,0.020707751325007902,Comm
Equity Risk Parity,2022-04-01,TMUS,0.020691401381068425,Comm
Equity Risk Parity,2022-04-01,TTWO,0.023234080200743308,Comm
Equity Risk Parity,2022-04-01,UPS,0.016764550221366085,Industrials
Equity Risk Parity,2022-04-01,USB,0.01377530029395656,Financials
Equity Risk Parity,2022-04-01,V,0.015559381939045273,Financials
Equity Risk Parity,2022-04-01,WFC,0.012608213346436532,Financials
Equity Risk Parity,2022-04-01,WMT,0.03414053171511407,Consumer
Equity Risk Parity,2022-04-01,XOM,0.018240013695690956,Energy
Equity Risk Parity,2022-05-02,ABBV,0.027846170954936997,Healthcare
Equity Risk Parity,2022-05-02,ABT,0.022330711892843573,Healthcare
Equity Risk Parity,2022-05-02,ADBE,0.01594356387187231,Tech
Equity Risk Parity,2022-05-02,AEP,0.028177738361636583,Utilities
Equity Risk Parity,2022-05-02,AMD,0.011259909410525914,Tech
Equity Risk Parity,2022-05-02,AMGN,0.02557029594515918,Healthcare
Equity Risk Parity,2022-05-02,AMT,0.02141052242032971,RealEstate
Equity Risk Parity,2022-05-02,BA,0.012491734404139343,Industrials
Equity Risk Parity,2022-05-02,CAT,0.01847025128673227,Industrials
Equity Risk Parity,2022-05-02,CCI,0.021926086595389326,RealEstate
Equity Risk Parity,2022-05-02,CMCSA,0.018366118791725304,Comm
Equity Risk Parity,2022-05-02,COP,0.014648505610328566,Energy
Equity Risk Parity,2022-05-02,CVX,0.020345257540002572,Energy
Equity Risk Parity,2022-05-02,D,0.02751233186357356,Utilities
Equity Risk Parity,2022-05-02,DD,0.013286513087205675,Materials
Equity Risk Parity,2022-05-02,DIS,0.017559640418901068,Consumer
Equity Risk Parity,2022-05-02,DOW,0.016481813737887287,Materials
Equity Risk Parity,2022-05-02,DUK,0.03111046113387486,Utilities
Equity Risk Parity,2022-05-02,EA,0.029443497966782545,Comm
Equity Risk Parity,2022-05-02,GE,0.012390972733949793,Industrials
Equity Risk Parity,2022-05-02,GILD,0.029685654142655223,Healthcare
Equity Risk Parity,2022-05-02,GS,0.013943435638553818,Financials
Equity Risk Parity,2022-05-02,INTC,0.015595840544308324,Tech
Equity Risk Parity,2022-05-02,KO,0.02819402912677507,Consumer
Equity Risk Parity,2022-05-02,MMM,0.019479404202665883,Industrials
Equity Risk Parity,2022-05-02,MRK,0.03366342893835971,Healthcare
Equity Risk Parity,2022-05-02,MS,0.013472986629305964,Financials
Equity Risk Parity,2022-05-02,NEE,0.024205463494690545,Utilities
Equity Risk Parity,2022-05-02,NEM,0.03358472262565335,Materials
Equity Risk Parity,2022-05-02,NKE,0.015845068274146546,Consumer
Equity Risk Parity,2022-05-02,NUE,0.011659815888376206,Materials
Equity Risk Parity,2022-05-02,NVDA,0.009741838806658926,Tech
Equity Risk Parity,2022-05-02,O,0.020951185119428412,RealEstate
Equity Risk Parity,2022-05-02,OXY,0.01097940218942875,Energy
Equity Risk Parity,2022-05-02,PLD,0.01749976649871295,RealEstate
Equity Risk Parity,2022-05-02,PSA,0.022631553340649507,RealEstate
Equity Risk Parity,2022-05-02,QCOM,0.011935091989536484,Tech
Equity Risk Parity,2022-05-02,SBUX,0.016339128484535496,Consumer
Equity Risk Parity,2022-05-02,SHW,0.023815621553979194,Materials
Equity Risk Parity,2022-05-02,SLB,0.014706912515388214,Energy
Equity Risk Parity,2022-05-02,SO,0.029311199939156225,Utilities
Equity Risk Parity,2022-05-02,T,0.022322699516120332,Comm
Equity Risk Parity,2022-05-02,TMUS,0.018815375500098784,Comm
Equity Risk Parity,2022-05-02,TTWO,0.022946014202670242,Comm
Equity Risk Parity,2022-05-02,UPS,0.016705233758429083,Industrials
Equity Risk Parity,2022-05-02,USB,0.01484415530560183,Financials
Equity Risk Parity,2022-05-02,V,0.015559594138596235,Financials
Equity Risk Parity,2022-05-02,WFC,0.013399526289877459,Financials
Equity Risk Parity,2022-05-02,WMT,0.03299408914747544,Consumer
Equity Risk Parity,2022-05-02,XOM,0.0185996641703692,Energy
Equity Risk Parity,2022-06-01,ABBV,0.03194241006832111,Healthcare
Equity Risk Parity,2022-06-01,ABT,0.020417910627710725,Healthcare
Equity Risk Parity,2022-06-01,ADBE,0.015043405099241635,Tech
Equity Risk Parity,2022-06-01,AEP,0.030020056934104995,Utilities
Equity Risk Parity,2022-06-01,AMD,0.009651582051819853,Tech
Equity Risk Parity,2022-06-01,AMGN,0.029670369088175212,Healthcare
Equity Risk Parity,2022-06-01,AMT,0.020075937763271767,RealEstate
Equity Risk Parity,2022-06-01,BA,0.011686406534123145,Industrials
Equity Risk Parity,2022-06-01,CAT,0.01724509087173715,Industrials
Equity Risk Parity,2022-06-01,CCI,0.02161734159098314,RealEstate
Equity Risk Parity,2022-06-01,CMCSA,0.01941600698397623,Comm
Equity Risk Parity,2022-06-01,COP,0.013971758198275282,Energy
Equity Risk Parity,2022-06-01,CVX,0.019528222737168137,Energy
Equity Risk Parity,2022-06-01,D,0.02945707670744562,Utilities
Equity Risk Parity,2022-06-01,DD,0.013602397861702465,Materials
Equity Risk Parity,2022-06-01,DIS,0.01646274139527224,Consumer
Equity Risk Parity,2022-06-01,DOW,0.017239585096622607,Materials
Equity Risk Parity,2022-06-01,DUK,0.03365357979979077,Utilities
Equity Risk Parity,2022-06-01,EA,0.028472816525979997,Comm
Equity Risk Parity,2022-06-01,GE,0.012643627006938454,Industrials
Equity Risk Parity,2022-06-01,GILD,0.03265754336474318,Healthcare
Equity Risk Parity,2022-06-01,GS,0.01482503968168822,Financials
Equity Risk Parity,2022-06-01,INTC,0.015635908299907873,Tech
Equity Risk Parity,2022-06-01,KO,0.02493299043808898,Consumer
Equity Risk Parity,2022-06-01,MMM,0.020753720938547736,Industrials
Equity Risk Parity,2022-06-01,MRK,0.036090211343536356,Healthcare
Equity Risk Parity,2022-06-01,MS,0.013589960056346119,Financials
Equity Risk Parity,2022-06-01,NEE,0.022640522166513116,Utilities
Equity Risk Parity,2022-06-01,NEM,0.03381574957794429,Materials
Equity Risk Parity,2022-06-01,NKE,0.015055925199826856,Consumer
Equity Risk Parity,2022-06-01,NUE,0.011794291566741728,Materials
Equity Risk Parity,2022-06-01,NVDA,0.009287269098648196,Tech
Equity Risk Parity,2022-06-01,O,0.021509964939517335,RealEstate
Equity Risk Parity,2022-06-01,OXY,0.010714118627158657,Energy
Equity Risk Parity,2022-06-01,PLD,0.016133103126407578,RealEstate
Equity Risk Parity,2022-06-01,PSA,0.021022901227484046,RealEstate
Equity Risk Parity,2022-06-01,QCOM,0.012080281626074454,Tech
Equity Risk Parity,2022-06-01,SBUX,0.014292684183153277,Consumer
Equity Risk Parity,2022-06-01,SHW,0.023451477448742823,Materials
Equity Risk Parity,2022-06-01,SLB,0.012472379650312842,Energy
Equity Risk Parity,2022-06-01,SO,0.031527859364253695,Utilities
Equity Risk Parity,2022-06-01,T,0.022889307745712115,Comm
Equity Risk Parity,2022-06-01,TMUS,0.018302476197768407,Comm
Equity Risk Parity,2022-06-01,TTWO,0.018553384902691625,Comm
Equity Risk Parity,2022-06-01,UPS,0.017228376752353777,Industrials
Equity Risk Parity,2022-06-01,USB,0.016322652991206558,Financials
Equity Risk Parity,2022-06-01,V,0.014998445341492193,Financials
Equity Risk Parity,2022-06-01,WFC,0.013423520687539879,Financials
Equity Risk Parity,2022-06-01,WMT,0.0345121301527718,Consumer
Equity Risk Parity,2022-06-01,XOM,0.017667480360165837,Energy
Equity Risk Parity,2022-07-01,ABBV,0.0306286300719546,Healthcare
Equity Risk Parity,2022-07-01,ABT,0.019667289990720305,Healthcare
Equity Risk Parity,2022-07-01,ADBE,0.014177619332849306,Tech
Equity Risk Parity,2022-07-01,AEP,0.02883939126170682,Utilities
Equity Risk Parity,2022-07-01,AMD,0.009082873598002767,Tech
Equity Risk Parity,2022-07-01,AMGN,0.03172519548648195,Healthcare
Equity Risk Parity,2022-07-01,AMT,0.019044957094989212,RealEstate
Equity Risk Parity,2022-07-01,BA,0.011601296043035086,Industrials
Equity Risk Parity,2022-07-01,CAT,0.01701564195198822,Industrials
Equity Risk Parity,2022-07-01,CCI,0.02005581470148876,RealEstate
Equity Risk Parity,2022-07-01,CMCSA,0.020381760750087057,Comm
Equity Risk Parity,2022-07-01,COP,0.014343787044402275,Energy
Equity Risk Parity,2022-07-01,CVX,0.019814959598669944,Energy
Equity Risk Parity,2022-07-01,D,0.029721078583603896,Utilities
Equity Risk Parity,2022-07-01,DD,0.013527674283009576,Materials
Equity Risk Parity,2022-07-01,DIS,0.016709107600052044,Consumer
Equity Risk Parity,2022-07-01,DOW,0.017172364222302866,Materials
Equity Risk Parity,2022-07-01,DUK,0.033151278264506374,Utilities
Equity Risk Parity,2022-07-01,EA,0.027246987388468202,Comm
Equity Risk Parity,2022-07-01,GE,0.012928944134052179,Industrials
Equity Risk Parity,2022-07-01,GILD,0.032916675439996206,Healthcare
Equity Risk Parity,2022-07-01,GS,0.015203754313335205,Financials
Equity Risk Parity,2022-07-01,INTC,0.015547489113069092,Tech
Equity Risk Parity,2022-07-01,KO,0.027009312380568484,Consumer
Equity Risk Parity,2022-07-01,MMM,0.02207410436180625,Industrials
Equity Risk Parity,2022-07-01,MRK,0.0343311134329391,Healthcare
Equity Risk Parity,2022-07-01,MS,0.014150559124803392,Financials
Equity Risk Parity,2022-07-01,NEE,0.021193258287849143,Utilities
Equity Risk Parity,2022-07-01,NEM,0.03545609175319899,Materials
Equity Risk Parity,2022-07-01,NKE,0.014792224145386624,Consumer
Equity Risk Parity,2022-07-01,NUE,0.011981722002472233,Materials
Equity Risk Parity,2022-07-01,NVDA,0.00882525084070292,Tech
Equity Risk Parity,2022-07-01,O,0.022274145552571418,RealEstate
Equity Risk Parity,2022-07-01,OXY,0.011220846643582855,Energy
Equity Risk Parity,2022-07-01,PLD,0.015143243406421529,RealEstate
Equity Risk Parity,2022-07-01,PSA,0.02086795680173197,RealEstate
Equity Risk Parity,2022-07-01,QCOM,0.012323788072045323,Tech
Equity Risk Parity,2022-07-01,SBUX,0.01438342267980913,Consumer
Equity Risk Parity,2022-07-01,SHW,0.021444417654168397,Materials
Equity Risk Parity,2022-07-01,SLB,0.013336687593663988,Energy
Equity Risk Parity,2022-07-01,SO,0.030345796644166395,Utilities
Equity Risk Parity,2022-07-01,T,0.022499095053487902,Comm
Equity Risk Parity,2022-07-01,TMUS,0.018369334624939115,Comm
Equity Risk Parity,2022-07-01,TTWO,0.01858391991087672,Comm
Equity Risk Parity,2022-07-01,UPS,0.0187530040045957,Industrials
Equity Risk Parity,2022-07-01,USB,0.01659853240825895,Financials
Equity Risk Parity,2022-07-01,V,0.014780798474219694,Financials
Equity Risk Parity,2022-07-01,WFC,0.013688679563906724,Financials
Equity Risk Parity,2022-07-01,WMT,0.037425171548067376,Consumer
Equity Risk Parity,2022-07-01,XOM,0.01764295276498776,Energy
Equity Risk Parity,2022-08-01,ABBV,0.03237408531361423,Healthcare
Equity Risk Parity,2022-08-01,ABT,0.018872799809941394,Healthcare
Equity Risk Parity,2022-08-01,ADBE,0.01374764246955878,Tech
Equity Risk Parity,2022-08-01,AEP,0.02873539435125478,Utilities
Equity Risk Parity,2022-08-01,AMD,0.009008603755598196,Tech
Equity Risk Parity,2022-08-01,AMGN,0.031611874461965235,Healthcare
Equity Risk Parity,2022-08-01,AMT,0.01854749488413691,RealEstate
Equity Risk Parity,2022-08-01,BA,0.011828106854268695,Industrials
Equity Risk Parity,2022-08-01,CAT,0.016473933780193635,Industrials
Equity Risk Parity,2022-08-01,CCI,0.01957698311427206,RealEstate
Equity Risk Parity,2022-08-01,CMCSA,0.02134792059025287,Comm
Equity Risk Parity,2022-08-01,COP,0.014283890725868581,Energy
Equity Risk Parity,2022-08-01,CVX,0.01945757861912785,Energy
Equity Risk Parity,2022-08-01,D,0.0292057677532229,Utilities
Equity Risk Parity,2022-08-01,DD,0.013791078043582707,Materials
Equity Risk Parity,2022-08-01,DIS,0.016554420011190448,Consumer
Equity Risk Parity,2022-08-01,DOW,0.01756682242251694,Materials
Equity Risk Parity,2022-08-01,DUK,0.03263067299186238,Utilities
Equity Risk Parity,2022-08-01,EA,0.027107828788189004,Comm
Equity Risk Parity,2022-08-01,GE,0.013319874174056653,Industrials
Equity Risk Parity,2022-08-01,GILD,0.032698254507073116,Healthcare
Equity Risk Parity,2022-08-01,GS,0.015067831269760542,Financials
Equity Risk Parity,2022-08-01,INTC,0.01586181233746787,Tech
Equity Risk Parity,2022-08-01,KO,0.027042871636362566,Consumer
Equity Risk Parity,2022-08-01,MMM,0.02272508189116927,Industrials
Equity Risk Parity,2022-08-01,MRK,0.0350749366477017,Healthcare
Equity Risk Parity,2022-08-01,MS,0.014209239730187893,Financials
Equity Risk Parity,2022-08-01,NEE,0.02055409224128606,Utilities
Equity Risk Parity,2022-08-01,NEM,0.03682038226758063,Materials
Equity Risk Parity,2022-08-01,NKE,0.014378031370366872,Consumer
Equity Risk Parity,2022-08-01,NUE,0.012188254003047022,Materials
Equity Risk Parity,2022-08-01,NVDA,0.00875909088477687,Tech
Equity Risk Parity,2022-08-01,O,0.022316640646999533,RealEstate
Equity Risk Parity,2022-08-01,OXY,0.01137373993466073,Energy
Equity Risk Parity,2022-08-01,PLD,0.014661909033212258,RealEstate
Equity Risk Parity,2022-08-01,PSA,0.020461185915206896,RealEstate
Equity Risk Parity,2022-08-01,QCOM,0.012795364329920962,Tech
Equity Risk Parity,2022-08-01,SBUX,0.014464304277063968,Consumer
Equity Risk Parity,2022-08-01,SHW,0.021868813648854787,Materials
Equity Risk Parity,2022-08-01,SLB,0.013650418972082037,Energy
Equity Risk Parity,2022-08-01,SO,0.029887100460441712,Utilities
Equity Risk Parity,2022-08-01,T,0.02286784420942243,Comm
Equity Risk Parity,2022-08-01,TMUS,0.018208803322493423,Comm
Equity Risk Parity,2022-08-01,TTWO,0.01855749745522079,Comm
Equity Risk Parity,2022-08-01,UPS,0.01785217239634212,Industrials
Equity Risk Parity,2022-08-01,USB,0.017435174043263724,Financials
Equity Risk Parity,2022-08-01,V,0.015054583614139565,Financials
Equity Risk Parity,2022-08-01,WFC,0.013791825796711774,Financials
Equity Risk Parity,2022-08-01,WMT,0.035656763455937636,Consumer
Equity Risk Parity,2022-08-01,XOM,0.017673206786571034,Energy
Equity Risk Parity,2022-09-01,ABBV,0.032556223190302803,Healthcare
Equity Risk Parity,2022-09-01,ABT,0.018643416591490363,Healthcare
Equity Risk Parity,2022-09-01,ADBE,0.013517306241787088,Tech
Equity Risk Parity,2022-09-01,AEP,0.028199357244902596,Utilities
Equity Risk Parity,2022-09-01,AMD,0.00897073142045137,Tech
Equity Risk Parity,2022-09-01,AMGN,0.03356513092136175,Healthcare
Equity Risk Parity,2022-09-01,AMT,0.018398112898148956,RealEstate
Equity Risk Parity,2022-09-01,BA,0.012005500454527938,Industrials
Equity Risk Parity,2022-09-01,CAT,0.016367877831441772,Industrials
Equity Risk Parity,2022-09-01,CCI,0.019402916677135985,RealEstate
Equity Risk Parity,2022-09-01,CMCSA,0.02103429700155734,Comm
Equity Risk Parity,2022-09-01,COP,0.015260195073020708,Energy
Equity Risk Parity,2022-09-01,CVX,0.02062139923295312,Energy
Equity Risk Parity,2022-09-01,D,0.02913131264006766,Utilities
Equity Risk Parity,2022-09-01,DD,0.013510011514182624,Materials
Equity Risk Parity,2022-09-01,DIS,0.01593517270053719,Consumer
Equity Risk Parity,2022-09-01,DOW,0.017515473639534103,Materials
Equity Risk Parity,2022-09-01,DUK,0.03217251184028144,Utilities
Equity Risk Parity,2022-09-01,EA,0.027418911284384877,Comm
Equity Risk Parity,2022-09-01,GE,0.01324809044992387,Industrials
Equity Risk Parity,2022-09-01,GILD,0.032739575317005845,Healthcare
Equity Risk Parity,2022-09-01,GS,0.015314071069146727,Financials
Equity Risk Parity,2022-09-01,INTC,0.015208433038258007,Tech
Equity Risk Parity,2022-09-01,KO,0.026806487988447633,Consumer
Equity Risk Parity,2022-09-01,MMM,0.020940875876102938,Industrials
Equity Risk Parity,2022-09-01,MRK,0.03492275890703248,Healthcare
Equity Risk Parity,2022-09-01,MS,0.01431227598753661,Financials
Equity Risk Parity,2022-09-01,NEE,0.020754680375640443,Utilities
Equity Risk Parity,2022-09-01,NEM,0.03609956420686375,Materials
Equity Risk Parity,2022-09-01,NKE,0.014183274480184365,Consumer
Equity Risk Parity,2022-09-01,NUE,0.01242426997988244,Materials
Equity Risk Parity,2022-09-01,NVDA,0.008470284503306882,Tech
Equity Risk Parity,2022-09-01,O,0.022744652878200388,RealEstate
Equity Risk Parity,2022-09-01,OXY,0.012395029200684499,Energy
Equity Risk Parity,2022-09-01,PLD,0.014589521444050792,RealEstate
Equity Risk Parity,2022-09-01,PSA,0.020045120312319285,RealEstate
Equity Risk Parity,2022-09-01,QCOM,0.012487902583606676,Tech
Equity Risk Parity,2022-09-01,SBUX,0.014350462248589251,Consumer
Equity Risk Parity,2022-09-01,SHW,0.02109715681984022,Materials
Equity Risk Parity,2022-09-01,SLB,0.01444785732487717,Energy
Equity Risk Parity,2022-09-01,SO,0.02992101979006734,Utilities
Equity Risk Parity,2022-09-01,T,0.02351342771598089,Comm
Equity Risk Parity,2022-09-01,TMUS,0.0185397162907776,Comm
Equity Risk Parity,2022-09-01,TTWO,0.018109742041604104,Comm
Equity Risk Parity,2022-09-01,UPS,0.018019010228262487,Industrials
Equity Risk Parity,2022-09-01,USB,0.017818501255449214,Financials
Equity Risk Parity,2022-09-01,V,0.015098802815625565,Financials
Equity Risk Parity,2022-09-01,WFC,0.014043812127052215,Financials
Equity Risk Parity,2022-09-01,WMT,0.034523459756537374,Consumer
Equity Risk Parity,2022-09-01,XOM,0.01860430458907306,Energy
Equity Risk Parity,2022-10-03,ABBV,0.03340570411990578,Healthcare
Equity Risk Parity,2022-10-03,ABT,0.0193207928179896,Healthcare
Equity Risk Parity,2022-10-03,ADBE,0.01296130922084009,Tech
Equity Risk Parity,2022-10-03,AEP,0.02632650385358331,Utilities
Equity Risk Parity,2022-10-03,AMD,0.00909862959857643,Tech
Equity Risk Parity,2022-10-03,AMGN,0.03405096114696707,Healthcare
Equity Risk Parity,2022-10-03,AMT,0.01835999578336915,RealEstate
Equity Risk Parity,2022-10-03,BA,0.011983492429647224,Industrials
Equity Risk Parity,2022-10-03,CAT,0.016695536503319768,Industrials
Equity Risk Parity,2022-10-03,CCI,0.018964985507249777,RealEstate
Equity Risk Parity,2022-10-03,CMCSA,0.01990657400672621,Comm
Equity Risk Parity,2022-10-03,COP,0.015683648007616176,Energy
Equity Risk Parity,2022-10-03,CVX,0.021074775409636728,Energy
Equity Risk Parity,2022-10-03,D,0.027227077116792075,Utilities
Equity Risk Parity,2022-10-03,DD,0.013881535756596113,Materials
Equity Risk Parity,2022-10-03,DIS,0.015627765880169602,Consumer
Equity Risk Parity,2022-10-03,DOW,0.01777018352528672,Materials
Equity Risk Parity,2022-10-03,DUK,0.0297055926110183,Utilities
Equity Risk Parity,2022-10-03,EA,0.025719111099106944,Comm
Equity Risk Parity,2022-10-03,GE,0.014154889733688242,Industrials
Equity Risk Parity,2022-10-03,GILD,0.030157434144101766,Healthcare
Equity Risk Parity,2022-10-03,GS,0.01586260158204649,Financials
Equity Risk Parity,2022-10-03,INTC,0.015124800016041957,Tech
Equity Risk Parity,2022-10-03,KO,0.027461276767798394,Consumer
Equity Risk Parity,2022-10-03,MMM,0.021837927945929272,Industrials
Equity Risk Parity,2022-10-03,MRK,0.03690009622214217,Healthcare
Equity Risk Parity,2022-10-03,MS,0.015034766580269152,Financials
Equity Risk Parity,2022-10-03,NEE,0.02073671980964989,Utilities
Equity Risk Parity,2022-10-03,NEM,0.03358454514918466,Materials
Equity Risk Parity,2022-10-03,NKE,0.013249745719565375,Consumer
Equity Risk Parity,2022-10-03,NUE,0.013436779121908686,Materials
Equity Risk Parity,2022-10-03,NVDA,0.008841464681143158,Tech
Equity Risk Parity,2022-10-03,O,0.023672367259224766,RealEstate
Equity Risk Parity,2022-10-03,OXY,0.013773605010371778,Energy
Equity Risk Parity,2022-10-03,PLD,0.014964662389718292,RealEstate
Equity Risk Parity,2022-10-03,PSA,0.020650471911627954,RealEstate
Equity Risk Parity,2022-10-03,QCOM,0.012884536902840138,Tech
Equity Risk Parity,2022-10-03,SBUX,0.014968865332545322,Consumer
Equity Risk Parity,2022-10-03,SHW,0.020942858546343184,Materials
Equity Risk Parity,2022-10-03,SLB,0.014932360277888756,Energy
Equity Risk Parity,2022-10-03,SO,0.02781560131490255,Utilities
Equity Risk Parity,2022-10-03,T,0.024025223177009176,Comm
Equity Risk Parity,2022-10-03,TMUS,0.01891019483635265,Comm
Equity Risk Parity,2022-10-03,TTWO,0.017605286015623202,Comm
Equity Risk Parity,2022-10-03,UPS,0.018015280574493902,Industrials
Equity Risk Parity,2022-10-03,USB,0.018401517174071076,Financials
Equity Risk Parity,2022-10-03,V,0.015866792075243476,Financials
Equity Risk Parity,2022-10-03,WFC,0.014661568581433235,Financials
Equity Risk Parity,2022-10-03,WMT,0.0344097763091492,Consumer
Equity Risk Parity,2022-10-03,XOM,0.01935181044329506,Energy
Equity Risk Parity,2022-11-01,ABBV,0.033848893366201824,Healthcare
Equity Risk Parity,2022-11-01,ABT,0.019367701837096674,Healthcare
Equity Risk Parity,2022-11-01,ADBE,0.013515299558302966,Tech
Equity Risk Parity,2022-11-01,AEP,0.024545896144681507,Utilities
Equity Risk Parity,2022-11-01,AMD,0.009200545286391916,Tech
Equity Risk Parity,2022-11-01,AMGN,0.03445093096577945,Healthcare
Equity Risk Parity,2022-11-01,AMT,0.018067724935594064,RealEstate
Equity Risk Parity,2022-11-01,BA,0.01255808581436982,Industrials
Equity Risk Parity,2022-11-01,CAT,0.016707431156454653,Industrials
Equity Risk Parity,2022-11-01,CCI,0.01920349824581336,RealEstate
Equity Risk Parity,2022-11-01,CMCSA,0.020443994698411693,Comm
Equity Risk Parity,2022-11-01,COP,0.016088749387028214,Energy
Equity Risk Parity,2022-11-01,CVX,0.021087671160487355,Energy
Equity Risk Parity,2022-11-01,D,0.025788330430482037,Utilities
Equity Risk Parity,2022-11-01,DD,0.014209009309090805,Materials
Equity Risk Parity,2022-11-01,DIS,0.015801723612495048,Consumer
Equity Risk Parity,2022-11-01,DOW,0.018133391462513374,Materials
Equity Risk Parity,2022-11-01,DUK,0.02727135068309851,Utilities
Equity Risk Parity,2022-11-01,EA,0.026094306751920825,Comm
Equity Risk Parity,2022-11-01,GE,0.0142892057097098,Industrials
Equity Risk Parity,2022-11-01,GILD,0.02656585402756662,Healthcare
Equity Risk Parity,2022-11-01,GS,0.015857720492768578,Financials
Equity Risk Parity,2022-11-01,INTC,0.014434999226727288,Tech
Equity Risk Parity,2022-11-01,KO,0.02744976119821145,Consumer
Equity Risk Parity,2022-11-01,MMM,0.021054163199535094,Industrials
Equity Risk Parity,2022-11-01,MRK,0.04025853399652599,Healthcare
Equity Risk Parity,2022-11-01,MS,0.014955964511772162,Financials
Equity Risk Parity,2022-11-01,NEE,0.020197870486277504,Utilities
Equity Risk Parity,2022-11-01,NEM,0.031590512273386516,Materials
Equity Risk Parity,2022-11-01,NKE,0.0136638325107698,Consumer
Equity Risk Parity,2022-11-01,NUE,0.013372437050670071,Materials
Equity Risk Parity,2022-11-01,NVDA,0.009002209160877761,Tech
Equity Risk Parity,2022-11-01,O,0.02405494990242882,RealEstate
Equity Risk Parity,2022-11-01,OXY,0.01498129557088954,Energy
Equity Risk Parity,2022-11-01,PLD,0.015364398786644314,RealEstate
Equity Risk Parity,2022-11-01,PSA,0.0213610241329785,RealEstate
Equity Risk Parity,2022-11-01,QCOM,0.013107809884240448,Tech
Equity Risk Parity,2022-11-01,SBUX,0.01569894073253655,Consumer
Equity Risk Parity,2022-11-01,SHW,0.019584065287645686,Materials
Equity Risk Parity,2022-11-01,SLB,0.015442537101869082,Energy
Equity Risk Parity,2022-11-01,SO,0.026180602196434154,Utilities
Equity Risk Parity,2022-11-01,T,0.023701047106560184,Comm
Equity Risk Parity,2022-11-01,TMUS,0.01902981211314988,Comm
Equity Risk Parity,2022-11-01,TTWO,0.018913805972408857,Comm
Equity Risk Parity,2022-11-01,UPS,0.018952800287431112,Industrials
Equity Risk Parity,2022-11-01,USB,0.018723524535073022,Financials
Equity Risk Parity,2022-11-01,V,0.016889009386681995,Financials
Equity Risk Parity,2022-11-01,WFC,0.01503160955801607,Financials
Equity Risk Parity,2022-11-01,WMT,0.033811488503421964,Consumer
Equity Risk Parity,2022-11-01,XOM,0.020093680290577277,Energy
Equity Risk Parity,2022-12-01,ABBV,0.03448767614007232,Healthcare
Equity Risk Parity,2022-12-01,ABT,0.018905651911837296,Healthcare
Equity Risk Parity,2022-12-01,ADBE,0.012676266270420915,Tech
Equity Risk Parity,2022-12-01,AEP,0.024489250662707233,Utilities
Equity Risk Parity,2022-12-01,AMD,0.008769815412882572,Tech
Equity Risk Parity,2022-12-01,AMGN,0.036533704137216044,Healthcare
Equity Risk Parity,2022-12-01,AMT,0.016999103572545925,RealEstate
Equity Risk Parity,2022-12-01,BA,0.013044417587588862,Industrials
Equity Risk Parity,2022-12-01,CAT,0.017146991507302232,Industrials
Equity Risk Parity,2022-12-01,CCI,0.018100591169716566,RealEstate
Equity Risk Parity,2022-12-01,CMCSA,0.020044322472818052,Comm
Equity Risk Parity,2022-12-01,COP,0.016788694326886157,Energy
Equity Risk Parity,2022-12-01,CVX,0.02123129080018378,Energy
Equity Risk Parity,2022-12-01,D,0.026469812894521424,Utilities
Equity Risk Parity,2022-12-01,DD,0.014839465560773962,Materials
Equity Risk Parity,2022-12-01,DIS,0.01486074673759639,Consumer
Equity Risk Parity,2022-12-01,DOW,0.017635966361507476,Materials
Equity Risk Parity,2022-12-01,DUK,0.02773987105659934,Utilities
Equity Risk Parity,2022-12-01,EA,0.026061879135520202,Comm
Equity Risk Parity,2022-12-01,GE,0.014961212220772515,Industrials
Equity Risk Parity,2022-12-01,GILD,0.027744087558836995,Healthcare
Equity Risk Parity,2022-12-01,GS,0.016309641029973822,Financials
Equity Risk Parity,2022-12-01,INTC,0.013654215361711694,Tech
Equity Risk Parity,2022-12-01,KO,0.02806640670807592,Consumer
Equity Risk Parity,2022-12-01,MMM,0.02089870547024055,Industrials
Equity Risk Parity,2022-12-01,MRK,0.045384155578745575,Healthcare
Equity Risk Parity,2022-12-01,MS,0.01516322062002792,Financials
Equity Risk Parity,2022-12-01,NEE,0.019844506554123335,Utilities
Equity Risk Parity,2022-12-01,NEM,0.025245078679420434,Materials
Equity Risk Parity,2022-12-01,NKE,0.012955697811216122,Consumer
Equity Risk Parity,2022-12-01,NUE,0.013471880014891904,Materials
Equity Risk Parity,2022-12-01,NVDA,0.008497898911639953,Tech
Equity Risk Parity,2022-12-01,O,0.023651349115861822,RealEstate
Equity Risk Parity,2022-12-01,OXY,0.015191656260770896,Energy
Equity Risk Parity,2022-12-01,PLD,0.014952871359826453,RealEstate
Equity Risk Parity,2022-12-01,PSA,0.019973790349276484,RealEstate
Equity Risk Parity,2022-12-01,QCOM,0.012277536204141095,Tech
Equity Risk Parity,2022-12-01,SBUX,0.015576357606938861,Consumer
Equity Risk Parity,2022-12-01,SHW,0.018261449110826892,Materials
Equity Risk Parity,2022-12-01,SLB,0.016707231399428223,Energy
Equity Risk Parity,2022-12-01,SO,0.026003432136551867,Utilities
Equity Risk Parity,2022-12-01,T,0.024712775902153226,Comm
Equity Risk Parity,2022-12-01,TMUS,0.020647159925722882,Comm
Equity Risk Parity,2022-12-01,TTWO,0.019001828731258916,Comm
Equity Risk Parity,2022-12-01,UPS,0.01813345860423647,Industrials
Equity Risk Parity,2022-12-01,USB,0.018860610574464202,Financials
Equity Risk Parity,2022-12-01,V,0.016502031662193568,Financials
Equity Risk Parity,2022-12-01,WFC,0.01574653154076987,Financials
Equity Risk Parity,2022-12-01,WMT,0.033814743490494785,Consumer
Equity Risk Parity,2022-12-01,XOM,0.020962961786709956,Energy
Equity Risk Parity,2023-01-03,ABBV,0.03503298979812634,Healthcare
Equity Risk Parity,2023-01-03,ABT,0.018613663518183683,Healthcare
Equity Risk Parity,2023-01-03,ADBE,0.012680669526624387,Tech
Equity Risk Parity,2023-01-03,AEP,0.024309865038114123,Utilities
Equity Risk Parity,2023-01-03,AMD,0.008739073073166258,Tech
Equity Risk Parity,2023-01-03,AMGN,0.03746211940770409,Healthcare
Equity Risk Parity,2023-01-03,AMT,0.01724087366695619,RealEstate
Equity Risk Parity,2023-01-03,BA,0.013453236623269218,Industrials
Equity Risk Parity,2023-01-03,CAT,0.017288480655646817,Industrials
Equity Risk Parity,2023-01-03,CCI,0.018352507895244213,RealEstate
Equity Risk Parity,2023-01-03,CMCSA,0.019783753571502118,Comm
Equity Risk Parity,2023-01-03,COP,0.01694960416564783,Energy
Equity Risk Parity,2023-01-03,CVX,0.021059047796612437,Energy
Equity Risk Parity,2023-01-03,D,0.026766627765146753,Utilities
Equity Risk Parity,2023-01-03,DD,0.014999348142242295,Materials
Equity Risk Parity,2023-01-03,DIS,0.014751466931532736,Consumer
Equity Risk Parity,2023-01-03,DOW,0.017732740443455068,Materials
Equity Risk Parity,2023-01-03,DUK,0.02777768567781143,Utilities
Equity Risk Parity,2023-01-03,EA,0.025942907884285875,Comm
Equity Risk Parity,2023-01-03,GE,0.014982120663531539,Industrials
Equity Risk Parity,2023-01-03,GILD,0.0272792886290694,Healthcare
Equity Risk Parity,2023-01-03,GS,0.0166225786845104,Financials
Equity Risk Parity,2023-01-03,INTC,0.01382696016871458,Tech
Equity Risk Parity,2023-01-03,KO,0.028323781851224927,Consumer
Equity Risk Parity,2023-01-03,MMM,0.02073821233426773,Industrials
Equity Risk Parity,2023-01-03,MRK,0.04281950394642394,Healthcare
Equity Risk Parity,2023-01-03,MS,0.015281614285459332,Financials
Equity Risk Parity,2023-01-03,NEE,0.019724955956924292,Utilities
Equity Risk Parity,2023-01-03,NEM,0.02509861702812485,Materials
Equity Risk Parity,2023-01-03,NKE,0.012502049594030746,Consumer
Equity Risk Parity,2023-01-03,NUE,0.013060088788285878,Materials
Equity Risk Parity,2023-01-03,NVDA,0.008506845608473906,Tech
Equity Risk Parity,2023-01-03,O,0.02450014207043195,RealEstate
Equity Risk Parity,2023-01-03,OXY,0.015359312615427915,Energy
Equity Risk Parity,2023-01-03,PLD,0.014771624517649627,RealEstate
Equity Risk Parity,2023-01-03,PSA,0.019807727757698984,RealEstate
Equity Risk Parity,2023-01-03,QCOM,0.011985972478762168,Tech
Equity Risk Parity,2023-01-03,SBUX,0.01599794612797192,Consumer
Equity Risk Parity,2023-01-03,SHW,0.018240669068232622,Materials
Equity Risk Parity,2023-01-03,SLB,0.016388402145194023,Energy
Equity Risk Parity,2023-01-03,SO,0.025943346863608177,Utilities
Equity Risk Parity,2023-01-03,T,0.025333632088093833,Comm
Equity Risk Parity,2023-01-03,TMUS,0.0215222656728892,Comm
Equity Risk Parity,2023-01-03,TTWO,0.01867802396677067,Comm
Equity Risk Parity,2023-01-03,UPS,0.018005218825817272,Industrials
Equity Risk Parity,2023-01-03,USB,0.019010329745299,Financials
Equity Risk Parity,2023-01-03,V,0.016970387900414014,Financials
Equity Risk Parity,2023-01-03,WFC,0.01644302295386265,Financials
Equity Risk Parity,2023-01-03,WMT,0.03270752058819852,Consumer
Equity Risk Parity,2023-01-03,XOM,0.020631175493364254,Energy
Equity Risk Parity,2023-02-01,ABBV,0.034821268758137916,Healthcare
Equity Risk Parity,2023-02-01,ABT,0.01889915556992231,Healthcare
Equity Risk Parity,2023-02-01,ADBE,0.012886286637424986,Tech
Equity Risk Parity,2023-02-01,AEP,0.02390636031379557,Utilities
Equity Risk Parity,2023-02-01,AMD,0.008831100493129827,Tech
Equity Risk Parity,2023-02-01,AMGN,0.03775619392752372,Healthcare
Equity Risk Parity,2023-02-01,AMT,0.01728971985947706,RealEstate
Equity Risk Parity,2023-02-01,BA,0.013695413822255907,Industrials
Equity Risk Parity,2023-02-01,CAT,0.017025874685428405,Industrials
Equity Risk Parity,2023-02-01,CCI,0.01809890629968165,RealEstate
Equity Risk Parity,2023-02-01,CMCSA,0.01959733410534134,Comm
Equity Risk Parity,2023-02-01,COP,0.01737925177891251,Energy
Equity Risk Parity,2023-02-01,CVX,0.02104960007298727,Energy
Equity Risk Parity,2023-02-01,D,0.02646368447429346,Utilities
Equity Risk Parity,2023-02-01,DD,0.015095852860720025,Materials
Equity Risk Parity,2023-02-01,DIS,0.01482102108427058,Consumer
Equity Risk Parity,2023-02-01,DOW,0.017458893049237482,Materials
Equity Risk Parity,2023-02-01,DUK,0.027576151999146193,Utilities
Equity Risk Parity,2023-02-01,EA,0.026165866081648153,Comm
Equity Risk Parity,2023-02-01,GE,0.015152069252769356,Industrials
Equity Risk Parity,2023-02-01,GILD,0.02771103330010127,Healthcare
Equity Risk Parity,2023-02-01,GS,0.017172380242144784,Financials
Equity Risk Parity,2023-02-01,INTC,0.013366615801626229,Tech
Equity Risk Parity,2023-02-01,KO,0.028465631447166313,Consumer
Equity Risk Parity,2023-02-01,MMM,0.019568571143112078,Industrials
Equity Risk Parity,2023-02-01,MRK,0.041977237500354696,Healthcare
Equity Risk Parity,2023-02-01,MS,0.015388593294907646,Financials
Equity Risk Parity,2023-02-01,NEE,0.020201206395831547,Utilities
Equity Risk Parity,2023-02-01,NEM,0.023786529862941448,Materials
Equity Risk Parity,2023-02-01,NKE,0.012503924698544647,Consumer
Equity Risk Parity,2023-02-01,NUE,0.012987370158068496,Materials
Equity Risk Parity,2023-02-01,NVDA,0.0085064643367077,Tech
Equity Risk Parity,2023-02-01,O,0.024845954113735375,RealEstate
Equity Risk Parity,2023-02-01,OXY,0.016102684142155856,Energy
Equity Risk Parity,2023-02-01,PLD,0.014488736355545671,RealEstate
Equity Risk Parity,2023-02-01,PSA,0.01980434638396857,RealEstate
Equity Risk Parity,2023-02-01,QCOM,0.011938620434914757,Tech
Equity Risk Parity,2023-02-01,SBUX,0.01589978242168061,Consumer
Equity Risk Parity,2023-02-01,SHW,0.01777741036011346,Materials
Equity Risk Parity,2023-02-01,SLB,0.016828531799499637,Energy
Equity Risk Parity,2023-02-01,SO,0.02539162109072335,Utilities
Equity Risk Parity,2023-02-01,T,0.026390432046063225,Comm
Equity Risk Parity,2023-02-01,TMUS,0.02233139040124026,Comm
Equity Risk Parity,2023-02-01,TTWO,0.018915080039856022,Comm
Equity Risk Parity,2023-02-01,UPS,0.017817394774260645,Industrials
Equity Risk Parity,2023-02-01,USB,0.019015047639613227,Financials
Equity Risk Parity,2023-02-01,V,0.01757301089691369,Financials
Equity Risk Parity,2023-02-01,WFC,0.01669026579312637,Financials
Equity Risk Parity,2023-02-01,WMT,0.03184137562262343,Consumer
Equity Risk Parity,2023-02-01,XOM,0.020742752376355297,Energy
Equity Risk Parity,2023-03-01,ABBV,0.03498632407228354,Healthcare
Equity Risk Parity,2023-03-01,ABT,0.019138957292334245,Healthcare
Equity Risk Parity,2023-03-01,ADBE,0.012909108954405458,Tech
Equity Risk Parity,2023-03-01,AEP,0.023542773000470238,Utilities
Equity Risk Parity,2023-03-01,AMD,0.009068419805782811,Tech
Equity Risk Parity,2023-03-01,AMGN,0.03866737880771541,Healthcare
Equity Risk Parity,2023-03-01,AMT,0.016984909704752336,RealEstate
Equity Risk Parity,2023-03-01,BA,0.01356895163925298,Industrials
Equity Risk Parity,2023-03-01,CAT,0.017164787550665275,Industrials
Equity Risk Parity,2023-03-01,CCI,0.017892009731254762,RealEstate
Equity Risk Parity,2023-03-01,CMCSA,0.01954036513753178,Comm
Equity Risk Parity,2023-03-01,COP,0.01705741360811638,Energy
Equity Risk Parity,2023-03-01,CVX,0.020937343352556544,Energy
Equity Risk Parity,2023-03-01,D,0.02625391047587582,Utilities
Equity Risk Parity,2023-03-01,DD,0.015265523233123652,Materials
Equity Risk Parity,2023-03-01,DIS,0.014492309702316316,Consumer
Equity Risk Parity,2023-03-01,DOW,0.017514232699098832,Materials
Equity Risk Parity,2023-03-01,DUK,0.027894521101856085,Utilities
Equity Risk Parity,2023-03-01,EA,0.026122934067079648,Comm
Equity Risk Parity,2023-03-01,GE,0.015607634842733914,Industrials
Equity Risk Parity,2023-03-01,GILD,0.027166128017628396,Healthcare
Equity Risk Parity,2023-03-01,GS,0.017340124260745614,Financials
Equity Risk Parity,2023-03-01,INTC,0.013254254105513398,Tech
Equity Risk Parity,2023-03-01,KO,0.028103869153357774,Consumer
Equity Risk Parity,2023-03-01,MMM,0.01986575283970037,Industrials
Equity Risk Parity,2023-03-01,MRK,0.04262929918783288,Healthcare
Equity Risk Parity,2023-03-01,MS,0.015705906301040663,Financials
Equity Risk Parity,2023-03-01,NEE,0.02038633062139224,Utilities
Equity Risk Parity,2023-03-01,NEM,0.02231297054038501,Materials
Equity Risk Parity,2023-03-01,NKE,0.012330701061826857,Consumer
Equity Risk Parity,2023-03-01,NUE,0.013518205223208951,Materials
Equity Risk Parity,2023-03-01,NVDA,0.008744212635535476,Tech
Equity Risk Parity,2023-03-01,O,0.025124518850349362,RealEstate
Equity Risk Parity,2023-03-01,OXY,0.015267693651952232,Energy
Equity Risk Parity,2023-03-01,PLD,0.014670601951151855,RealEstate
Equity Risk Parity,2023-03-01,PSA,0.020189473023471252,RealEstate
Equity Risk Parity,2023-03-01,QCOM,0.012279437521600097,Tech
Equity Risk Parity,2023-03-01,SBUX,0.01569626004997549,Consumer
Equity Risk Parity,2023-03-01,SHW,0.018078416581489745,Materials
Equity Risk Parity,2023-03-01,SLB,0.016673013522223005,Energy
Equity Risk Parity,2023-03-01,SO,0.02517658976476772,Utilities
Equity Risk Parity,2023-03-01,T,0.02654080292679888,Comm
Equity Risk Parity,2023-03-01,TMUS,0.021859593196968497,Comm
Equity Risk Parity,2023-03-01,TTWO,0.018242815384112106,Comm
Equity Risk Parity,2023-03-01,UPS,0.018467321864918517,Industrials
Equity Risk Parity,2023-03-01,USB,0.01926854101051985,Financials
Equity Risk Parity,2023-03-01,V,0.01772504916227208,Financials
Equity Risk Parity,2023-03-01,WFC,0.01683772464581389,Financials
Equity Risk Parity,2023-03-01,WMT,0.03128547229435466,Consumer
Equity Risk Parity,2023-03-01,XOM,0.020649111869887195,Energy
Equity Risk Parity,2023-04-03,ABBV,0.03533628352845674,Healthcare
Equity Risk Parity,2023-04-03,ABT,0.019373966414013212,Healthcare
Equity Risk Parity,2023-04-03,ADBE,0.013180290104472216,Tech
Equity Risk Parity,2023-04-03,AEP,0.023101031861875412,Utilities
Equity Risk Parity,2023-04-03,AMD,0.009533014838515243,Tech
Equity Risk Parity,2023-04-03,AMGN,0.03894859182770847,Healthcare
Equity Risk Parity,2023-04-03,AMT,0.016900031598704908,RealEstate
Equity Risk Parity,2023-04-03,BA,0.013693183369499288,Industrials
Equity Risk Parity,2023-04-03,CAT,0.01649828595884511,Industrials
Equity Risk Parity,2023-04-03,CCI,0.017773230724860832,RealEstate
Equity Risk Parity,2023-04-03,CMCSA,0.019540203490536995,Comm
Equity Risk Parity,2023-04-03,COP,0.01656755365997004,Energy
Equity Risk Parity,2023-04-03,CVX,0.01964562595470086,Energy
Equity Risk Parity,2023-04-03,D,0.025895508946012495,Utilities
Equity Risk Parity,2023-04-03,DD,0.01567541326181149,Materials
Equity Risk Parity,2023-04-03,DIS,0.014734813805315893,Consumer
Equity Risk Parity,2023-04-03,DOW,0.017873303246302687,Materials
Equity Risk Parity,2023-04-03,DUK,0.026849364784283028,Utilities
Equity Risk Parity,2023-04-03,EA,0.02660861568575341,Comm
Equity Risk Parity,2023-04-03,GE,0.016032887938627515,Industrials
Equity Risk Parity,2023-04-03,GILD,0.02676059393948591,Healthcare
Equity Risk Parity,2023-04-03,GS,0.017260965595432432,Financials
Equity Risk Parity,2023-04-03,INTC,0.013610101758573861,Tech
Equity Risk Parity,2023-04-03,KO,0.02903363714331576,Consumer
Equity Risk Parity,2023-04-03,MMM,0.020010749137929777,Industrials
Equity Risk Parity,2023-04-03,MRK,0.04236662188224942,Healthcare
Equity Risk Parity,2023-04-03,MS,0.015826992795081835,Financials
Equity Risk Parity,2023-04-03,NEE,0.01971922835568728,Utilities
Equity Risk Parity,2023-04-03,NEM,0.022606709736643346,Materials
Equity Risk Parity,2023-04-03,NKE,0.012838682783821923,Consumer
Equity Risk Parity,2023-04-03,NUE,0.013456284856264825,Materials
Equity Risk Parity,2023-04-03,NVDA,0.009202480596012736,Tech
Equity Risk Parity,2023-04-03,O,0.024898151907978203,RealEstate
Equity Risk Parity,2023-04-03,OXY,0.01538690632701514,Energy
Equity Risk Parity,2023-04-03,PLD,0.014267702855381722,RealEstate
Equity Risk Parity,2023-04-03,PSA,0.020029568792070594,RealEstate
Equity Risk Parity,2023-04-03,QCOM,0.012927325205442397,Tech
Equity Risk Parity,2023-04-03,SBUX,0.01660405775854735,Consumer
Equity Risk Parity,2023-04-03,SHW,0.017992347862097142,Materials
Equity Risk Parity,2023-04-03,SLB,0.015525679912260995,Energy
Equity Risk Parity,2023-04-03,SO,0.02475709295851159,Utilities
Equity Risk Parity,2023-04-03,T,0.02678187738746616,Comm
Equity Risk Parity,2023-04-03,TMUS,0.022532779442919374,Comm
Equity Risk Parity,2023-04-03,TTWO,0.018335812549872953,Comm
Equity Risk Parity,2023-04-03,UPS,0.019342373376000727,Industrials
Equity Risk Parity,2023-04-03,USB,0.017663025311331067,Financials
Equity Risk Parity,2023-04-03,V,0.018401729743314266,Financials
Equity Risk Parity,2023-04-03,WFC,0.016887439843754144,Financials
Equity Risk Parity,2023-04-03,WMT,0.03177491276922978,Consumer
Equity Risk Parity,2023-04-03,XOM,0.019436966416041607,Energy
Equity Risk Parity,2023-05-01,ABBV,0.03635168892459345,Healthcare
Equity Risk Parity,2023-05-01,ABT,0.01970295757880189,Healthcare
Equity Risk Parity,2023-05-01,ADBE,0.013250792512577103,Tech
Equity Risk Parity,2023-05-01,AEP,0.022926797646450187,Utilities
Equity Risk Parity,2023-05-01,AMD,0.009822419617879732,Tech
Equity Risk Parity,2023-05-01,AMGN,0.03883035662360283,Healthcare
Equity Risk Parity,2023-05-01,AMT,0.01683134053595516,RealEstate
Equity Risk Parity,2023-05-01,BA,0.0138788050643843,Industrials
Equity Risk Parity,2023-05-01,CAT,0.016829474566695646,Industrials
Equity Risk Parity,2023-05-01,CCI,0.017397321865014827,RealEstate
Equity Risk Parity,2023-05-01,CMCSA,0.019173262358217556,Comm
Equity Risk Parity,2023-05-01,COP,0.016460827699196275,Energy
Equity Risk Parity,2023-05-01,CVX,0.019706586288307314,Energy
Equity Risk Parity,2023-05-01,D,0.02556496997199186,Utilities
Equity Risk Parity,2023-05-01,DD,0.015698122633997162,Materials
Equity Risk Parity,2023-05-01,DIS,0.01471817258017916,Consumer
Equity Risk Parity,2023-05-01,DOW,0.017255040835384483,Materials
Equity Risk Parity,2023-05-01,DUK,0.026462943992646475,Utilities
Equity Risk Parity,2023-05-01,EA,0.025513152046112222,Comm
Equity Risk Parity,2023-05-01,GE,0.016657733811306117,Industrials
Equity Risk Parity,2023-05-01,GILD,0.027198324351001744,Healthcare
Equity Risk Parity,2023-05-01,GS,0.01765801382597832,Financials
Equity Risk Parity,2023-05-01,INTC,0.0136000421624934,Tech
Equity Risk Parity,2023-05-01,KO,0.029184763633113266,Consumer
Equity Risk Parity,2023-05-01,MMM,0.019865882320777184,Industrials
Equity Risk Parity,2023-05-01,MRK,0.042089391768086064,Healthcare
Equity Risk Parity,2023-05-01,MS,0.016282695732249913,Financials
Equity Risk Parity,2023-05-01,NEE,0.01951739620859829,Utilities
Equity Risk Parity,2023-05-01,NEM,0.02310898848552453,Materials
Equity Risk Parity,2023-05-01,NKE,0.013208355289406898,Consumer
Equity Risk Parity,2023-05-01,NUE,0.013431434497547688,Materials
Equity Risk Parity,2023-05-01,NVDA,0.009366618474245964,Tech
Equity Risk Parity,2023-05-01,O,0.025134662859747286,RealEstate
Equity Risk Parity,2023-05-01,OXY,0.01579108446474435,Energy
Equity Risk Parity,2023-05-01,PLD,0.014148641183488532,RealEstate
Equity Risk Parity,2023-05-01,PSA,0.020252536316151176,RealEstate
Equity Risk Parity,2023-05-01,QCOM,0.012914643681616648,Tech
Equity Risk Parity,2023-05-01,SBUX,0.016845477444725677,Consumer
Equity Risk Parity,2023-05-01,SHW,0.017127052218547063,Materials
Equity Risk Parity,2023-05-01,SLB,0.01504409015786551,Energy
Equity Risk Parity,2023-05-01,SO,0.02462397390658304,Utilities
Equity Risk Parity,2023-05-01,T,0.025381440563239027,Comm
Equity Risk Parity,2023-05-01,TMUS,0.02349671677893094,Comm
Equity Risk Parity,2023-05-01,TTWO,0.018151669156966584,Comm
Equity Risk Parity,2023-05-01,UPS,0.018661991824175522,Industrials
Equity Risk Parity,2023-05-01,USB,0.01729927344793939,Financials
Equity Risk Parity,2023-05-01,V,0.018848971277301854,Financials
Equity Risk Parity,2023-05-01,WFC,0.016839361271699223,Financials
Equity Risk Parity,2023-05-01,WMT,0.032609408623461046,Consumer
Equity Risk Parity,2023-05-01,XOM,0.019284330920500095,Energy
Equity Risk Parity,2023-06-01,ABBV,0.03520175705867689,Healthcare
Equity Risk Parity,2023-06-01,ABT,0.020705682815224023,Healthcare
Equity Risk Parity,2023-06-01,ADBE,0.0131107361286488,Tech
Equity Risk Parity,2023-06-01,AEP,0.021923135074660656,Utilities
Equity Risk Parity,2023-06-01,AMD,0.01066523755153079,Tech
Equity Risk Parity,2023-06-01,AMGN,0.033989488810504336,Healthcare
Equity Risk Parity,2023-06-01,AMT,0.016683053295831526,RealEstate
Equity Risk Parity,2023-06-01,BA,0.014718402869429647,Industrials
Equity Risk Parity,2023-06-01,CAT,0.016376853169754922,Industrials
Equity Risk Parity,2023-06-01,CCI,0.016871010759697734,RealEstate
Equity Risk Parity,2023-06-01,CMCSA,0.01836317116046597,Comm
Equity Risk Parity,2023-06-01,COP,0.01694325921066106,Energy
Equity Risk Parity,2023-06-01,CVX,0.019957956459215897,Energy
Equity Risk Parity,2023-06-01,D,0.024007155177988578,Utilities
Equity Risk Parity,2023-06-01,DD,0.015285093591636002,Materials
Equity Risk Parity,2023-06-01,DIS,0.014241586711107094,Consumer
Equity Risk Parity,2023-06-01,DOW,0.016496166958233967,Materials
Equity Risk Parity,2023-06-01,DUK,0.025096997765955566,Utilities
Equity Risk Parity,2023-06-01,EA,0.02695637059889747,Comm
Equity Risk Parity,2023-06-01,GE,0.017009498826919933,Industrials
Equity Risk Parity,2023-06-01,GILD,0.025917029868533573,Healthcare
Equity Risk Parity,2023-06-01,GS,0.017604552308130562,Financials
Equity Risk Parity,2023-06-01,INTC,0.01383626410343384,Tech
Equity Risk Parity,2023-06-01,KO,0.03171557164954924,Consumer
Equity Risk Parity,2023-06-01,MMM,0.018669576722532052,Industrials
Equity Risk Parity,2023-06-01,MRK,0.04249855735132474,Healthcare
Equity Risk Parity,2023-06-01,MS,0.016488543010705913,Financials
Equity Risk Parity,2023-06-01,NEE,0.019781975454158194,Utilities
Equity Risk Parity,2023-06-01,NEM,0.022462879197170712,Materials
Equity Risk Parity,2023-06-01,NKE,0.013261926167139232,Consumer
Equity Risk Parity,2023-06-01,NUE,0.013639290863415513,Materials
Equity Risk Parity,2023-06-01,NVDA,0.00999077119710355,Tech
Equity Risk Parity,2023-06-01,O,0.025277094623688948,RealEstate
Equity Risk Parity,2023-06-01,OXY,0.017200715551680432,Energy
Equity Risk Parity,2023-06-01,PLD,0.014758354383821308,RealEstate
Equity Risk Parity,2023-06-01,PSA,0.02139785793202728,RealEstate
Equity Risk Parity,2023-06-01,QCOM,0.013365808728243209,Tech
Equity Risk Parity,2023-06-01,SBUX,0.017997644360702197,Consumer
Equity Risk Parity,2023-06-01,SHW,0.016387011485405875,Materials
Equity Risk Parity,2023-06-01,SLB,0.01607055221224869,Energy
Equity Risk Parity,2023-06-01,SO,0.023725679068789043,Utilities
Equity Risk Parity,2023-06-01,T,0.024828796543147697,Comm
Equity Risk Parity,2023-06-01,TMUS,0.027086076911722896,Comm
Equity Risk Parity,2023-06-01,TTWO,0.019519269347312664,Comm
Equity Risk Parity,2023-06-01,UPS,0.018851206525248777,Industrials
Equity Risk Parity,2023-06-01,USB,0.015331559783709429,Financials
Equity Risk Parity,2023-06-01,V,0.01969561498538505,Financials
Equity Risk Parity,2023-06-01,WFC,0.016709779840841897,Financials
Equity Risk Parity,2023-06-01,WMT,0.031889043757444197,Consumer
Equity Risk Parity,2023-06-01,XOM,0.01943838207034243,Energy
Equity Risk Parity,2023-07-03,ABBV,0.03675664855090356,Healthcare
Equity Risk Parity,2023-07-03,ABT,0.021474597260412336,Healthcare
Equity Risk Parity,2023-07-03,ADBE,0.013216305152085751,Tech
Equity Risk Parity,2023-07-03,AEP,0.02168389541204503,Utilities
Equity Risk Parity,2023-07-03,AMD,0.011512919819432747,Tech
Equity Risk Parity,2023-07-03,AMGN,0.03211234371007135,Healthcare
Equity Risk Parity,2023-07-03,AMT,0.016668824752422737,RealEstate
Equity Risk Parity,2023-07-03,BA,0.015262161188671556,Industrials
Equity Risk Parity,2023-07-03,CAT,0.015391982393343606,Industrials
Equity Risk Parity,2023-07-03,CCI,0.01696905184000487,RealEstate
Equity Risk Parity,2023-07-03,CMCSA,0.017592667356907298,Comm
Equity Risk Parity,2023-07-03,COP,0.01697879537593672,Energy
Equity Risk Parity,2023-07-03,CVX,0.019658120177875583,Energy
Equity Risk Parity,2023-07-03,D,0.023324129861892185,Utilities
Equity Risk Parity,2023-07-03,DD,0.015249184801240743,Materials
Equity Risk Parity,2023-07-03,DIS,0.013628825600048607,Consumer
Equity Risk Parity,2023-07-03,DOW,0.016046229876131544,Materials
Equity Risk Parity,2023-07-03,DUK,0.0244616325817913,Utilities
Equity Risk Parity,2023-07-03,EA,0.027328839183437283,Comm
Equity Risk Parity,2023-07-03,GE,0.017755546266071683,Industrials
Equity Risk Parity,2023-07-03,GILD,0.024940788142281498,Healthcare
Equity Risk Parity,2023-07-03,GS,0.017525778476053248,Financials
Equity Risk Parity,2023-07-03,INTC,0.013394973383713041,Tech
Equity Risk Parity,2023-07-03,KO,0.030769378730324308,Consumer
Equity Risk Parity,2023-07-03,MMM,0.016868815086585425,Industrials
Equity Risk Parity,2023-07-03,MRK,0.046881078418289986,Healthcare
Equity Risk Parity,2023-07-03,MS,0.01631518648059904,Financials
Equity Risk Parity,2023-07-03,NEE,0.02038617497129947,Utilities
Equity Risk Parity,2023-07-03,NEM,0.020635722838780794,Materials
Equity Risk Parity,2023-07-03,NKE,0.013190875626299703,Consumer
Equity Risk Parity,2023-07-03,NUE,0.013488205776484947,Materials
Equity Risk Parity,2023-07-03,NVDA,0.010598458205792602,Tech
Equity Risk Parity,2023-07-03,O,0.025244269598444783,RealEstate
Equity Risk Parity,2023-07-03,OXY,0.017543482532448366,Energy
Equity Risk Parity,2023-07-03,PLD,0.015285637323400554,RealEstate
Equity Risk Parity,2023-07-03,PSA,0.020818358173714486,RealEstate
Equity Risk Parity,2023-07-03,QCOM,0.01304429078392617,Tech
Equity Risk Parity,2023-07-03,SBUX,0.01845418866352788,Consumer
Equity Risk Parity,2023-07-03,SHW,0.016316443344035,Materials
Equity Risk Parity,2023-07-03,SLB,0.015850186098303905,Energy
Equity Risk Parity,2023-07-03,SO,0.0238156605468068,Utilities
Equity Risk Parity,2023-07-03,T,0.02559231004159271,Comm
Equity Risk Parity,2023-07-03,TMUS,0.029885826178416817,Comm
Equity Risk Parity,2023-07-03,TTWO,0.020225176240063078,Comm
Equity Risk Parity,2023-07-03,UPS,0.017453391643824517,Industrials
Equity Risk Parity,2023-07-03,USB,0.014508892931209126,Financials
Equity Risk Parity,2023-07-03,V,0.020996060986753703,Financials
Equity Risk Parity,2023-07-03,WFC,0.0168943978474819,Financials
Equity Risk Parity,2023-07-03,WMT,0.030507857359737572,Consumer
Equity Risk Parity,2023-07-03,XOM,0.019495432409082056,Energy
Equity Risk Parity,2023-08-01,ABBV,0.03696387799418174,Healthcare
Equity Risk Parity,2023-08-01,ABT,0.022055184496836005,Healthcare
Equity Risk Parity,2023-08-01,ADBE,0.01332339200617293,Tech
Equity Risk Parity,2023-08-01,AEP,0.021152632982702688,Utilities
Equity Risk Parity,2023-08-01,AMD,0.011878512504023104,Tech
Equity Risk Parity,2023-08-01,AMGN,0.031914584925969866,Healthcare
Equity Risk Parity,2023-08-01,AMT,0.01665102741503455,RealEstate
Equity Risk Parity,2023-08-01,BA,0.015410374441959342,Industrials
Equity Risk Parity,2023-08-01,CAT,0.015869012096842265,Industrials
Equity Risk Parity,2023-08-01,CCI,0.016896506633646165,RealEstate
Equity Risk Parity,2023-08-01,CMCSA,0.017408142875758693,Comm
Equity Risk Parity,2023-08-01,COP,0.01704649271079473,Energy
Equity Risk Parity,2023-08-01,CVX,0.019784472475111045,Energy
Equity Risk Parity,2023-08-01,D,0.02244497209057222,Utilities
Equity Risk Parity,2023-08-01,DD,0.015490768656358428,Materials
Equity Risk Parity,2023-08-01,DIS,0.013815906058710376,Consumer
Equity Risk Parity,2023-08-01,DOW,0.016246301915943142,Materials
Equity Risk Parity,2023-08-01,DUK,0.023606803339717375,Utilities
Equity Risk Parity,2023-08-01,EA,0.027257316774512316,Comm
Equity Risk Parity,2023-08-01,GE,0.018282786779232965,Industrials
Equity Risk Parity,2023-08-01,GILD,0.024950543927286285,Healthcare
Equity Risk Parity,2023-08-01,GS,0.017977769151790918,Financials
Equity Risk Parity,2023-08-01,INTC,0.013248180516571097,Tech
Equity Risk Parity,2023-08-01,KO,0.03087578238708175,Consumer
Equity Risk Parity,2023-08-01,MMM,0.015969872544002,Industrials
Equity Risk Parity,2023-08-01,MRK,0.046033140526538036,Healthcare
Equity Risk Parity,2023-08-01,MS,0.016510456102568512,Financials
Equity Risk Parity,2023-08-01,NEE,0.02019027320509638,Utilities
Equity Risk Parity,2023-08-01,NEM,0.019684327648544074,Materials
Equity Risk Parity,2023-08-01,NKE,0.013413837273818766,Consumer
Equity Risk Parity,2023-08-01,NUE,0.013672037859029802,Materials
Equity Risk Parity,2023-08-01,NVDA,0.010730279225295911,Tech
Equity Risk Parity,2023-08-01,O,0.02516419934521076,RealEstate
Equity Risk Parity,2023-08-01,OXY,0.017869010997096126,Energy
Equity Risk Parity,2023-08-01,PLD,0.015634237371864063,RealEstate
Equity Risk Parity,2023-08-01,PSA,0.02124217243283474,RealEstate
Equity Risk Parity,2023-08-01,QCOM,0.01281893090286289,Tech
Equity Risk Parity,2023-08-01,SBUX,0.01856583638885415,Consumer
Equity Risk Parity,2023-08-01,SHW,0.015769353228095914,Materials
Equity Risk Parity,2023-08-01,SLB,0.016094846220034948,Energy
Equity Risk Parity,2023-08-01,SO,0.02339529761578505,Utilities
Equity Risk Parity,2023-08-01,T,0.024506963325810205,Comm
Equity Risk Parity,2023-08-01,TMUS,0.030829542759741875,Comm
Equity Risk Parity,2023-08-01,TTWO,0.02006774705046724,Comm
Equity Risk Parity,2023-08-01,UPS,0.017636156201662704,Industrials
Equity Risk Parity,2023-08-01,USB,0.014068202651453443,Financials
Equity Risk Parity,2023-08-01,V,0.0212610088654177,Financials
Equity Risk Parity,2023-08-01,WFC,0.01753339466374132,Financials
Equity Risk Parity,2023-08-01,WMT,0.031043133910635325,Consumer
Equity Risk Parity,2023-08-01,XOM,0.019744396526728058,Energy
Equity Risk Parity,2023-09-01,ABBV,0.03677747178189493,Healthcare
Equity Risk Parity,2023-09-01,ABT,0.02222719355424156,Healthcare
Equity Risk Parity,2023-09-01,ADBE,0.013436285940023534,Tech
Equity Risk Parity,2023-09-01,AEP,0.021137649143340997,Utilities
Equity Risk Parity,2023-09-01,AMD,0.011724590040168497,Tech
Equity Risk Parity,2023-09-01,AMGN,0.03254209563051049,Healthcare
Equity Risk Parity,2023-09-01,AMT,0.016517820909598364,RealEstate
Equity Risk Parity,2023-09-01,BA,0.015379166817966106,Industrials
Equity Risk Parity,2023-09-01,CAT,0.016535839343493567,Industrials
Equity Risk Parity,2023-09-01,CCI,0.016836637929574332,RealEstate
Equity Risk Parity,2023-09-01,CMCSA,0.017434672038064574,Comm
Equity Risk Parity,2023-09-01,COP,0.016683695793432075,Energy
Equity Risk Parity,2023-09-01,CVX,0.019586779687690747,Energy
Equity Risk Parity,2023-09-01,D,0.02195049415985991,Utilities
Equity Risk Parity,2023-09-01,DD,0.016059695890753536,Materials
Equity Risk Parity,2023-09-01,DIS,0.014139364316485638,Consumer
Equity Risk Parity,2023-09-01,DOW,0.016485456706916264,Materials
Equity Risk Parity,2023-09-01,DUK,0.023462990666896815,Utilities
Equity Risk Parity,2023-09-01,EA,0.025185745253837072,Comm
Equity Risk Parity,2023-09-01,GE,0.018710533425483327,Industrials
Equity Risk Parity,2023-09-01,GILD,0.024724568875149924,Healthcare
Equity Risk Parity,2023-09-01,GS,0.018014896034977905,Financials
Equity Risk Parity,2023-09-01,INTC,0.013021268161240605,Tech
Equity Risk Parity,2023-09-01,KO,0.03182717135464584,Consumer
Equity Risk Parity,2023-09-01,MMM,0.016602456815617235,Industrials
Equity Risk Parity,2023-09-01,MRK,0.044866624997422236,Healthcare
Equity Risk Parity,2023-09-01,MS,0.01680486811500223,Financials
Equity Risk Parity,2023-09-01,NEE,0.019838163028838996,Utilities
Equity Risk Parity,2023-09-01,NEM,0.019538832091469293,Materials
Equity Risk Parity,2023-09-01,NKE,0.013659730170317604,Consumer
Equity Risk Parity,2023-09-01,NUE,0.013898331539552574,Materials
Equity Risk Parity,2023-09-01,NVDA,0.011291426735942299,Tech
Equity Risk Parity,2023-09-01,O,0.02463013022405801,RealEstate
Equity Risk Parity,2023-09-01,OXY,0.017478960354144483,Energy
Equity Risk Parity,2023-09-01,PLD,0.015678254125148276,RealEstate
Equity Risk Parity,2023-09-01,PSA,0.02130253284659498,RealEstate
Equity Risk Parity,2023-09-01,QCOM,0.012956718379330457,Tech
Equity Risk Parity,2023-09-01,SBUX,0.019118180538982513,Consumer
Equity Risk Parity,2023-09-01,SHW,0.016000677059273886,Materials
Equity Risk Parity,2023-09-01,SLB,0.015729964045239207,Energy
Equity Risk Parity,2023-09-01,SO,0.023020551251400196,Utilities
Equity Risk Parity,2023-09-01,T,0.024198734294970853,Comm
Equity Risk Parity,2023-09-01,TMUS,0.0304104363973548,Comm
Equity Risk Parity,2023-09-01,TTWO,0.019759863136227532,Comm
Equity Risk Parity,2023-09-01,UPS,0.01753144019559416,Industrials
Equity Risk Parity,2023-09-01,USB,0.013956609860830978,Financials
Equity Risk Parity,2023-09-01,V,0.021623857450272024,Financials
Equity Risk Parity,2023-09-01,WFC,0.01774277067664495,Financials
Equity Risk Parity,2023-09-01,WMT,0.03234737586054403,Consumer
Equity Risk Parity,2023-09-01,XOM,0.01961042635297957,Energy
Equity Risk Parity,2023-10-02,ABBV,0.03549445887151547,Healthcare
Equity Risk Parity,2023-10-02,ABT,0.02168083329256378,Healthcare
Equity Risk Parity,2023-10-02,ADBE,0.014230013470905849,Tech
Equity Risk Parity,2023-10-02,AEP,0.02098968649388518,Utilities
Equity Risk Parity,2023-10-02,AMD,0.011753273145355464,Tech
Equity Risk Parity,2023-10-02,AMGN,0.03293150921248681,Healthcare
Equity Risk Parity,2023-10-02,AMT,0.015958491315676254,RealEstate
Equity Risk Parity,2023-10-02,BA,0.016380261151442144,Industrials
Equity Risk Parity,2023-10-02,CAT,0.016716244026120212,Industrials
Equity Risk Parity,2023-10-02,CCI,0.016432979188775468,RealEstate
Equity Risk Parity,2023-10-02,CMCSA,0.01860686029787254,Comm
Equity Risk Parity,2023-10-02,COP,0.016921140592632878,Energy
Equity Risk Parity,2023-10-02,CVX,0.020145977214012782,Energy
Equity Risk Parity,2023-10-02,D,0.02111034406499399,Utilities
Equity Risk Parity,2023-10-02,DD,0.01652133893044825,Materials
Equity Risk Parity,2023-10-02,DIS,0.01436260129991742,Consumer
Equity Risk Parity,2023-10-02,DOW,0.01642927594066904,Materials
Equity Risk Parity,2023-10-02,DUK,0.023518050237218483,Utilities
Equity Risk Parity,2023-10-02,EA,0.02587101023741508,Comm
Equity Risk Parity,2023-10-02,GE,0.018622069728245205,Industrials
Equity Risk Parity,2023-10-02,GILD,0.02556398948972717,Healthcare
Equity Risk Parity,2023-10-02,GS,0.017800004106231178,Financials
Equity Risk Parity,2023-10-02,INTC,0.01284177623865201,Tech
Equity Risk Parity,2023-10-02,KO,0.032767342911393424,Consumer
Equity Risk Parity,2023-10-02,MMM,0.015995234093357184,Industrials
Equity Risk Parity,2023-10-02,MRK,0.04381590562323086,Healthcare
Equity Risk Parity,2023-10-02,MS,0.016253784981800763,Financials
Equity Risk Parity,2023-10-02,NEE,0.019279466925781814,Utilities
Equity Risk Parity,2023-10-02,NEM,0.019741376882892254,Materials
Equity Risk Parity,2023-10-02,NKE,0.013858262343339854,Consumer
Equity Risk Parity,2023-10-02,NUE,0.013220275526294853,Materials
Equity Risk Parity,2023-10-02,NVDA,0.01122964819386191,Tech
Equity Risk Parity,2023-10-02,O,0.02346892193593989,RealEstate
Equity Risk Parity,2023-10-02,OXY,0.01743092526879395,Energy
Equity Risk Parity,2023-10-02,PLD,0.015104031124611762,RealEstate
Equity Risk Parity,2023-10-02,PSA,0.020801232096463992,RealEstate
Equity Risk Parity,2023-10-02,QCOM,0.012467636174567176,Tech
Equity Risk Parity,2023-10-02,SBUX,0.01862493611329406,Consumer
Equity Risk Parity,2023-10-02,SHW,0.015590081170564872,Materials
Equity Risk Parity,2023-10-02,SLB,0.016463785522285224,Energy
Equity Risk Parity,2023-10-02,SO,0.02268754598191437,Utilities
Equity Risk Parity,2023-10-02,T,0.02426293035927627,Comm
Equity Risk Parity,2023-10-02,TMUS,0.03340357709782127,Comm
Equity Risk Parity,2023-10-02,TTWO,0.020434859384636506,Comm
Equity Risk Parity,2023-10-02,UPS,0.01730596844528225,Industrials
Equity Risk Parity,2023-10-02,USB,0.013269221781642849,Financials
Equity Risk Parity,2023-10-02,V,0.021852184410682412,Financials
Equity Risk Parity,2023-10-02,WFC,0.017626759222425792,Financials
Equity Risk Parity,2023-10-02,WMT,0.032409431789985815,Consumer
Equity Risk Parity,2023-10-02,XOM,0.019752486091096068,Energy
Equity Risk Parity,2023-11-01,ABBV,0.036993895244703624,Healthcare
Equity Risk Parity,2023-11-01,ABT,0.02358354157713095,Healthcare
Equity Risk Parity,2023-11-01,ADBE,0.013178200662883681,Tech
Equity Risk Parity,2023-11-01,AEP,0.021925607610049674,Utilities
Equity Risk Parity,2023-11-01,AMD,0.012209312168179888,Tech
Equity Risk Parity,2023-11-01,AMGN,0.031059947631086767,Healthcare
Equity Risk Parity,2023-11-01,AMT,0.015596831861483857,RealEstate
Equity Risk Parity,2023-11-01,BA,0.01609799283471253,Industrials
Equity Risk Parity,2023-11-01,CAT,0.016512639427720136,Industrials
Equity Risk Parity,2023-11-01,CCI,0.015496856515735897,RealEstate
Equity Risk Parity,2023-11-01,CMCSA,0.018531675164879417,Comm
Equity Risk Parity,2023-11-01,COP,0.016737710184698818,Energy
Equity Risk Parity,2023-11-01,CVX,0.020323571244627327,Energy
Equity Risk Parity,2023-11-01,D,0.02162194325314641,Utilities
Equity Risk Parity,2023-11-01,DD,0.016749440248199136,Materials
Equity Risk Parity,2023-11-01,DIS,0.014153110637809729,Consumer
Equity Risk Parity,2023-11-01,DOW,0.015902975592609954,Materials
Equity Risk Parity,2023-11-01,DUK,0.02530134636571795,Utilities
Equity Risk Parity,2023-11-01,EA,0.02484372974578554,Comm
Equity Risk Parity,2023-11-01,GE,0.018813627378273218,Industrials
Equity Risk Parity,2023-11-01,GILD,0.0292372975492863,Healthcare
Equity Risk Parity,2023-11-01,GS,0.01772730724581786,Financials
Equity Risk Parity,2023-11-01,INTC,0.01368815693205138,Tech
Equity Risk Parity,2023-11-01,KO,0.031541349971196266,Consumer
Equity Risk Parity,2023-11-01,MMM,0.014921584757998464,Industrials
Equity Risk Parity,2023-11-01,MRK,0.04646134606331063,Healthcare
Equity Risk Parity,2023-11-01,MS,0.01617634064863195,Financials
Equity Risk Parity,2023-11-01,NEE,0.018735769673865664,Utilities
Equity Risk Parity,2023-11-01,NEM,0.01802233039256891,Materials
Equity Risk Parity,2023-11-01,NKE,0.01402325983340863,Consumer
Equity Risk Parity,2023-11-01,NUE,0.012911918723287029,Materials
Equity Risk Parity,2023-11-01,NVDA,0.01168230544185759,Tech
Equity Risk Parity,2023-11-01,O,0.023697646708020634,RealEstate
Equity Risk Parity,2023-11-01,OXY,0.015866868592821607,Energy
Equity Risk Parity,2023-11-01,PLD,0.013868947384522077,RealEstate
Equity Risk Parity,2023-11-01,PSA,0.018726541720684345,RealEstate
Equity Risk Parity,2023-11-01,QCOM,0.01226327501555715,Tech
Equity Risk Parity,2023-11-01,SBUX,0.018249474296011706,Consumer
Equity Risk Parity,2023-11-01,SHW,0.016250505613191083,Materials
Equity Risk Parity,2023-11-01,SLB,0.016533611087261084,Energy
Equity Risk Parity,2023-11-01,SO,0.024226371963999196,Utilities
Equity Risk Parity,2023-11-01,T,0.025099234689869222,Comm
Equity Risk Parity,2023-11-01,TMUS,0.03587784811108722,Comm
Equity Risk Parity,2023-11-01,TTWO,0.018629957910991226,Comm
Equity Risk Parity,2023-11-01,UPS,0.01599831396609036,Industrials
Equity Risk Parity,2023-11-01,USB,0.011550107107255812,Financials
Equity Risk Parity,2023-11-01,V,0.021499567631682367,Financials
Equity Risk Parity,2023-11-01,WFC,0.01679326180414598,Financials
Equity Risk Parity,2023-11-01,WMT,0.034270508509765686,Consumer
Equity Risk Parity,2023-11-01,XOM,0.01983503530432808,Energy
Equity Risk Parity,2023-12-01,ABBV,0.038970981085158174,Healthcare
Equity Risk Parity,2023-12-01,ABT,0.025017746854877374,Healthcare
Equity Risk Parity,2023-12-01,ADBE,0.014332139707694322,Tech
Equity Risk Parity,2023-12-01,AEP,0.020908762587304727,Utilities
Equity Risk Parity,2023-12-01,AMD,0.014419988578997789,Tech
Equity Risk Parity,2023-12-01,AMGN,0.02713250859005746,Healthcare
Equity Risk Parity,2023-12-01,AMT,0.01574902461225488,RealEstate
Equity Risk Parity,2023-12-01,BA,0.015716502045337664,Industrials
Equity Risk Parity,2023-12-01,CAT,0.015684218608124162,Industrials
Equity Risk Parity,2023-12-01,CCI,0.01526490727791946,RealEstate
Equity Risk Parity,2023-12-01,CMCSA,0.01854404636090917,Comm
Equity Risk Parity,2023-12-01,COP,0.016984410483987435,Energy
Equity Risk Parity,2023-12-01,CVX,0.020614864651621295,Energy
Equity Risk Parity,2023-12-01,D,0.01949015752587306,Utilities
Equity Risk Parity,2023-12-01,DD,0.01631534408999752,Materials
Equity Risk Parity,2023-12-01,DIS,0.01594957860508001,Consumer
Equity Risk Parity,2023-12-01,DOW,0.01677931602741771,Materials
Equity Risk Parity,2023-12-01,DUK,0.024685263848543255,Utilities
Equity Risk Parity,2023-12-01,EA,0.02370170100602224,Comm
Equity Risk Parity,2023-12-01,GE,0.019383164169450948,Industrials
Equity Risk Parity,2023-12-01,GILD,0.02593299828507292,Healthcare
Equity Risk Parity,2023-12-01,GS,0.01648631446127182,Financials
Equity Risk Parity,2023-12-01,INTC,0.014699515810661532,Tech
Equity Risk Parity,2023-12-01,KO,0.03445136887763248,Consumer
Equity Risk Parity,2023-12-01,MMM,0.014601350338017719,Industrials
Equity Risk Parity,2023-12-01,MRK,0.041595494171818896,Healthcare
Equity Risk Parity,2023-12-01,MS,0.015176164545478366,Financials
Equity Risk Parity,2023-12-01,NEE,0.017965723260366138,Utilities
Equity Risk Parity,2023-12-01,NEM,0.020320505663316286,Materials
Equity Risk Parity,2023-12-01,NKE,0.015242530830733668,Consumer
Equity Risk Parity,2023-12-01,NUE,0.013063957774440886,Materials
Equity Risk Parity,2023-12-01,NVDA,0.013997614263535465,Tech
Equity Risk Parity,2023-12-01,O,0.022199128680647207,RealEstate
Equity Risk Parity,2023-12-01,OXY,0.018122017739446595,Energy
Equity Risk Parity,2023-12-01,PLD,0.013531441393548784,RealEstate
Equity Risk Parity,2023-12-01,PSA,0.019440982894255922,RealEstate
Equity Risk Parity,2023-12-01,QCOM,0.012819158807801507,Tech
Equity Risk Parity,2023-12-01,SBUX,0.017632518387714003,Consumer
Equity Risk Parity,2023-12-01,SHW,0.016619358704235712,Materials
Equity Risk Parity,2023-12-01,SLB,0.015605880615011903,Energy
Equity Risk Parity,2023-12-01,SO,0.023321859894614688,Utilities
Equity Risk Parity,2023-12-01,T,0.024772541596359894,Comm
Equity Risk Parity,2023-12-01,TMUS,0.0345643996692495,Comm
Equity Risk Parity,2023-12-01,TTWO,0.017451186200768905,Comm
Equity Risk Parity,2023-12-01,UPS,0.016450286636618797,Industrials
Equity Risk Parity,2023-12-01,USB,0.010279277696622789,Financials
Equity Risk Parity,2023-12-01,V,0.023944251218382076,Financials
Equity Risk Parity,2023-12-01,WFC,0.01580254878314575,Financials
Equity Risk Parity,2023-12-01,WMT,0.03814819424367573,Consumer
Equity Risk Parity,2023-12-01,XOM,0.020116801838925388,Energy
Crypto Equal-Weight,2021-01-01,ADA-USD,0.1,Crypto
Crypto Equal-Weight,2021-01-01,BCH-USD,0.1,Crypto
Crypto Equal-Weight,2021-01-01,BTC-USD,0.1,Crypto
Crypto Equal-Weight,2021-01-01,EOS-USD,0.1,Crypto
Crypto Equal-Weight,2021-01-01,ETC-USD,0.1,Crypto
Crypto Equal-Weight,2021-01-01,ETH-USD,0.1,Crypto
Crypto Equal-Weight,2021-01-01,LTC-USD,0.1,Crypto
Crypto Equal-Weight,2021-01-01,TRX-USD,0.1,Crypto
Crypto Equal-Weight,2021-01-01,XLM-USD,0.1,Crypto
Crypto Equal-Weight,2021-01-01,XRP-USD,0.1,Crypto
Crypto Equal-Weight,2021-02-01,ADA-USD,0.1,Crypto
Crypto Equal-Weight,2021-02-01,BCH-USD,0.1,Crypto
Crypto Equal-Weight,2021-02-01,BTC-USD,0.1,Crypto
Crypto Equal-Weight,2021-02-01,EOS-USD,0.1,Crypto
Crypto Equal-Weight,2021-02-01,ETC-USD,0.1,Crypto
Crypto Equal-Weight,2021-02-01,ETH-USD,0.1,Crypto
Crypto Equal-Weight,2021-02-01,LTC-USD,0.1,Crypto
Crypto Equal-Weight,2021-02-01,TRX-USD,0.1,Crypto
Crypto Equal-Weight,2021-02-01,XLM-USD,0.1,Crypto
Crypto Equal-Weight,2021-02-01,XRP-USD,0.1,Crypto
Crypto Equal-Weight,2021-03-01,ADA-USD,0.1,Crypto
Crypto Equal-Weight,2021-03-01,BCH-USD,0.1,Crypto
Crypto Equal-Weight,2021-03-01,BTC-USD,0.1,Crypto
Crypto Equal-Weight,2021-03-01,EOS-USD,0.1,Crypto
Crypto Equal-Weight,2021-03-01,ETC-USD,0.1,Crypto
Crypto Equal-Weight,2021-03-01,ETH-USD,0.1,Crypto
Crypto Equal-Weight,2021-03-01,LTC-USD,0.1,Crypto
Crypto Equal-Weight,2021-03-01,TRX-USD,0.1,Crypto
Crypto Equal-Weight,2021-03-01,XLM-USD,0.1,Crypto
Crypto Equal-Weight,2021-03-01,XRP-USD,0.1,Crypto
Crypto Equal-Weight,2021-04-01,ADA-USD,0.1,Crypto
Crypto Equal-Weight,2021-04-01,BCH-USD,0.1,Crypto
Crypto Equal-Weight,2021-04-01,BTC-USD,0.1,Crypto
Crypto Equal-Weight,2021-04-01,EOS-USD,0.1,Crypto
Crypto Equal-Weight,2021-04-01,ETC-USD,0.1,Crypto
Crypto Equal-Weight,2021-04-01,ETH-USD,0.1,Crypto
Crypto Equal-Weight,2021-04-01,LTC-USD,0.1,Crypto
Crypto Equal-Weight,2021-04-01,TRX-USD,0.1,Crypto
Crypto Equal-Weight,2021-04-01,XLM-USD,0.1,Crypto
Crypto Equal-Weight,2021-04-01,XRP-USD,0.1,Crypto
Crypto Equal-Weight,2021-05-01,ADA-USD,0.1,Crypto
Crypto Equal-Weight,2021-05-01,BCH-USD,0.1,Crypto
Crypto Equal-Weight,2021-05-01,BTC-USD,0.1,Crypto
Crypto Equal-Weight,2021-05-01,EOS-USD,0.1,Crypto
Crypto Equal-Weight,2021-05-01,ETC-USD,0.1,Crypto
Crypto Equal-Weight,2021-05-01,ETH-USD,0.1,Crypto
Crypto Equal-Weight,2021-05-01,LTC-USD,0.1,Crypto
Crypto Equal-Weight,2021-05-01,TRX-USD,0.1,Crypto
Crypto Equal-Weight,2021-05-01,XLM-USD,0.1,Crypto
Crypto Equal-Weight,2021-05-01,XRP-USD,0.1,Crypto
Crypto Equal-Weight,2021-06-01,ADA-USD,0.1,Crypto
Crypto Equal-Weight,2021-06-01,BCH-USD,0.1,Crypto
Crypto Equal-Weight,2021-06-01,BTC-USD,0.1,Crypto
Crypto Equal-Weight,2021-06-01,EOS-USD,0.1,Crypto
Crypto Equal-Weight,2021-06-01,ETC-USD,0.1,Crypto
Crypto Equal-Weight,2021-06-01,ETH-USD,0.1,Crypto
Crypto Equal-Weight,2021-06-01,LTC-USD,0.1,Crypto
Crypto Equal-Weight,2021-06-01,TRX-USD,0.1,Crypto
Crypto Equal-Weight,2021-06-01,XLM-USD,0.1,Crypto
Crypto Equal-Weight,2021-06-01,XRP-USD,0.1,Crypto
Crypto Equal-Weight,2021-07-01,ADA-USD,0.1,Crypto
Crypto Equal-Weight,2021-07-01,BCH-USD,0.1,Crypto
Crypto Equal-Weight,2021-07-01,BTC-USD,0.1,Crypto
Crypto Equal-Weight,2021-07-01,EOS-USD,0.1,Crypto
Crypto Equal-Weight,2021-07-01,ETC-USD,0.1,Crypto
Crypto Equal-Weight,2021-07-01,ETH-USD,0.1,Crypto
Crypto Equal-Weight,2021-07-01,LTC-USD,0.1,Crypto
Crypto Equal-Weight,2021-07-01,TRX-USD,0.1,Crypto
Crypto Equal-Weight,2021-07-01,XLM-USD,0.1,Crypto
Crypto Equal-Weight,2021-07-01,XRP-USD,0.1,Crypto
Crypto Equal-Weight,2021-08-01,ADA-USD,0.1,Crypto
Crypto Equal-Weight,2021-08-01,BCH-USD,0.1,Crypto
Crypto Equal-Weight,2021-08-01,BTC-USD,0.1,Crypto
Crypto Equal-Weight,2021-08-01,EOS-USD,0.1,Crypto
Crypto Equal-Weight,2021-08-01,ETC-USD,0.1,Crypto
Crypto Equal-Weight,2021-08-01,ETH-USD,0.1,Crypto
Crypto Equal-Weight,2021-08-01,LTC-USD,0.1,Crypto
Crypto Equal-Weight,2021-08-01,TRX-USD,0.1,Crypto
Crypto Equal-Weight,2021-08-01,XLM-USD,0.1,Crypto
Crypto Equal-Weight,2021-08-01,XRP-USD,0.1,Crypto
Crypto Equal-Weight,2021-09-01,ADA-USD,0.1,Crypto
Crypto Equal-Weight,2021-09-01,BCH-USD,0.1,Crypto
Crypto Equal-Weight,2021-09-01,BTC-USD,0.1,Crypto
Crypto Equal-Weight,2021-09-01,EOS-USD,0.1,Crypto
Crypto Equal-Weight,2021-09-01,ETC-USD,0.1,Crypto
Crypto Equal-Weight,2021-09-01,ETH-USD,0.1,Crypto
Crypto Equal-Weight,2021-09-01,LTC-USD,0.1,Crypto
Crypto Equal-Weight,2021-09-01,TRX-USD,0.1,Crypto
Crypto Equal-Weight,2021-09-01,XLM-USD,0.1,Crypto
Crypto Equal-Weight,2021-09-01,XRP-USD,0.1,Crypto
Crypto Equal-Weight,2021-10-01,ADA-USD,0.1,Crypto
Crypto Equal-Weight,2021-10-01,BCH-USD,0.1,Crypto
Crypto Equal-Weight,2021-10-01,BTC-USD,0.1,Crypto
Crypto Equal-Weight,2021-10-01,EOS-USD,0.1,Crypto
Crypto Equal-Weight,2021-10-01,ETC-USD,0.1,Crypto
Crypto Equal-Weight,2021-10-01,ETH-USD,0.1,Crypto
Crypto Equal-Weight,2021-10-01,LTC-USD,0.1,Crypto
Crypto Equal-Weight,2021-10-01,TRX-USD,0.1,Crypto
Crypto Equal-Weight,2021-10-01,XLM-USD,0.1,Crypto
Crypto Equal-Weight,2021-10-01,XRP-USD,0.1,Crypto
Crypto Equal-Weight,2021-11-01,ADA-USD,0.1,Crypto
Crypto Equal-Weight,2021-11-01,BCH-USD,0.1,Crypto
Crypto Equal-Weight,2021-11-01,BTC-USD,0.1,Crypto
Crypto Equal-Weight,2021-11-01,EOS-USD,0.1,Crypto
Crypto Equal-Weight,2021-11-01,ETC-USD,0.1,Crypto
Crypto Equal-Weight,2021-11-01,ETH-USD,0.1,Crypto
Crypto Equal-Weight,2021-11-01,LTC-USD,0.1,Crypto
Crypto Equal-Weight,2021-11-01,TRX-USD,0.1,Crypto
Crypto Equal-Weight,2021-11-01,XLM-USD,0.1,Crypto
Crypto Equal-Weight,2021-11-01,XRP-USD,0.1,Crypto
Crypto Equal-Weight,2021-12-01,ADA-USD,0.1,Crypto
Crypto Equal-Weight,2021-12-01,BCH-USD,0.1,Crypto
Crypto Equal-Weight,2021-12-01,BTC-USD,0.1,Crypto
Crypto Equal-Weight,2021-12-01,EOS-USD,0.1,Crypto
Crypto Equal-Weight,2021-12-01,ETC-USD,0.1,Crypto
Crypto Equal-Weight,2021-12-01,ETH-USD,0.1,Crypto
Crypto Equal-Weight,2021-12-01,LTC-USD,0.1,Crypto
Crypto Equal-Weight,2021-12-01,TRX-USD,0.1,Crypto
Crypto Equal-Weight,2021-12-01,XLM-USD,0.1,Crypto
Crypto Equal-Weight,2021-12-01,XRP-USD,0.1,Crypto
Crypto Equal-Weight,2022-01-01,ADA-USD,0.1,Crypto
Crypto Equal-Weight,2022-01-01,BCH-USD,0.1,Crypto
Crypto Equal-Weight,2022-01-01,BTC-USD,0.1,Crypto
Crypto Equal-Weight,2022-01-01,EOS-USD,0.1,Crypto
Crypto Equal-Weight,2022-01-01,ETC-USD,0.1,Crypto
Crypto Equal-Weight,2022-01-01,ETH-USD,0.1,Crypto
Crypto Equal-Weight,2022-01-01,LTC-USD,0.1,Crypto
Crypto Equal-Weight,2022-01-01,TRX-USD,0.1,Crypto
Crypto Equal-Weight,2022-01-01,XLM-USD,0.1,Crypto
Crypto Equal-Weight,2022-01-01,XRP-USD,0.1,Crypto
Crypto Equal-Weight,2022-02-01,ADA-USD,0.1,Crypto
Crypto Equal-Weight,2022-02-01,BCH-USD,0.1,Crypto
Crypto Equal-Weight,2022-02-01,BTC-USD,0.1,Crypto
Crypto Equal-Weight,2022-02-01,EOS-USD,0.1,Crypto
Crypto Equal-Weight,2022-02-01,ETC-USD,0.1,Crypto
Crypto Equal-Weight,2022-02-01,ETH-USD,0.1,Crypto
Crypto Equal-Weight,2022-02-01,LTC-USD,0.1,Crypto
Crypto Equal-Weight,2022-02-01,TRX-USD,0.1,Crypto
Crypto Equal-Weight,2022-02-01,XLM-USD,0.1,Crypto
Crypto Equal-Weight,2022-02-01,XRP-USD,0.1,Crypto
Crypto Equal-Weight,2022-03-01,ADA-USD,0.1,Crypto
Crypto Equal-Weight,2022-03-01,BCH-USD,0.1,Crypto
Crypto Equal-Weight,2022-03-01,BTC-USD,0.1,Crypto
Crypto Equal-Weight,2022-03-01,EOS-USD,0.1,Crypto
Crypto Equal-Weight,2022-03-01,ETC-USD,0.1,Crypto
Crypto Equal-Weight,2022-03-01,ETH-USD,0.1,Crypto
Crypto Equal-Weight,2022-03-01,LTC-USD,0.1,Crypto
Crypto Equal-Weight,2022-03-01,TRX-USD,0.1,Crypto
Crypto Equal-Weight,2022-03-01,XLM-USD,0.1,Crypto
Crypto Equal-Weight,2022-03-01,XRP-USD,0.1,Crypto
Crypto Equal-Weight,2022-04-01,ADA-USD,0.1,Crypto
Crypto Equal-Weight,2022-04-01,BCH-USD,0.1,Crypto
Crypto Equal-Weight,2022-04-01,BTC-USD,0.1,Crypto
Crypto Equal-Weight,2022-04-01,EOS-USD,0.1,Crypto
Crypto Equal-Weight,2022-04-01,ETC-USD,0.1,Crypto
Crypto Equal-Weight,2022-04-01,ETH-USD,0.1,Crypto
Crypto Equal-Weight,2022-04-01,LTC-USD,0.1,Crypto
Crypto Equal-Weight,2022-04-01,TRX-USD,0.1,Crypto
Crypto Equal-Weight,2022-04-01,XLM-USD,0.1,Crypto
Crypto Equal-Weight,2022-04-01,XRP-USD,0.1,Crypto
Crypto Equal-Weight,2022-05-01,ADA-USD,0.1,Crypto
Crypto Equal-Weight,2022-05-01,BCH-USD,0.1,Crypto
Crypto Equal-Weight,2022-05-01,BTC-USD,0.1,Crypto
Crypto Equal-Weight,2022-05-01,EOS-USD,0.1,Crypto
Crypto Equal-Weight,2022-05-01,ETC-USD,0.1,Crypto
Crypto Equal-Weight,2022-05-01,ETH-USD,0.1,Crypto
Crypto Equal-Weight,2022-05-01,LTC-USD,0.1,Crypto
Crypto Equal-Weight,2022-05-01,TRX-USD,0.1,Crypto
Crypto Equal-Weight,2022-05-01,XLM-USD,0.1,Crypto
Crypto Equal-Weight,2022-05-01,XRP-USD,0.1,Crypto
Crypto Equal-Weight,2022-06-01,ADA-USD,0.1,Crypto
Crypto Equal-Weight,2022-06-01,BCH-USD,0.1,Crypto
Crypto Equal-Weight,2022-06-01,BTC-USD,0.1,Crypto
Crypto Equal-Weight,2022-06-01,EOS-USD,0.1,Crypto
Crypto Equal-Weight,2022-06-01,ETC-USD,0.1,Crypto
Crypto Equal-Weight,2022-06-01,ETH-USD,0.1,Crypto
Crypto Equal-Weight,2022-06-01,LTC-USD,0.1,Crypto
Crypto Equal-Weight,2022-06-01,TRX-USD,0.1,Crypto
Crypto Equal-Weight,2022-06-01,XLM-USD,0.1,Crypto
Crypto Equal-Weight,2022-06-01,XRP-USD,0.1,Crypto
Crypto Equal-Weight,2022-07-01,ADA-USD,0.1,Crypto
Crypto Equal-Weight,2022-07-01,BCH-USD,0.1,Crypto
Crypto Equal-Weight,2022-07-01,BTC-USD,0.1,Crypto
Crypto Equal-Weight,2022-07-01,EOS-USD,0.1,Crypto
Crypto Equal-Weight,2022-07-01,ETC-USD,0.1,Crypto
Crypto Equal-Weight,2022-07-01,ETH-USD,0.1,Crypto
Crypto Equal-Weight,2022-07-01,LTC-USD,0.1,Crypto
Crypto Equal-Weight,2022-07-01,TRX-USD,0.1,Crypto
Crypto Equal-Weight,2022-07-01,XLM-USD,0.1,Crypto
Crypto Equal-Weight,2022-07-01,XRP-USD,0.1,Crypto
Crypto Equal-Weight,2022-08-01,ADA-USD,0.1,Crypto
Crypto Equal-Weight,2022-08-01,BCH-USD,0.1,Crypto
Crypto Equal-Weight,2022-08-01,BTC-USD,0.1,Crypto
Crypto Equal-Weight,2022-08-01,EOS-USD,0.1,Crypto
Crypto Equal-Weight,2022-08-01,ETC-USD,0.1,Crypto
Crypto Equal-Weight,2022-08-01,ETH-USD,0.1,Crypto
Crypto Equal-Weight,2022-08-01,LTC-USD,0.1,Crypto
Crypto Equal-Weight,2022-08-01,TRX-USD,0.1,Crypto
Crypto Equal-Weight,2022-08-01,XLM-USD,0.1,Crypto
Crypto Equal-Weight,2022-08-01,XRP-USD,0.1,Crypto
Crypto Equal-Weight,2022-09-01,ADA-USD,0.1,Crypto
Crypto Equal-Weight,2022-09-01,BCH-USD,0.1,Crypto
Crypto Equal-Weight,2022-09-01,BTC-USD,0.1,Crypto
Crypto Equal-Weight,2022-09-01,EOS-USD,0.1,Crypto
Crypto Equal-Weight,2022-09-01,ETC-USD,0.1,Crypto
Crypto Equal-Weight,2022-09-01,ETH-USD,0.1,Crypto
Crypto Equal-Weight,2022-09-01,LTC-USD,0.1,Crypto
Crypto Equal-Weight,2022-09-01,TRX-USD,0.1,Crypto
Crypto Equal-Weight,2022-09-01,XLM-USD,0.1,Crypto
Crypto Equal-Weight,2022-09-01,XRP-USD,0.1,Crypto
Crypto Equal-Weight,2022-10-01,ADA-USD,0.1,Crypto
Crypto Equal-Weight,2022-10-01,BCH-USD,0.1,Crypto
Crypto Equal-Weight,2022-10-01,BTC-USD,0.1,Crypto
Crypto Equal-Weight,2022-10-01,EOS-USD,0.1,Crypto
Crypto Equal-Weight,2022-10-01,ETC-USD,0.1,Crypto
Crypto Equal-Weight,2022-10-01,ETH-USD,0.1,Crypto
Crypto Equal-Weight,2022-10-01,LTC-USD,0.1,Crypto
Crypto Equal-Weight,2022-10-01,TRX-USD,0.1,Crypto
Crypto Equal-Weight,2022-10-01,XLM-USD,0.1,Crypto
Crypto Equal-Weight,2022-10-01,XRP-USD,0.1,Crypto
Crypto Equal-Weight,2022-11-01,ADA-USD,0.1,Crypto
Crypto Equal-Weight,2022-11-01,BCH-USD,0.1,Crypto
Crypto Equal-Weight,2022-11-01,BTC-USD,0.1,Crypto
Crypto Equal-Weight,2022-11-01,EOS-USD,0.1,Crypto
Crypto Equal-Weight,2022-11-01,ETC-USD,0.1,Crypto
Crypto Equal-Weight,2022-11-01,ETH-USD,0.1,Crypto
Crypto Equal-Weight,2022-11-01,LTC-USD,0.1,Crypto
Crypto Equal-Weight,2022-11-01,TRX-USD,0.1,Crypto
Crypto Equal-Weight,2022-11-01,XLM-USD,0.1,Crypto
Crypto Equal-Weight,2022-11-01,XRP-USD,0.1,Crypto
Crypto Equal-Weight,2022-12-01,ADA-USD,0.1,Crypto
Crypto Equal-Weight,2022-12-01,BCH-USD,0.1,Crypto
Crypto Equal-Weight,2022-12-01,BTC-USD,0.1,Crypto
Crypto Equal-Weight,2022-12-01,EOS-USD,0.1,Crypto
Crypto Equal-Weight,2022-12-01,ETC-USD,0.1,Crypto
Crypto Equal-Weight,2022-12-01,ETH-USD,0.1,Crypto
Crypto Equal-Weight,2022-12-01,LTC-USD,0.1,Crypto
Crypto Equal-Weight,2022-12-01,TRX-USD,0.1,Crypto
Crypto Equal-Weight,2022-12-01,XLM-USD,0.1,Crypto
Crypto Equal-Weight,2022-12-01,XRP-USD,0.1,Crypto
Crypto Equal-Weight,2023-01-01,ADA-USD,0.1,Crypto
Crypto Equal-Weight,2023-01-01,BCH-USD,0.1,Crypto
Crypto Equal-Weight,2023-01-01,BTC-USD,0.1,Crypto
Crypto Equal-Weight,2023-01-01,EOS-USD,0.1,Crypto
Crypto Equal-Weight,2023-01-01,ETC-USD,0.1,Crypto
Crypto Equal-Weight,2023-01-01,ETH-USD,0.1,Crypto
Crypto Equal-Weight,2023-01-01,LTC-USD,0.1,Crypto
Crypto Equal-Weight,2023-01-01,TRX-USD,0.1,Crypto
Crypto Equal-Weight,2023-01-01,XLM-USD,0.1,Crypto
Crypto Equal-Weight,2023-01-01,XRP-USD,0.1,Crypto
Crypto Equal-Weight,2023-02-01,ADA-USD,0.1,Crypto
Crypto Equal-Weight,2023-02-01,BCH-USD,0.1,Crypto
Crypto Equal-Weight,2023-02-01,BTC-USD,0.1,Crypto
Crypto Equal-Weight,2023-02-01,EOS-USD,0.1,Crypto
Crypto Equal-Weight,2023-02-01,ETC-USD,0.1,Crypto
Crypto Equal-Weight,2023-02-01,ETH-USD,0.1,Crypto
Crypto Equal-Weight,2023-02-01,LTC-USD,0.1,Crypto
Crypto Equal-Weight,2023-02-01,TRX-USD,0.1,Crypto
Crypto Equal-Weight,2023-02-01,XLM-USD,0.1,Crypto
Crypto Equal-Weight,2023-02-01,XRP-USD,0.1,Crypto
Crypto Equal-Weight,2023-03-01,ADA-USD,0.1,Crypto
Crypto Equal-Weight,2023-03-01,BCH-USD,0.1,Crypto
Crypto Equal-Weight,2023-03-01,BTC-USD,0.1,Crypto
Crypto Equal-Weight,2023-03-01,EOS-USD,0.1,Crypto
Crypto Equal-Weight,2023-03-01,ETC-USD,0.1,Crypto
Crypto Equal-Weight,2023-03-01,ETH-USD,0.1,Crypto
Crypto Equal-Weight,2023-03-01,LTC-USD,0.1,Crypto
Crypto Equal-Weight,2023-03-01,TRX-USD,0.1,Crypto
Crypto Equal-Weight,2023-03-01,XLM-USD,0.1,Crypto
Crypto Equal-Weight,2023-03-01,XRP-USD,0.1,Crypto
Crypto Equal-Weight,2023-04-01,ADA-USD,0.1,Crypto
Crypto Equal-Weight,2023-04-01,BCH-USD,0.1,Crypto
Crypto Equal-Weight,2023-04-01,BTC-USD,0.1,Crypto
Crypto Equal-Weight,2023-04-01,EOS-USD,0.1,Crypto
Crypto Equal-Weight,2023-04-01,ETC-USD,0.1,Crypto
Crypto Equal-Weight,2023-04-01,ETH-USD,0.1,Crypto
Crypto Equal-Weight,2023-04-01,LTC-USD,0.1,Crypto
Crypto Equal-Weight,2023-04-01,TRX-USD,0.1,Crypto
Crypto Equal-Weight,2023-04-01,XLM-USD,0.1,Crypto
Crypto Equal-Weight,2023-04-01,XRP-USD,0.1,Crypto
Crypto Equal-Weight,2023-05-01,ADA-USD,0.1,Crypto
Crypto Equal-Weight,2023-05-01,BCH-USD,0.1,Crypto
Crypto Equal-Weight,2023-05-01,BTC-USD,0.1,Crypto
Crypto Equal-Weight,2023-05-01,EOS-USD,0.1,Crypto
Crypto Equal-Weight,2023-05-01,ETC-USD,0.1,Crypto
Crypto Equal-Weight,2023-05-01,ETH-USD,0.1,Crypto
Crypto Equal-Weight,2023-05-01,LTC-USD,0.1,Crypto
Crypto Equal-Weight,2023-05-01,TRX-USD,0.1,Crypto
Crypto Equal-Weight,2023-05-01,XLM-USD,0.1,Crypto
Crypto Equal-Weight,2023-05-01,XRP-USD,0.1,Crypto
Crypto Equal-Weight,2023-06-01,ADA-USD,0.1,Crypto
Crypto Equal-Weight,2023-06-01,BCH-USD,0.1,Crypto
Crypto Equal-Weight,2023-06-01,BTC-USD,0.1,Crypto
Crypto Equal-Weight,2023-06-01,EOS-USD,0.1,Crypto
Crypto Equal-Weight,2023-06-01,ETC-USD,0.1,Crypto
Crypto Equal-Weight,2023-06-01,ETH-USD,0.1,Crypto
Crypto Equal-Weight,2023-06-01,LTC-USD,0.1,Crypto
Crypto Equal-Weight,2023-06-01,TRX-USD,0.1,Crypto
Crypto Equal-Weight,2023-06-01,XLM-USD,0.1,Crypto
Crypto Equal-Weight,2023-06-01,XRP-USD,0.1,Crypto
Crypto Equal-Weight,2023-07-01,ADA-USD,0.1,Crypto
Crypto Equal-Weight,2023-07-01,BCH-USD,0.1,Crypto
Crypto Equal-Weight,2023-07-01,BTC-USD,0.1,Crypto
Crypto Equal-Weight,2023-07-01,EOS-USD,0.1,Crypto
Crypto Equal-Weight,2023-07-01,ETC-USD,0.1,Crypto
Crypto Equal-Weight,2023-07-01,ETH-USD,0.1,Crypto
Crypto Equal-Weight,2023-07-01,LTC-USD,0.1,Crypto
Crypto Equal-Weight,2023-07-01,TRX-USD,0.1,Crypto
Crypto Equal-Weight,2023-07-01,XLM-USD,0.1,Crypto
Crypto Equal-Weight,2023-07-01,XRP-USD,0.1,Crypto
Crypto Equal-Weight,2023-08-01,ADA-USD,0.1,Crypto
Crypto Equal-Weight,2023-08-01,BCH-USD,0.1,Crypto
Crypto Equal-Weight,2023-08-01,BTC-USD,0.1,Crypto
Crypto Equal-Weight,2023-08-01,EOS-USD,0.1,Crypto
Crypto Equal-Weight,2023-08-01,ETC-USD,0.1,Crypto
Crypto Equal-Weight,2023-08-01,ETH-USD,0.1,Crypto
Crypto Equal-Weight,2023-08-01,LTC-USD,0.1,Crypto
Crypto Equal-Weight,2023-08-01,TRX-USD,0.1,Crypto
Crypto Equal-Weight,2023-08-01,XLM-USD,0.1,Crypto
Crypto Equal-Weight,2023-08-01,XRP-USD,0.1,Crypto
Crypto Equal-Weight,2023-09-01,ADA-USD,0.1,Crypto
Crypto Equal-Weight,2023-09-01,BCH-USD,0.1,Crypto
Crypto Equal-Weight,2023-09-01,BTC-USD,0.1,Crypto
Crypto Equal-Weight,2023-09-01,EOS-USD,0.1,Crypto
Crypto Equal-Weight,2023-09-01,ETC-USD,0.1,Crypto
Crypto Equal-Weight,2023-09-01,ETH-USD,0.1,Crypto
Crypto Equal-Weight,2023-09-01,LTC-USD,0.1,Crypto
Crypto Equal-Weight,2023-09-01,TRX-USD,0.1,Crypto
Crypto Equal-Weight,2023-09-01,XLM-USD,0.1,Crypto
Crypto Equal-Weight,2023-09-01,XRP-USD,0.1,Crypto
Crypto Equal-Weight,2023-10-01,ADA-USD,0.1,Crypto
Crypto Equal-Weight,2023-10-01,BCH-USD,0.1,Crypto
Crypto Equal-Weight,2023-10-01,BTC-USD,0.1,Crypto
Crypto Equal-Weight,2023-10-01,EOS-USD,0.1,Crypto
Crypto Equal-Weight,2023-10-01,ETC-USD,0.1,Crypto
Crypto Equal-Weight,2023-10-01,ETH-USD,0.1,Crypto
Crypto Equal-Weight,2023-10-01,LTC-USD,0.1,Crypto
Crypto Equal-Weight,2023-10-01,TRX-USD,0.1,Crypto
Crypto Equal-Weight,2023-10-01,XLM-USD,0.1,Crypto
Crypto Equal-Weight,2023-10-01,XRP-USD,0.1,Crypto
Crypto Equal-Weight,2023-11-01,ADA-USD,0.1,Crypto
Crypto Equal-Weight,2023-11-01,BCH-USD,0.1,Crypto
Crypto Equal-Weight,2023-11-01,BTC-USD,0.1,Crypto
Crypto Equal-Weight,2023-11-01,EOS-USD,0.1,Crypto
Crypto Equal-Weight,2023-11-01,ETC-USD,0.1,Crypto
Crypto Equal-Weight,2023-11-01,ETH-USD,0.1,Crypto
Crypto Equal-Weight,2023-11-01,LTC-USD,0.1,Crypto
Crypto Equal-Weight,2023-11-01,TRX-USD,0.1,Crypto
Crypto Equal-Weight,2023-11-01,XLM-USD,0.1,Crypto
Crypto Equal-Weight,2023-11-01,XRP-USD,0.1,Crypto
Crypto Equal-Weight,2023-12-01,ADA-USD,0.1,Crypto
Crypto Equal-Weight,2023-12-01,BCH-USD,0.1,Crypto
Crypto Equal-Weight,2023-12-01,BTC-USD,0.1,Crypto
Crypto Equal-Weight,2023-12-01,EOS-USD,0.1,Crypto
Crypto Equal-Weight,2023-12-01,ETC-USD,0.1,Crypto
Crypto Equal-Weight,2023-12-01,ETH-USD,0.1,Crypto
Crypto Equal-Weight,2023-12-01,LTC-USD,0.1,Crypto
Crypto Equal-Weight,2023-12-01,TRX-USD,0.1,Crypto
Crypto Equal-Weight,2023-12-01,XLM-USD,0.1,Crypto
Crypto Equal-Weight,2023-12-01,XRP-USD,0.1,Crypto
Crypto Minimum-Variance,2021-01-01,BTC-USD,0.9053457134724702,Crypto
Crypto Minimum-Variance,2021-01-01,TRX-USD,0.05267603612493892,Crypto
Crypto Minimum-Variance,2021-01-01,XRP-USD,0.041978250402590754,Crypto
Crypto Minimum-Variance,2021-02-01,BTC-USD,0.8245123674163116,Crypto
Crypto Minimum-Variance,2021-02-01,ETC-USD,0.0067599295070298205,Crypto
Crypto Minimum-Variance,2021-02-01,TRX-USD,0.13274000565613767,Crypto
Crypto Minimum-Variance,2021-02-01,XRP-USD,0.03598769742052084,Crypto
Crypto Minimum-Variance,2021-03-01,BTC-USD,0.7991127861999027,Crypto
Crypto Minimum-Variance,2021-03-01,ETC-USD,0.033646650702574075,Crypto
Crypto Minimum-Variance,2021-03-01,TRX-USD,0.10800278353193093,Crypto
Crypto Minimum-Variance,2021-03-01,XRP-USD,0.05923777956559226,Crypto
Crypto Minimum-Variance,2021-04-01,ADA-USD,0.0113629939963642,Crypto
Crypto Minimum-Variance,2021-04-01,BTC-USD,0.781055718010814,Crypto
Crypto Minimum-Variance,2021-04-01,ETC-USD,0.04593920303171074,Crypto
Crypto Minimum-Variance,2021-04-01,TRX-USD,0.11515776296556049,Crypto
Crypto Minimum-Variance,2021-04-01,XRP-USD,0.046484321995550595,Crypto
Crypto Minimum-Variance,2021-05-01,ADA-USD,0.027304565286923235,Crypto
Crypto Minimum-Variance,2021-05-01,BTC-USD,0.8236527908122597,Crypto
Crypto Minimum-Variance,2021-05-01,ETC-USD,0.08608611773415878,Crypto
Crypto Minimum-Variance,2021-05-01,TRX-USD,0.06228429674029016,Crypto
Crypto Minimum-Variance,2021-05-01,XRP-USD,0.0006722294263680974,Crypto
Crypto Minimum-Variance,2021-06-01,ADA-USD,0.010246996939224028,Crypto
Crypto Minimum-Variance,2021-06-01,BTC-USD,0.9624546511558909,Crypto
Crypto Minimum-Variance,2021-06-01,TRX-USD,0.027298351904884968,Crypto
Crypto Minimum-Variance,2021-07-01,ADA-USD,0.021936516966339848,Crypto
Crypto Minimum-Variance,2021-07-01,BTC-USD,0.9486943041494857,Crypto
Crypto Minimum-Variance,2021-07-01,TRX-USD,0.029369178884174237,Crypto
Crypto Minimum-Variance,2021-08-01,ADA-USD,0.013481248663607764,Crypto
Crypto Minimum-Variance,2021-08-01,BTC-USD,0.9569198635136329,Crypto
Crypto Minimum-Variance,2021-08-01,TRX-USD,0.02959888782275904,Crypto
Crypto Minimum-Variance,2021-09-01,ADA-USD,0.007418094348005468,Crypto
Crypto Minimum-Variance,2021-09-01,BTC-USD,0.9461382809179526,Crypto
Crypto Minimum-Variance,2021-09-01,TRX-USD,0.04644362473404187,Crypto
Crypto Minimum-Variance,2021-10-01,ADA-USD,0.03100470932433773,Crypto
Crypto Minimum-Variance,2021-10-01,BTC-USD,0.9689952906756623,Crypto
Crypto Minimum-Variance,2021-11-01,ADA-USD,0.04702798809372103,Crypto
Crypto Minimum-Variance,2021-11-01,BTC-USD,0.952972011906279,Crypto
Crypto Minimum-Variance,2021-12-01,ADA-USD,0.045679571744559104,Crypto
Crypto Minimum-Variance,2021-12-01,BTC-USD,0.9543204282554408,Crypto
Crypto Minimum-Variance,2022-01-01,ADA-USD,0.033708725021874615,Crypto
Crypto Minimum-Variance,2022-01-01,BTC-USD,0.9662912749781253,Crypto
Crypto Minimum-Variance,2022-02-01,ADA-USD,0.030698032600442435,Crypto
Crypto Minimum-Variance,2022-02-01,BTC-USD,0.9693019673995574,Crypto
Crypto Minimum-Variance,2022-03-01,BTC-USD,0.9999999999999998,Crypto
Crypto Minimum-Variance,2022-04-01,BTC-USD,1.0,Crypto
Crypto Minimum-Variance,2022-05-01,BTC-USD,0.9909720723238897,Crypto
Crypto Minimum-Variance,2022-05-01,TRX-USD,0.009027927676109973,Crypto
Crypto Minimum-Variance,2022-06-01,BTC-USD,0.8468443804595037,Crypto
Crypto Minimum-Variance,2022-06-01,TRX-USD,0.15315561954049603,Crypto
Crypto Minimum-Variance,2022-07-01,BTC-USD,0.8051188770355964,Crypto
Crypto Minimum-Variance,2022-07-01,TRX-USD,0.1948811229644036,Crypto
Crypto Minimum-Variance,2022-08-01,BTC-USD,0.7856621366099984,Crypto
Crypto Minimum-Variance,2022-08-01,TRX-USD,0.21433786339000174,Crypto
Crypto Minimum-Variance,2022-09-01,BTC-USD,0.7688889161427638,Crypto
Crypto Minimum-Variance,2022-09-01,TRX-USD,0.23111108385723608,Crypto
Crypto Minimum-Variance,2022-10-01,BTC-USD,0.6237374852834916,Crypto
Crypto Minimum-Variance,2022-10-01,TRX-USD,0.371108286372158,Crypto
Crypto Minimum-Variance,2022-10-01,XRP-USD,0.005154228344350358,Crypto
Crypto Minimum-Variance,2022-11-01,BTC-USD,0.64941353236388,Crypto
Crypto Minimum-Variance,2022-11-01,TRX-USD,0.3505864676361199,Crypto
Crypto Minimum-Variance,2022-12-01,BTC-USD,0.5811768025136461,Crypto
Crypto Minimum-Variance,2022-12-01,TRX-USD,0.4188231974863537,Crypto
Crypto Minimum-Variance,2023-01-01,BTC-USD,0.5862421858580363,Crypto
Crypto Minimum-Variance,2023-01-01,TRX-USD,0.4137578141419635,Crypto
Crypto Minimum-Variance,2023-02-01,BTC-USD,0.5595245583178672,Crypto
Crypto Minimum-Variance,2023-02-01,TRX-USD,0.4404754416821327,Crypto
Crypto Minimum-Variance,2023-03-01,BTC-USD,0.6042529289340651,Crypto
Crypto Minimum-Variance,2023-03-01,TRX-USD,0.3957470710659348,Crypto
Crypto Minimum-Variance,2023-04-01,BTC-USD,0.6480937223355452,Crypto
Crypto Minimum-Variance,2023-04-01,TRX-USD,0.35190627766445487,Crypto
Crypto Minimum-Variance,2023-05-01,BTC-USD,0.5792892610816663,Crypto
Crypto Minimum-Variance,2023-05-01,TRX-USD,0.4025791465387354,Crypto
Crypto Minimum-Variance,2023-05-01,XLM-USD,0.01813159237959815,Crypto
Crypto Minimum-Variance,2023-06-01,BTC-USD,0.25055691998495927,Crypto
Crypto Minimum-Variance,2023-06-01,TRX-USD,0.6531533109006308,Crypto
Crypto Minimum-Variance,2023-06-01,XLM-USD,0.09628976911441,Crypto
Crypto Minimum-Variance,2023-07-01,BTC-USD,0.25545777258386626,Crypto
Crypto Minimum-Variance,2023-07-01,TRX-USD,0.7243918279442169,Crypto
Crypto Minimum-Variance,2023-07-01,XLM-USD,0.020150399471916703,Crypto
Crypto Minimum-Variance,2023-08-01,BTC-USD,0.3494161606277173,Crypto
Crypto Minimum-Variance,2023-08-01,TRX-USD,0.6505838393722827,Crypto
Crypto Minimum-Variance,2023-09-01,BTC-USD,0.3510035304713431,Crypto
Crypto Minimum-Variance,2023-09-01,TRX-USD,0.6489964695286567,Crypto
Crypto Minimum-Variance,2023-10-01,BTC-USD,0.42806869825795174,Crypto
Crypto Minimum-Variance,2023-10-01,TRX-USD,0.571931301742048,Crypto
Crypto Minimum-Variance,2023-11-01,BTC-USD,0.39776620100593685,Crypto
Crypto Minimum-Variance,2023-11-01,TRX-USD,0.6022337989940632,Crypto
Crypto Minimum-Variance,2023-12-01,BTC-USD,0.47780300240064943,Crypto
Crypto Minimum-Variance,2023-12-01,ETH-USD,0.02085416326807559,Crypto
Crypto Minimum-Variance,2023-12-01,TRX-USD,0.501342834331275,Crypto
Crypto Maximum-Sharpe,2021-01-01,ADA-USD,0.14107955113302437,Crypto
Crypto Maximum-Sharpe,2021-01-01,BTC-USD,0.524475208224832,Crypto
Crypto Maximum-Sharpe,2021-01-01,ETH-USD,0.33444524064213654,Crypto
Crypto Maximum-Sharpe,2021-02-01,ADA-USD,0.056112975445455224,Crypto
Crypto Maximum-Sharpe,2021-02-01,BTC-USD,0.06407091170764723,Crypto
Crypto Maximum-Sharpe,2021-02-01,ETH-USD,0.7636946328633277,Crypto
Crypto Maximum-Sharpe,2021-02-01,XLM-USD,0.11612147998356949,Crypto
Crypto Maximum-Sharpe,2021-03-01,ADA-USD,0.6445446373030339,Crypto
Crypto Maximum-Sharpe,2021-03-01,BTC-USD,0.3554553626969652,Crypto
Crypto Maximum-Sharpe,2021-04-01,ADA-USD,0.3149893529143533,Crypto
Crypto Maximum-Sharpe,2021-04-01,BTC-USD,0.581421106979335,Crypto
Crypto Maximum-Sharpe,2021-04-01,ETH-USD,0.01623613842558017,Crypto
Crypto Maximum-Sharpe,2021-04-01,TRX-USD,0.0873534016807289,Crypto
Crypto Maximum-Sharpe,2021-05-01,ADA-USD,0.2921636095991193,Crypto
Crypto Maximum-Sharpe,2021-05-01,BTC-USD,0.3799962098970785,Crypto
Crypto Maximum-Sharpe,2021-05-01,ETH-USD,0.20463512143895532,Crypto
Crypto Maximum-Sharpe,2021-05-01,TRX-USD,0.08189311312876596,Crypto
Crypto Maximum-Sharpe,2021-05-01,XRP-USD,0.04131194593608039,Crypto
Crypto Maximum-Sharpe,2021-06-01,ADA-USD,0.4338885694648267,Crypto
Crypto Maximum-Sharpe,2021-06-01,ETC-USD,0.10923222786993894,Crypto
Crypto Maximum-Sharpe,2021-06-01,ETH-USD,0.43414514878302823,Crypto
Crypto Maximum-Sharpe,2021-06-01,XRP-USD,0.022734053882205355,Crypto
Crypto Maximum-Sharpe,2021-07-01,ADA-USD,0.4049686190079739,Crypto
Crypto Maximum-Sharpe,2021-07-01,BTC-USD,0.027103345748921974,Crypto
Crypto Maximum-Sharpe,2021-07-01,ETC-USD,0.14991395255489065,Crypto
Crypto Maximum-Sharpe,2021-07-01,ETH-USD,0.418014082688212,Crypto
Crypto Maximum-Sharpe,2021-08-01,ADA-USD,0.3344962312902092,Crypto
Crypto Maximum-Sharpe,2021-08-01,BTC-USD,0.1856239554988659,Crypto
Crypto Maximum-Sharpe,2021-08-01,ETC-USD,0.14125949307252753,Crypto
Crypto Maximum-Sharpe,2021-08-01,ETH-USD,0.338620320138395,Crypto
Crypto Maximum-Sharpe,2021-09-01,ADA-USD,0.564034691450696,Crypto
Crypto Maximum-Sharpe,2021-09-01,BTC-USD,0.13823546478971807,Crypto
Crypto Maximum-Sharpe,2021-09-01,ETC-USD,0.15905901377063686,Crypto
Crypto Maximum-Sharpe,2021-09-01,ETH-USD,0.138670829988948,Crypto
Crypto Maximum-Sharpe,2021-10-01,ADA-USD,0.5584131180833283,Crypto
Crypto Maximum-Sharpe,2021-10-01,BTC-USD,0.0834026603633285,Crypto
Crypto Maximum-Sharpe,2021-10-01,ETC-USD,0.10874813571918235,Crypto
Crypto Maximum-Sharpe,2021-10-01,ETH-USD,0.24943608583415894,Crypto
Crypto Maximum-Sharpe,2021-11-01,ADA-USD,0.4820487522618479,Crypto
Crypto Maximum-Sharpe,2021-11-01,BTC-USD,0.010048313908550759,Crypto
Crypto Maximum-Sharpe,2021-11-01,ETC-USD,0.09003874012293227,Crypto
Crypto Maximum-Sharpe,2021-11-01,ETH-USD,0.4178641937066686,Crypto
Crypto Maximum-Sharpe,2021-12-01,ADA-USD,0.3691087209723415,Crypto
Crypto Maximum-Sharpe,2021-12-01,ETC-USD,0.12968234864797595,Crypto
Crypto Maximum-Sharpe,2021-12-01,ETH-USD,0.5012089303796823,Crypto
Crypto Maximum-Sharpe,2022-01-01,ADA-USD,0.41787503169428797,Crypto
Crypto Maximum-Sharpe,2022-01-01,ETC-USD,0.18793490632490167,Crypto
Crypto Maximum-Sharpe,2022-01-01,ETH-USD,0.2920140984546329,Crypto
Crypto Maximum-Sharpe,2022-01-01,XRP-USD,0.10217596352617604,Crypto
Crypto Maximum-Sharpe,2022-02-01,ADA-USD,0.5353649479268205,Crypto
Crypto Maximum-Sharpe,2022-02-01,ETC-USD,0.46463505207317857,Crypto
Crypto Maximum-Sharpe,2022-03-01,ETC-USD,0.5492038266611415,Crypto
Crypto Maximum-Sharpe,2022-03-01,ETH-USD,0.25319531124988376,Crypto
Crypto Maximum-Sharpe,2022-03-01,XRP-USD,0.19760086208897373,Crypto
Crypto Maximum-Sharpe,2022-04-01,ETC-USD,0.9167636173747216,Crypto
Crypto Maximum-Sharpe,2022-04-01,ETH-USD,0.028491736620046577,Crypto
Crypto Maximum-Sharpe,2022-04-01,XRP-USD,0.05474464600523159,Crypto
Crypto Maximum-Sharpe,2022-05-01,ETC-USD,0.2747272668291526,Crypto
Crypto Maximum-Sharpe,2022-05-01,ETH-USD,0.7252727331708452,Crypto
Crypto Maximum-Sharpe,2022-06-01,TRX-USD,0.9999999999999951,Crypto
Crypto Maximum-Sharpe,2022-07-01,TRX-USD,0.9999999999999967,Crypto
Crypto Maximum-Sharpe,2022-08-01,TRX-USD,0.9999999999999953,Crypto
Crypto Maximum-Sharpe,2022-09-01,TRX-USD,0.9999999999999936,Crypto
Crypto Maximum-Sharpe,2022-10-01,ETC-USD,0.9999999999999993,Crypto
Crypto Maximum-Sharpe,2022-11-01,ETC-USD,0.9999999999999996,Crypto
Crypto Maximum-Sharpe,2022-12-01,ETC-USD,0.9999999999999989,Crypto
Crypto Maximum-Sharpe,2023-01-01,ETC-USD,0.9999999999999993,Crypto
Crypto Maximum-Sharpe,2023-02-01,ETC-USD,0.3829163360485429,Crypto
Crypto Maximum-Sharpe,2023-02-01,TRX-USD,0.6170836639514565,Crypto
Crypto Maximum-Sharpe,2023-03-01,TRX-USD,0.9999999999999922,Crypto
Crypto Maximum-Sharpe,2023-04-01,TRX-USD,0.9999999999999956,Crypto
Crypto Maximum-Sharpe,2023-05-01,LTC-USD,0.20035119480568142,Crypto
Crypto Maximum-Sharpe,2023-05-01,TRX-USD,0.7996488051943168,Crypto
Crypto Maximum-Sharpe,2023-06-01,LTC-USD,0.6576599893895533,Crypto
Crypto Maximum-Sharpe,2023-06-01,XRP-USD,0.3423400106104461,Crypto
Crypto Maximum-Sharpe,2023-07-01,BCH-USD,0.7810804609869778,Crypto
Crypto Maximum-Sharpe,2023-07-01,ETH-USD,0.05103439752941792,Crypto
Crypto Maximum-Sharpe,2023-07-01,LTC-USD,0.1678851414836041,Crypto
Crypto Maximum-Sharpe,2023-08-01,BCH-USD,0.5244228011353533,Crypto
Crypto Maximum-Sharpe,2023-08-01,LTC-USD,0.09098033742521129,Crypto
Crypto Maximum-Sharpe,2023-08-01,XRP-USD,0.3845968614394343,Crypto
Crypto Maximum-Sharpe,2023-09-01,BCH-USD,0.665565012221979,Crypto
Crypto Maximum-Sharpe,2023-09-01,XRP-USD,0.33443498777802083,Crypto
Crypto Maximum-Sharpe,2023-10-01,BCH-USD,0.4179840946452839,Crypto
Crypto Maximum-Sharpe,2023-10-01,TRX-USD,0.5820159053547151,Crypto
Crypto Maximum-Sharpe,2023-11-01,BCH-USD,0.26964879618070725,Crypto
Crypto Maximum-Sharpe,2023-11-01,BTC-USD,0.3712099107301425,Crypto
Crypto Maximum-Sharpe,2023-11-01,TRX-USD,0.35914129308914633,Crypto
Crypto Maximum-Sharpe,2023-12-01,BCH-USD,0.012600731539908672,Crypto
Crypto Maximum-Sharpe,2023-12-01,BTC-USD,0.6665731362207277,Crypto
Crypto Maximum-Sharpe,2023-12-01,TRX-USD,0.32082613223916423,Crypto
Crypto Risk Parity,2021-01-01,ADA-USD,0.09073959506708458,Crypto
Crypto Risk Parity,2021-01-01,BCH-USD,0.0903864576161173,Crypto
Crypto Risk Parity,2021-01-01,BTC-USD,0.1399619261134786,Crypto
Crypto Risk Parity,2021-01-01,EOS-USD,0.09546724257081342,Crypto
Crypto Risk Parity,2021-01-01,ETC-USD,0.09839202343633933,Crypto
Crypto Risk Parity,2021-01-01,ETH-USD,0.09973586279714135,Crypto
Crypto Risk Parity,2021-01-01,LTC-USD,0.09859046489505228,Crypto
Crypto Risk Parity,2021-01-01,TRX-USD,0.10329876096169084,Crypto
Crypto Risk Parity,2021-01-01,XLM-USD,0.09185953415184737,Crypto
Crypto Risk Parity,2021-01-01,XRP-USD,0.09156813239043493,Crypto
Crypto Risk Parity,2021-02-01,ADA-USD,0.08774760711882419,Crypto
Crypto Risk Parity,2021-02-01,BCH-USD,0.09228406849649128,Crypto
Crypto Risk Parity,2021-02-01,BTC-USD,0.13904150242532554,Crypto
Crypto Risk Parity,2021-02-01,EOS-USD,0.0983104452877759,Crypto
Crypto Risk Parity,2021-02-01,ETC-USD,0.10404349971530348,Crypto
Crypto Risk Parity,2021-02-01,ETH-USD,0.09657896566191713,Crypto
Crypto Risk Parity,2021-02-01,LTC-USD,0.10013392262061113,Crypto
Crypto Risk Parity,2021-02-01,TRX-USD,0.10783698928889167,Crypto
Crypto Risk Parity,2021-02-01,XLM-USD,0.08143396955859944,Crypto
Crypto Risk Parity,2021-02-01,XRP-USD,0.09258902982626019,Crypto
Crypto Risk Parity,2021-03-01,ADA-USD,0.09080672414946273,Crypto
Crypto Risk Parity,2021-03-01,BCH-USD,0.09308632624241191,Crypto
Crypto Risk Parity,2021-03-01,BTC-USD,0.1381744303914936,Crypto
Crypto Risk Parity,2021-03-01,EOS-USD,0.09729006264130094,Crypto
Crypto Risk Parity,2021-03-01,ETC-USD,0.09922936105243407,Crypto
Crypto Risk Parity,2021-03-01,ETH-USD,0.09962480958270946,Crypto
Crypto Risk Parity,2021-03-01,LTC-USD,0.09995734572710105,Crypto
Crypto Risk Parity,2021-03-01,TRX-USD,0.10604103974798242,Crypto
Crypto Risk Parity,2021-03-01,XLM-USD,0.08167626968410903,Crypto
Crypto Risk Parity,2021-03-01,XRP-USD,0.09411363078099488,Crypto
Crypto Risk Parity,2021-04-01,ADA-USD,0.08962702784858373,Crypto
Crypto Risk Parity,2021-04-01,BCH-USD,0.09410271689802886,Crypto
Crypto Risk Parity,2021-04-01,BTC-USD,0.1530241931899033,Crypto
Crypto Risk Parity,2021-04-01,EOS-USD,0.09311282687877619,Crypto
Crypto Risk Parity,2021-04-01,ETC-USD,0.09837135279498616,Crypto
Crypto Risk Parity,2021-04-01,ETH-USD,0.10249862955603496,Crypto
Crypto Risk Parity,2021-04-01,LTC-USD,0.10023898979021495,Crypto
Crypto Risk Parity,2021-04-01,TRX-USD,0.10536169323332224,Crypto
Crypto Risk Parity,2021-04-01,XLM-USD,0.07515509853684903,Crypto
Crypto Risk Parity,2021-04-01,XRP-USD,0.08850747127330069,Crypto
Crypto Risk Parity,2021-05-01,ADA-USD,0.09513980667983173,Crypto
Crypto Risk Parity,2021-05-01,BCH-USD,0.0919441305680368,Crypto
Crypto Risk Parity,2021-05-01,BTC-USD,0.1607090300983001,Crypto
Crypto Risk Parity,2021-05-01,EOS-USD,0.09008768119660515,Crypto
Crypto Risk Parity,2021-05-01,ETC-USD,0.09757201946616897,Crypto
Crypto Risk Parity,2021-05-01,ETH-USD,0.11101991756174812,Crypto
Crypto Risk Parity,2021-05-01,LTC-USD,0.09983514598946151,Crypto
Crypto Risk Parity,2021-05-01,TRX-USD,0.10070741895568111,Crypto
Crypto Risk Parity,2021-05-01,XLM-USD,0.07464044337689985,Crypto
Crypto Risk Parity,2021-05-01,XRP-USD,0.07834440610726674,Crypto
Crypto Risk Parity,2021-06-01,ADA-USD,0.09899573945130151,Crypto
Crypto Risk Parity,2021-06-01,BCH-USD,0.08390683695539797,Crypto
Crypto Risk Parity,2021-06-01,BTC-USD,0.17302340629801957,Crypto
Crypto Risk Parity,2021-06-01,EOS-USD,0.07915807798330066,Crypto
Crypto Risk Parity,2021-06-01,ETC-USD,0.0868110964391165,Crypto
Crypto Risk Parity,2021-06-01,ETH-USD,0.11354704354379128,Crypto
Crypto Risk Parity,2021-06-01,LTC-USD,0.09773885073156763,Crypto
Crypto Risk Parity,2021-06-01,TRX-USD,0.10098068612284182,Crypto
Crypto Risk Parity,2021-06-01,XLM-USD,0.08230448851538492,Crypto
Crypto Risk Parity,2021-06-01,XRP-USD,0.08353377395927802,Crypto
Crypto Risk Parity,2021-07-01,ADA-USD,0.10031640861343626,Crypto
Crypto Risk Parity,2021-07-01,BCH-USD,0.08545115880510694,Crypto
Crypto Risk Parity,2021-07-01,BTC-USD,0.16978480481029515,Crypto
Crypto Risk Parity,2021-07-01,EOS-USD,0.07962071273131775,Crypto
Crypto Risk Parity,2021-07-01,ETC-USD,0.08548675569239364,Crypto
Crypto Risk Parity,2021-07-01,ETH-USD,0.1139244960723216,Crypto
Crypto Risk Parity,2021-07-01,LTC-USD,0.0981109142342015,Crypto
Crypto Risk Parity,2021-07-01,TRX-USD,0.10091408051011551,Crypto
Crypto Risk Parity,2021-07-01,XLM-USD,0.0831613433224344,Crypto
Crypto Risk Parity,2021-07-01,XRP-USD,0.08322932520837731,Crypto
Crypto Risk Parity,2021-08-01,ADA-USD,0.10140378465288225,Crypto
Crypto Risk Parity,2021-08-01,BCH-USD,0.08588850907419711,Crypto
Crypto Risk Parity,2021-08-01,BTC-USD,0.16764425336697775,Crypto
Crypto Risk Parity,2021-08-01,EOS-USD,0.07971474116409326,Crypto
Crypto Risk Parity,2021-08-01,ETC-USD,0.08562277951242751,Crypto
Crypto Risk Parity,2021-08-01,ETH-USD,0.1129929864934713,Crypto
Crypto Risk Parity,2021-08-01,LTC-USD,0.09873000991131023,Crypto
Crypto Risk Parity,2021-08-01,TRX-USD,0.1010304205441514,Crypto
Crypto Risk Parity,2021-08-01,XLM-USD,0.08353505552025083,Crypto
Crypto Risk Parity,2021-08-01,XRP-USD,0.0834374597602382,Crypto
Crypto Risk Parity,2021-09-01,ADA-USD,0.10009830424524455,Crypto
Crypto Risk Parity,2021-09-01,BCH-USD,0.08651762917580169,Crypto
Crypto Risk Parity,2021-09-01,BTC-USD,0.1667821531405124,Crypto
Crypto Risk Parity,2021-09-01,EOS-USD,0.08006830229386266,Crypto
Crypto Risk Parity,2021-09-01,ETC-USD,0.0851650941125044,Crypto
Crypto Risk Parity,2021-09-01,ETH-USD,0.1138327322373025,Crypto
Crypto Risk Parity,2021-09-01,LTC-USD,0.09936752995285526,Crypto
Crypto Risk Parity,2021-09-01,TRX-USD,0.10310772137815397,Crypto
Crypto Risk Parity,2021-09-01,XLM-USD,0.08323499562648376,Crypto
Crypto Risk Parity,2021-09-01,XRP-USD,0.08182553783727878,Crypto
Crypto Risk Parity,2021-10-01,ADA-USD,0.10285360492709075,Crypto
Crypto Risk Parity,2021-10-01,BCH-USD,0.08764264354234433,Crypto
Crypto Risk Parity,2021-10-01,BTC-USD,0.16525121305093196,Crypto
Crypto Risk Parity,2021-10-01,EOS-USD,0.07977275169146551,Crypto
Crypto Risk Parity,2021-10-01,ETC-USD,0.08460033365965335,Crypto
Crypto Risk Parity,2021-10-01,ETH-USD,0.11531332302313754,Crypto
Crypto Risk Parity,2021-10-01,LTC-USD,0.09948354768752775,Crypto
Crypto Risk Parity,2021-10-01,TRX-USD,0.09949665303572504,Crypto
Crypto Risk Parity,2021-10-01,XLM-USD,0.08358196511456605,Crypto
Crypto Risk Parity,2021-10-01,XRP-USD,0.0820039642675577,Crypto
Crypto Risk Parity,2021-11-01,ADA-USD,0.10380325636034679,Crypto
Crypto Risk Parity,2021-11-01,BCH-USD,0.0876123997859086,Crypto
Crypto Risk Parity,2021-11-01,BTC-USD,0.16400338735352754,Crypto
Crypto Risk Parity,2021-11-01,EOS-USD,0.07957351651880243,Crypto
Crypto Risk Parity,2021-11-01,ETC-USD,0.08474931312784222,Crypto
Crypto Risk Parity,2021-11-01,ETH-USD,0.1154278223238422,Crypto
Crypto Risk Parity,2021-11-01,LTC-USD,0.09964979162980184,Crypto
Crypto Risk Parity,2021-11-01,TRX-USD,0.0995886788443141,Crypto
Crypto Risk Parity,2021-11-01,XLM-USD,0.08341730627436354,Crypto
Crypto Risk Parity,2021-11-01,XRP-USD,0.08217452778125056,Crypto
Crypto Risk Parity,2021-12-01,ADA-USD,0.10396263214013007,Crypto
Crypto Risk Parity,2021-12-01,BCH-USD,0.08762814005872782,Crypto
Crypto Risk Parity,2021-12-01,BTC-USD,0.16057875034818211,Crypto
Crypto Risk Parity,2021-12-01,EOS-USD,0.07896792570069935,Crypto
Crypto Risk Parity,2021-12-01,ETC-USD,0.08407833009872376,Crypto
Crypto Risk Parity,2021-12-01,ETH-USD,0.11444284842755777,Crypto
Crypto Risk Parity,2021-12-01,LTC-USD,0.09766243607123888,Crypto
Crypto Risk Parity,2021-12-01,TRX-USD,0.09912757587097593,Crypto
Crypto Risk Parity,2021-12-01,XLM-USD,0.08712066548293289,Crypto
Crypto Risk Parity,2021-12-01,XRP-USD,0.08643069580083142,Crypto
Crypto Risk Parity,2022-01-01,ADA-USD,0.10318442886653818,Crypto
Crypto Risk Parity,2022-01-01,BCH-USD,0.0872417386643295,Crypto
Crypto Risk Parity,2022-01-01,BTC-USD,0.15586798669113336,Crypto
Crypto Risk Parity,2022-01-01,EOS-USD,0.07804599776118547,Crypto
Crypto Risk Parity,2022-01-01,ETC-USD,0.08362078528572528,Crypto
Crypto Risk Parity,2022-01-01,ETH-USD,0.11349514264133564,Crypto
Crypto Risk Parity,2022-01-01,LTC-USD,0.09771425017095625,Crypto
Crypto Risk Parity,2022-01-01,TRX-USD,0.09978560076857601,Crypto
Crypto Risk Parity,2022-01-01,XLM-USD,0.08952807905724687,Crypto
Crypto Risk Parity,2022-01-01,XRP-USD,0.09151599009297352,Crypto
Crypto Risk Parity,2022-02-01,ADA-USD,0.10583409143983082,Crypto
Crypto Risk Parity,2022-02-01,BCH-USD,0.08799954462783441,Crypto
Crypto Risk Parity,2022-02-01,BTC-USD,0.1557774438205701,Crypto
Crypto Risk Parity,2022-02-01,EOS-USD,0.07590425754781314,Crypto
Crypto Risk Parity,2022-02-01,ETC-USD,0.08066369125851992,Crypto
Crypto Risk Parity,2022-02-01,ETH-USD,0.11554899053075884,Crypto
Crypto Risk Parity,2022-02-01,LTC-USD,0.09615693440716687,Crypto
Crypto Risk Parity,2022-02-01,TRX-USD,0.09561318683418718,Crypto
Crypto Risk Parity,2022-02-01,XLM-USD,0.09747499480525641,Crypto
Crypto Risk Parity,2022-02-01,XRP-USD,0.08902686472806241,Crypto
Crypto Risk Parity,2022-03-01,ADA-USD,0.10467078815923941,Crypto
Crypto Risk Parity,2022-03-01,BCH-USD,0.08847427466005181,Crypto
Crypto Risk Parity,2022-03-01,BTC-USD,0.15357019088023813,Crypto
Crypto Risk Parity,2022-03-01,EOS-USD,0.07657988030106404,Crypto
Crypto Risk Parity,2022-03-01,ETC-USD,0.08283465155384909,Crypto
Crypto Risk Parity,2022-03-01,ETH-USD,0.11339077120034614,Crypto
Crypto Risk Parity,2022-03-01,LTC-USD,0.09635816329614366,Crypto
Crypto Risk Parity,2022-03-01,TRX-USD,0.09932614859388399,Crypto
Crypto Risk Parity,2022-03-01,XLM-USD,0.09831749780183358,Crypto
Crypto Risk Parity,2022-03-01,XRP-USD,0.08647763355335018,Crypto
Crypto Risk Parity,2022-04-01,ADA-USD,0.10436648881338016,Crypto
Crypto Risk Parity,2022-04-01,BCH-USD,0.08766962164417381,Crypto
Crypto Risk Parity,2022-04-01,BTC-USD,0.15335572334194883,Crypto
Crypto Risk Parity,2022-04-01,EOS-USD,0.07707072687619368,Crypto
Crypto Risk Parity,2022-04-01,ETC-USD,0.0820821183879931,Crypto
Crypto Risk Parity,2022-04-01,ETH-USD,0.1139118123060845,Crypto
Crypto Risk Parity,2022-04-01,LTC-USD,0.09507344947632401,Crypto
Crypto Risk Parity,2022-04-01,TRX-USD,0.10304437475364027,Crypto
Crypto Risk Parity,2022-04-01,XLM-USD,0.09725253989946767,Crypto
Crypto Risk Parity,2022-04-01,XRP-USD,0.0861731445007941,Crypto
Crypto Risk Parity,2022-05-01,ADA-USD,0.09959124007649345,Crypto
Crypto Risk Parity,2022-05-01,BCH-USD,0.0880593874269242,Crypto
Crypto Risk Parity,2022-05-01,BTC-USD,0.14869209598299546,Crypto
Crypto Risk Parity,2022-05-01,EOS-USD,0.07692918685245702,Crypto
Crypto Risk Parity,2022-05-01,ETC-USD,0.08015029442386319,Crypto
Crypto Risk Parity,2022-05-01,ETH-USD,0.10963492011460559,Crypto
Crypto Risk Parity,2022-05-01,LTC-USD,0.09420878466955283,Crypto
Crypto Risk Parity,2022-05-01,TRX-USD,0.10718074072857318,Crypto
Crypto Risk Parity,2022-05-01,XLM-USD,0.09971473437312511,Crypto
Crypto Risk Parity,2022-05-01,XRP-USD,0.09583861535141,Crypto
Crypto Risk Parity,2022-06-01,ADA-USD,0.0913753479159962,Crypto
Crypto Risk Parity,2022-06-01,BCH-USD,0.10235336153543881,Crypto
Crypto Risk Parity,2022-06-01,BTC-USD,0.13140651676805357,Crypto
Crypto Risk Parity,2022-06-01,EOS-USD,0.08829558058411877,Crypto
Crypto Risk Parity,2022-06-01,ETC-USD,0.08799370115778933,Crypto
Crypto Risk Parity,2022-06-01,ETH-USD,0.10728472029470441,Crypto
Crypto Risk Parity,2022-06-01,LTC-USD,0.09345655748728174,Crypto
Crypto Risk Parity,2022-06-01,TRX-USD,0.10953565789597176,Crypto
Crypto Risk Parity,2022-06-01,XLM-USD,0.09557714331334151,Crypto
Crypto Risk Parity,2022-06-01,XRP-USD,0.0927214130473041,Crypto
Crypto Risk Parity,2022-07-01,ADA-USD,0.08973921472605205,Crypto
Crypto Risk Parity,2022-07-01,BCH-USD,0.10132290799041652,Crypto
Crypto Risk Parity,2022-07-01,BTC-USD,0.12845617521553418,Crypto
Crypto Risk Parity,2022-07-01,EOS-USD,0.08924379522495092,Crypto
Crypto Risk Parity,2022-07-01,ETC-USD,0.08984539803016005,Crypto
Crypto Risk Parity,2022-07-01,ETH-USD,0.10254407863739308,Crypto
Crypto Risk Parity,2022-07-01,LTC-USD,0.09154309852149732,Crypto
Crypto Risk Parity,2022-07-01,TRX-USD,0.11512625192227002,Crypto
Crypto Risk Parity,2022-07-01,XLM-USD,0.09654008224306607,Crypto
Crypto Risk Parity,2022-07-01,XRP-USD,0.09563899748865985,Crypto
Crypto Risk Parity,2022-08-01,ADA-USD,0.09056143657833868,Crypto
Crypto Risk Parity,2022-08-01,BCH-USD,0.09917698305941725,Crypto
Crypto Risk Parity,2022-08-01,BTC-USD,0.12949904521751898,Crypto
Crypto Risk Parity,2022-08-01,EOS-USD,0.09037773325997912,Crypto
Crypto Risk Parity,2022-08-01,ETC-USD,0.08227048425825298,Crypto
Crypto Risk Parity,2022-08-01,ETH-USD,0.1004949964730904,Crypto
Crypto Risk Parity,2022-08-01,LTC-USD,0.09226498647537981,Crypto
Crypto Risk Parity,2022-08-01,TRX-USD,0.11948777785979676,Crypto
Crypto Risk Parity,2022-08-01,XLM-USD,0.09800572064029817,Crypto
Crypto Risk Parity,2022-08-01,XRP-USD,0.09786083617792782,Crypto
Crypto Risk Parity,2022-09-01,ADA-USD,0.0925195887228315,Crypto
Crypto Risk Parity,2022-09-01,BCH-USD,0.09682508105060048,Crypto
Crypto Risk Parity,2022-09-01,BTC-USD,0.1269821284953107,Crypto
Crypto Risk Parity,2022-09-01,EOS-USD,0.0882357185556004,Crypto
Crypto Risk Parity,2022-09-01,ETC-USD,0.08066909889488734,Crypto
Crypto Risk Parity,2022-09-01,ETH-USD,0.09724532292375951,Crypto
Crypto Risk Parity,2022-09-01,LTC-USD,0.09154840569159481,Crypto
Crypto Risk Parity,2022-09-01,TRX-USD,0.1216534409192697,Crypto
Crypto Risk Parity,2022-09-01,XLM-USD,0.1000553228595784,Crypto
Crypto Risk Parity,2022-09-01,XRP-USD,0.1042658918865671,Crypto
Crypto Risk Parity,2022-10-01,ADA-USD,0.09027969157810953,Crypto
Crypto Risk Parity,2022-10-01,BCH-USD,0.094987622842844,Crypto
Crypto Risk Parity,2022-10-01,BTC-USD,0.1249356422087697,Crypto
Crypto Risk Parity,2022-10-01,EOS-USD,0.08655181824876142,Crypto
Crypto Risk Parity,2022-10-01,ETC-USD,0.0783454010013582,Crypto
Crypto Risk Parity,2022-10-01,ETH-USD,0.09645675624434424,Crypto
Crypto Risk Parity,2022-10-01,LTC-USD,0.09152815877631902,Crypto
Crypto Risk Parity,2022-10-01,TRX-USD,0.13375579445299576,Crypto
Crypto Risk Parity,2022-10-01,XLM-USD,0.10019705594349144,Crypto
Crypto Risk Parity,2022-10-01,XRP-USD,0.10296205870300676,Crypto
Crypto Risk Parity,2022-11-01,ADA-USD,0.08779039886143766,Crypto
Crypto Risk Parity,2022-11-01,BCH-USD,0.09506906957455066,Crypto
Crypto Risk Parity,2022-11-01,BTC-USD,0.12546911892542748,Crypto
Crypto Risk Parity,2022-11-01,EOS-USD,0.0867241364279936,Crypto
Crypto Risk Parity,2022-11-01,ETC-USD,0.07683180382082283,Crypto
Crypto Risk Parity,2022-11-01,ETH-USD,0.09554427384389706,Crypto
Crypto Risk Parity,2022-11-01,LTC-USD,0.09153584225916922,Crypto
Crypto Risk Parity,2022-11-01,TRX-USD,0.13588098986181674,Crypto
Crypto Risk Parity,2022-11-01,XLM-USD,0.10221457491929904,Crypto
Crypto Risk Parity,2022-11-01,XRP-USD,0.10293979150558571,Crypto
Crypto Risk Parity,2022-12-01,ADA-USD,0.08811381411949876,Crypto
Crypto Risk Parity,2022-12-01,BCH-USD,0.09654455052028128,Crypto
Crypto Risk Parity,2022-12-01,BTC-USD,0.12424817868892636,Crypto
Crypto Risk Parity,2022-12-01,EOS-USD,0.08741628803364286,Crypto
Crypto Risk Parity,2022-12-01,ETC-USD,0.07568090700402917,Crypto
Crypto Risk Parity,2022-12-01,ETH-USD,0.09262312769016677,Crypto
Crypto Risk Parity,2022-12-01,LTC-USD,0.09274544404604862,Crypto
Crypto Risk Parity,2022-12-01,TRX-USD,0.1437945757131747,Crypto
Crypto Risk Parity,2022-12-01,XLM-USD,0.10049871468464905,Crypto
Crypto Risk Parity,2022-12-01,XRP-USD,0.09833439949958249,Crypto
Crypto Risk Parity,2023-01-01,ADA-USD,0.08888523914983777,Crypto
Crypto Risk Parity,2023-01-01,BCH-USD,0.0956384909819235,Crypto
Crypto Risk Parity,2023-01-01,BTC-USD,0.12440700336204831,Crypto
Crypto Risk Parity,2023-01-01,EOS-USD,0.08948427231796445,Crypto
Crypto Risk Parity,2023-01-01,ETC-USD,0.07389635020042125,Crypto
Crypto Risk Parity,2023-01-01,ETH-USD,0.09046633491180914,Crypto
Crypto Risk Parity,2023-01-01,LTC-USD,0.09273043430967842,Crypto
Crypto Risk Parity,2023-01-01,TRX-USD,0.14491081468738895,Crypto
Crypto Risk Parity,2023-01-01,XLM-USD,0.10192412279075728,Crypto
Crypto Risk Parity,2023-01-01,XRP-USD,0.097656937288171,Crypto
Crypto Risk Parity,2023-02-01,ADA-USD,0.0889277043148869,Crypto
Crypto Risk Parity,2023-02-01,BCH-USD,0.09530026141429546,Crypto
Crypto Risk Parity,2023-02-01,BTC-USD,0.1228679225737332,Crypto
Crypto Risk Parity,2023-02-01,EOS-USD,0.08852538688290337,Crypto
Crypto Risk Parity,2023-02-01,ETC-USD,0.07242668643890564,Crypto
Crypto Risk Parity,2023-02-01,ETH-USD,0.09089121863555606,Crypto
Crypto Risk Parity,2023-02-01,LTC-USD,0.0931389355056604,Crypto
Crypto Risk Parity,2023-02-01,TRX-USD,0.147676495482475,Crypto
Crypto Risk Parity,2023-02-01,XLM-USD,0.1027151369075093,Crypto
Crypto Risk Parity,2023-02-01,XRP-USD,0.09753025184407471,Crypto
Crypto Risk Parity,2023-03-01,ADA-USD,0.08751089996441586,Crypto
Crypto Risk Parity,2023-03-01,BCH-USD,0.09440448237101756,Crypto
Crypto Risk Parity,2023-03-01,BTC-USD,0.12477602599739314,Crypto
Crypto Risk Parity,2023-03-01,EOS-USD,0.0867702720055723,Crypto
Crypto Risk Parity,2023-03-01,ETC-USD,0.07121374032994396,Crypto
Crypto Risk Parity,2023-03-01,ETH-USD,0.09076491845958873,Crypto
Crypto Risk Parity,2023-03-01,LTC-USD,0.0938248067143628,Crypto
Crypto Risk Parity,2023-03-01,TRX-USD,0.1460948764658255,Crypto
Crypto Risk Parity,2023-03-01,XLM-USD,0.1033530573201707,Crypto
Crypto Risk Parity,2023-03-01,XRP-USD,0.10128692037170965,Crypto
Crypto Risk Parity,2023-04-01,ADA-USD,0.08808753356944582,Crypto
Crypto Risk Parity,2023-04-01,BCH-USD,0.0962909594683168,Crypto
Crypto Risk Parity,2023-04-01,BTC-USD,0.12529677153210583,Crypto
Crypto Risk Parity,2023-04-01,EOS-USD,0.08822525732590861,Crypto
Crypto Risk Parity,2023-04-01,ETC-USD,0.07287660458754738,Crypto
Crypto Risk Parity,2023-04-01,ETH-USD,0.09152193227744748,Crypto
Crypto Risk Parity,2023-04-01,LTC-USD,0.09392275803740181,Crypto
Crypto Risk Parity,2023-04-01,TRX-USD,0.14009969201645311,Crypto
Crypto Risk Parity,2023-04-01,XLM-USD,0.10422098438083999,Crypto
Crypto Risk Parity,2023-04-01,XRP-USD,0.0994575068045333,Crypto
Crypto Risk Parity,2023-05-01,ADA-USD,0.08815264075329304,Crypto
Crypto Risk Parity,2023-05-01,BCH-USD,0.09680566251954273,Crypto
Crypto Risk Parity,2023-05-01,BTC-USD,0.1237426858761188,Crypto
Crypto Risk Parity,2023-05-01,EOS-USD,0.08965030131968697,Crypto
Crypto Risk Parity,2023-05-01,ETC-USD,0.07344725567240655,Crypto
Crypto Risk Parity,2023-05-01,ETH-USD,0.08984840130965861,Crypto
Crypto Risk Parity,2023-05-01,LTC-USD,0.09271634368984227,Crypto
Crypto Risk Parity,2023-05-01,TRX-USD,0.1424915259328854,Crypto
Crypto Risk Parity,2023-05-01,XLM-USD,0.10468582735897768,Crypto
Crypto Risk Parity,2023-05-01,XRP-USD,0.09845935556758786,Crypto
Crypto Risk Parity,2023-06-01,ADA-USD,0.09431176852598366,Crypto
Crypto Risk Parity,2023-06-01,BCH-USD,0.09429865856453863,Crypto
Crypto Risk Parity,2023-06-01,BTC-USD,0.11636997577197364,Crypto
Crypto Risk Parity,2023-06-01,EOS-USD,0.08733837280733135,Crypto
Crypto Risk Parity,2023-06-01,ETC-USD,0.06956696520876772,Crypto
Crypto Risk Parity,2023-06-01,ETH-USD,0.08399497790926992,Crypto
Crypto Risk Parity,2023-06-01,LTC-USD,0.09158278400721924,Crypto
Crypto Risk Parity,2023-06-01,TRX-USD,0.15902826207993961,Crypto
Crypto Risk Parity,2023-06-01,XLM-USD,0.10617882547064413,Crypto
Crypto Risk Parity,2023-06-01,XRP-USD,0.09732940965433212,Crypto
Crypto Risk Parity,2023-07-01,ADA-USD,0.0948070758694002,Crypto
Crypto Risk Parity,2023-07-01,BCH-USD,0.08382804706663213,Crypto
Crypto Risk Parity,2023-07-01,BTC-USD,0.12249032246579424,Crypto
Crypto Risk Parity,2023-07-01,EOS-USD,0.08265566848032693,Crypto
Crypto Risk Parity,2023-07-01,ETC-USD,0.06737322538058012,Crypto
Crypto Risk Parity,2023-07-01,ETH-USD,0.08870964914154889,Crypto
Crypto Risk Parity,2023-07-01,LTC-USD,0.08828524362786254,Crypto
Crypto Risk Parity,2023-07-01,TRX-USD,0.16567585127150444,Crypto
Crypto Risk Parity,2023-07-01,XLM-USD,0.10658251902210181,Crypto
Crypto Risk Parity,2023-07-01,XRP-USD,0.0995923976742488,Crypto
Crypto Risk Parity,2023-08-01,ADA-USD,0.09075688468864947,Crypto
Crypto Risk Parity,2023-08-01,BCH-USD,0.09426841400223084,Crypto
Crypto Risk Parity,2023-08-01,BTC-USD,0.13184621876764785,Crypto
Crypto Risk Parity,2023-08-01,EOS-USD,0.08433203126098907,Crypto
Crypto Risk Parity,2023-08-01,ETC-USD,0.079994037694294,Crypto
Crypto Risk Parity,2023-08-01,ETH-USD,0.0990841000318056,Crypto
Crypto Risk Parity,2023-08-01,LTC-USD,0.09123838809234985,Crypto
Crypto Risk Parity,2023-08-01,TRX-USD,0.1694860273028898,Crypto
Crypto Risk Parity,2023-08-01,XLM-USD,0.08274541646507903,Crypto
Crypto Risk Parity,2023-08-01,XRP-USD,0.07624848169406441,Crypto
Crypto Risk Parity,2023-09-01,ADA-USD,0.091317606159302,Crypto
Crypto Risk Parity,2023-09-01,BCH-USD,0.09202603286532898,Crypto
Crypto Risk Parity,2023-09-01,BTC-USD,0.13186981227653108,Crypto
Crypto Risk Parity,2023-09-01,EOS-USD,0.08735508442117108,Crypto
Crypto Risk Parity,2023-09-01,ETC-USD,0.08164170960244418,Crypto
Crypto Risk Parity,2023-09-01,ETH-USD,0.10360627193741857,Crypto
Crypto Risk Parity,2023-09-01,LTC-USD,0.08860165001870045,Crypto
Crypto Risk Parity,2023-09-01,TRX-USD,0.17060450708804184,Crypto
Crypto Risk Parity,2023-09-01,XLM-USD,0.07968664819782806,Crypto
Crypto Risk Parity,2023-09-01,XRP-USD,0.07329067743323389,Crypto
Crypto Risk Parity,2023-10-01,ADA-USD,0.08971431634522632,Crypto
Crypto Risk Parity,2023-10-01,BCH-USD,0.09106866947025855,Crypto
Crypto Risk Parity,2023-10-01,BTC-USD,0.1328926754090727,Crypto
Crypto Risk Parity,2023-10-01,EOS-USD,0.09274755543499394,Crypto
Crypto Risk Parity,2023-10-01,ETC-USD,0.08368582932210616,Crypto
Crypto Risk Parity,2023-10-01,ETH-USD,0.10490691293824991,Crypto
Crypto Risk Parity,2023-10-01,LTC-USD,0.08755066896436509,Crypto
Crypto Risk Parity,2023-10-01,TRX-USD,0.16483750838080835,Crypto
Crypto Risk Parity,2023-10-01,XLM-USD,0.07948340897959794,Crypto
Crypto Risk Parity,2023-10-01,XRP-USD,0.07311245475532117,Crypto
Crypto Risk Parity,2023-11-01,ADA-USD,0.0914087484294995,Crypto
Crypto Risk Parity,2023-11-01,BCH-USD,0.09080475239271507,Crypto
Crypto Risk Parity,2023-11-01,BTC-USD,0.1303197958511212,Crypto
Crypto Risk Parity,2023-11-01,EOS-USD,0.0926330067798956,Crypto
Crypto Risk Parity,2023-11-01,ETC-USD,0.08555478061708266,Crypto
Crypto Risk Parity,2023-11-01,ETH-USD,0.10634400460798688,Crypto
Crypto Risk Parity,2023-11-01,LTC-USD,0.0874781373880627,Crypto
Crypto Risk Parity,2023-11-01,TRX-USD,0.16333691764432565,Crypto
Crypto Risk Parity,2023-11-01,XLM-USD,0.07878009910024011,Crypto
Crypto Risk Parity,2023-11-01,XRP-USD,0.0733397571890707,Crypto
Crypto Risk Parity,2023-12-01,ADA-USD,0.08825317406009257,Crypto
Crypto Risk Parity,2023-12-01,BCH-USD,0.09035581948804117,Crypto
Crypto Risk Parity,2023-12-01,BTC-USD,0.13278721029491233,Crypto
Crypto Risk Parity,2023-12-01,EOS-USD,0.09096146448296297,Crypto
Crypto Risk Parity,2023-12-01,ETC-USD,0.08684316450558782,Crypto
Crypto Risk Parity,2023-12-01,ETH-USD,0.11667638681344482,Crypto
Crypto Risk Parity,2023-12-01,LTC-USD,0.08940320019120841,Crypto
Crypto Risk Parity,2023-12-01,TRX-USD,0.15513661455251135,Crypto
Crypto Risk Parity,2023-12-01,XLM-USD,0.07668548141485691,Crypto
Crypto Risk Parity,2023-12-01,XRP-USD,0.07289748419638163,Crypto
Combined Equal-Weight,2021-01-04,ABBV,0.016666666666666666,Healthcare
Combined Equal-Weight,2021-01-04,ABT,0.016666666666666666,Healthcare
Combined Equal-Weight,2021-01-04,ADBE,0.016666666666666666,Tech
Combined Equal-Weight,2021-01-04,AEP,0.016666666666666666,Utilities
Combined Equal-Weight,2021-01-04,AMD,0.016666666666666666,Tech
Combined Equal-Weight,2021-01-04,AMGN,0.016666666666666666,Healthcare
Combined Equal-Weight,2021-01-04,AMT,0.016666666666666666,RealEstate
Combined Equal-Weight,2021-01-04,BA,0.016666666666666666,Industrials
Combined Equal-Weight,2021-01-04,CAT,0.016666666666666666,Industrials
Combined Equal-Weight,2021-01-04,CCI,0.016666666666666666,RealEstate
Combined Equal-Weight,2021-01-04,CMCSA,0.016666666666666666,Comm
Combined Equal-Weight,2021-01-04,COP,0.016666666666666666,Energy
Combined Equal-Weight,2021-01-04,CVX,0.016666666666666666,Energy
Combined Equal-Weight,2021-01-04,D,0.016666666666666666,Utilities
Combined Equal-Weight,2021-01-04,DD,0.016666666666666666,Materials
Combined Equal-Weight,2021-01-04,DIS,0.016666666666666666,Consumer
Combined Equal-Weight,2021-01-04,DOW,0.016666666666666666,Materials
Combined Equal-Weight,2021-01-04,DUK,0.016666666666666666,Utilities
Combined Equal-Weight,2021-01-04,EA,0.016666666666666666,Comm
Combined Equal-Weight,2021-01-04,GE,0.016666666666666666,Industrials
Combined Equal-Weight,2021-01-04,GILD,0.016666666666666666,Healthcare
Combined Equal-Weight,2021-01-04,GS,0.016666666666666666,Financials
Combined Equal-Weight,2021-01-04,INTC,0.016666666666666666,Tech
Combined Equal-Weight,2021-01-04,KO,0.016666666666666666,Consumer
Combined Equal-Weight,2021-01-04,MMM,0.016666666666666666,Industrials
Combined Equal-Weight,2021-01-04,MRK,0.016666666666666666,Healthcare
Combined Equal-Weight,2021-01-04,MS,0.016666666666666666,Financials
Combined Equal-Weight,2021-01-04,NEE,0.016666666666666666,Utilities
Combined Equal-Weight,2021-01-04,NEM,0.016666666666666666,Materials
Combined Equal-Weight,2021-01-04,NKE,0.016666666666666666,Consumer
Combined Equal-Weight,2021-01-04,NUE,0.016666666666666666,Materials
Combined Equal-Weight,2021-01-04,NVDA,0.016666666666666666,Tech
Combined Equal-Weight,2021-01-04,O,0.016666666666666666,RealEstate
Combined Equal-Weight,2021-01-04,OXY,0.016666666666666666,Energy
Combined Equal-Weight,2021-01-04,PLD,0.016666666666666666,RealEstate
Combined Equal-Weight,2021-01-04,PSA,0.016666666666666666,RealEstate
Combined Equal-Weight,2021-01-04,QCOM,0.016666666666666666,Tech
Combined Equal-Weight,2021-01-04,SBUX,0.016666666666666666,Consumer
Combined Equal-Weight,2021-01-04,SHW,0.016666666666666666,Materials
Combined Equal-Weight,2021-01-04,SLB,0.016666666666666666,Energy
Combined Equal-Weight,2021-01-04,SO,0.016666666666666666,Utilities
Combined Equal-Weight,2021-01-04,T,0.016666666666666666,Comm
Combined Equal-Weight,2021-01-04,TMUS,0.016666666666666666,Comm
Combined Equal-Weight,2021-01-04,TTWO,0.016666666666666666,Comm
Combined Equal-Weight,2021-01-04,UPS,0.016666666666666666,Industrials
Combined Equal-Weight,2021-01-04,USB,0.016666666666666666,Financials
Combined Equal-Weight,2021-01-04,V,0.016666666666666666,Financials
Combined Equal-Weight,2021-01-04,WFC,0.016666666666666666,Financials
Combined Equal-Weight,2021-01-04,WMT,0.016666666666666666,Consumer
Combined Equal-Weight,2021-01-04,XOM,0.016666666666666666,Energy
Combined Equal-Weight,2021-01-04,ADA-USD,0.016666666666666666,Crypto
Combined Equal-Weight,2021-01-04,BCH-USD,0.016666666666666666,Crypto
Combined Equal-Weight,2021-01-04,BTC-USD,0.016666666666666666,Crypto
Combined Equal-Weight,2021-01-04,EOS-USD,0.016666666666666666,Crypto
Combined Equal-Weight,2021-01-04,ETC-USD,0.016666666666666666,Crypto
Combined Equal-Weight,2021-01-04,ETH-USD,0.016666666666666666,Crypto
Combined Equal-Weight,2021-01-04,LTC-USD,0.016666666666666666,Crypto
Combined Equal-Weight,2021-01-04,TRX-USD,0.016666666666666666,Crypto
Combined Equal-Weight,2021-01-04,XLM-USD,0.016666666666666666,Crypto
Combined Equal-Weight,2021-01-04,XRP-USD,0.016666666666666666,Crypto
Combined Equal-Weight,2021-02-01,ABBV,0.016666666666666666,Healthcare
Combined Equal-Weight,2021-02-01,ABT,0.016666666666666666,Healthcare
Combined Equal-Weight,2021-02-01,ADBE,0.016666666666666666,Tech
Combined Equal-Weight,2021-02-01,AEP,0.016666666666666666,Utilities
Combined Equal-Weight,2021-02-01,AMD,0.016666666666666666,Tech
Combined Equal-Weight,2021-02-01,AMGN,0.016666666666666666,Healthcare
Combined Equal-Weight,2021-02-01,AMT,0.016666666666666666,RealEstate
Combined Equal-Weight,2021-02-01,BA,0.016666666666666666,Industrials
Combined Equal-Weight,2021-02-01,CAT,0.016666666666666666,Industrials
Combined Equal-Weight,2021-02-01,CCI,0.016666666666666666,RealEstate
Combined Equal-Weight,2021-02-01,CMCSA,0.016666666666666666,Comm
Combined Equal-Weight,2021-02-01,COP,0.016666666666666666,Energy
Combined Equal-Weight,2021-02-01,CVX,0.016666666666666666,Energy
Combined Equal-Weight,2021-02-01,D,0.016666666666666666,Utilities
Combined Equal-Weight,2021-02-01,DD,0.016666666666666666,Materials
Combined Equal-Weight,2021-02-01,DIS,0.016666666666666666,Consumer
Combined Equal-Weight,2021-02-01,DOW,0.016666666666666666,Materials
Combined Equal-Weight,2021-02-01,DUK,0.016666666666666666,Utilities
Combined Equal-Weight,2021-02-01,EA,0.016666666666666666,Comm
Combined Equal-Weight,2021-02-01,GE,0.016666666666666666,Industrials
Combined Equal-Weight,2021-02-01,GILD,0.016666666666666666,Healthcare
Combined Equal-Weight,2021-02-01,GS,0.016666666666666666,Financials
Combined Equal-Weight,2021-02-01,INTC,0.016666666666666666,Tech
Combined Equal-Weight,2021-02-01,KO,0.016666666666666666,Consumer
Combined Equal-Weight,2021-02-01,MMM,0.016666666666666666,Industrials
Combined Equal-Weight,2021-02-01,MRK,0.016666666666666666,Healthcare
Combined Equal-Weight,2021-02-01,MS,0.016666666666666666,Financials
Combined Equal-Weight,2021-02-01,NEE,0.016666666666666666,Utilities
Combined Equal-Weight,2021-02-01,NEM,0.016666666666666666,Materials
Combined Equal-Weight,2021-02-01,NKE,0.016666666666666666,Consumer
Combined Equal-Weight,2021-02-01,NUE,0.016666666666666666,Materials
Combined Equal-Weight,2021-02-01,NVDA,0.016666666666666666,Tech
Combined Equal-Weight,2021-02-01,O,0.016666666666666666,RealEstate
Combined Equal-Weight,2021-02-01,OXY,0.016666666666666666,Energy
Combined Equal-Weight,2021-02-01,PLD,0.016666666666666666,RealEstate
Combined Equal-Weight,2021-02-01,PSA,0.016666666666666666,RealEstate
Combined Equal-Weight,2021-02-01,QCOM,0.016666666666666666,Tech
Combined Equal-Weight,2021-02-01,SBUX,0.016666666666666666,Consumer
Combined Equal-Weight,2021-02-01,SHW,0.016666666666666666,Materials
Combined Equal-Weight,2021-02-01,SLB,0.016666666666666666,Energy
Combined Equal-Weight,2021-02-01,SO,0.016666666666666666,Utilities
Combined Equal-Weight,2021-02-01,T,0.016666666666666666,Comm
Combined Equal-Weight,2021-02-01,TMUS,0.016666666666666666,Comm
Combined Equal-Weight,2021-02-01,TTWO,0.016666666666666666,Comm
Combined Equal-Weight,2021-02-01,UPS,0.016666666666666666,Industrials
Combined Equal-Weight,2021-02-01,USB,0.016666666666666666,Financials
Combined Equal-Weight,2021-02-01,V,0.016666666666666666,Financials
Combined Equal-Weight,2021-02-01,WFC,0.016666666666666666,Financials
Combined Equal-Weight,2021-02-01,WMT,0.016666666666666666,Consumer
Combined Equal-Weight,2021-02-01,XOM,0.016666666666666666,Energy
Combined Equal-Weight,2021-02-01,ADA-USD,0.016666666666666666,Crypto
Combined Equal-Weight,2021-02-01,BCH-USD,0.016666666666666666,Crypto
Combined Equal-Weight,2021-02-01,BTC-USD,0.016666666666666666,Crypto
Combined Equal-Weight,2021-02-01,EOS-USD,0.016666666666666666,Crypto
Combined Equal-Weight,2021-02-01,ETC-USD,0.016666666666666666,Crypto
Combined Equal-Weight,2021-02-01,ETH-USD,0.016666666666666666,Crypto
Combined Equal-Weight,2021-02-01,LTC-USD,0.016666666666666666,Crypto
Combined Equal-Weight,2021-02-01,TRX-USD,0.016666666666666666,Crypto
Combined Equal-Weight,2021-02-01,XLM-USD,0.016666666666666666,Crypto
Combined Equal-Weight,2021-02-01,XRP-USD,0.016666666666666666,Crypto
Combined Equal-Weight,2021-03-01,ABBV,0.016666666666666666,Healthcare
Combined Equal-Weight,2021-03-01,ABT,0.016666666666666666,Healthcare
Combined Equal-Weight,2021-03-01,ADBE,0.016666666666666666,Tech
Combined Equal-Weight,2021-03-01,AEP,0.016666666666666666,Utilities
Combined Equal-Weight,2021-03-01,AMD,0.016666666666666666,Tech
Combined Equal-Weight,2021-03-01,AMGN,0.016666666666666666,Healthcare
Combined Equal-Weight,2021-03-01,AMT,0.016666666666666666,RealEstate
Combined Equal-Weight,2021-03-01,BA,0.016666666666666666,Industrials
Combined Equal-Weight,2021-03-01,CAT,0.016666666666666666,Industrials
Combined Equal-Weight,2021-03-01,CCI,0.016666666666666666,RealEstate
Combined Equal-Weight,2021-03-01,CMCSA,0.016666666666666666,Comm
Combined Equal-Weight,2021-03-01,COP,0.016666666666666666,Energy
Combined Equal-Weight,2021-03-01,CVX,0.016666666666666666,Energy
Combined Equal-Weight,2021-03-01,D,0.016666666666666666,Utilities
Combined Equal-Weight,2021-03-01,DD,0.016666666666666666,Materials
Combined Equal-Weight,2021-03-01,DIS,0.016666666666666666,Consumer
Combined Equal-Weight,2021-03-01,DOW,0.016666666666666666,Materials
Combined Equal-Weight,2021-03-01,DUK,0.016666666666666666,Utilities
Combined Equal-Weight,2021-03-01,EA,0.016666666666666666,Comm
Combined Equal-Weight,2021-03-01,GE,0.016666666666666666,Industrials
Combined Equal-Weight,2021-03-01,GILD,0.016666666666666666,Healthcare
Combined Equal-Weight,2021-03-01,GS,0.016666666666666666,Financials
Combined Equal-Weight,2021-03-01,INTC,0.016666666666666666,Tech
Combined Equal-Weight,2021-03-01,KO,0.016666666666666666,Consumer
Combined Equal-Weight,2021-03-01,MMM,0.016666666666666666,Industrials
Combined Equal-Weight,2021-03-01,MRK,0.016666666666666666,Healthcare
Combined Equal-Weight,2021-03-01,MS,0.016666666666666666,Financials
Combined Equal-Weight,2021-03-01,NEE,0.016666666666666666,Utilities
Combined Equal-Weight,2021-03-01,NEM,0.016666666666666666,Materials
Combined Equal-Weight,2021-03-01,NKE,0.016666666666666666,Consumer
Combined Equal-Weight,2021-03-01,NUE,0.016666666666666666,Materials
Combined Equal-Weight,2021-03-01,NVDA,0.016666666666666666,Tech
Combined Equal-Weight,2021-03-01,O,0.016666666666666666,RealEstate
Combined Equal-Weight,2021-03-01,OXY,0.016666666666666666,Energy
Combined Equal-Weight,2021-03-01,PLD,0.016666666666666666,RealEstate
Combined Equal-Weight,2021-03-01,PSA,0.016666666666666666,RealEstate
Combined Equal-Weight,2021-03-01,QCOM,0.016666666666666666,Tech
Combined Equal-Weight,2021-03-01,SBUX,0.016666666666666666,Consumer
Combined Equal-Weight,2021-03-01,SHW,0.016666666666666666,Materials
Combined Equal-Weight,2021-03-01,SLB,0.016666666666666666,Energy
Combined Equal-Weight,2021-03-01,SO,0.016666666666666666,Utilities
Combined Equal-Weight,2021-03-01,T,0.016666666666666666,Comm
Combined Equal-Weight,2021-03-01,TMUS,0.016666666666666666,Comm
Combined Equal-Weight,2021-03-01,TTWO,0.016666666666666666,Comm
Combined Equal-Weight,2021-03-01,UPS,0.016666666666666666,Industrials
Combined Equal-Weight,2021-03-01,USB,0.016666666666666666,Financials
Combined Equal-Weight,2021-03-01,V,0.016666666666666666,Financials
Combined Equal-Weight,2021-03-01,WFC,0.016666666666666666,Financials
Combined Equal-Weight,2021-03-01,WMT,0.016666666666666666,Consumer
Combined Equal-Weight,2021-03-01,XOM,0.016666666666666666,Energy
Combined Equal-Weight,2021-03-01,ADA-USD,0.016666666666666666,Crypto
Combined Equal-Weight,2021-03-01,BCH-USD,0.016666666666666666,Crypto
Combined Equal-Weight,2021-03-01,BTC-USD,0.016666666666666666,Crypto
Combined Equal-Weight,2021-03-01,EOS-USD,0.016666666666666666,Crypto
Combined Equal-Weight,2021-03-01,ETC-USD,0.016666666666666666,Crypto
Combined Equal-Weight,2021-03-01,ETH-USD,0.016666666666666666,Crypto
Combined Equal-Weight,2021-03-01,LTC-USD,0.016666666666666666,Crypto
Combined Equal-Weight,2021-03-01,TRX-USD,0.016666666666666666,Crypto
Combined Equal-Weight,2021-03-01,XLM-USD,0.016666666666666666,Crypto
Combined Equal-Weight,2021-03-01,XRP-USD,0.016666666666666666,Crypto
Combined Equal-Weight,2021-04-01,ABBV,0.016666666666666666,Healthcare
Combined Equal-Weight,2021-04-01,ABT,0.016666666666666666,Healthcare
Combined Equal-Weight,2021-04-01,ADBE,0.016666666666666666,Tech
Combined Equal-Weight,2021-04-01,AEP,0.016666666666666666,Utilities
Combined Equal-Weight,2021-04-01,AMD,0.016666666666666666,Tech
Combined Equal-Weight,2021-04-01,AMGN,0.016666666666666666,Healthcare
Combined Equal-Weight,2021-04-01,AMT,0.016666666666666666,RealEstate
Combined Equal-Weight,2021-04-01,BA,0.016666666666666666,Industrials
Combined Equal-Weight,2021-04-01,CAT,0.016666666666666666,Industrials
Combined Equal-Weight,2021-04-01,CCI,0.016666666666666666,RealEstate
Combined Equal-Weight,2021-04-01,CMCSA,0.016666666666666666,Comm
Combined Equal-Weight,2021-04-01,COP,0.016666666666666666,Energy
Combined Equal-Weight,2021-04-01,CVX,0.016666666666666666,Energy
Combined Equal-Weight,2021-04-01,D,0.016666666666666666,Utilities
Combined Equal-Weight,2021-04-01,DD,0.016666666666666666,Materials
Combined Equal-Weight,2021-04-01,DIS,0.016666666666666666,Consumer
Combined Equal-Weight,2021-04-01,DOW,0.016666666666666666,Materials
Combined Equal-Weight,2021-04-01,DUK,0.016666666666666666,Utilities
Combined Equal-Weight,2021-04-01,EA,0.016666666666666666,Comm
Combined Equal-Weight,2021-04-01,GE,0.016666666666666666,Industrials
Combined Equal-Weight,2021-04-01,GILD,0.016666666666666666,Healthcare
Combined Equal-Weight,2021-04-01,GS,0.016666666666666666,Financials
Combined Equal-Weight,2021-04-01,INTC,0.016666666666666666,Tech
Combined Equal-Weight,2021-04-01,KO,0.016666666666666666,Consumer
Combined Equal-Weight,2021-04-01,MMM,0.016666666666666666,Industrials
Combined Equal-Weight,2021-04-01,MRK,0.016666666666666666,Healthcare
Combined Equal-Weight,2021-04-01,MS,0.016666666666666666,Financials
Combined Equal-Weight,2021-04-01,NEE,0.016666666666666666,Utilities
Combined Equal-Weight,2021-04-01,NEM,0.016666666666666666,Materials
Combined Equal-Weight,2021-04-01,NKE,0.016666666666666666,Consumer
Combined Equal-Weight,2021-04-01,NUE,0.016666666666666666,Materials
Combined Equal-Weight,2021-04-01,NVDA,0.016666666666666666,Tech
Combined Equal-Weight,2021-04-01,O,0.016666666666666666,RealEstate
Combined Equal-Weight,2021-04-01,OXY,0.016666666666666666,Energy
Combined Equal-Weight,2021-04-01,PLD,0.016666666666666666,RealEstate
Combined Equal-Weight,2021-04-01,PSA,0.016666666666666666,RealEstate
Combined Equal-Weight,2021-04-01,QCOM,0.016666666666666666,Tech
Combined Equal-Weight,2021-04-01,SBUX,0.016666666666666666,Consumer
Combined Equal-Weight,2021-04-01,SHW,0.016666666666666666,Materials
Combined Equal-Weight,2021-04-01,SLB,0.016666666666666666,Energy
Combined Equal-Weight,2021-04-01,SO,0.016666666666666666,Utilities
Combined Equal-Weight,2021-04-01,T,0.016666666666666666,Comm
Combined Equal-Weight,2021-04-01,TMUS,0.016666666666666666,Comm
Combined Equal-Weight,2021-04-01,TTWO,0.016666666666666666,Comm
Combined Equal-Weight,2021-04-01,UPS,0.016666666666666666,Industrials
Combined Equal-Weight,2021-04-01,USB,0.016666666666666666,Financials
Combined Equal-Weight,2021-04-01,V,0.016666666666666666,Financials
Combined Equal-Weight,2021-04-01,WFC,0.016666666666666666,Financials
Combined Equal-Weight,2021-04-01,WMT,0.016666666666666666,Consumer
Combined Equal-Weight,2021-04-01,XOM,0.016666666666666666,Energy
Combined Equal-Weight,2021-04-01,ADA-USD,0.016666666666666666,Crypto
Combined Equal-Weight,2021-04-01,BCH-USD,0.016666666666666666,Crypto
Combined Equal-Weight,2021-04-01,BTC-USD,0.016666666666666666,Crypto
Combined Equal-Weight,2021-04-01,EOS-USD,0.016666666666666666,Crypto
Combined Equal-Weight,2021-04-01,ETC-USD,0.016666666666666666,Crypto
Combined Equal-Weight,2021-04-01,ETH-USD,0.016666666666666666,Crypto
Combined Equal-Weight,2021-04-01,LTC-USD,0.016666666666666666,Crypto
Combined Equal-Weight,2021-04-01,TRX-USD,0.016666666666666666,Crypto
Combined Equal-Weight,2021-04-01,XLM-USD,0.016666666666666666,Crypto
Combined Equal-Weight,2021-04-01,XRP-USD,0.016666666666666666,Crypto
Combined Equal-Weight,2021-05-03,ABBV,0.016666666666666666,Healthcare
Combined Equal-Weight,2021-05-03,ABT,0.016666666666666666,Healthcare
Combined Equal-Weight,2021-05-03,ADBE,0.016666666666666666,Tech
Combined Equal-Weight,2021-05-03,AEP,0.016666666666666666,Utilities
Combined Equal-Weight,2021-05-03,AMD,0.016666666666666666,Tech
Combined Equal-Weight,2021-05-03,AMGN,0.016666666666666666,Healthcare
Combined Equal-Weight,2021-05-03,AMT,0.016666666666666666,RealEstate
Combined Equal-Weight,2021-05-03,BA,0.016666666666666666,Industrials
Combined Equal-Weight,2021-05-03,CAT,0.016666666666666666,Industrials
Combined Equal-Weight,2021-05-03,CCI,0.016666666666666666,RealEstate
Combined Equal-Weight,2021-05-03,CMCSA,0.016666666666666666,Comm
Combined Equal-Weight,2021-05-03,COP,0.016666666666666666,Energy
Combined Equal-Weight,2021-05-03,CVX,0.016666666666666666,Energy
Combined Equal-Weight,2021-05-03,D,0.016666666666666666,Utilities
Combined Equal-Weight,2021-05-03,DD,0.016666666666666666,Materials
Combined Equal-Weight,2021-05-03,DIS,0.016666666666666666,Consumer
Combined Equal-Weight,2021-05-03,DOW,0.016666666666666666,Materials
Combined Equal-Weight,2021-05-03,DUK,0.016666666666666666,Utilities
Combined Equal-Weight,2021-05-03,EA,0.016666666666666666,Comm
Combined Equal-Weight,2021-05-03,GE,0.016666666666666666,Industrials
Combined Equal-Weight,2021-05-03,GILD,0.016666666666666666,Healthcare
Combined Equal-Weight,2021-05-03,GS,0.016666666666666666,Financials
Combined Equal-Weight,2021-05-03,INTC,0.016666666666666666,Tech
Combined Equal-Weight,2021-05-03,KO,0.016666666666666666,Consumer
Combined Equal-Weight,2021-05-03,MMM,0.016666666666666666,Industrials
Combined Equal-Weight,2021-05-03,MRK,0.016666666666666666,Healthcare
Combined Equal-Weight,2021-05-03,MS,0.016666666666666666,Financials
Combined Equal-Weight,2021-05-03,NEE,0.016666666666666666,Utilities
Combined Equal-Weight,2021-05-03,NEM,0.016666666666666666,Materials
Combined Equal-Weight,2021-05-03,NKE,0.016666666666666666,Consumer
Combined Equal-Weight,2021-05-03,NUE,0.016666666666666666,Materials
Combined Equal-Weight,2021-05-03,NVDA,0.016666666666666666,Tech
Combined Equal-Weight,2021-05-03,O,0.016666666666666666,RealEstate
Combined Equal-Weight,2021-05-03,OXY,0.016666666666666666,Energy
Combined Equal-Weight,2021-05-03,PLD,0.016666666666666666,RealEstate
Combined Equal-Weight,2021-05-03,PSA,0.016666666666666666,RealEstate
Combined Equal-Weight,2021-05-03,QCOM,0.016666666666666666,Tech
Combined Equal-Weight,2021-05-03,SBUX,0.016666666666666666,Consumer
Combined Equal-Weight,2021-05-03,SHW,0.016666666666666666,Materials
Combined Equal-Weight,2021-05-03,SLB,0.016666666666666666,Energy
Combined Equal-Weight,2021-05-03,SO,0.016666666666666666,Utilities
Combined Equal-Weight,2021-05-03,T,0.016666666666666666,Comm
Combined Equal-Weight,2021-05-03,TMUS,0.016666666666666666,Comm
Combined Equal-Weight,2021-05-03,TTWO,0.016666666666666666,Comm
Combined Equal-Weight,2021-05-03,UPS,0.016666666666666666,Industrials
Combined Equal-Weight,2021-05-03,USB,0.016666666666666666,Financials
Combined Equal-Weight,2021-05-03,V,0.016666666666666666,Financials
Combined Equal-Weight,2021-05-03,WFC,0.016666666666666666,Financials
Combined Equal-Weight,2021-05-03,WMT,0.016666666666666666,Consumer
Combined Equal-Weight,2021-05-03,XOM,0.016666666666666666,Energy
Combined Equal-Weight,2021-05-03,ADA-USD,0.016666666666666666,Crypto
Combined Equal-Weight,2021-05-03,BCH-USD,0.016666666666666666,Crypto
Combined Equal-Weight,2021-05-03,BTC-USD,0.016666666666666666,Crypto
Combined Equal-Weight,2021-05-03,EOS-USD,0.016666666666666666,Crypto
Combined Equal-Weight,2021-05-03,ETC-USD,0.016666666666666666,Crypto
Combined Equal-Weight,2021-05-03,ETH-USD,0.016666666666666666,Crypto
Combined Equal-Weight,2021-05-03,LTC-USD,0.016666666666666666,Crypto
Combined Equal-Weight,2021-05-03,TRX-USD,0.016666666666666666,Crypto
Combined Equal-Weight,2021-05-03,XLM-USD,0.016666666666666666,Crypto
Combined Equal-Weight,2021-05-03,XRP-USD,0.016666666666666666,Crypto
Combined Equal-Weight,2021-06-01,ABBV,0.016666666666666666,Healthcare
Combined Equal-Weight,2021-06-01,ABT,0.016666666666666666,Healthcare
Combined Equal-Weight,2021-06-01,ADBE,0.016666666666666666,Tech
Combined Equal-Weight,2021-06-01,AEP,0.016666666666666666,Utilities
Combined Equal-Weight,2021-06-01,AMD,0.016666666666666666,Tech
Combined Equal-Weight,2021-06-01,AMGN,0.016666666666666666,Healthcare
Combined Equal-Weight,2021-06-01,AMT,0.016666666666666666,RealEstate
Combined Equal-Weight,2021-06-01,BA,0.016666666666666666,Industrials
Combined Equal-Weight,2021-06-01,CAT,0.016666666666666666,Industrials
Combined Equal-Weight,2021-06-01,CCI,0.016666666666666666,RealEstate
Combined Equal-Weight,2021-06-01,CMCSA,0.016666666666666666,Comm
Combined Equal-Weight,2021-06-01,COP,0.016666666666666666,Energy
Combined Equal-Weight,2021-06-01,CVX,0.016666666666666666,Energy
Combined Equal-Weight,2021-06-01,D,0.016666666666666666,Utilities
Combined Equal-Weight,2021-06-01,DD,0.016666666666666666,Materials
Combined Equal-Weight,2021-06-01,DIS,0.016666666666666666,Consumer
Combined Equal-Weight,2021-06-01,DOW,0.016666666666666666,Materials
Combined Equal-Weight,2021-06-01,DUK,0.016666666666666666,Utilities
Combined Equal-Weight,2021-06-01,EA,0.016666666666666666,Comm
Combined Equal-Weight,2021-06-01,GE,0.016666666666666666,Industrials
Combined Equal-Weight,2021-06-01,GILD,0.016666666666666666,Healthcare
Combined Equal-Weight,2021-06-01,GS,0.016666666666666666,Financials
Combined Equal-Weight,2021-06-01,INTC,0.016666666666666666,Tech
Combined Equal-Weight,2021-06-01,KO,0.016666666666666666,Consumer
Combined Equal-Weight,2021-06-01,MMM,0.016666666666666666,Industrials
Combined Equal-Weight,2021-06-01,MRK,0.016666666666666666,Healthcare
Combined Equal-Weight,2021-06-01,MS,0.016666666666666666,Financials
Combined Equal-Weight,2021-06-01,NEE,0.016666666666666666,Utilities
Combined Equal-Weight,2021-06-01,NEM,0.016666666666666666,Materials
Combined Equal-Weight,2021-06-01,NKE,0.016666666666666666,Consumer
Combined Equal-Weight,2021-06-01,NUE,0.016666666666666666,Materials
Combined Equal-Weight,2021-06-01,NVDA,0.016666666666666666,Tech
Combined Equal-Weight,2021-06-01,O,0.016666666666666666,RealEstate
Combined Equal-Weight,2021-06-01,OXY,0.016666666666666666,Energy
Combined Equal-Weight,2021-06-01,PLD,0.016666666666666666,RealEstate
Combined Equal-Weight,2021-06-01,PSA,0.016666666666666666,RealEstate
Combined Equal-Weight,2021-06-01,QCOM,0.016666666666666666,Tech
Combined Equal-Weight,2021-06-01,SBUX,0.016666666666666666,Consumer
Combined Equal-Weight,2021-06-01,SHW,0.016666666666666666,Materials
Combined Equal-Weight,2021-06-01,SLB,0.016666666666666666,Energy
Combined Equal-Weight,2021-06-01,SO,0.016666666666666666,Utilities
Combined Equal-Weight,2021-06-01,T,0.016666666666666666,Comm
Combined Equal-Weight,2021-06-01,TMUS,0.016666666666666666,Comm
Combined Equal-Weight,2021-06-01,TTWO,0.016666666666666666,Comm
Combined Equal-Weight,2021-06-01,UPS,0.016666666666666666,Industrials
Combined Equal-Weight,2021-06-01,USB,0.016666666666666666,Financials
Combined Equal-Weight,2021-06-01,V,0.016666666666666666,Financials
Combined Equal-Weight,2021-06-01,WFC,0.016666666666666666,Financials
Combined Equal-Weight,2021-06-01,WMT,0.016666666666666666,Consumer
Combined Equal-Weight,2021-06-01,XOM,0.016666666666666666,Energy
Combined Equal-Weight,2021-06-01,ADA-USD,0.016666666666666666,Crypto
Combined Equal-Weight,2021-06-01,BCH-USD,0.016666666666666666,Crypto
Combined Equal-Weight,2021-06-01,BTC-USD,0.016666666666666666,Crypto
Combined Equal-Weight,2021-06-01,EOS-USD,0.016666666666666666,Crypto
Combined Equal-Weight,2021-06-01,ETC-USD,0.016666666666666666,Crypto
Combined Equal-Weight,2021-06-01,ETH-USD,0.016666666666666666,Crypto
Combined Equal-Weight,2021-06-01,LTC-USD,0.016666666666666666,Crypto
Combined Equal-Weight,2021-06-01,TRX-USD,0.016666666666666666,Crypto
Combined Equal-Weight,2021-06-01,XLM-USD,0.016666666666666666,Crypto
Combined Equal-Weight,2021-06-01,XRP-USD,0.016666666666666666,Crypto
Combined Equal-Weight,2021-07-01,ABBV,0.016666666666666666,Healthcare
Combined Equal-Weight,2021-07-01,ABT,0.016666666666666666,Healthcare
Combined Equal-Weight,2021-07-01,ADBE,0.016666666666666666,Tech
Combined Equal-Weight,2021-07-01,AEP,0.016666666666666666,Utilities
Combined Equal-Weight,2021-07-01,AMD,0.016666666666666666,Tech
Combined Equal-Weight,2021-07-01,AMGN,0.016666666666666666,Healthcare
Combined Equal-Weight,2021-07-01,AMT,0.016666666666666666,RealEstate
Combined Equal-Weight,2021-07-01,BA,0.016666666666666666,Industrials
Combined Equal-Weight,2021-07-01,CAT,0.016666666666666666,Industrials
Combined Equal-Weight,2021-07-01,CCI,0.016666666666666666,RealEstate
Combined Equal-Weight,2021-07-01,CMCSA,0.016666666666666666,Comm
Combined Equal-Weight,2021-07-01,COP,0.016666666666666666,Energy
Combined Equal-Weight,2021-07-01,CVX,0.016666666666666666,Energy
Combined Equal-Weight,2021-07-01,D,0.016666666666666666,Utilities
Combined Equal-Weight,2021-07-01,DD,0.016666666666666666,Materials
Combined Equal-Weight,2021-07-01,DIS,0.016666666666666666,Consumer
Combined Equal-Weight,2021-07-01,DOW,0.016666666666666666,Materials
Combined Equal-Weight,2021-07-01,DUK,0.016666666666666666,Utilities
Combined Equal-Weight,2021-07-01,EA,0.016666666666666666,Comm
Combined Equal-Weight,2021-07-01,GE,0.016666666666666666,Industrials
Combined Equal-Weight,2021-07-01,GILD,0.016666666666666666,Healthcare
Combined Equal-Weight,2021-07-01,GS,0.016666666666666666,Financials
Combined Equal-Weight,2021-07-01,INTC,0.016666666666666666,Tech
Combined Equal-Weight,2021-07-01,KO,0.016666666666666666,Consumer
Combined Equal-Weight,2021-07-01,MMM,0.016666666666666666,Industrials
Combined Equal-Weight,2021-07-01,MRK,0.016666666666666666,Healthcare
Combined Equal-Weight,2021-07-01,MS,0.016666666666666666,Financials
Combined Equal-Weight,2021-07-01,NEE,0.016666666666666666,Utilities
Combined Equal-Weight,2021-07-01,NEM,0.016666666666666666,Materials
Combined Equal-Weight,2021-07-01,NKE,0.016666666666666666,Consumer
Combined Equal-Weight,2021-07-01,NUE,0.016666666666666666,Materials
Combined Equal-Weight,2021-07-01,NVDA,0.016666666666666666,Tech
Combined Equal-Weight,2021-07-01,O,0.016666666666666666,RealEstate
Combined Equal-Weight,2021-07-01,OXY,0.016666666666666666,Energy
Combined Equal-Weight,2021-07-01,PLD,0.016666666666666666,RealEstate
Combined Equal-Weight,2021-07-01,PSA,0.016666666666666666,RealEstate
Combined Equal-Weight,2021-07-01,QCOM,0.016666666666666666,Tech
Combined Equal-Weight,2021-07-01,SBUX,0.016666666666666666,Consumer
Combined Equal-Weight,2021-07-01,SHW,0.016666666666666666,Materials
Combined Equal-Weight,2021-07-01,SLB,0.016666666666666666,Energy
Combined Equal-Weight,2021-07-01,SO,0.016666666666666666,Utilities
Combined Equal-Weight,2021-07-01,T,0.016666666666666666,Comm
Combined Equal-Weight,2021-07-01,TMUS,0.016666666666666666,Comm
Combined Equal-Weight,2021-07-01,TTWO,0.016666666666666666,Comm
Combined Equal-Weight,2021-07-01,UPS,0.016666666666666666,Industrials
Combined Equal-Weight,2021-07-01,USB,0.016666666666666666,Financials
Combined Equal-Weight,2021-07-01,V,0.016666666666666666,Financials
Combined Equal-Weight,2021-07-01,WFC,0.016666666666666666,Financials
Combined Equal-Weight,2021-07-01,WMT,0.016666666666666666,Consumer
Combined Equal-Weight,2021-07-01,XOM,0.016666666666666666,Energy
Combined Equal-Weight,2021-07-01,ADA-USD,0.016666666666666666,Crypto
Combined Equal-Weight,2021-07-01,BCH-USD,0.016666666666666666,Crypto
Combined Equal-Weight,2021-07-01,BTC-USD,0.016666666666666666,Crypto
Combined Equal-Weight,2021-07-01,EOS-USD,0.016666666666666666,Crypto
Combined Equal-Weight,2021-07-01,ETC-USD,0.016666666666666666,Crypto
Combined Equal-Weight,2021-07-01,ETH-USD,0.016666666666666666,Crypto
Combined Equal-Weight,2021-07-01,LTC-USD,0.016666666666666666,Crypto
Combined Equal-Weight,2021-07-01,TRX-USD,0.016666666666666666,Crypto
Combined Equal-Weight,2021-07-01,XLM-USD,0.016666666666666666,Crypto
Combined Equal-Weight,2021-07-01,XRP-USD,0.016666666666666666,Crypto
Combined Equal-Weight,2021-08-02,ABBV,0.016666666666666666,Healthcare
Combined Equal-Weight,2021-08-02,ABT,0.016666666666666666,Healthcare
Combined Equal-Weight,2021-08-02,ADBE,0.016666666666666666,Tech
Combined Equal-Weight,2021-08-02,AEP,0.016666666666666666,Utilities
Combined Equal-Weight,2021-08-02,AMD,0.016666666666666666,Tech
Combined Equal-Weight,2021-08-02,AMGN,0.016666666666666666,Healthcare
Combined Equal-Weight,2021-08-02,AMT,0.016666666666666666,RealEstate
Combined Equal-Weight,2021-08-02,BA,0.016666666666666666,Industrials
Combined Equal-Weight,2021-08-02,CAT,0.016666666666666666,Industrials
Combined Equal-Weight,2021-08-02,CCI,0.016666666666666666,RealEstate
Combined Equal-Weight,2021-08-02,CMCSA,0.016666666666666666,Comm
Combined Equal-Weight,2021-08-02,COP,0.016666666666666666,Energy
Combined Equal-Weight,2021-08-02,CVX,0.016666666666666666,Energy
Combined Equal-Weight,2021-08-02,D,0.016666666666666666,Utilities
Combined Equal-Weight,2021-08-02,DD,0.016666666666666666,Materials
Combined Equal-Weight,2021-08-02,DIS,0.016666666666666666,Consumer
Combined Equal-Weight,2021-08-02,DOW,0.016666666666666666,Materials
Combined Equal-Weight,2021-08-02,DUK,0.016666666666666666,Utilities
Combined Equal-Weight,2021-08-02,EA,0.016666666666666666,Comm
Combined Equal-Weight,2021-08-02,GE,0.016666666666666666,Industrials
Combined Equal-Weight,2021-08-02,GILD,0.016666666666666666,Healthcare
Combined Equal-Weight,2021-08-02,GS,0.016666666666666666,Financials
Combined Equal-Weight,2021-08-02,INTC,0.016666666666666666,Tech
Combined Equal-Weight,2021-08-02,KO,0.016666666666666666,Consumer
Combined Equal-Weight,2021-08-02,MMM,0.016666666666666666,Industrials
Combined Equal-Weight,2021-08-02,MRK,0.016666666666666666,Healthcare
Combined Equal-Weight,2021-08-02,MS,0.016666666666666666,Financials
Combined Equal-Weight,2021-08-02,NEE,0.016666666666666666,Utilities
Combined Equal-Weight,2021-08-02,NEM,0.016666666666666666,Materials
Combined Equal-Weight,2021-08-02,NKE,0.016666666666666666,Consumer
Combined Equal-Weight,2021-08-02,NUE,0.016666666666666666,Materials
Combined Equal-Weight,2021-08-02,NVDA,0.016666666666666666,Tech
Combined Equal-Weight,2021-08-02,O,0.016666666666666666,RealEstate
Combined Equal-Weight,2021-08-02,OXY,0.016666666666666666,Energy
Combined Equal-Weight,2021-08-02,PLD,0.016666666666666666,RealEstate
Combined Equal-Weight,2021-08-02,PSA,0.016666666666666666,RealEstate
Combined Equal-Weight,2021-08-02,QCOM,0.016666666666666666,Tech
Combined Equal-Weight,2021-08-02,SBUX,0.016666666666666666,Consumer
Combined Equal-Weight,2021-08-02,SHW,0.016666666666666666,Materials
Combined Equal-Weight,2021-08-02,SLB,0.016666666666666666,Energy
Combined Equal-Weight,2021-08-02,SO,0.016666666666666666,Utilities
Combined Equal-Weight,2021-08-02,T,0.016666666666666666,Comm
Combined Equal-Weight,2021-08-02,TMUS,0.016666666666666666,Comm
Combined Equal-Weight,2021-08-02,TTWO,0.016666666666666666,Comm
Combined Equal-Weight,2021-08-02,UPS,0.016666666666666666,Industrials
Combined Equal-Weight,2021-08-02,USB,0.016666666666666666,Financials
Combined Equal-Weight,2021-08-02,V,0.016666666666666666,Financials
Combined Equal-Weight,2021-08-02,WFC,0.016666666666666666,Financials
Combined Equal-Weight,2021-08-02,WMT,0.016666666666666666,Consumer
Combined Equal-Weight,2021-08-02,XOM,0.016666666666666666,Energy
Combined Equal-Weight,2021-08-02,ADA-USD,0.016666666666666666,Crypto
Combined Equal-Weight,2021-08-02,BCH-USD,0.016666666666666666,Crypto
Combined Equal-Weight,2021-08-02,BTC-USD,0.016666666666666666,Crypto
Combined Equal-Weight,2021-08-02,EOS-USD,0.016666666666666666,Crypto
Combined Equal-Weight,2021-08-02,ETC-USD,0.016666666666666666,Crypto
Combined Equal-Weight,2021-08-02,ETH-USD,0.016666666666666666,Crypto
Combined Equal-Weight,2021-08-02,LTC-USD,0.016666666666666666,Crypto
Combined Equal-Weight,2021-08-02,TRX-USD,0.016666666666666666,Crypto
Combined Equal-Weight,2021-08-02,XLM-USD,0.016666666666666666,Crypto
Combined Equal-Weight,2021-08-02,XRP-USD,0.016666666666666666,Crypto
Combined Equal-Weight,2021-09-01,ABBV,0.016666666666666666,Healthcare
Combined Equal-Weight,2021-09-01,ABT,0.016666666666666666,Healthcare
Combined Equal-Weight,2021-09-01,ADBE,0.016666666666666666,Tech
Combined Equal-Weight,2021-09-01,AEP,0.016666666666666666,Utilities
Combined Equal-Weight,2021-09-01,AMD,0.016666666666666666,Tech
Combined Equal-Weight,2021-09-01,AMGN,0.016666666666666666,Healthcare
Combined Equal-Weight,2021-09-01,AMT,0.016666666666666666,RealEstate
Combined Equal-Weight,2021-09-01,BA,0.016666666666666666,Industrials
Combined Equal-Weight,2021-09-01,CAT,0.016666666666666666,Industrials
Combined Equal-Weight,2021-09-01,CCI,0.016666666666666666,RealEstate
Combined Equal-Weight,2021-09-01,CMCSA,0.016666666666666666,Comm
Combined Equal-Weight,2021-09-01,COP,0.016666666666666666,Energy
Combined Equal-Weight,2021-09-01,CVX,0.016666666666666666,Energy
Combined Equal-Weight,2021-09-01,D,0.016666666666666666,Utilities
Combined Equal-Weight,2021-09-01,DD,0.016666666666666666,Materials
Combined Equal-Weight,2021-09-01,DIS,0.016666666666666666,Consumer
Combined Equal-Weight,2021-09-01,DOW,0.016666666666666666,Materials
Combined Equal-Weight,2021-09-01,DUK,0.016666666666666666,Utilities
Combined Equal-Weight,2021-09-01,EA,0.016666666666666666,Comm
Combined Equal-Weight,2021-09-01,GE,0.016666666666666666,Industrials
Combined Equal-Weight,2021-09-01,GILD,0.016666666666666666,Healthcare
Combined Equal-Weight,2021-09-01,GS,0.016666666666666666,Financials
Combined Equal-Weight,2021-09-01,INTC,0.016666666666666666,Tech
Combined Equal-Weight,2021-09-01,KO,0.016666666666666666,Consumer
Combined Equal-Weight,2021-09-01,MMM,0.016666666666666666,Industrials
Combined Equal-Weight,2021-09-01,MRK,0.016666666666666666,Healthcare
Combined Equal-Weight,2021-09-01,MS,0.016666666666666666,Financials
Combined Equal-Weight,2021-09-01,NEE,0.016666666666666666,Utilities
Combined Equal-Weight,2021-09-01,NEM,0.016666666666666666,Materials
Combined Equal-Weight,2021-09-01,NKE,0.016666666666666666,Consumer
Combined Equal-Weight,2021-09-01,NUE,0.016666666666666666,Materials
Combined Equal-Weight,2021-09-01,NVDA,0.016666666666666666,Tech
Combined Equal-Weight,2021-09-01,O,0.016666666666666666,RealEstate
Combined Equal-Weight,2021-09-01,OXY,0.016666666666666666,Energy
Combined Equal-Weight,2021-09-01,PLD,0.016666666666666666,RealEstate
Combined Equal-Weight,2021-09-01,PSA,0.016666666666666666,RealEstate
Combined Equal-Weight,2021-09-01,QCOM,0.016666666666666666,Tech
Combined Equal-Weight,2021-09-01,SBUX,0.016666666666666666,Consumer
Combined Equal-Weight,2021-09-01,SHW,0.016666666666666666,Materials
Combined Equal-Weight,2021-09-01,SLB,0.016666666666666666,Energy
Combined Equal-Weight,2021-09-01,SO,0.016666666666666666,Utilities
Combined Equal-Weight,2021-09-01,T,0.016666666666666666,Comm
Combined Equal-Weight,2021-09-01,TMUS,0.016666666666666666,Comm
Combined Equal-Weight,2021-09-01,TTWO,0.016666666666666666,Comm
Combined Equal-Weight,2021-09-01,UPS,0.016666666666666666,Industrials
Combined Equal-Weight,2021-09-01,USB,0.016666666666666666,Financials
Combined Equal-Weight,2021-09-01,V,0.016666666666666666,Financials
Combined Equal-Weight,2021-09-01,WFC,0.016666666666666666,Financials
Combined Equal-Weight,2021-09-01,WMT,0.016666666666666666,Consumer
Combined Equal-Weight,2021-09-01,XOM,0.016666666666666666,Energy
Combined Equal-Weight,2021-09-01,ADA-USD,0.016666666666666666,Crypto
Combined Equal-Weight,2021-09-01,BCH-USD,0.016666666666666666,Crypto
Combined Equal-Weight,2021-09-01,BTC-USD,0.016666666666666666,Crypto
Combined Equal-Weight,2021-09-01,EOS-USD,0.016666666666666666,Crypto
Combined Equal-Weight,2021-09-01,ETC-USD,0.016666666666666666,Crypto
Combined Equal-Weight,2021-09-01,ETH-USD,0.016666666666666666,Crypto
Combined Equal-Weight,2021-09-01,LTC-USD,0.016666666666666666,Crypto
Combined Equal-Weight,2021-09-01,TRX-USD,0.016666666666666666,Crypto
Combined Equal-Weight,2021-09-01,XLM-USD,0.016666666666666666,Crypto
Combined Equal-Weight,2021-09-01,XRP-USD,0.016666666666666666,Crypto
Combined Equal-Weight,2021-10-01,ABBV,0.016666666666666666,Healthcare
Combined Equal-Weight,2021-10-01,ABT,0.016666666666666666,Healthcare
Combined Equal-Weight,2021-10-01,ADBE,0.016666666666666666,Tech
Combined Equal-Weight,2021-10-01,AEP,0.016666666666666666,Utilities
Combined Equal-Weight,2021-10-01,AMD,0.016666666666666666,Tech
Combined Equal-Weight,2021-10-01,AMGN,0.016666666666666666,Healthcare
Combined Equal-Weight,2021-10-01,AMT,0.016666666666666666,RealEstate
Combined Equal-Weight,2021-10-01,BA,0.016666666666666666,Industrials
Combined Equal-Weight,2021-10-01,CAT,0.016666666666666666,Industrials
Combined Equal-Weight,2021-10-01,CCI,0.016666666666666666,RealEstate
Combined Equal-Weight,2021-10-01,CMCSA,0.016666666666666666,Comm
Combined Equal-Weight,2021-10-01,COP,0.016666666666666666,Energy
Combined Equal-Weight,2021-10-01,CVX,0.016666666666666666,Energy
Combined Equal-Weight,2021-10-01,D,0.016666666666666666,Utilities
Combined Equal-Weight,2021-10-01,DD,0.016666666666666666,Materials
Combined Equal-Weight,2021-10-01,DIS,0.016666666666666666,Consumer
Combined Equal-Weight,2021-10-01,DOW,0.016666666666666666,Materials
Combined Equal-Weight,2021-10-01,DUK,0.016666666666666666,Utilities
Combined Equal-Weight,2021-10-01,EA,0.016666666666666666,Comm
Combined Equal-Weight,2021-10-01,GE,0.016666666666666666,Industrials
Combined Equal-Weight,2021-10-01,GILD,0.016666666666666666,Healthcare
Combined Equal-Weight,2021-10-01,GS,0.016666666666666666,Financials
Combined Equal-Weight,2021-10-01,INTC,0.016666666666666666,Tech
Combined Equal-Weight,2021-10-01,KO,0.016666666666666666,Consumer
Combined Equal-Weight,2021-10-01,MMM,0.016666666666666666,Industrials
Combined Equal-Weight,2021-10-01,MRK,0.016666666666666666,Healthcare
Combined Equal-Weight,2021-10-01,MS,0.016666666666666666,Financials
Combined Equal-Weight,2021-10-01,NEE,0.016666666666666666,Utilities
Combined Equal-Weight,2021-10-01,NEM,0.016666666666666666,Materials
Combined Equal-Weight,2021-10-01,NKE,0.016666666666666666,Consumer
Combined Equal-Weight,2021-10-01,NUE,0.016666666666666666,Materials
Combined Equal-Weight,2021-10-01,NVDA,0.016666666666666666,Tech
Combined Equal-Weight,2021-10-01,O,0.016666666666666666,RealEstate
Combined Equal-Weight,2021-10-01,OXY,0.016666666666666666,Energy
Combined Equal-Weight,2021-10-01,PLD,0.016666666666666666,RealEstate
Combined Equal-Weight,2021-10-01,PSA,0.016666666666666666,RealEstate
Combined Equal-Weight,2021-10-01,QCOM,0.016666666666666666,Tech
Combined Equal-Weight,2021-10-01,SBUX,0.016666666666666666,Consumer
Combined Equal-Weight,2021-10-01,SHW,0.016666666666666666,Materials
Combined Equal-Weight,2021-10-01,SLB,0.016666666666666666,Energy
Combined Equal-Weight,2021-10-01,SO,0.016666666666666666,Utilities
Combined Equal-Weight,2021-10-01,T,0.016666666666666666,Comm
Combined Equal-Weight,2021-10-01,TMUS,0.016666666666666666,Comm
Combined Equal-Weight,2021-10-01,TTWO,0.016666666666666666,Comm
Combined Equal-Weight,2021-10-01,UPS,0.016666666666666666,Industrials
Combined Equal-Weight,2021-10-01,USB,0.016666666666666666,Financials
Combined Equal-Weight,2021-10-01,V,0.016666666666666666,Financials
Combined Equal-Weight,2021-10-01,WFC,0.016666666666666666,Financials
Combined Equal-Weight,2021-10-01,WMT,0.016666666666666666,Consumer
Combined Equal-Weight,2021-10-01,XOM,0.016666666666666666,Energy
Combined Equal-Weight,2021-10-01,ADA-USD,0.016666666666666666,Crypto
Combined Equal-Weight,2021-10-01,BCH-USD,0.016666666666666666,Crypto
Combined Equal-Weight,2021-10-01,BTC-USD,0.016666666666666666,Crypto
Combined Equal-Weight,2021-10-01,EOS-USD,0.016666666666666666,Crypto
Combined Equal-Weight,2021-10-01,ETC-USD,0.016666666666666666,Crypto
Combined Equal-Weight,2021-10-01,ETH-USD,0.016666666666666666,Crypto
Combined Equal-Weight,2021-10-01,LTC-USD,0.016666666666666666,Crypto
Combined Equal-Weight,2021-10-01,TRX-USD,0.016666666666666666,Crypto
Combined Equal-Weight,2021-10-01,XLM-USD,0.016666666666666666,Crypto
Combined Equal-Weight,2021-10-01,XRP-USD,0.016666666666666666,Crypto
Combined Equal-Weight,2021-11-01,ABBV,0.016666666666666666,Healthcare
Combined Equal-Weight,2021-11-01,ABT,0.016666666666666666,Healthcare
Combined Equal-Weight,2021-11-01,ADBE,0.016666666666666666,Tech
Combined Equal-Weight,2021-11-01,AEP,0.016666666666666666,Utilities
Combined Equal-Weight,2021-11-01,AMD,0.016666666666666666,Tech
Combined Equal-Weight,2021-11-01,AMGN,0.016666666666666666,Healthcare
Combined Equal-Weight,2021-11-01,AMT,0.016666666666666666,RealEstate
Combined Equal-Weight,2021-11-01,BA,0.016666666666666666,Industrials
Combined Equal-Weight,2021-11-01,CAT,0.016666666666666666,Industrials
Combined Equal-Weight,2021-11-01,CCI,0.016666666666666666,RealEstate
Combined Equal-Weight,2021-11-01,CMCSA,0.016666666666666666,Comm
Combined Equal-Weight,2021-11-01,COP,0.016666666666666666,Energy
Combined Equal-Weight,2021-11-01,CVX,0.016666666666666666,Energy
Combined Equal-Weight,2021-11-01,D,0.016666666666666666,Utilities
Combined Equal-Weight,2021-11-01,DD,0.016666666666666666,Materials
Combined Equal-Weight,2021-11-01,DIS,0.016666666666666666,Consumer
Combined Equal-Weight,2021-11-01,DOW,0.016666666666666666,Materials
Combined Equal-Weight,2021-11-01,DUK,0.016666666666666666,Utilities
Combined Equal-Weight,2021-11-01,EA,0.016666666666666666,Comm
Combined Equal-Weight,2021-11-01,GE,0.016666666666666666,Industrials
Combined Equal-Weight,2021-11-01,GILD,0.016666666666666666,Healthcare
Combined Equal-Weight,2021-11-01,GS,0.016666666666666666,Financials
Combined Equal-Weight,2021-11-01,INTC,0.016666666666666666,Tech
Combined Equal-Weight,2021-11-01,KO,0.016666666666666666,Consumer
Combined Equal-Weight,2021-11-01,MMM,0.016666666666666666,Industrials
Combined Equal-Weight,2021-11-01,MRK,0.016666666666666666,Healthcare
Combined Equal-Weight,2021-11-01,MS,0.016666666666666666,Financials
Combined Equal-Weight,2021-11-01,NEE,0.016666666666666666,Utilities
Combined Equal-Weight,2021-11-01,NEM,0.016666666666666666,Materials
Combined Equal-Weight,2021-11-01,NKE,0.016666666666666666,Consumer
Combined Equal-Weight,2021-11-01,NUE,0.016666666666666666,Materials
Combined Equal-Weight,2021-11-01,NVDA,0.016666666666666666,Tech
Combined Equal-Weight,2021-11-01,O,0.016666666666666666,RealEstate
Combined Equal-Weight,2021-11-01,OXY,0.016666666666666666,Energy
Combined Equal-Weight,2021-11-01,PLD,0.016666666666666666,RealEstate
Combined Equal-Weight,2021-11-01,PSA,0.016666666666666666,RealEstate
Combined Equal-Weight,2021-11-01,QCOM,0.016666666666666666,Tech
Combined Equal-Weight,2021-11-01,SBUX,0.016666666666666666,Consumer
Combined Equal-Weight,2021-11-01,SHW,0.016666666666666666,Materials
Combined Equal-Weight,2021-11-01,SLB,0.016666666666666666,Energy
Combined Equal-Weight,2021-11-01,SO,0.016666666666666666,Utilities
Combined Equal-Weight,2021-11-01,T,0.016666666666666666,Comm
Combined Equal-Weight,2021-11-01,TMUS,0.016666666666666666,Comm
Combined Equal-Weight,2021-11-01,TTWO,0.016666666666666666,Comm
Combined Equal-Weight,2021-11-01,UPS,0.016666666666666666,Industrials
Combined Equal-Weight,2021-11-01,USB,0.016666666666666666,Financials
Combined Equal-Weight,2021-11-01,V,0.016666666666666666,Financials
Combined Equal-Weight,2021-11-01,WFC,0.016666666666666666,Financials
Combined Equal-Weight,2021-11-01,WMT,0.016666666666666666,Consumer
Combined Equal-Weight,2021-11-01,XOM,0.016666666666666666,Energy
Combined Equal-Weight,2021-11-01,ADA-USD,0.016666666666666666,Crypto
Combined Equal-Weight,2021-11-01,BCH-USD,0.016666666666666666,Crypto
Combined Equal-Weight,2021-11-01,BTC-USD,0.016666666666666666,Crypto
Combined Equal-Weight,2021-11-01,EOS-USD,0.016666666666666666,Crypto
Combined Equal-Weight,2021-11-01,ETC-USD,0.016666666666666666,Crypto
Combined Equal-Weight,2021-11-01,ETH-USD,0.016666666666666666,Crypto
Combined Equal-Weight,2021-11-01,LTC-USD,0.016666666666666666,Crypto
Combined Equal-Weight,2021-11-01,TRX-USD,0.016666666666666666,Crypto
Combined Equal-Weight,2021-11-01,XLM-USD,0.016666666666666666,Crypto
Combined Equal-Weight,2021-11-01,XRP-USD,0.016666666666666666,Crypto
Combined Equal-Weight,2021-12-01,ABBV,0.016666666666666666,Healthcare
Combined Equal-Weight,2021-12-01,ABT,0.016666666666666666,Healthcare
Combined Equal-Weight,2021-12-01,ADBE,0.016666666666666666,Tech
Combined Equal-Weight,2021-12-01,AEP,0.016666666666666666,Utilities
Combined Equal-Weight,2021-12-01,AMD,0.016666666666666666,Tech
Combined Equal-Weight,2021-12-01,AMGN,0.016666666666666666,Healthcare
Combined Equal-Weight,2021-12-01,AMT,0.016666666666666666,RealEstate
Combined Equal-Weight,2021-12-01,BA,0.016666666666666666,Industrials
Combined Equal-Weight,2021-12-01,CAT,0.016666666666666666,Industrials
Combined Equal-Weight,2021-12-01,CCI,0.016666666666666666,RealEstate
Combined Equal-Weight,2021-12-01,CMCSA,0.016666666666666666,Comm
Combined Equal-Weight,2021-12-01,COP,0.016666666666666666,Energy
Combined Equal-Weight,2021-12-01,CVX,0.016666666666666666,Energy
Combined Equal-Weight,2021-12-01,D,0.016666666666666666,Utilities
Combined Equal-Weight,2021-12-01,DD,0.016666666666666666,Materials
Combined Equal-Weight,2021-12-01,DIS,0.016666666666666666,Consumer
Combined Equal-Weight,2021-12-01,DOW,0.016666666666666666,Materials
Combined Equal-Weight,2021-12-01,DUK,0.016666666666666666,Utilities
Combined Equal-Weight,2021-12-01,EA,0.016666666666666666,Comm
Combined Equal-Weight,2021-12-01,GE,0.016666666666666666,Industrials
Combined Equal-Weight,2021-12-01,GILD,0.016666666666666666,Healthcare
Combined Equal-Weight,2021-12-01,GS,0.016666666666666666,Financials
Combined Equal-Weight,2021-12-01,INTC,0.016666666666666666,Tech
Combined Equal-Weight,2021-12-01,KO,0.016666666666666666,Consumer
Combined Equal-Weight,2021-12-01,MMM,0.016666666666666666,Industrials
Combined Equal-Weight,2021-12-01,MRK,0.016666666666666666,Healthcare
Combined Equal-Weight,2021-12-01,MS,0.016666666666666666,Financials
Combined Equal-Weight,2021-12-01,NEE,0.016666666666666666,Utilities
Combined Equal-Weight,2021-12-01,NEM,0.016666666666666666,Materials
Combined Equal-Weight,2021-12-01,NKE,0.016666666666666666,Consumer
Combined Equal-Weight,2021-12-01,NUE,0.016666666666666666,Materials
Combined Equal-Weight,2021-12-01,NVDA,0.016666666666666666,Tech
Combined Equal-Weight,2021-12-01,O,0.016666666666666666,RealEstate
Combined Equal-Weight,2021-12-01,OXY,0.016666666666666666,Energy
Combined Equal-Weight,2021-12-01,PLD,0.016666666666666666,RealEstate
Combined Equal-Weight,2021-12-01,PSA,0.016666666666666666,RealEstate
Combined Equal-Weight,2021-12-01,QCOM,0.016666666666666666,Tech
Combined Equal-Weight,2021-12-01,SBUX,0.016666666666666666,Consumer
Combined Equal-Weight,2021-12-01,SHW,0.016666666666666666,Materials
Combined Equal-Weight,2021-12-01,SLB,0.016666666666666666,Energy
Combined Equal-Weight,2021-12-01,SO,0.016666666666666666,Utilities
Combined Equal-Weight,2021-12-01,T,0.016666666666666666,Comm
Combined Equal-Weight,2021-12-01,TMUS,0.016666666666666666,Comm
Combined Equal-Weight,2021-12-01,TTWO,0.016666666666666666,Comm
Combined Equal-Weight,2021-12-01,UPS,0.016666666666666666,Industrials
Combined Equal-Weight,2021-12-01,USB,0.016666666666666666,Financials
Combined Equal-Weight,2021-12-01,V,0.016666666666666666,Financials
Combined Equal-Weight,2021-12-01,WFC,0.016666666666666666,Financials
Combined Equal-Weight,2021-12-01,WMT,0.016666666666666666,Consumer
Combined Equal-Weight,2021-12-01,XOM,0.016666666666666666,Energy
Combined Equal-Weight,2021-12-01,ADA-USD,0.016666666666666666,Crypto
Combined Equal-Weight,2021-12-01,BCH-USD,0.016666666666666666,Crypto
Combined Equal-Weight,2021-12-01,BTC-USD,0.016666666666666666,Crypto
Combined Equal-Weight,2021-12-01,EOS-USD,0.016666666666666666,Crypto
Combined Equal-Weight,2021-12-01,ETC-USD,0.016666666666666666,Crypto
Combined Equal-Weight,2021-12-01,ETH-USD,0.016666666666666666,Crypto
Combined Equal-Weight,2021-12-01,LTC-USD,0.016666666666666666,Crypto
Combined Equal-Weight,2021-12-01,TRX-USD,0.016666666666666666,Crypto
Combined Equal-Weight,2021-12-01,XLM-USD,0.016666666666666666,Crypto
Combined Equal-Weight,2021-12-01,XRP-USD,0.016666666666666666,Crypto
Combined Equal-Weight,2022-01-03,ABBV,0.016666666666666666,Healthcare
Combined Equal-Weight,2022-01-03,ABT,0.016666666666666666,Healthcare
Combined Equal-Weight,2022-01-03,ADBE,0.016666666666666666,Tech
Combined Equal-Weight,2022-01-03,AEP,0.016666666666666666,Utilities
Combined Equal-Weight,2022-01-03,AMD,0.016666666666666666,Tech
Combined Equal-Weight,2022-01-03,AMGN,0.016666666666666666,Healthcare
Combined Equal-Weight,2022-01-03,AMT,0.016666666666666666,RealEstate
Combined Equal-Weight,2022-01-03,BA,0.016666666666666666,Industrials
Combined Equal-Weight,2022-01-03,CAT,0.016666666666666666,Industrials
Combined Equal-Weight,2022-01-03,CCI,0.016666666666666666,RealEstate
Combined Equal-Weight,2022-01-03,CMCSA,0.016666666666666666,Comm
Combined Equal-Weight,2022-01-03,COP,0.016666666666666666,Energy
Combined Equal-Weight,2022-01-03,CVX,0.016666666666666666,Energy
Combined Equal-Weight,2022-01-03,D,0.016666666666666666,Utilities
Combined Equal-Weight,2022-01-03,DD,0.016666666666666666,Materials
Combined Equal-Weight,2022-01-03,DIS,0.016666666666666666,Consumer
Combined Equal-Weight,2022-01-03,DOW,0.016666666666666666,Materials
Combined Equal-Weight,2022-01-03,DUK,0.016666666666666666,Utilities
Combined Equal-Weight,2022-01-03,EA,0.016666666666666666,Comm
Combined Equal-Weight,2022-01-03,GE,0.016666666666666666,Industrials
Combined Equal-Weight,2022-01-03,GILD,0.016666666666666666,Healthcare
Combined Equal-Weight,2022-01-03,GS,0.016666666666666666,Financials
Combined Equal-Weight,2022-01-03,INTC,0.016666666666666666,Tech
Combined Equal-Weight,2022-01-03,KO,0.016666666666666666,Consumer
Combined Equal-Weight,2022-01-03,MMM,0.016666666666666666,Industrials
Combined Equal-Weight,2022-01-03,MRK,0.016666666666666666,Healthcare
Combined Equal-Weight,2022-01-03,MS,0.016666666666666666,Financials
Combined Equal-Weight,2022-01-03,NEE,0.016666666666666666,Utilities
Combined Equal-Weight,2022-01-03,NEM,0.016666666666666666,Materials
Combined Equal-Weight,2022-01-03,NKE,0.016666666666666666,Consumer
Combined Equal-Weight,2022-01-03,NUE,0.016666666666666666,Materials
Combined Equal-Weight,2022-01-03,NVDA,0.016666666666666666,Tech
Combined Equal-Weight,2022-01-03,O,0.016666666666666666,RealEstate
Combined Equal-Weight,2022-01-03,OXY,0.016666666666666666,Energy
Combined Equal-Weight,2022-01-03,PLD,0.016666666666666666,RealEstate
Combined Equal-Weight,2022-01-03,PSA,0.016666666666666666,RealEstate
Combined Equal-Weight,2022-01-03,QCOM,0.016666666666666666,Tech
Combined Equal-Weight,2022-01-03,SBUX,0.016666666666666666,Consumer
Combined Equal-Weight,2022-01-03,SHW,0.016666666666666666,Materials
Combined Equal-Weight,2022-01-03,SLB,0.016666666666666666,Energy
Combined Equal-Weight,2022-01-03,SO,0.016666666666666666,Utilities
Combined Equal-Weight,2022-01-03,T,0.016666666666666666,Comm
Combined Equal-Weight,2022-01-03,TMUS,0.016666666666666666,Comm
Combined Equal-Weight,2022-01-03,TTWO,0.016666666666666666,Comm
Combined Equal-Weight,2022-01-03,UPS,0.016666666666666666,Industrials
Combined Equal-Weight,2022-01-03,USB,0.016666666666666666,Financials
Combined Equal-Weight,2022-01-03,V,0.016666666666666666,Financials
Combined Equal-Weight,2022-01-03,WFC,0.016666666666666666,Financials
Combined Equal-Weight,2022-01-03,WMT,0.016666666666666666,Consumer
Combined Equal-Weight,2022-01-03,XOM,0.016666666666666666,Energy
Combined Equal-Weight,2022-01-03,ADA-USD,0.016666666666666666,Crypto
Combined Equal-Weight,2022-01-03,BCH-USD,0.016666666666666666,Crypto
Combined Equal-Weight,2022-01-03,BTC-USD,0.016666666666666666,Crypto
Combined Equal-Weight,2022-01-03,EOS-USD,0.016666666666666666,Crypto
Combined Equal-Weight,2022-01-03,ETC-USD,0.016666666666666666,Crypto
Combined Equal-Weight,2022-01-03,ETH-USD,0.016666666666666666,Crypto
Combined Equal-Weight,2022-01-03,LTC-USD,0.016666666666666666,Crypto
Combined Equal-Weight,2022-01-03,TRX-USD,0.016666666666666666,Crypto
Combined Equal-Weight,2022-01-03,XLM-USD,0.016666666666666666,Crypto
Combined Equal-Weight,2022-01-03,XRP-USD,0.016666666666666666,Crypto
Combined Equal-Weight,2022-02-01,ABBV,0.016666666666666666,Healthcare
Combined Equal-Weight,2022-02-01,ABT,0.016666666666666666,Healthcare
Combined Equal-Weight,2022-02-01,ADBE,0.016666666666666666,Tech
Combined Equal-Weight,2022-02-01,AEP,0.016666666666666666,Utilities
Combined Equal-Weight,2022-02-01,AMD,0.016666666666666666,Tech
Combined Equal-Weight,2022-02-01,AMGN,0.016666666666666666,Healthcare
Combined Equal-Weight,2022-02-01,AMT,0.016666666666666666,RealEstate
Combined Equal-Weight,2022-02-01,BA,0.016666666666666666,Industrials
Combined Equal-Weight,2022-02-01,CAT,0.016666666666666666,Industrials
Combined Equal-Weight,2022-02-01,CCI,0.016666666666666666,RealEstate
Combined Equal-Weight,2022-02-01,CMCSA,0.016666666666666666,Comm
Combined Equal-Weight,2022-02-01,COP,0.016666666666666666,Energy
Combined Equal-Weight,2022-02-01,CVX,0.016666666666666666,Energy
Combined Equal-Weight,2022-02-01,D,0.016666666666666666,Utilities
Combined Equal-Weight,2022-02-01,DD,0.016666666666666666,Materials
Combined Equal-Weight,2022-02-01,DIS,0.016666666666666666,Consumer
Combined Equal-Weight,2022-02-01,DOW,0.016666666666666666,Materials
Combined Equal-Weight,2022-02-01,DUK,0.016666666666666666,Utilities
Combined Equal-Weight,2022-02-01,EA,0.016666666666666666,Comm
Combined Equal-Weight,2022-02-01,GE,0.016666666666666666,Industrials
Combined Equal-Weight,2022-02-01,GILD,0.016666666666666666,Healthcare
Combined Equal-Weight,2022-02-01,GS,0.016666666666666666,Financials
Combined Equal-Weight,2022-02-01,INTC,0.016666666666666666,Tech
Combined Equal-Weight,2022-02-01,KO,0.016666666666666666,Consumer
Combined Equal-Weight,2022-02-01,MMM,0.016666666666666666,Industrials
Combined Equal-Weight,2022-02-01,MRK,0.016666666666666666,Healthcare
Combined Equal-Weight,2022-02-01,MS,0.016666666666666666,Financials
Combined Equal-Weight,2022-02-01,NEE,0.016666666666666666,Utilities
Combined Equal-Weight,2022-02-01,NEM,0.016666666666666666,Materials
Combined Equal-Weight,2022-02-01,NKE,0.016666666666666666,Consumer
Combined Equal-Weight,2022-02-01,NUE,0.016666666666666666,Materials
Combined Equal-Weight,2022-02-01,NVDA,0.016666666666666666,Tech
Combined Equal-Weight,2022-02-01,O,0.016666666666666666,RealEstate
Combined Equal-Weight,2022-02-01,OXY,0.016666666666666666,Energy
Combined Equal-Weight,2022-02-01,PLD,0.016666666666666666,RealEstate
Combined Equal-Weight,2022-02-01,PSA,0.016666666666666666,RealEstate
Combined Equal-Weight,2022-02-01,QCOM,0.016666666666666666,Tech
Combined Equal-Weight,2022-02-01,SBUX,0.016666666666666666,Consumer
Combined Equal-Weight,2022-02-01,SHW,0.016666666666666666,Materials
Combined Equal-Weight,2022-02-01,SLB,0.016666666666666666,Energy
Combined Equal-Weight,2022-02-01,SO,0.016666666666666666,Utilities
Combined Equal-Weight,2022-02-01,T,0.016666666666666666,Comm
Combined Equal-Weight,2022-02-01,TMUS,0.016666666666666666,Comm
Combined Equal-Weight,2022-02-01,TTWO,0.016666666666666666,Comm
Combined Equal-Weight,2022-02-01,UPS,0.016666666666666666,Industrials
Combined Equal-Weight,2022-02-01,USB,0.016666666666666666,Financials
Combined Equal-Weight,2022-02-01,V,0.016666666666666666,Financials
Combined Equal-Weight,2022-02-01,WFC,0.016666666666666666,Financials
Combined Equal-Weight,2022-02-01,WMT,0.016666666666666666,Consumer
Combined Equal-Weight,2022-02-01,XOM,0.016666666666666666,Energy
Combined Equal-Weight,2022-02-01,ADA-USD,0.016666666666666666,Crypto
Combined Equal-Weight,2022-02-01,BCH-USD,0.016666666666666666,Crypto
Combined Equal-Weight,2022-02-01,BTC-USD,0.016666666666666666,Crypto
Combined Equal-Weight,2022-02-01,EOS-USD,0.016666666666666666,Crypto
Combined Equal-Weight,2022-02-01,ETC-USD,0.016666666666666666,Crypto
Combined Equal-Weight,2022-02-01,ETH-USD,0.016666666666666666,Crypto
Combined Equal-Weight,2022-02-01,LTC-USD,0.016666666666666666,Crypto
Combined Equal-Weight,2022-02-01,TRX-USD,0.016666666666666666,Crypto
Combined Equal-Weight,2022-02-01,XLM-USD,0.016666666666666666,Crypto
Combined Equal-Weight,2022-02-01,XRP-USD,0.016666666666666666,Crypto
Combined Equal-Weight,2022-03-01,ABBV,0.016666666666666666,Healthcare
Combined Equal-Weight,2022-03-01,ABT,0.016666666666666666,Healthcare
Combined Equal-Weight,2022-03-01,ADBE,0.016666666666666666,Tech
Combined Equal-Weight,2022-03-01,AEP,0.016666666666666666,Utilities
Combined Equal-Weight,2022-03-01,AMD,0.016666666666666666,Tech
Combined Equal-Weight,2022-03-01,AMGN,0.016666666666666666,Healthcare
Combined Equal-Weight,2022-03-01,AMT,0.016666666666666666,RealEstate
Combined Equal-Weight,2022-03-01,BA,0.016666666666666666,Industrials
Combined Equal-Weight,2022-03-01,CAT,0.016666666666666666,Industrials
Combined Equal-Weight,2022-03-01,CCI,0.016666666666666666,RealEstate
Combined Equal-Weight,2022-03-01,CMCSA,0.016666666666666666,Comm
Combined Equal-Weight,2022-03-01,COP,0.016666666666666666,Energy
Combined Equal-Weight,2022-03-01,CVX,0.016666666666666666,Energy
Combined Equal-Weight,2022-03-01,D,0.016666666666666666,Utilities
Combined Equal-Weight,2022-03-01,DD,0.016666666666666666,Materials
Combined Equal-Weight,2022-03-01,DIS,0.016666666666666666,Consumer
Combined Equal-Weight,2022-03-01,DOW,0.016666666666666666,Materials
Combined Equal-Weight,2022-03-01,DUK,0.016666666666666666,Utilities
Combined Equal-Weight,2022-03-01,EA,0.016666666666666666,Comm
Combined Equal-Weight,2022-03-01,GE,0.016666666666666666,Industrials
Combined Equal-Weight,2022-03-01,GILD,0.016666666666666666,Healthcare
Combined Equal-Weight,2022-03-01,GS,0.016666666666666666,Financials
Combined Equal-Weight,2022-03-01,INTC,0.016666666666666666,Tech
Combined Equal-Weight,2022-03-01,KO,0.016666666666666666,Consumer
Combined Equal-Weight,2022-03-01,MMM,0.016666666666666666,Industrials
Combined Equal-Weight,2022-03-01,MRK,0.016666666666666666,Healthcare
Combined Equal-Weight,2022-03-01,MS,0.016666666666666666,Financials
Combined Equal-Weight,2022-03-01,NEE,0.016666666666666666,Utilities
Combined Equal-Weight,2022-03-01,NEM,0.016666666666666666,Materials
Combined Equal-Weight,2022-03-01,NKE,0.016666666666666666,Consumer
Combined Equal-Weight,2022-03-01,NUE,0.016666666666666666,Materials
Combined Equal-Weight,2022-03-01,NVDA,0.016666666666666666,Tech
Combined Equal-Weight,2022-03-01,O,0.016666666666666666,RealEstate
Combined Equal-Weight,2022-03-01,OXY,0.016666666666666666,Energy
Combined Equal-Weight,2022-03-01,PLD,0.016666666666666666,RealEstate
Combined Equal-Weight,2022-03-01,PSA,0.016666666666666666,RealEstate
Combined Equal-Weight,2022-03-01,QCOM,0.016666666666666666,Tech
Combined Equal-Weight,2022-03-01,SBUX,0.016666666666666666,Consumer
Combined Equal-Weight,2022-03-01,SHW,0.016666666666666666,Materials
Combined Equal-Weight,2022-03-01,SLB,0.016666666666666666,Energy
Combined Equal-Weight,2022-03-01,SO,0.016666666666666666,Utilities
Combined Equal-Weight,2022-03-01,T,0.016666666666666666,Comm
Combined Equal-Weight,2022-03-01,TMUS,0.016666666666666666,Comm
Combined Equal-Weight,2022-03-01,TTWO,0.016666666666666666,Comm
Combined Equal-Weight,2022-03-01,UPS,0.016666666666666666,Industrials
Combined Equal-Weight,2022-03-01,USB,0.016666666666666666,Financials
Combined Equal-Weight,2022-03-01,V,0.016666666666666666,Financials
Combined Equal-Weight,2022-03-01,WFC,0.016666666666666666,Financials
Combined Equal-Weight,2022-03-01,WMT,0.016666666666666666,Consumer
Combined Equal-Weight,2022-03-01,XOM,0.016666666666666666,Energy
Combined Equal-Weight,2022-03-01,ADA-USD,0.016666666666666666,Crypto
Combined Equal-Weight,2022-03-01,BCH-USD,0.016666666666666666,Crypto
Combined Equal-Weight,2022-03-01,BTC-USD,0.016666666666666666,Crypto
Combined Equal-Weight,2022-03-01,EOS-USD,0.016666666666666666,Crypto
Combined Equal-Weight,2022-03-01,ETC-USD,0.016666666666666666,Crypto
Combined Equal-Weight,2022-03-01,ETH-USD,0.016666666666666666,Crypto
Combined Equal-Weight,2022-03-01,LTC-USD,0.016666666666666666,Crypto
Combined Equal-Weight,2022-03-01,TRX-USD,0.016666666666666666,Crypto
Combined Equal-Weight,2022-03-01,XLM-USD,0.016666666666666666,Crypto
Combined Equal-Weight,2022-03-01,XRP-USD,0.016666666666666666,Crypto
Combined Equal-Weight,2022-04-01,ABBV,0.016666666666666666,Healthcare
Combined Equal-Weight,2022-04-01,ABT,0.016666666666666666,Healthcare
Combined Equal-Weight,2022-04-01,ADBE,0.016666666666666666,Tech
Combined Equal-Weight,2022-04-01,AEP,0.016666666666666666,Utilities
Combined Equal-Weight,2022-04-01,AMD,0.016666666666666666,Tech
Combined Equal-Weight,2022-04-01,AMGN,0.016666666666666666,Healthcare
Combined Equal-Weight,2022-04-01,AMT,0.016666666666666666,RealEstate
Combined Equal-Weight,2022-04-01,BA,0.016666666666666666,Industrials
Combined Equal-Weight,2022-04-01,CAT,0.016666666666666666,Industrials
Combined Equal-Weight,2022-04-01,CCI,0.016666666666666666,RealEstate
Combined Equal-Weight,2022-04-01,CMCSA,0.016666666666666666,Comm
Combined Equal-Weight,2022-04-01,COP,0.016666666666666666,Energy
Combined Equal-Weight,2022-04-01,CVX,0.016666666666666666,Energy
Combined Equal-Weight,2022-04-01,D,0.016666666666666666,Utilities
Combined Equal-Weight,2022-04-01,DD,0.016666666666666666,Materials
Combined Equal-Weight,2022-04-01,DIS,0.016666666666666666,Consumer
Combined Equal-Weight,2022-04-01,DOW,0.016666666666666666,Materials
Combined Equal-Weight,2022-04-01,DUK,0.016666666666666666,Utilities
Combined Equal-Weight,2022-04-01,EA,0.016666666666666666,Comm
Combined Equal-Weight,2022-04-01,GE,0.016666666666666666,Industrials
Combined Equal-Weight,2022-04-01,GILD,0.016666666666666666,Healthcare
Combined Equal-Weight,2022-04-01,GS,0.016666666666666666,Financials
Combined Equal-Weight,2022-04-01,INTC,0.016666666666666666,Tech
Combined Equal-Weight,2022-04-01,KO,0.016666666666666666,Consumer
Combined Equal-Weight,2022-04-01,MMM,0.016666666666666666,Industrials
Combined Equal-Weight,2022-04-01,MRK,0.016666666666666666,Healthcare
Combined Equal-Weight,2022-04-01,MS,0.016666666666666666,Financials
Combined Equal-Weight,2022-04-01,NEE,0.016666666666666666,Utilities
Combined Equal-Weight,2022-04-01,NEM,0.016666666666666666,Materials
Combined Equal-Weight,2022-04-01,NKE,0.016666666666666666,Consumer
Combined Equal-Weight,2022-04-01,NUE,0.016666666666666666,Materials
Combined Equal-Weight,2022-04-01,NVDA,0.016666666666666666,Tech
Combined Equal-Weight,2022-04-01,O,0.016666666666666666,RealEstate
Combined Equal-Weight,2022-04-01,OXY,0.016666666666666666,Energy
Combined Equal-Weight,2022-04-01,PLD,0.016666666666666666,RealEstate
Combined Equal-Weight,2022-04-01,PSA,0.016666666666666666,RealEstate
Combined Equal-Weight,2022-04-01,QCOM,0.016666666666666666,Tech
Combined Equal-Weight,2022-04-01,SBUX,0.016666666666666666,Consumer
Combined Equal-Weight,2022-04-01,SHW,0.016666666666666666,Materials
Combined Equal-Weight,2022-04-01,SLB,0.016666666666666666,Energy
Combined Equal-Weight,2022-04-01,SO,0.016666666666666666,Utilities
Combined Equal-Weight,2022-04-01,T,0.016666666666666666,Comm
Combined Equal-Weight,2022-04-01,TMUS,0.016666666666666666,Comm
Combined Equal-Weight,2022-04-01,TTWO,0.016666666666666666,Comm
Combined Equal-Weight,2022-04-01,UPS,0.016666666666666666,Industrials
Combined Equal-Weight,2022-04-01,USB,0.016666666666666666,Financials
Combined Equal-Weight,2022-04-01,V,0.016666666666666666,Financials
Combined Equal-Weight,2022-04-01,WFC,0.016666666666666666,Financials
Combined Equal-Weight,2022-04-01,WMT,0.016666666666666666,Consumer
Combined Equal-Weight,2022-04-01,XOM,0.016666666666666666,Energy
Combined Equal-Weight,2022-04-01,ADA-USD,0.016666666666666666,Crypto
Combined Equal-Weight,2022-04-01,BCH-USD,0.016666666666666666,Crypto
Combined Equal-Weight,2022-04-01,BTC-USD,0.016666666666666666,Crypto
Combined Equal-Weight,2022-04-01,EOS-USD,0.016666666666666666,Crypto
Combined Equal-Weight,2022-04-01,ETC-USD,0.016666666666666666,Crypto
Combined Equal-Weight,2022-04-01,ETH-USD,0.016666666666666666,Crypto
Combined Equal-Weight,2022-04-01,LTC-USD,0.016666666666666666,Crypto
Combined Equal-Weight,2022-04-01,TRX-USD,0.016666666666666666,Crypto
Combined Equal-Weight,2022-04-01,XLM-USD,0.016666666666666666,Crypto
Combined Equal-Weight,2022-04-01,XRP-USD,0.016666666666666666,Crypto
Combined Equal-Weight,2022-05-02,ABBV,0.016666666666666666,Healthcare
Combined Equal-Weight,2022-05-02,ABT,0.016666666666666666,Healthcare
Combined Equal-Weight,2022-05-02,ADBE,0.016666666666666666,Tech
Combined Equal-Weight,2022-05-02,AEP,0.016666666666666666,Utilities
Combined Equal-Weight,2022-05-02,AMD,0.016666666666666666,Tech
Combined Equal-Weight,2022-05-02,AMGN,0.016666666666666666,Healthcare
Combined Equal-Weight,2022-05-02,AMT,0.016666666666666666,RealEstate
Combined Equal-Weight,2022-05-02,BA,0.016666666666666666,Industrials
Combined Equal-Weight,2022-05-02,CAT,0.016666666666666666,Industrials
Combined Equal-Weight,2022-05-02,CCI,0.016666666666666666,RealEstate
Combined Equal-Weight,2022-05-02,CMCSA,0.016666666666666666,Comm
Combined Equal-Weight,2022-05-02,COP,0.016666666666666666,Energy
Combined Equal-Weight,2022-05-02,CVX,0.016666666666666666,Energy
Combined Equal-Weight,2022-05-02,D,0.016666666666666666,Utilities
Combined Equal-Weight,2022-05-02,DD,0.016666666666666666,Materials
Combined Equal-Weight,2022-05-02,DIS,0.016666666666666666,Consumer
Combined Equal-Weight,2022-05-02,DOW,0.016666666666666666,Materials
Combined Equal-Weight,2022-05-02,DUK,0.016666666666666666,Utilities
Combined Equal-Weight,2022-05-02,EA,0.016666666666666666,Comm
Combined Equal-Weight,2022-05-02,GE,0.016666666666666666,Industrials
Combined Equal-Weight,2022-05-02,GILD,0.016666666666666666,Healthcare
Combined Equal-Weight,2022-05-02,GS,0.016666666666666666,Financials
Combined Equal-Weight,2022-05-02,INTC,0.016666666666666666,Tech
Combined Equal-Weight,2022-05-02,KO,0.016666666666666666,Consumer
Combined Equal-Weight,2022-05-02,MMM,0.016666666666666666,Industrials
Combined Equal-Weight,2022-05-02,MRK,0.016666666666666666,Healthcare
Combined Equal-Weight,2022-05-02,MS,0.016666666666666666,Financials
Combined Equal-Weight,2022-05-02,NEE,0.016666666666666666,Utilities
Combined Equal-Weight,2022-05-02,NEM,0.016666666666666666,Materials
Combined Equal-Weight,2022-05-02,NKE,0.016666666666666666,Consumer
Combined Equal-Weight,2022-05-02,NUE,0.016666666666666666,Materials
Combined Equal-Weight,2022-05-02,NVDA,0.016666666666666666,Tech
Combined Equal-Weight,2022-05-02,O,0.016666666666666666,RealEstate
Combined Equal-Weight,2022-05-02,OXY,0.016666666666666666,Energy
Combined Equal-Weight,2022-05-02,PLD,0.016666666666666666,RealEstate
Combined Equal-Weight,2022-05-02,PSA,0.016666666666666666,RealEstate
Combined Equal-Weight,2022-05-02,QCOM,0.016666666666666666,Tech
Combined Equal-Weight,2022-05-02,SBUX,0.016666666666666666,Consumer
Combined Equal-Weight,2022-05-02,SHW,0.016666666666666666,Materials
Combined Equal-Weight,2022-05-02,SLB,0.016666666666666666,Energy
Combined Equal-Weight,2022-05-02,SO,0.016666666666666666,Utilities
Combined Equal-Weight,2022-05-02,T,0.016666666666666666,Comm
Combined Equal-Weight,2022-05-02,TMUS,0.016666666666666666,Comm
Combined Equal-Weight,2022-05-02,TTWO,0.016666666666666666,Comm
Combined Equal-Weight,2022-05-02,UPS,0.016666666666666666,Industrials
Combined Equal-Weight,2022-05-02,USB,0.016666666666666666,Financials
Combined Equal-Weight,2022-05-02,V,0.016666666666666666,Financials
Combined Equal-Weight,2022-05-02,WFC,0.016666666666666666,Financials
Combined Equal-Weight,2022-05-02,WMT,0.016666666666666666,Consumer
Combined Equal-Weight,2022-05-02,XOM,0.016666666666666666,Energy
Combined Equal-Weight,2022-05-02,ADA-USD,0.016666666666666666,Crypto
Combined Equal-Weight,2022-05-02,BCH-USD,0.016666666666666666,Crypto
Combined Equal-Weight,2022-05-02,BTC-USD,0.016666666666666666,Crypto
Combined Equal-Weight,2022-05-02,EOS-USD,0.016666666666666666,Crypto
Combined Equal-Weight,2022-05-02,ETC-USD,0.016666666666666666,Crypto
Combined Equal-Weight,2022-05-02,ETH-USD,0.016666666666666666,Crypto
Combined Equal-Weight,2022-05-02,LTC-USD,0.016666666666666666,Crypto
Combined Equal-Weight,2022-05-02,TRX-USD,0.016666666666666666,Crypto
Combined Equal-Weight,2022-05-02,XLM-USD,0.016666666666666666,Crypto
Combined Equal-Weight,2022-05-02,XRP-USD,0.016666666666666666,Crypto
Combined Equal-Weight,2022-06-01,ABBV,0.016666666666666666,Healthcare
Combined Equal-Weight,2022-06-01,ABT,0.016666666666666666,Healthcare
Combined Equal-Weight,2022-06-01,ADBE,0.016666666666666666,Tech
Combined Equal-Weight,2022-06-01,AEP,0.016666666666666666,Utilities
Combined Equal-Weight,2022-06-01,AMD,0.016666666666666666,Tech
Combined Equal-Weight,2022-06-01,AMGN,0.016666666666666666,Healthcare
Combined Equal-Weight,2022-06-01,AMT,0.016666666666666666,RealEstate
Combined Equal-Weight,2022-06-01,BA,0.016666666666666666,Industrials
Combined Equal-Weight,2022-06-01,CAT,0.016666666666666666,Industrials
Combined Equal-Weight,2022-06-01,CCI,0.016666666666666666,RealEstate
Combined Equal-Weight,2022-06-01,CMCSA,0.016666666666666666,Comm
Combined Equal-Weight,2022-06-01,COP,0.016666666666666666,Energy
Combined Equal-Weight,2022-06-01,CVX,0.016666666666666666,Energy
Combined Equal-Weight,2022-06-01,D,0.016666666666666666,Utilities
Combined Equal-Weight,2022-06-01,DD,0.016666666666666666,Materials
Combined Equal-Weight,2022-06-01,DIS,0.016666666666666666,Consumer
Combined Equal-Weight,2022-06-01,DOW,0.016666666666666666,Materials
Combined Equal-Weight,2022-06-01,DUK,0.016666666666666666,Utilities
Combined Equal-Weight,2022-06-01,EA,0.016666666666666666,Comm
Combined Equal-Weight,2022-06-01,GE,0.016666666666666666,Industrials
Combined Equal-Weight,2022-06-01,GILD,0.016666666666666666,Healthcare
Combined Equal-Weight,2022-06-01,GS,0.016666666666666666,Financials
Combined Equal-Weight,2022-06-01,INTC,0.016666666666666666,Tech
Combined Equal-Weight,2022-06-01,KO,0.016666666666666666,Consumer
Combined Equal-Weight,2022-06-01,MMM,0.016666666666666666,Industrials
Combined Equal-Weight,2022-06-01,MRK,0.016666666666666666,Healthcare
Combined Equal-Weight,2022-06-01,MS,0.016666666666666666,Financials
Combined Equal-Weight,2022-06-01,NEE,0.016666666666666666,Utilities
Combined Equal-Weight,2022-06-01,NEM,0.016666666666666666,Materials
Combined Equal-Weight,2022-06-01,NKE,0.016666666666666666,Consumer
Combined Equal-Weight,2022-06-01,NUE,0.016666666666666666,Materials
Combined Equal-Weight,2022-06-01,NVDA,0.016666666666666666,Tech
Combined Equal-Weight,2022-06-01,O,0.016666666666666666,RealEstate
Combined Equal-Weight,2022-06-01,OXY,0.016666666666666666,Energy
Combined Equal-Weight,2022-06-01,PLD,0.016666666666666666,RealEstate
Combined Equal-Weight,2022-06-01,PSA,0.016666666666666666,RealEstate
Combined Equal-Weight,2022-06-01,QCOM,0.016666666666666666,Tech
Combined Equal-Weight,2022-06-01,SBUX,0.016666666666666666,Consumer
Combined Equal-Weight,2022-06-01,SHW,0.016666666666666666,Materials
Combined Equal-Weight,2022-06-01,SLB,0.016666666666666666,Energy
Combined Equal-Weight,2022-06-01,SO,0.016666666666666666,Utilities
Combined Equal-Weight,2022-06-01,T,0.016666666666666666,Comm
Combined Equal-Weight,2022-06-01,TMUS,0.016666666666666666,Comm
Combined Equal-Weight,2022-06-01,TTWO,0.016666666666666666,Comm
Combined Equal-Weight,2022-06-01,UPS,0.016666666666666666,Industrials
Combined Equal-Weight,2022-06-01,USB,0.016666666666666666,Financials
Combined Equal-Weight,2022-06-01,V,0.016666666666666666,Financials
Combined Equal-Weight,2022-06-01,WFC,0.016666666666666666,Financials
Combined Equal-Weight,2022-06-01,WMT,0.016666666666666666,Consumer
Combined Equal-Weight,2022-06-01,XOM,0.016666666666666666,Energy
Combined Equal-Weight,2022-06-01,ADA-USD,0.016666666666666666,Crypto
Combined Equal-Weight,2022-06-01,BCH-USD,0.016666666666666666,Crypto
Combined Equal-Weight,2022-06-01,BTC-USD,0.016666666666666666,Crypto
Combined Equal-Weight,2022-06-01,EOS-USD,0.016666666666666666,Crypto
Combined Equal-Weight,2022-06-01,ETC-USD,0.016666666666666666,Crypto
Combined Equal-Weight,2022-06-01,ETH-USD,0.016666666666666666,Crypto
Combined Equal-Weight,2022-06-01,LTC-USD,0.016666666666666666,Crypto
Combined Equal-Weight,2022-06-01,TRX-USD,0.016666666666666666,Crypto
Combined Equal-Weight,2022-06-01,XLM-USD,0.016666666666666666,Crypto
Combined Equal-Weight,2022-06-01,XRP-USD,0.016666666666666666,Crypto
Combined Equal-Weight,2022-07-01,ABBV,0.016666666666666666,Healthcare
Combined Equal-Weight,2022-07-01,ABT,0.016666666666666666,Healthcare
Combined Equal-Weight,2022-07-01,ADBE,0.016666666666666666,Tech
Combined Equal-Weight,2022-07-01,AEP,0.016666666666666666,Utilities
Combined Equal-Weight,2022-07-01,AMD,0.016666666666666666,Tech
Combined Equal-Weight,2022-07-01,AMGN,0.016666666666666666,Healthcare
Combined Equal-Weight,2022-07-01,AMT,0.016666666666666666,RealEstate
Combined Equal-Weight,2022-07-01,BA,0.016666666666666666,Industrials
Combined Equal-Weight,2022-07-01,CAT,0.016666666666666666,Industrials
Combined Equal-Weight,2022-07-01,CCI,0.016666666666666666,RealEstate
Combined Equal-Weight,2022-07-01,CMCSA,0.016666666666666666,Comm
Combined Equal-Weight,2022-07-01,COP,0.016666666666666666,Energy
Combined Equal-Weight,2022-07-01,CVX,0.016666666666666666,Energy
Combined Equal-Weight,2022-07-01,D,0.016666666666666666,Utilities
Combined Equal-Weight,2022-07-01,DD,0.016666666666666666,Materials
Combined Equal-Weight,2022-07-01,DIS,0.016666666666666666,Consumer
Combined Equal-Weight,2022-07-01,DOW,0.016666666666666666,Materials
Combined Equal-Weight,2022-07-01,DUK,0.016666666666666666,Utilities
Combined Equal-Weight,2022-07-01,EA,0.016666666666666666,Comm
Combined Equal-Weight,2022-07-01,GE,0.016666666666666666,Industrials
Combined Equal-Weight,2022-07-01,GILD,0.016666666666666666,Healthcare
Combined Equal-Weight,2022-07-01,GS,0.016666666666666666,Financials
Combined Equal-Weight,2022-07-01,INTC,0.016666666666666666,Tech
Combined Equal-Weight,2022-07-01,KO,0.016666666666666666,Consumer
Combined Equal-Weight,2022-07-01,MMM,0.016666666666666666,Industrials
Combined Equal-Weight,2022-07-01,MRK,0.016666666666666666,Healthcare
Combined Equal-Weight,2022-07-01,MS,0.016666666666666666,Financials
Combined Equal-Weight,2022-07-01,NEE,0.016666666666666666,Utilities
Combined Equal-Weight,2022-07-01,NEM,0.016666666666666666,Materials
Combined Equal-Weight,2022-07-01,NKE,0.016666666666666666,Consumer
Combined Equal-Weight,2022-07-01,NUE,0.016666666666666666,Materials
Combined Equal-Weight,2022-07-01,NVDA,0.016666666666666666,Tech
Combined Equal-Weight,2022-07-01,O,0.016666666666666666,RealEstate
Combined Equal-Weight,2022-07-01,OXY,0.016666666666666666,Energy
Combined Equal-Weight,2022-07-01,PLD,0.016666666666666666,RealEstate
Combined Equal-Weight,2022-07-01,PSA,0.016666666666666666,RealEstate
Combined Equal-Weight,2022-07-01,QCOM,0.016666666666666666,Tech
Combined Equal-Weight,2022-07-01,SBUX,0.016666666666666666,Consumer
Combined Equal-Weight,2022-07-01,SHW,0.016666666666666666,Materials
Combined Equal-Weight,2022-07-01,SLB,0.016666666666666666,Energy
Combined Equal-Weight,2022-07-01,SO,0.016666666666666666,Utilities
Combined Equal-Weight,2022-07-01,T,0.016666666666666666,Comm
Combined Equal-Weight,2022-07-01,TMUS,0.016666666666666666,Comm
Combined Equal-Weight,2022-07-01,TTWO,0.016666666666666666,Comm
Combined Equal-Weight,2022-07-01,UPS,0.016666666666666666,Industrials
Combined Equal-Weight,2022-07-01,USB,0.016666666666666666,Financials
Combined Equal-Weight,2022-07-01,V,0.016666666666666666,Financials
Combined Equal-Weight,2022-07-01,WFC,0.016666666666666666,Financials
Combined Equal-Weight,2022-07-01,WMT,0.016666666666666666,Consumer
Combined Equal-Weight,2022-07-01,XOM,0.016666666666666666,Energy
Combined Equal-Weight,2022-07-01,ADA-USD,0.016666666666666666,Crypto
Combined Equal-Weight,2022-07-01,BCH-USD,0.016666666666666666,Crypto
Combined Equal-Weight,2022-07-01,BTC-USD,0.016666666666666666,Crypto
Combined Equal-Weight,2022-07-01,EOS-USD,0.016666666666666666,Crypto
Combined Equal-Weight,2022-07-01,ETC-USD,0.016666666666666666,Crypto
Combined Equal-Weight,2022-07-01,ETH-USD,0.016666666666666666,Crypto
Combined Equal-Weight,2022-07-01,LTC-USD,0.016666666666666666,Crypto
Combined Equal-Weight,2022-07-01,TRX-USD,0.016666666666666666,Crypto
Combined Equal-Weight,2022-07-01,XLM-USD,0.016666666666666666,Crypto
Combined Equal-Weight,2022-07-01,XRP-USD,0.016666666666666666,Crypto
Combined Equal-Weight,2022-08-01,ABBV,0.016666666666666666,Healthcare
Combined Equal-Weight,2022-08-01,ABT,0.016666666666666666,Healthcare
Combined Equal-Weight,2022-08-01,ADBE,0.016666666666666666,Tech
Combined Equal-Weight,2022-08-01,AEP,0.016666666666666666,Utilities
Combined Equal-Weight,2022-08-01,AMD,0.016666666666666666,Tech
Combined Equal-Weight,2022-08-01,AMGN,0.016666666666666666,Healthcare
Combined Equal-Weight,2022-08-01,AMT,0.016666666666666666,RealEstate
Combined Equal-Weight,2022-08-01,BA,0.016666666666666666,Industrials
Combined Equal-Weight,2022-08-01,CAT,0.016666666666666666,Industrials
Combined Equal-Weight,2022-08-01,CCI,0.016666666666666666,RealEstate
Combined Equal-Weight,2022-08-01,CMCSA,0.016666666666666666,Comm
Combined Equal-Weight,2022-08-01,COP,0.016666666666666666,Energy
Combined Equal-Weight,2022-08-01,CVX,0.016666666666666666,Energy
Combined Equal-Weight,2022-08-01,D,0.016666666666666666,Utilities
Combined Equal-Weight,2022-08-01,DD,0.016666666666666666,Materials
Combined Equal-Weight,2022-08-01,DIS,0.016666666666666666,Consumer
Combined Equal-Weight,2022-08-01,DOW,0.016666666666666666,Materials
Combined Equal-Weight,2022-08-01,DUK,0.016666666666666666,Utilities
Combined Equal-Weight,2022-08-01,EA,0.016666666666666666,Comm
Combined Equal-Weight,2022-08-01,GE,0.016666666666666666,Industrials
Combined Equal-Weight,2022-08-01,GILD,0.016666666666666666,Healthcare
Combined Equal-Weight,2022-08-01,GS,0.016666666666666666,Financials
Combined Equal-Weight,2022-08-01,INTC,0.016666666666666666,Tech
Combined Equal-Weight,2022-08-01,KO,0.016666666666666666,Consumer
Combined Equal-Weight,2022-08-01,MMM,0.016666666666666666,Industrials
Combined Equal-Weight,2022-08-01,MRK,0.016666666666666666,Healthcare
Combined Equal-Weight,2022-08-01,MS,0.016666666666666666,Financials
Combined Equal-Weight,2022-08-01,NEE,0.016666666666666666,Utilities
Combined Equal-Weight,2022-08-01,NEM,0.016666666666666666,Materials
Combined Equal-Weight,2022-08-01,NKE,0.016666666666666666,Consumer
Combined Equal-Weight,2022-08-01,NUE,0.016666666666666666,Materials
Combined Equal-Weight,2022-08-01,NVDA,0.016666666666666666,Tech
Combined Equal-Weight,2022-08-01,O,0.016666666666666666,RealEstate
Combined Equal-Weight,2022-08-01,OXY,0.016666666666666666,Energy
Combined Equal-Weight,2022-08-01,PLD,0.016666666666666666,RealEstate
Combined Equal-Weight,2022-08-01,PSA,0.016666666666666666,RealEstate
Combined Equal-Weight,2022-08-01,QCOM,0.016666666666666666,Tech
Combined Equal-Weight,2022-08-01,SBUX,0.016666666666666666,Consumer
Combined Equal-Weight,2022-08-01,SHW,0.016666666666666666,Materials
Combined Equal-Weight,2022-08-01,SLB,0.016666666666666666,Energy
Combined Equal-Weight,2022-08-01,SO,0.016666666666666666,Utilities
Combined Equal-Weight,2022-08-01,T,0.016666666666666666,Comm
Combined Equal-Weight,2022-08-01,TMUS,0.016666666666666666,Comm
Combined Equal-Weight,2022-08-01,TTWO,0.016666666666666666,Comm
Combined Equal-Weight,2022-08-01,UPS,0.016666666666666666,Industrials
Combined Equal-Weight,2022-08-01,USB,0.016666666666666666,Financials
Combined Equal-Weight,2022-08-01,V,0.016666666666666666,Financials
Combined Equal-Weight,2022-08-01,WFC,0.016666666666666666,Financials
Combined Equal-Weight,2022-08-01,WMT,0.016666666666666666,Consumer
Combined Equal-Weight,2022-08-01,XOM,0.016666666666666666,Energy
Combined Equal-Weight,2022-08-01,ADA-USD,0.016666666666666666,Crypto
Combined Equal-Weight,2022-08-01,BCH-USD,0.016666666666666666,Crypto
Combined Equal-Weight,2022-08-01,BTC-USD,0.016666666666666666,Crypto
Combined Equal-Weight,2022-08-01,EOS-USD,0.016666666666666666,Crypto
Combined Equal-Weight,2022-08-01,ETC-USD,0.016666666666666666,Crypto
Combined Equal-Weight,2022-08-01,ETH-USD,0.016666666666666666,Crypto
Combined Equal-Weight,2022-08-01,LTC-USD,0.016666666666666666,Crypto
Combined Equal-Weight,2022-08-01,TRX-USD,0.016666666666666666,Crypto
Combined Equal-Weight,2022-08-01,XLM-USD,0.016666666666666666,Crypto
Combined Equal-Weight,2022-08-01,XRP-USD,0.016666666666666666,Crypto
Combined Equal-Weight,2022-09-01,ABBV,0.016666666666666666,Healthcare
Combined Equal-Weight,2022-09-01,ABT,0.016666666666666666,Healthcare
Combined Equal-Weight,2022-09-01,ADBE,0.016666666666666666,Tech
Combined Equal-Weight,2022-09-01,AEP,0.016666666666666666,Utilities
Combined Equal-Weight,2022-09-01,AMD,0.016666666666666666,Tech
Combined Equal-Weight,2022-09-01,AMGN,0.016666666666666666,Healthcare
Combined Equal-Weight,2022-09-01,AMT,0.016666666666666666,RealEstate
Combined Equal-Weight,2022-09-01,BA,0.016666666666666666,Industrials
Combined Equal-Weight,2022-09-01,CAT,0.016666666666666666,Industrials
Combined Equal-Weight,2022-09-01,CCI,0.016666666666666666,RealEstate
Combined Equal-Weight,2022-09-01,CMCSA,0.016666666666666666,Comm
Combined Equal-Weight,2022-09-01,COP,0.016666666666666666,Energy
Combined Equal-Weight,2022-09-01,CVX,0.016666666666666666,Energy
Combined Equal-Weight,2022-09-01,D,0.016666666666666666,Utilities
Combined Equal-Weight,2022-09-01,DD,0.016666666666666666,Materials
Combined Equal-Weight,2022-09-01,DIS,0.016666666666666666,Consumer
Combined Equal-Weight,2022-09-01,DOW,0.016666666666666666,Materials
Combined Equal-Weight,2022-09-01,DUK,0.016666666666666666,Utilities
Combined Equal-Weight,2022-09-01,EA,0.016666666666666666,Comm
Combined Equal-Weight,2022-09-01,GE,0.016666666666666666,Industrials
Combined Equal-Weight,2022-09-01,GILD,0.016666666666666666,Healthcare
Combined Equal-Weight,2022-09-01,GS,0.016666666666666666,Financials
Combined Equal-Weight,2022-09-01,INTC,0.016666666666666666,Tech
Combined Equal-Weight,2022-09-01,KO,0.016666666666666666,Consumer
Combined Equal-Weight,2022-09-01,MMM,0.016666666666666666,Industrials
Combined Equal-Weight,2022-09-01,MRK,0.016666666666666666,Healthcare
Combined Equal-Weight,2022-09-01,MS,0.016666666666666666,Financials
Combined Equal-Weight,2022-09-01,NEE,0.016666666666666666,Utilities
Combined Equal-Weight,2022-09-01,NEM,0.016666666666666666,Materials
Combined Equal-Weight,2022-09-01,NKE,0.016666666666666666,Consumer
Combined Equal-Weight,2022-09-01,NUE,0.016666666666666666,Materials
Combined Equal-Weight,2022-09-01,NVDA,0.016666666666666666,Tech
Combined Equal-Weight,2022-09-01,O,0.016666666666666666,RealEstate
Combined Equal-Weight,2022-09-01,OXY,0.016666666666666666,Energy
Combined Equal-Weight,2022-09-01,PLD,0.016666666666666666,RealEstate
Combined Equal-Weight,2022-09-01,PSA,0.016666666666666666,RealEstate
Combined Equal-Weight,2022-09-01,QCOM,0.016666666666666666,Tech
Combined Equal-Weight,2022-09-01,SBUX,0.016666666666666666,Consumer
Combined Equal-Weight,2022-09-01,SHW,0.016666666666666666,Materials
Combined Equal-Weight,2022-09-01,SLB,0.016666666666666666,Energy
Combined Equal-Weight,2022-09-01,SO,0.016666666666666666,Utilities
Combined Equal-Weight,2022-09-01,T,0.016666666666666666,Comm
Combined Equal-Weight,2022-09-01,TMUS,0.016666666666666666,Comm
Combined Equal-Weight,2022-09-01,TTWO,0.016666666666666666,Comm
Combined Equal-Weight,2022-09-01,UPS,0.016666666666666666,Industrials
Combined Equal-Weight,2022-09-01,USB,0.016666666666666666,Financials
Combined Equal-Weight,2022-09-01,V,0.016666666666666666,Financials
Combined Equal-Weight,2022-09-01,WFC,0.016666666666666666,Financials
Combined Equal-Weight,2022-09-01,WMT,0.016666666666666666,Consumer
Combined Equal-Weight,2022-09-01,XOM,0.016666666666666666,Energy
Combined Equal-Weight,2022-09-01,ADA-USD,0.016666666666666666,Crypto
Combined Equal-Weight,2022-09-01,BCH-USD,0.016666666666666666,Crypto
Combined Equal-Weight,2022-09-01,BTC-USD,0.016666666666666666,Crypto
Combined Equal-Weight,2022-09-01,EOS-USD,0.016666666666666666,Crypto
Combined Equal-Weight,2022-09-01,ETC-USD,0.016666666666666666,Crypto
Combined Equal-Weight,2022-09-01,ETH-USD,0.016666666666666666,Crypto
Combined Equal-Weight,2022-09-01,LTC-USD,0.016666666666666666,Crypto
Combined Equal-Weight,2022-09-01,TRX-USD,0.016666666666666666,Crypto
Combined Equal-Weight,2022-09-01,XLM-USD,0.016666666666666666,Crypto
Combined Equal-Weight,2022-09-01,XRP-USD,0.016666666666666666,Crypto
Combined Equal-Weight,2022-10-03,ABBV,0.016666666666666666,Healthcare
Combined Equal-Weight,2022-10-03,ABT,0.016666666666666666,Healthcare
Combined Equal-Weight,2022-10-03,ADBE,0.016666666666666666,Tech
Combined Equal-Weight,2022-10-03,AEP,0.016666666666666666,Utilities
Combined Equal-Weight,2022-10-03,AMD,0.016666666666666666,Tech
Combined Equal-Weight,2022-10-03,AMGN,0.016666666666666666,Healthcare
Combined Equal-Weight,2022-10-03,AMT,0.016666666666666666,RealEstate
Combined Equal-Weight,2022-10-03,BA,0.016666666666666666,Industrials
Combined Equal-Weight,2022-10-03,CAT,0.016666666666666666,Industrials
Combined Equal-Weight,2022-10-03,CCI,0.016666666666666666,RealEstate
Combined Equal-Weight,2022-10-03,CMCSA,0.016666666666666666,Comm
Combined Equal-Weight,2022-10-03,COP,0.016666666666666666,Energy
Combined Equal-Weight,2022-10-03,CVX,0.016666666666666666,Energy
Combined Equal-Weight,2022-10-03,D,0.016666666666666666,Utilities
Combined Equal-Weight,2022-10-03,DD,0.016666666666666666,Materials
Combined Equal-Weight,2022-10-03,DIS,0.016666666666666666,Consumer
Combined Equal-Weight,2022-10-03,DOW,0.016666666666666666,Materials
Combined Equal-Weight,2022-10-03,DUK,0.016666666666666666,Utilities
Combined Equal-Weight,2022-10-03,EA,0.016666666666666666,Comm
Combined Equal-Weight,2022-10-03,GE,0.016666666666666666,Industrials
Combined Equal-Weight,2022-10-03,GILD,0.016666666666666666,Healthcare
Combined Equal-Weight,2022-10-03,GS,0.016666666666666666,Financials
Combined Equal-Weight,2022-10-03,INTC,0.016666666666666666,Tech
Combined Equal-Weight,2022-10-03,KO,0.016666666666666666,Consumer
Combined Equal-Weight,2022-10-03,MMM,0.016666666666666666,Industrials
Combined Equal-Weight,2022-10-03,MRK,0.016666666666666666,Healthcare
Combined Equal-Weight,2022-10-03,MS,0.016666666666666666,Financials
Combined Equal-Weight,2022-10-03,NEE,0.016666666666666666,Utilities
Combined Equal-Weight,2022-10-03,NEM,0.016666666666666666,Materials
Combined Equal-Weight,2022-10-03,NKE,0.016666666666666666,Consumer
Combined Equal-Weight,2022-10-03,NUE,0.016666666666666666,Materials
Combined Equal-Weight,2022-10-03,NVDA,0.016666666666666666,Tech
Combined Equal-Weight,2022-10-03,O,0.016666666666666666,RealEstate
Combined Equal-Weight,2022-10-03,OXY,0.016666666666666666,Energy
Combined Equal-Weight,2022-10-03,PLD,0.016666666666666666,RealEstate
Combined Equal-Weight,2022-10-03,PSA,0.016666666666666666,RealEstate
Combined Equal-Weight,2022-10-03,QCOM,0.016666666666666666,Tech
Combined Equal-Weight,2022-10-03,SBUX,0.016666666666666666,Consumer
Combined Equal-Weight,2022-10-03,SHW,0.016666666666666666,Materials
Combined Equal-Weight,2022-10-03,SLB,0.016666666666666666,Energy
Combined Equal-Weight,2022-10-03,SO,0.016666666666666666,Utilities
Combined Equal-Weight,2022-10-03,T,0.016666666666666666,Comm
Combined Equal-Weight,2022-10-03,TMUS,0.016666666666666666,Comm
Combined Equal-Weight,2022-10-03,TTWO,0.016666666666666666,Comm
Combined Equal-Weight,2022-10-03,UPS,0.016666666666666666,Industrials
Combined Equal-Weight,2022-10-03,USB,0.016666666666666666,Financials
Combined Equal-Weight,2022-10-03,V,0.016666666666666666,Financials
Combined Equal-Weight,2022-10-03,WFC,0.016666666666666666,Financials
Combined Equal-Weight,2022-10-03,WMT,0.016666666666666666,Consumer
Combined Equal-Weight,2022-10-03,XOM,0.016666666666666666,Energy
Combined Equal-Weight,2022-10-03,ADA-USD,0.016666666666666666,Crypto
Combined Equal-Weight,2022-10-03,BCH-USD,0.016666666666666666,Crypto
Combined Equal-Weight,2022-10-03,BTC-USD,0.016666666666666666,Crypto
Combined Equal-Weight,2022-10-03,EOS-USD,0.016666666666666666,Crypto
Combined Equal-Weight,2022-10-03,ETC-USD,0.016666666666666666,Crypto
Combined Equal-Weight,2022-10-03,ETH-USD,0.016666666666666666,Crypto
Combined Equal-Weight,2022-10-03,LTC-USD,0.016666666666666666,Crypto
Combined Equal-Weight,2022-10-03,TRX-USD,0.016666666666666666,Crypto
Combined Equal-Weight,2022-10-03,XLM-USD,0.016666666666666666,Crypto
Combined Equal-Weight,2022-10-03,XRP-USD,0.016666666666666666,Crypto
Combined Equal-Weight,2022-11-01,ABBV,0.016666666666666666,Healthcare
Combined Equal-Weight,2022-11-01,ABT,0.016666666666666666,Healthcare
Combined Equal-Weight,2022-11-01,ADBE,0.016666666666666666,Tech
Combined Equal-Weight,2022-11-01,AEP,0.016666666666666666,Utilities
Combined Equal-Weight,2022-11-01,AMD,0.016666666666666666,Tech
Combined Equal-Weight,2022-11-01,AMGN,0.016666666666666666,Healthcare
Combined Equal-Weight,2022-11-01,AMT,0.016666666666666666,RealEstate
Combined Equal-Weight,2022-11-01,BA,0.016666666666666666,Industrials
Combined Equal-Weight,2022-11-01,CAT,0.016666666666666666,Industrials
Combined Equal-Weight,2022-11-01,CCI,0.016666666666666666,RealEstate
Combined Equal-Weight,2022-11-01,CMCSA,0.016666666666666666,Comm
Combined Equal-Weight,2022-11-01,COP,0.016666666666666666,Energy
Combined Equal-Weight,2022-11-01,CVX,0.016666666666666666,Energy
Combined Equal-Weight,2022-11-01,D,0.016666666666666666,Utilities
Combined Equal-Weight,2022-11-01,DD,0.016666666666666666,Materials
Combined Equal-Weight,2022-11-01,DIS,0.016666666666666666,Consumer
Combined Equal-Weight,2022-11-01,DOW,0.016666666666666666,Materials
Combined Equal-Weight,2022-11-01,DUK,0.016666666666666666,Utilities
Combined Equal-Weight,2022-11-01,EA,0.016666666666666666,Comm
Combined Equal-Weight,2022-11-01,GE,0.016666666666666666,Industrials
Combined Equal-Weight,2022-11-01,GILD,0.016666666666666666,Healthcare
Combined Equal-Weight,2022-11-01,GS,0.016666666666666666,Financials
Combined Equal-Weight,2022-11-01,INTC,0.016666666666666666,Tech
Combined Equal-Weight,2022-11-01,KO,0.016666666666666666,Consumer
Combined Equal-Weight,2022-11-01,MMM,0.016666666666666666,Industrials
Combined Equal-Weight,2022-11-01,MRK,0.016666666666666666,Healthcare
Combined Equal-Weight,2022-11-01,MS,0.016666666666666666,Financials
Combined Equal-Weight,2022-11-01,NEE,0.016666666666666666,Utilities
Combined Equal-Weight,2022-11-01,NEM,0.016666666666666666,Materials
Combined Equal-Weight,2022-11-01,NKE,0.016666666666666666,Consumer
Combined Equal-Weight,2022-11-01,NUE,0.016666666666666666,Materials
Combined Equal-Weight,2022-11-01,NVDA,0.016666666666666666,Tech
Combined Equal-Weight,2022-11-01,O,0.016666666666666666,RealEstate
Combined Equal-Weight,2022-11-01,OXY,0.016666666666666666,Energy
Combined Equal-Weight,2022-11-01,PLD,0.016666666666666666,RealEstate
Combined Equal-Weight,2022-11-01,PSA,0.016666666666666666,RealEstate
Combined Equal-Weight,2022-11-01,QCOM,0.016666666666666666,Tech
Combined Equal-Weight,2022-11-01,SBUX,0.016666666666666666,Consumer
Combined Equal-Weight,2022-11-01,SHW,0.016666666666666666,Materials
Combined Equal-Weight,2022-11-01,SLB,0.016666666666666666,Energy
Combined Equal-Weight,2022-11-01,SO,0.016666666666666666,Utilities
Combined Equal-Weight,2022-11-01,T,0.016666666666666666,Comm
Combined Equal-Weight,2022-11-01,TMUS,0.016666666666666666,Comm
Combined Equal-Weight,2022-11-01,TTWO,0.016666666666666666,Comm
Combined Equal-Weight,2022-11-01,UPS,0.016666666666666666,Industrials
Combined Equal-Weight,2022-11-01,USB,0.016666666666666666,Financials
Combined Equal-Weight,2022-11-01,V,0.016666666666666666,Financials
Combined Equal-Weight,2022-11-01,WFC,0.016666666666666666,Financials
Combined Equal-Weight,2022-11-01,WMT,0.016666666666666666,Consumer
Combined Equal-Weight,2022-11-01,XOM,0.016666666666666666,Energy
Combined Equal-Weight,2022-11-01,ADA-USD,0.016666666666666666,Crypto
Combined Equal-Weight,2022-11-01,BCH-USD,0.016666666666666666,Crypto
Combined Equal-Weight,2022-11-01,BTC-USD,0.016666666666666666,Crypto
Combined Equal-Weight,2022-11-01,EOS-USD,0.016666666666666666,Crypto
Combined Equal-Weight,2022-11-01,ETC-USD,0.016666666666666666,Crypto
Combined Equal-Weight,2022-11-01,ETH-USD,0.016666666666666666,Crypto
Combined Equal-Weight,2022-11-01,LTC-USD,0.016666666666666666,Crypto
Combined Equal-Weight,2022-11-01,TRX-USD,0.016666666666666666,Crypto
Combined Equal-Weight,2022-11-01,XLM-USD,0.016666666666666666,Crypto
Combined Equal-Weight,2022-11-01,XRP-USD,0.016666666666666666,Crypto
Combined Equal-Weight,2022-12-01,ABBV,0.016666666666666666,Healthcare
Combined Equal-Weight,2022-12-01,ABT,0.016666666666666666,Healthcare
Combined Equal-Weight,2022-12-01,ADBE,0.016666666666666666,Tech
Combined Equal-Weight,2022-12-01,AEP,0.016666666666666666,Utilities
Combined Equal-Weight,2022-12-01,AMD,0.016666666666666666,Tech
Combined Equal-Weight,2022-12-01,AMGN,0.016666666666666666,Healthcare
Combined Equal-Weight,2022-12-01,AMT,0.016666666666666666,RealEstate
Combined Equal-Weight,2022-12-01,BA,0.016666666666666666,Industrials
Combined Equal-Weight,2022-12-01,CAT,0.016666666666666666,Industrials
Combined Equal-Weight,2022-12-01,CCI,0.016666666666666666,RealEstate
Combined Equal-Weight,2022-12-01,CMCSA,0.016666666666666666,Comm
Combined Equal-Weight,2022-12-01,COP,0.016666666666666666,Energy
Combined Equal-Weight,2022-12-01,CVX,0.016666666666666666,Energy
Combined Equal-Weight,2022-12-01,D,0.016666666666666666,Utilities
Combined Equal-Weight,2022-12-01,DD,0.016666666666666666,Materials
Combined Equal-Weight,2022-12-01,DIS,0.016666666666666666,Consumer
Combined Equal-Weight,2022-12-01,DOW,0.016666666666666666,Materials
Combined Equal-Weight,2022-12-01,DUK,0.016666666666666666,Utilities
Combined Equal-Weight,2022-12-01,EA,0.016666666666666666,Comm
Combined Equal-Weight,2022-12-01,GE,0.016666666666666666,Industrials
Combined Equal-Weight,2022-12-01,GILD,0.016666666666666666,Healthcare
Combined Equal-Weight,2022-12-01,GS,0.016666666666666666,Financials
Combined Equal-Weight,2022-12-01,INTC,0.016666666666666666,Tech
Combined Equal-Weight,2022-12-01,KO,0.016666666666666666,Consumer
Combined Equal-Weight,2022-12-01,MMM,0.016666666666666666,Industrials
Combined Equal-Weight,2022-12-01,MRK,0.016666666666666666,Healthcare
Combined Equal-Weight,2022-12-01,MS,0.016666666666666666,Financials
Combined Equal-Weight,2022-12-01,NEE,0.016666666666666666,Utilities
Combined Equal-Weight,2022-12-01,NEM,0.016666666666666666,Materials
Combined Equal-Weight,2022-12-01,NKE,0.016666666666666666,Consumer
Combined Equal-Weight,2022-12-01,NUE,0.016666666666666666,Materials
Combined Equal-Weight,2022-12-01,NVDA,0.016666666666666666,Tech
Combined Equal-Weight,2022-12-01,O,0.016666666666666666,RealEstate
Combined Equal-Weight,2022-12-01,OXY,0.016666666666666666,Energy
Combined Equal-Weight,2022-12-01,PLD,0.016666666666666666,RealEstate
Combined Equal-Weight,2022-12-01,PSA,0.016666666666666666,RealEstate
Combined Equal-Weight,2022-12-01,QCOM,0.016666666666666666,Tech
Combined Equal-Weight,2022-12-01,SBUX,0.016666666666666666,Consumer
Combined Equal-Weight,2022-12-01,SHW,0.016666666666666666,Materials
Combined Equal-Weight,2022-12-01,SLB,0.016666666666666666,Energy
Combined Equal-Weight,2022-12-01,SO,0.016666666666666666,Utilities
Combined Equal-Weight,2022-12-01,T,0.016666666666666666,Comm
Combined Equal-Weight,2022-12-01,TMUS,0.016666666666666666,Comm
Combined Equal-Weight,2022-12-01,TTWO,0.016666666666666666,Comm
Combined Equal-Weight,2022-12-01,UPS,0.016666666666666666,Industrials
Combined Equal-Weight,2022-12-01,USB,0.016666666666666666,Financials
Combined Equal-Weight,2022-12-01,V,0.016666666666666666,Financials
Combined Equal-Weight,2022-12-01,WFC,0.016666666666666666,Financials
Combined Equal-Weight,2022-12-01,WMT,0.016666666666666666,Consumer
Combined Equal-Weight,2022-12-01,XOM,0.016666666666666666,Energy
Combined Equal-Weight,2022-12-01,ADA-USD,0.016666666666666666,Crypto
Combined Equal-Weight,2022-12-01,BCH-USD,0.016666666666666666,Crypto
Combined Equal-Weight,2022-12-01,BTC-USD,0.016666666666666666,Crypto
Combined Equal-Weight,2022-12-01,EOS-USD,0.016666666666666666,Crypto
Combined Equal-Weight,2022-12-01,ETC-USD,0.016666666666666666,Crypto
Combined Equal-Weight,2022-12-01,ETH-USD,0.016666666666666666,Crypto
Combined Equal-Weight,2022-12-01,LTC-USD,0.016666666666666666,Crypto
Combined Equal-Weight,2022-12-01,TRX-USD,0.016666666666666666,Crypto
Combined Equal-Weight,2022-12-01,XLM-USD,0.016666666666666666,Crypto
Combined Equal-Weight,2022-12-01,XRP-USD,0.016666666666666666,Crypto
Combined Equal-Weight,2023-01-03,ABBV,0.016666666666666666,Healthcare
Combined Equal-Weight,2023-01-03,ABT,0.016666666666666666,Healthcare
Combined Equal-Weight,2023-01-03,ADBE,0.016666666666666666,Tech
Combined Equal-Weight,2023-01-03,AEP,0.016666666666666666,Utilities
Combined Equal-Weight,2023-01-03,AMD,0.016666666666666666,Tech
Combined Equal-Weight,2023-01-03,AMGN,0.016666666666666666,Healthcare
Combined Equal-Weight,2023-01-03,AMT,0.016666666666666666,RealEstate
Combined Equal-Weight,2023-01-03,BA,0.016666666666666666,Industrials
Combined Equal-Weight,2023-01-03,CAT,0.016666666666666666,Industrials
Combined Equal-Weight,2023-01-03,CCI,0.016666666666666666,RealEstate
Combined Equal-Weight,2023-01-03,CMCSA,0.016666666666666666,Comm
Combined Equal-Weight,2023-01-03,COP,0.016666666666666666,Energy
Combined Equal-Weight,2023-01-03,CVX,0.016666666666666666,Energy
Combined Equal-Weight,2023-01-03,D,0.016666666666666666,Utilities
Combined Equal-Weight,2023-01-03,DD,0.016666666666666666,Materials
Combined Equal-Weight,2023-01-03,DIS,0.016666666666666666,Consumer
Combined Equal-Weight,2023-01-03,DOW,0.016666666666666666,Materials
Combined Equal-Weight,2023-01-03,DUK,0.016666666666666666,Utilities
Combined Equal-Weight,2023-01-03,EA,0.016666666666666666,Comm
Combined Equal-Weight,2023-01-03,GE,0.016666666666666666,Industrials
Combined Equal-Weight,2023-01-03,GILD,0.016666666666666666,Healthcare
Combined Equal-Weight,2023-01-03,GS,0.016666666666666666,Financials
Combined Equal-Weight,2023-01-03,INTC,0.016666666666666666,Tech
Combined Equal-Weight,2023-01-03,KO,0.016666666666666666,Consumer
Combined Equal-Weight,2023-01-03,MMM,0.016666666666666666,Industrials
Combined Equal-Weight,2023-01-03,MRK,0.016666666666666666,Healthcare
Combined Equal-Weight,2023-01-03,MS,0.016666666666666666,Financials
Combined Equal-Weight,2023-01-03,NEE,0.016666666666666666,Utilities
Combined Equal-Weight,2023-01-03,NEM,0.016666666666666666,Materials
Combined Equal-Weight,2023-01-03,NKE,0.016666666666666666,Consumer
Combined Equal-Weight,2023-01-03,NUE,0.016666666666666666,Materials
Combined Equal-Weight,2023-01-03,NVDA,0.016666666666666666,Tech
Combined Equal-Weight,2023-01-03,O,0.016666666666666666,RealEstate
Combined Equal-Weight,2023-01-03,OXY,0.016666666666666666,Energy
Combined Equal-Weight,2023-01-03,PLD,0.016666666666666666,RealEstate
Combined Equal-Weight,2023-01-03,PSA,0.016666666666666666,RealEstate
Combined Equal-Weight,2023-01-03,QCOM,0.016666666666666666,Tech
Combined Equal-Weight,2023-01-03,SBUX,0.016666666666666666,Consumer
Combined Equal-Weight,2023-01-03,SHW,0.016666666666666666,Materials
Combined Equal-Weight,2023-01-03,SLB,0.016666666666666666,Energy
Combined Equal-Weight,2023-01-03,SO,0.016666666666666666,Utilities
Combined Equal-Weight,2023-01-03,T,0.016666666666666666,Comm
Combined Equal-Weight,2023-01-03,TMUS,0.016666666666666666,Comm
Combined Equal-Weight,2023-01-03,TTWO,0.016666666666666666,Comm
Combined Equal-Weight,2023-01-03,UPS,0.016666666666666666,Industrials
Combined Equal-Weight,2023-01-03,USB,0.016666666666666666,Financials
Combined Equal-Weight,2023-01-03,V,0.016666666666666666,Financials
Combined Equal-Weight,2023-01-03,WFC,0.016666666666666666,Financials
Combined Equal-Weight,2023-01-03,WMT,0.016666666666666666,Consumer
Combined Equal-Weight,2023-01-03,XOM,0.016666666666666666,Energy
Combined Equal-Weight,2023-01-03,ADA-USD,0.016666666666666666,Crypto
Combined Equal-Weight,2023-01-03,BCH-USD,0.016666666666666666,Crypto
Combined Equal-Weight,2023-01-03,BTC-USD,0.016666666666666666,Crypto
Combined Equal-Weight,2023-01-03,EOS-USD,0.016666666666666666,Crypto
Combined Equal-Weight,2023-01-03,ETC-USD,0.016666666666666666,Crypto
Combined Equal-Weight,2023-01-03,ETH-USD,0.016666666666666666,Crypto
Combined Equal-Weight,2023-01-03,LTC-USD,0.016666666666666666,Crypto
Combined Equal-Weight,2023-01-03,TRX-USD,0.016666666666666666,Crypto
Combined Equal-Weight,2023-01-03,XLM-USD,0.016666666666666666,Crypto
Combined Equal-Weight,2023-01-03,XRP-USD,0.016666666666666666,Crypto
Combined Equal-Weight,2023-02-01,ABBV,0.016666666666666666,Healthcare
Combined Equal-Weight,2023-02-01,ABT,0.016666666666666666,Healthcare
Combined Equal-Weight,2023-02-01,ADBE,0.016666666666666666,Tech
Combined Equal-Weight,2023-02-01,AEP,0.016666666666666666,Utilities
Combined Equal-Weight,2023-02-01,AMD,0.016666666666666666,Tech
Combined Equal-Weight,2023-02-01,AMGN,0.016666666666666666,Healthcare
Combined Equal-Weight,2023-02-01,AMT,0.016666666666666666,RealEstate
Combined Equal-Weight,2023-02-01,BA,0.016666666666666666,Industrials
Combined Equal-Weight,2023-02-01,CAT,0.016666666666666666,Industrials
Combined Equal-Weight,2023-02-01,CCI,0.016666666666666666,RealEstate
Combined Equal-Weight,2023-02-01,CMCSA,0.016666666666666666,Comm
Combined Equal-Weight,2023-02-01,COP,0.016666666666666666,Energy
Combined Equal-Weight,2023-02-01,CVX,0.016666666666666666,Energy
Combined Equal-Weight,2023-02-01,D,0.016666666666666666,Utilities
Combined Equal-Weight,2023-02-01,DD,0.016666666666666666,Materials
Combined Equal-Weight,2023-02-01,DIS,0.016666666666666666,Consumer
Combined Equal-Weight,2023-02-01,DOW,0.016666666666666666,Materials
Combined Equal-Weight,2023-02-01,DUK,0.016666666666666666,Utilities
Combined Equal-Weight,2023-02-01,EA,0.016666666666666666,Comm
Combined Equal-Weight,2023-02-01,GE,0.016666666666666666,Industrials
Combined Equal-Weight,2023-02-01,GILD,0.016666666666666666,Healthcare
Combined Equal-Weight,2023-02-01,GS,0.016666666666666666,Financials
Combined Equal-Weight,2023-02-01,INTC,0.016666666666666666,Tech
Combined Equal-Weight,2023-02-01,KO,0.016666666666666666,Consumer
Combined Equal-Weight,2023-02-01,MMM,0.016666666666666666,Industrials
Combined Equal-Weight,2023-02-01,MRK,0.016666666666666666,Healthcare
Combined Equal-Weight,2023-02-01,MS,0.016666666666666666,Financials
Combined Equal-Weight,2023-02-01,NEE,0.016666666666666666,Utilities
Combined Equal-Weight,2023-02-01,NEM,0.016666666666666666,Materials
Combined Equal-Weight,2023-02-01,NKE,0.016666666666666666,Consumer
Combined Equal-Weight,2023-02-01,NUE,0.016666666666666666,Materials
Combined Equal-Weight,2023-02-01,NVDA,0.016666666666666666,Tech
Combined Equal-Weight,2023-02-01,O,0.016666666666666666,RealEstate
Combined Equal-Weight,2023-02-01,OXY,0.016666666666666666,Energy
Combined Equal-Weight,2023-02-01,PLD,0.016666666666666666,RealEstate
Combined Equal-Weight,2023-02-01,PSA,0.016666666666666666,RealEstate
Combined Equal-Weight,2023-02-01,QCOM,0.016666666666666666,Tech
Combined Equal-Weight,2023-02-01,SBUX,0.016666666666666666,Consumer
Combined Equal-Weight,2023-02-01,SHW,0.016666666666666666,Materials
Combined Equal-Weight,2023-02-01,SLB,0.016666666666666666,Energy
Combined Equal-Weight,2023-02-01,SO,0.016666666666666666,Utilities
Combined Equal-Weight,2023-02-01,T,0.016666666666666666,Comm
Combined Equal-Weight,2023-02-01,TMUS,0.016666666666666666,Comm
Combined Equal-Weight,2023-02-01,TTWO,0.016666666666666666,Comm
Combined Equal-Weight,2023-02-01,UPS,0.016666666666666666,Industrials
Combined Equal-Weight,2023-02-01,USB,0.016666666666666666,Financials
Combined Equal-Weight,2023-02-01,V,0.016666666666666666,Financials
Combined Equal-Weight,2023-02-01,WFC,0.016666666666666666,Financials
Combined Equal-Weight,2023-02-01,WMT,0.016666666666666666,Consumer
Combined Equal-Weight,2023-02-01,XOM,0.016666666666666666,Energy
Combined Equal-Weight,2023-02-01,ADA-USD,0.016666666666666666,Crypto
Combined Equal-Weight,2023-02-01,BCH-USD,0.016666666666666666,Crypto
Combined Equal-Weight,2023-02-01,BTC-USD,0.016666666666666666,Crypto
Combined Equal-Weight,2023-02-01,EOS-USD,0.016666666666666666,Crypto
Combined Equal-Weight,2023-02-01,ETC-USD,0.016666666666666666,Crypto
Combined Equal-Weight,2023-02-01,ETH-USD,0.016666666666666666,Crypto
Combined Equal-Weight,2023-02-01,LTC-USD,0.016666666666666666,Crypto
Combined Equal-Weight,2023-02-01,TRX-USD,0.016666666666666666,Crypto
Combined Equal-Weight,2023-02-01,XLM-USD,0.016666666666666666,Crypto
Combined Equal-Weight,2023-02-01,XRP-USD,0.016666666666666666,Crypto
Combined Equal-Weight,2023-03-01,ABBV,0.016666666666666666,Healthcare
Combined Equal-Weight,2023-03-01,ABT,0.016666666666666666,Healthcare
Combined Equal-Weight,2023-03-01,ADBE,0.016666666666666666,Tech
Combined Equal-Weight,2023-03-01,AEP,0.016666666666666666,Utilities
Combined Equal-Weight,2023-03-01,AMD,0.016666666666666666,Tech
Combined Equal-Weight,2023-03-01,AMGN,0.016666666666666666,Healthcare
Combined Equal-Weight,2023-03-01,AMT,0.016666666666666666,RealEstate
Combined Equal-Weight,2023-03-01,BA,0.016666666666666666,Industrials
Combined Equal-Weight,2023-03-01,CAT,0.016666666666666666,Industrials
Combined Equal-Weight,2023-03-01,CCI,0.016666666666666666,RealEstate
Combined Equal-Weight,2023-03-01,CMCSA,0.016666666666666666,Comm
Combined Equal-Weight,2023-03-01,COP,0.016666666666666666,Energy
Combined Equal-Weight,2023-03-01,CVX,0.016666666666666666,Energy
Combined Equal-Weight,2023-03-01,D,0.016666666666666666,Utilities
Combined Equal-Weight,2023-03-01,DD,0.016666666666666666,Materials
Combined Equal-Weight,2023-03-01,DIS,0.016666666666666666,Consumer
Combined Equal-Weight,2023-03-01,DOW,0.016666666666666666,Materials
Combined Equal-Weight,2023-03-01,DUK,0.016666666666666666,Utilities
Combined Equal-Weight,2023-03-01,EA,0.016666666666666666,Comm
Combined Equal-Weight,2023-03-01,GE,0.016666666666666666,Industrials
Combined Equal-Weight,2023-03-01,GILD,0.016666666666666666,Healthcare
Combined Equal-Weight,2023-03-01,GS,0.016666666666666666,Financials
Combined Equal-Weight,2023-03-01,INTC,0.016666666666666666,Tech
Combined Equal-Weight,2023-03-01,KO,0.016666666666666666,Consumer
Combined Equal-Weight,2023-03-01,MMM,0.016666666666666666,Industrials
Combined Equal-Weight,2023-03-01,MRK,0.016666666666666666,Healthcare
Combined Equal-Weight,2023-03-01,MS,0.016666666666666666,Financials
Combined Equal-Weight,2023-03-01,NEE,0.016666666666666666,Utilities
Combined Equal-Weight,2023-03-01,NEM,0.016666666666666666,Materials
Combined Equal-Weight,2023-03-01,NKE,0.016666666666666666,Consumer
Combined Equal-Weight,2023-03-01,NUE,0.016666666666666666,Materials
Combined Equal-Weight,2023-03-01,NVDA,0.016666666666666666,Tech
Combined Equal-Weight,2023-03-01,O,0.016666666666666666,RealEstate
Combined Equal-Weight,2023-03-01,OXY,0.016666666666666666,Energy
Combined Equal-Weight,2023-03-01,PLD,0.016666666666666666,RealEstate
Combined Equal-Weight,2023-03-01,PSA,0.016666666666666666,RealEstate
Combined Equal-Weight,2023-03-01,QCOM,0.016666666666666666,Tech
Combined Equal-Weight,2023-03-01,SBUX,0.016666666666666666,Consumer
Combined Equal-Weight,2023-03-01,SHW,0.016666666666666666,Materials
Combined Equal-Weight,2023-03-01,SLB,0.016666666666666666,Energy
Combined Equal-Weight,2023-03-01,SO,0.016666666666666666,Utilities
Combined Equal-Weight,2023-03-01,T,0.016666666666666666,Comm
Combined Equal-Weight,2023-03-01,TMUS,0.016666666666666666,Comm
Combined Equal-Weight,2023-03-01,TTWO,0.016666666666666666,Comm
Combined Equal-Weight,2023-03-01,UPS,0.016666666666666666,Industrials
Combined Equal-Weight,2023-03-01,USB,0.016666666666666666,Financials
Combined Equal-Weight,2023-03-01,V,0.016666666666666666,Financials
Combined Equal-Weight,2023-03-01,WFC,0.016666666666666666,Financials
Combined Equal-Weight,2023-03-01,WMT,0.016666666666666666,Consumer
Combined Equal-Weight,2023-03-01,XOM,0.016666666666666666,Energy
Combined Equal-Weight,2023-03-01,ADA-USD,0.016666666666666666,Crypto
Combined Equal-Weight,2023-03-01,BCH-USD,0.016666666666666666,Crypto
Combined Equal-Weight,2023-03-01,BTC-USD,0.016666666666666666,Crypto
Combined Equal-Weight,2023-03-01,EOS-USD,0.016666666666666666,Crypto
Combined Equal-Weight,2023-03-01,ETC-USD,0.016666666666666666,Crypto
Combined Equal-Weight,2023-03-01,ETH-USD,0.016666666666666666,Crypto
Combined Equal-Weight,2023-03-01,LTC-USD,0.016666666666666666,Crypto
Combined Equal-Weight,2023-03-01,TRX-USD,0.016666666666666666,Crypto
Combined Equal-Weight,2023-03-01,XLM-USD,0.016666666666666666,Crypto
Combined Equal-Weight,2023-03-01,XRP-USD,0.016666666666666666,Crypto
Combined Equal-Weight,2023-04-03,ABBV,0.016666666666666666,Healthcare
Combined Equal-Weight,2023-04-03,ABT,0.016666666666666666,Healthcare
Combined Equal-Weight,2023-04-03,ADBE,0.016666666666666666,Tech
Combined Equal-Weight,2023-04-03,AEP,0.016666666666666666,Utilities
Combined Equal-Weight,2023-04-03,AMD,0.016666666666666666,Tech
Combined Equal-Weight,2023-04-03,AMGN,0.016666666666666666,Healthcare
Combined Equal-Weight,2023-04-03,AMT,0.016666666666666666,RealEstate
Combined Equal-Weight,2023-04-03,BA,0.016666666666666666,Industrials
Combined Equal-Weight,2023-04-03,CAT,0.016666666666666666,Industrials
Combined Equal-Weight,2023-04-03,CCI,0.016666666666666666,RealEstate
Combined Equal-Weight,2023-04-03,CMCSA,0.016666666666666666,Comm
Combined Equal-Weight,2023-04-03,COP,0.016666666666666666,Energy
Combined Equal-Weight,2023-04-03,CVX,0.016666666666666666,Energy
Combined Equal-Weight,2023-04-03,D,0.016666666666666666,Utilities
Combined Equal-Weight,2023-04-03,DD,0.016666666666666666,Materials
Combined Equal-Weight,2023-04-03,DIS,0.016666666666666666,Consumer
Combined Equal-Weight,2023-04-03,DOW,0.016666666666666666,Materials
Combined Equal-Weight,2023-04-03,DUK,0.016666666666666666,Utilities
Combined Equal-Weight,2023-04-03,EA,0.016666666666666666,Comm
Combined Equal-Weight,2023-04-03,GE,0.016666666666666666,Industrials
Combined Equal-Weight,2023-04-03,GILD,0.016666666666666666,Healthcare
Combined Equal-Weight,2023-04-03,GS,0.016666666666666666,Financials
Combined Equal-Weight,2023-04-03,INTC,0.016666666666666666,Tech
Combined Equal-Weight,2023-04-03,KO,0.016666666666666666,Consumer
Combined Equal-Weight,2023-04-03,MMM,0.016666666666666666,Industrials
Combined Equal-Weight,2023-04-03,MRK,0.016666666666666666,Healthcare
Combined Equal-Weight,2023-04-03,MS,0.016666666666666666,Financials
Combined Equal-Weight,2023-04-03,NEE,0.016666666666666666,Utilities
Combined Equal-Weight,2023-04-03,NEM,0.016666666666666666,Materials
Combined Equal-Weight,2023-04-03,NKE,0.016666666666666666,Consumer
Combined Equal-Weight,2023-04-03,NUE,0.016666666666666666,Materials
Combined Equal-Weight,2023-04-03,NVDA,0.016666666666666666,Tech
Combined Equal-Weight,2023-04-03,O,0.016666666666666666,RealEstate
Combined Equal-Weight,2023-04-03,OXY,0.016666666666666666,Energy
Combined Equal-Weight,2023-04-03,PLD,0.016666666666666666,RealEstate
Combined Equal-Weight,2023-04-03,PSA,0.016666666666666666,RealEstate
Combined Equal-Weight,2023-04-03,QCOM,0.016666666666666666,Tech
Combined Equal-Weight,2023-04-03,SBUX,0.016666666666666666,Consumer
Combined Equal-Weight,2023-04-03,SHW,0.016666666666666666,Materials
Combined Equal-Weight,2023-04-03,SLB,0.016666666666666666,Energy
Combined Equal-Weight,2023-04-03,SO,0.016666666666666666,Utilities
Combined Equal-Weight,2023-04-03,T,0.016666666666666666,Comm
Combined Equal-Weight,2023-04-03,TMUS,0.016666666666666666,Comm
Combined Equal-Weight,2023-04-03,TTWO,0.016666666666666666,Comm
Combined Equal-Weight,2023-04-03,UPS,0.016666666666666666,Industrials
Combined Equal-Weight,2023-04-03,USB,0.016666666666666666,Financials
Combined Equal-Weight,2023-04-03,V,0.016666666666666666,Financials
Combined Equal-Weight,2023-04-03,WFC,0.016666666666666666,Financials
Combined Equal-Weight,2023-04-03,WMT,0.016666666666666666,Consumer
Combined Equal-Weight,2023-04-03,XOM,0.016666666666666666,Energy
Combined Equal-Weight,2023-04-03,ADA-USD,0.016666666666666666,Crypto
Combined Equal-Weight,2023-04-03,BCH-USD,0.016666666666666666,Crypto
Combined Equal-Weight,2023-04-03,BTC-USD,0.016666666666666666,Crypto
Combined Equal-Weight,2023-04-03,EOS-USD,0.016666666666666666,Crypto
Combined Equal-Weight,2023-04-03,ETC-USD,0.016666666666666666,Crypto
Combined Equal-Weight,2023-04-03,ETH-USD,0.016666666666666666,Crypto
Combined Equal-Weight,2023-04-03,LTC-USD,0.016666666666666666,Crypto
Combined Equal-Weight,2023-04-03,TRX-USD,0.016666666666666666,Crypto
Combined Equal-Weight,2023-04-03,XLM-USD,0.016666666666666666,Crypto
Combined Equal-Weight,2023-04-03,XRP-USD,0.016666666666666666,Crypto
Combined Equal-Weight,2023-05-01,ABBV,0.016666666666666666,Healthcare
Combined Equal-Weight,2023-05-01,ABT,0.016666666666666666,Healthcare
Combined Equal-Weight,2023-05-01,ADBE,0.016666666666666666,Tech
Combined Equal-Weight,2023-05-01,AEP,0.016666666666666666,Utilities
Combined Equal-Weight,2023-05-01,AMD,0.016666666666666666,Tech
Combined Equal-Weight,2023-05-01,AMGN,0.016666666666666666,Healthcare
Combined Equal-Weight,2023-05-01,AMT,0.016666666666666666,RealEstate
Combined Equal-Weight,2023-05-01,BA,0.016666666666666666,Industrials
Combined Equal-Weight,2023-05-01,CAT,0.016666666666666666,Industrials
Combined Equal-Weight,2023-05-01,CCI,0.016666666666666666,RealEstate
Combined Equal-Weight,2023-05-01,CMCSA,0.016666666666666666,Comm
Combined Equal-Weight,2023-05-01,COP,0.016666666666666666,Energy
Combined Equal-Weight,2023-05-01,CVX,0.016666666666666666,Energy
Combined Equal-Weight,2023-05-01,D,0.016666666666666666,Utilities
Combined Equal-Weight,2023-05-01,DD,0.016666666666666666,Materials
Combined Equal-Weight,2023-05-01,DIS,0.016666666666666666,Consumer
Combined Equal-Weight,2023-05-01,DOW,0.016666666666666666,Materials
Combined Equal-Weight,2023-05-01,DUK,0.016666666666666666,Utilities
Combined Equal-Weight,2023-05-01,EA,0.016666666666666666,Comm
Combined Equal-Weight,2023-05-01,GE,0.016666666666666666,Industrials
Combined Equal-Weight,2023-05-01,GILD,0.016666666666666666,Healthcare
Combined Equal-Weight,2023-05-01,GS,0.016666666666666666,Financials
Combined Equal-Weight,2023-05-01,INTC,0.016666666666666666,Tech
Combined Equal-Weight,2023-05-01,KO,0.016666666666666666,Consumer
Combined Equal-Weight,2023-05-01,MMM,0.016666666666666666,Industrials
Combined Equal-Weight,2023-05-01,MRK,0.016666666666666666,Healthcare
Combined Equal-Weight,2023-05-01,MS,0.016666666666666666,Financials
Combined Equal-Weight,2023-05-01,NEE,0.016666666666666666,Utilities
Combined Equal-Weight,2023-05-01,NEM,0.016666666666666666,Materials
Combined Equal-Weight,2023-05-01,NKE,0.016666666666666666,Consumer
Combined Equal-Weight,2023-05-01,NUE,0.016666666666666666,Materials
Combined Equal-Weight,2023-05-01,NVDA,0.016666666666666666,Tech
Combined Equal-Weight,2023-05-01,O,0.016666666666666666,RealEstate
Combined Equal-Weight,2023-05-01,OXY,0.016666666666666666,Energy
Combined Equal-Weight,2023-05-01,PLD,0.016666666666666666,RealEstate
Combined Equal-Weight,2023-05-01,PSA,0.016666666666666666,RealEstate
Combined Equal-Weight,2023-05-01,QCOM,0.016666666666666666,Tech
Combined Equal-Weight,2023-05-01,SBUX,0.016666666666666666,Consumer
Combined Equal-Weight,2023-05-01,SHW,0.016666666666666666,Materials
Combined Equal-Weight,2023-05-01,SLB,0.016666666666666666,Energy
Combined Equal-Weight,2023-05-01,SO,0.016666666666666666,Utilities
Combined Equal-Weight,2023-05-01,T,0.016666666666666666,Comm
Combined Equal-Weight,2023-05-01,TMUS,0.016666666666666666,Comm
Combined Equal-Weight,2023-05-01,TTWO,0.016666666666666666,Comm
Combined Equal-Weight,2023-05-01,UPS,0.016666666666666666,Industrials
Combined Equal-Weight,2023-05-01,USB,0.016666666666666666,Financials
Combined Equal-Weight,2023-05-01,V,0.016666666666666666,Financials
Combined Equal-Weight,2023-05-01,WFC,0.016666666666666666,Financials
Combined Equal-Weight,2023-05-01,WMT,0.016666666666666666,Consumer
Combined Equal-Weight,2023-05-01,XOM,0.016666666666666666,Energy
Combined Equal-Weight,2023-05-01,ADA-USD,0.016666666666666666,Crypto
Combined Equal-Weight,2023-05-01,BCH-USD,0.016666666666666666,Crypto
Combined Equal-Weight,2023-05-01,BTC-USD,0.016666666666666666,Crypto
Combined Equal-Weight,2023-05-01,EOS-USD,0.016666666666666666,Crypto
Combined Equal-Weight,2023-05-01,ETC-USD,0.016666666666666666,Crypto
Combined Equal-Weight,2023-05-01,ETH-USD,0.016666666666666666,Crypto
Combined Equal-Weight,2023-05-01,LTC-USD,0.016666666666666666,Crypto
Combined Equal-Weight,2023-05-01,TRX-USD,0.016666666666666666,Crypto
Combined Equal-Weight,2023-05-01,XLM-USD,0.016666666666666666,Crypto
Combined Equal-Weight,2023-05-01,XRP-USD,0.016666666666666666,Crypto
Combined Equal-Weight,2023-06-01,ABBV,0.016666666666666666,Healthcare
Combined Equal-Weight,2023-06-01,ABT,0.016666666666666666,Healthcare
Combined Equal-Weight,2023-06-01,ADBE,0.016666666666666666,Tech
Combined Equal-Weight,2023-06-01,AEP,0.016666666666666666,Utilities
Combined Equal-Weight,2023-06-01,AMD,0.016666666666666666,Tech
Combined Equal-Weight,2023-06-01,AMGN,0.016666666666666666,Healthcare
Combined Equal-Weight,2023-06-01,AMT,0.016666666666666666,RealEstate
Combined Equal-Weight,2023-06-01,BA,0.016666666666666666,Industrials
Combined Equal-Weight,2023-06-01,CAT,0.016666666666666666,Industrials
Combined Equal-Weight,2023-06-01,CCI,0.016666666666666666,RealEstate
Combined Equal-Weight,2023-06-01,CMCSA,0.016666666666666666,Comm
Combined Equal-Weight,2023-06-01,COP,0.016666666666666666,Energy
Combined Equal-Weight,2023-06-01,CVX,0.016666666666666666,Energy
Combined Equal-Weight,2023-06-01,D,0.016666666666666666,Utilities
Combined Equal-Weight,2023-06-01,DD,0.016666666666666666,Materials
Combined Equal-Weight,2023-06-01,DIS,0.016666666666666666,Consumer
Combined Equal-Weight,2023-06-01,DOW,0.016666666666666666,Materials
Combined Equal-Weight,2023-06-01,DUK,0.016666666666666666,Utilities
Combined Equal-Weight,2023-06-01,EA,0.016666666666666666,Comm
Combined Equal-Weight,2023-06-01,GE,0.016666666666666666,Industrials
Combined Equal-Weight,2023-06-01,GILD,0.016666666666666666,Healthcare
Combined Equal-Weight,2023-06-01,GS,0.016666666666666666,Financials
Combined Equal-Weight,2023-06-01,INTC,0.016666666666666666,Tech
Combined Equal-Weight,2023-06-01,KO,0.016666666666666666,Consumer
Combined Equal-Weight,2023-06-01,MMM,0.016666666666666666,Industrials
Combined Equal-Weight,2023-06-01,MRK,0.016666666666666666,Healthcare
Combined Equal-Weight,2023-06-01,MS,0.016666666666666666,Financials
Combined Equal-Weight,2023-06-01,NEE,0.016666666666666666,Utilities
Combined Equal-Weight,2023-06-01,NEM,0.016666666666666666,Materials
Combined Equal-Weight,2023-06-01,NKE,0.016666666666666666,Consumer
Combined Equal-Weight,2023-06-01,NUE,0.016666666666666666,Materials
Combined Equal-Weight,2023-06-01,NVDA,0.016666666666666666,Tech
Combined Equal-Weight,2023-06-01,O,0.016666666666666666,RealEstate
Combined Equal-Weight,2023-06-01,OXY,0.016666666666666666,Energy
Combined Equal-Weight,2023-06-01,PLD,0.016666666666666666,RealEstate
Combined Equal-Weight,2023-06-01,PSA,0.016666666666666666,RealEstate
Combined Equal-Weight,2023-06-01,QCOM,0.016666666666666666,Tech
Combined Equal-Weight,2023-06-01,SBUX,0.016666666666666666,Consumer
Combined Equal-Weight,2023-06-01,SHW,0.016666666666666666,Materials
Combined Equal-Weight,2023-06-01,SLB,0.016666666666666666,Energy
Combined Equal-Weight,2023-06-01,SO,0.016666666666666666,Utilities
Combined Equal-Weight,2023-06-01,T,0.016666666666666666,Comm
Combined Equal-Weight,2023-06-01,TMUS,0.016666666666666666,Comm
Combined Equal-Weight,2023-06-01,TTWO,0.016666666666666666,Comm
Combined Equal-Weight,2023-06-01,UPS,0.016666666666666666,Industrials
Combined Equal-Weight,2023-06-01,USB,0.016666666666666666,Financials
Combined Equal-Weight,2023-06-01,V,0.016666666666666666,Financials
Combined Equal-Weight,2023-06-01,WFC,0.016666666666666666,Financials
Combined Equal-Weight,2023-06-01,WMT,0.016666666666666666,Consumer
Combined Equal-Weight,2023-06-01,XOM,0.016666666666666666,Energy
Combined Equal-Weight,2023-06-01,ADA-USD,0.016666666666666666,Crypto
Combined Equal-Weight,2023-06-01,BCH-USD,0.016666666666666666,Crypto
Combined Equal-Weight,2023-06-01,BTC-USD,0.016666666666666666,Crypto
Combined Equal-Weight,2023-06-01,EOS-USD,0.016666666666666666,Crypto
Combined Equal-Weight,2023-06-01,ETC-USD,0.016666666666666666,Crypto
Combined Equal-Weight,2023-06-01,ETH-USD,0.016666666666666666,Crypto
Combined Equal-Weight,2023-06-01,LTC-USD,0.016666666666666666,Crypto
Combined Equal-Weight,2023-06-01,TRX-USD,0.016666666666666666,Crypto
Combined Equal-Weight,2023-06-01,XLM-USD,0.016666666666666666,Crypto
Combined Equal-Weight,2023-06-01,XRP-USD,0.016666666666666666,Crypto
Combined Equal-Weight,2023-07-03,ABBV,0.016666666666666666,Healthcare
Combined Equal-Weight,2023-07-03,ABT,0.016666666666666666,Healthcare
Combined Equal-Weight,2023-07-03,ADBE,0.016666666666666666,Tech
Combined Equal-Weight,2023-07-03,AEP,0.016666666666666666,Utilities
Combined Equal-Weight,2023-07-03,AMD,0.016666666666666666,Tech
Combined Equal-Weight,2023-07-03,AMGN,0.016666666666666666,Healthcare
Combined Equal-Weight,2023-07-03,AMT,0.016666666666666666,RealEstate
Combined Equal-Weight,2023-07-03,BA,0.016666666666666666,Industrials
Combined Equal-Weight,2023-07-03,CAT,0.016666666666666666,Industrials
Combined Equal-Weight,2023-07-03,CCI,0.016666666666666666,RealEstate
Combined Equal-Weight,2023-07-03,CMCSA,0.016666666666666666,Comm
Combined Equal-Weight,2023-07-03,COP,0.016666666666666666,Energy
Combined Equal-Weight,2023-07-03,CVX,0.016666666666666666,Energy
Combined Equal-Weight,2023-07-03,D,0.016666666666666666,Utilities
Combined Equal-Weight,2023-07-03,DD,0.016666666666666666,Materials
Combined Equal-Weight,2023-07-03,DIS,0.016666666666666666,Consumer
Combined Equal-Weight,2023-07-03,DOW,0.016666666666666666,Materials
Combined Equal-Weight,2023-07-03,DUK,0.016666666666666666,Utilities
Combined Equal-Weight,2023-07-03,EA,0.016666666666666666,Comm
Combined Equal-Weight,2023-07-03,GE,0.016666666666666666,Industrials
Combined Equal-Weight,2023-07-03,GILD,0.016666666666666666,Healthcare
Combined Equal-Weight,2023-07-03,GS,0.016666666666666666,Financials
Combined Equal-Weight,2023-07-03,INTC,0.016666666666666666,Tech
Combined Equal-Weight,2023-07-03,KO,0.016666666666666666,Consumer
Combined Equal-Weight,2023-07-03,MMM,0.016666666666666666,Industrials
Combined Equal-Weight,2023-07-03,MRK,0.016666666666666666,Healthcare
Combined Equal-Weight,2023-07-03,MS,0.016666666666666666,Financials
Combined Equal-Weight,2023-07-03,NEE,0.016666666666666666,Utilities
Combined Equal-Weight,2023-07-03,NEM,0.016666666666666666,Materials
Combined Equal-Weight,2023-07-03,NKE,0.016666666666666666,Consumer
Combined Equal-Weight,2023-07-03,NUE,0.016666666666666666,Materials
Combined Equal-Weight,2023-07-03,NVDA,0.016666666666666666,Tech
Combined Equal-Weight,2023-07-03,O,0.016666666666666666,RealEstate
Combined Equal-Weight,2023-07-03,OXY,0.016666666666666666,Energy
Combined Equal-Weight,2023-07-03,PLD,0.016666666666666666,RealEstate
Combined Equal-Weight,2023-07-03,PSA,0.016666666666666666,RealEstate
Combined Equal-Weight,2023-07-03,QCOM,0.016666666666666666,Tech
Combined Equal-Weight,2023-07-03,SBUX,0.016666666666666666,Consumer
Combined Equal-Weight,2023-07-03,SHW,0.016666666666666666,Materials
Combined Equal-Weight,2023-07-03,SLB,0.016666666666666666,Energy
Combined Equal-Weight,2023-07-03,SO,0.016666666666666666,Utilities
Combined Equal-Weight,2023-07-03,T,0.016666666666666666,Comm
Combined Equal-Weight,2023-07-03,TMUS,0.016666666666666666,Comm
Combined Equal-Weight,2023-07-03,TTWO,0.016666666666666666,Comm
Combined Equal-Weight,2023-07-03,UPS,0.016666666666666666,Industrials
Combined Equal-Weight,2023-07-03,USB,0.016666666666666666,Financials
Combined Equal-Weight,2023-07-03,V,0.016666666666666666,Financials
Combined Equal-Weight,2023-07-03,WFC,0.016666666666666666,Financials
Combined Equal-Weight,2023-07-03,WMT,0.016666666666666666,Consumer
Combined Equal-Weight,2023-07-03,XOM,0.016666666666666666,Energy
Combined Equal-Weight,2023-07-03,ADA-USD,0.016666666666666666,Crypto
Combined Equal-Weight,2023-07-03,BCH-USD,0.016666666666666666,Crypto
Combined Equal-Weight,2023-07-03,BTC-USD,0.016666666666666666,Crypto
Combined Equal-Weight,2023-07-03,EOS-USD,0.016666666666666666,Crypto
Combined Equal-Weight,2023-07-03,ETC-USD,0.016666666666666666,Crypto
Combined Equal-Weight,2023-07-03,ETH-USD,0.016666666666666666,Crypto
Combined Equal-Weight,2023-07-03,LTC-USD,0.016666666666666666,Crypto
Combined Equal-Weight,2023-07-03,TRX-USD,0.016666666666666666,Crypto
Combined Equal-Weight,2023-07-03,XLM-USD,0.016666666666666666,Crypto
Combined Equal-Weight,2023-07-03,XRP-USD,0.016666666666666666,Crypto
Combined Equal-Weight,2023-08-01,ABBV,0.016666666666666666,Healthcare
Combined Equal-Weight,2023-08-01,ABT,0.016666666666666666,Healthcare
Combined Equal-Weight,2023-08-01,ADBE,0.016666666666666666,Tech
Combined Equal-Weight,2023-08-01,AEP,0.016666666666666666,Utilities
Combined Equal-Weight,2023-08-01,AMD,0.016666666666666666,Tech
Combined Equal-Weight,2023-08-01,AMGN,0.016666666666666666,Healthcare
Combined Equal-Weight,2023-08-01,AMT,0.016666666666666666,RealEstate
Combined Equal-Weight,2023-08-01,BA,0.016666666666666666,Industrials
Combined Equal-Weight,2023-08-01,CAT,0.016666666666666666,Industrials
Combined Equal-Weight,2023-08-01,CCI,0.016666666666666666,RealEstate
Combined Equal-Weight,2023-08-01,CMCSA,0.016666666666666666,Comm
Combined Equal-Weight,2023-08-01,COP,0.016666666666666666,Energy
Combined Equal-Weight,2023-08-01,CVX,0.016666666666666666,Energy
Combined Equal-Weight,2023-08-01,D,0.016666666666666666,Utilities
Combined Equal-Weight,2023-08-01,DD,0.016666666666666666,Materials
Combined Equal-Weight,2023-08-01,DIS,0.016666666666666666,Consumer
Combined Equal-Weight,2023-08-01,DOW,0.016666666666666666,Materials
Combined Equal-Weight,2023-08-01,DUK,0.016666666666666666,Utilities
Combined Equal-Weight,2023-08-01,EA,0.016666666666666666,Comm
Combined Equal-Weight,2023-08-01,GE,0.016666666666666666,Industrials
Combined Equal-Weight,2023-08-01,GILD,0.016666666666666666,Healthcare
Combined Equal-Weight,2023-08-01,GS,0.016666666666666666,Financials
Combined Equal-Weight,2023-08-01,INTC,0.016666666666666666,Tech
Combined Equal-Weight,2023-08-01,KO,0.016666666666666666,Consumer
Combined Equal-Weight,2023-08-01,MMM,0.016666666666666666,Industrials
Combined Equal-Weight,2023-08-01,MRK,0.016666666666666666,Healthcare
Combined Equal-Weight,2023-08-01,MS,0.016666666666666666,Financials
Combined Equal-Weight,2023-08-01,NEE,0.016666666666666666,Utilities
Combined Equal-Weight,2023-08-01,NEM,0.016666666666666666,Materials
Combined Equal-Weight,2023-08-01,NKE,0.016666666666666666,Consumer
Combined Equal-Weight,2023-08-01,NUE,0.016666666666666666,Materials
Combined Equal-Weight,2023-08-01,NVDA,0.016666666666666666,Tech
Combined Equal-Weight,2023-08-01,O,0.016666666666666666,RealEstate
Combined Equal-Weight,2023-08-01,OXY,0.016666666666666666,Energy
Combined Equal-Weight,2023-08-01,PLD,0.016666666666666666,RealEstate
Combined Equal-Weight,2023-08-01,PSA,0.016666666666666666,RealEstate
Combined Equal-Weight,2023-08-01,QCOM,0.016666666666666666,Tech
Combined Equal-Weight,2023-08-01,SBUX,0.016666666666666666,Consumer
Combined Equal-Weight,2023-08-01,SHW,0.016666666666666666,Materials
Combined Equal-Weight,2023-08-01,SLB,0.016666666666666666,Energy
Combined Equal-Weight,2023-08-01,SO,0.016666666666666666,Utilities
Combined Equal-Weight,2023-08-01,T,0.016666666666666666,Comm
Combined Equal-Weight,2023-08-01,TMUS,0.016666666666666666,Comm
Combined Equal-Weight,2023-08-01,TTWO,0.016666666666666666,Comm
Combined Equal-Weight,2023-08-01,UPS,0.016666666666666666,Industrials
Combined Equal-Weight,2023-08-01,USB,0.016666666666666666,Financials
Combined Equal-Weight,2023-08-01,V,0.016666666666666666,Financials
Combined Equal-Weight,2023-08-01,WFC,0.016666666666666666,Financials
Combined Equal-Weight,2023-08-01,WMT,0.016666666666666666,Consumer
Combined Equal-Weight,2023-08-01,XOM,0.016666666666666666,Energy
Combined Equal-Weight,2023-08-01,ADA-USD,0.016666666666666666,Crypto
Combined Equal-Weight,2023-08-01,BCH-USD,0.016666666666666666,Crypto
Combined Equal-Weight,2023-08-01,BTC-USD,0.016666666666666666,Crypto
Combined Equal-Weight,2023-08-01,EOS-USD,0.016666666666666666,Crypto
Combined Equal-Weight,2023-08-01,ETC-USD,0.016666666666666666,Crypto
Combined Equal-Weight,2023-08-01,ETH-USD,0.016666666666666666,Crypto
Combined Equal-Weight,2023-08-01,LTC-USD,0.016666666666666666,Crypto
Combined Equal-Weight,2023-08-01,TRX-USD,0.016666666666666666,Crypto
Combined Equal-Weight,2023-08-01,XLM-USD,0.016666666666666666,Crypto
Combined Equal-Weight,2023-08-01,XRP-USD,0.016666666666666666,Crypto
Combined Equal-Weight,2023-09-01,ABBV,0.016666666666666666,Healthcare
Combined Equal-Weight,2023-09-01,ABT,0.016666666666666666,Healthcare
Combined Equal-Weight,2023-09-01,ADBE,0.016666666666666666,Tech
Combined Equal-Weight,2023-09-01,AEP,0.016666666666666666,Utilities
Combined Equal-Weight,2023-09-01,AMD,0.016666666666666666,Tech
Combined Equal-Weight,2023-09-01,AMGN,0.016666666666666666,Healthcare
Combined Equal-Weight,2023-09-01,AMT,0.016666666666666666,RealEstate
Combined Equal-Weight,2023-09-01,BA,0.016666666666666666,Industrials
Combined Equal-Weight,2023-09-01,CAT,0.016666666666666666,Industrials
Combined Equal-Weight,2023-09-01,CCI,0.016666666666666666,RealEstate
Combined Equal-Weight,2023-09-01,CMCSA,0.016666666666666666,Comm
Combined Equal-Weight,2023-09-01,COP,0.016666666666666666,Energy
Combined Equal-Weight,2023-09-01,CVX,0.016666666666666666,Energy
Combined Equal-Weight,2023-09-01,D,0.016666666666666666,Utilities
Combined Equal-Weight,2023-09-01,DD,0.016666666666666666,Materials
Combined Equal-Weight,2023-09-01,DIS,0.016666666666666666,Consumer
Combined Equal-Weight,2023-09-01,DOW,0.016666666666666666,Materials
Combined Equal-Weight,2023-09-01,DUK,0.016666666666666666,Utilities
Combined Equal-Weight,2023-09-01,EA,0.016666666666666666,Comm
Combined Equal-Weight,2023-09-01,GE,0.016666666666666666,Industrials
Combined Equal-Weight,2023-09-01,GILD,0.016666666666666666,Healthcare
Combined Equal-Weight,2023-09-01,GS,0.016666666666666666,Financials
Combined Equal-Weight,2023-09-01,INTC,0.016666666666666666,Tech
Combined Equal-Weight,2023-09-01,KO,0.016666666666666666,Consumer
Combined Equal-Weight,2023-09-01,MMM,0.016666666666666666,Industrials
Combined Equal-Weight,2023-09-01,MRK,0.016666666666666666,Healthcare
Combined Equal-Weight,2023-09-01,MS,0.016666666666666666,Financials
Combined Equal-Weight,2023-09-01,NEE,0.016666666666666666,Utilities
Combined Equal-Weight,2023-09-01,NEM,0.016666666666666666,Materials
Combined Equal-Weight,2023-09-01,NKE,0.016666666666666666,Consumer
Combined Equal-Weight,2023-09-01,NUE,0.016666666666666666,Materials
Combined Equal-Weight,2023-09-01,NVDA,0.016666666666666666,Tech
Combined Equal-Weight,2023-09-01,O,0.016666666666666666,RealEstate
Combined Equal-Weight,2023-09-01,OXY,0.016666666666666666,Energy
Combined Equal-Weight,2023-09-01,PLD,0.016666666666666666,RealEstate
Combined Equal-Weight,2023-09-01,PSA,0.016666666666666666,RealEstate
Combined Equal-Weight,2023-09-01,QCOM,0.016666666666666666,Tech
Combined Equal-Weight,2023-09-01,SBUX,0.016666666666666666,Consumer
Combined Equal-Weight,2023-09-01,SHW,0.016666666666666666,Materials
Combined Equal-Weight,2023-09-01,SLB,0.016666666666666666,Energy
Combined Equal-Weight,2023-09-01,SO,0.016666666666666666,Utilities
Combined Equal-Weight,2023-09-01,T,0.016666666666666666,Comm
Combined Equal-Weight,2023-09-01,TMUS,0.016666666666666666,Comm
Combined Equal-Weight,2023-09-01,TTWO,0.016666666666666666,Comm
Combined Equal-Weight,2023-09-01,UPS,0.016666666666666666,Industrials
Combined Equal-Weight,2023-09-01,USB,0.016666666666666666,Financials
Combined Equal-Weight,2023-09-01,V,0.016666666666666666,Financials
Combined Equal-Weight,2023-09-01,WFC,0.016666666666666666,Financials
Combined Equal-Weight,2023-09-01,WMT,0.016666666666666666,Consumer
Combined Equal-Weight,2023-09-01,XOM,0.016666666666666666,Energy
Combined Equal-Weight,2023-09-01,ADA-USD,0.016666666666666666,Crypto
Combined Equal-Weight,2023-09-01,BCH-USD,0.016666666666666666,Crypto
Combined Equal-Weight,2023-09-01,BTC-USD,0.016666666666666666,Crypto
Combined Equal-Weight,2023-09-01,EOS-USD,0.016666666666666666,Crypto
Combined Equal-Weight,2023-09-01,ETC-USD,0.016666666666666666,Crypto
Combined Equal-Weight,2023-09-01,ETH-USD,0.016666666666666666,Crypto
Combined Equal-Weight,2023-09-01,LTC-USD,0.016666666666666666,Crypto
Combined Equal-Weight,2023-09-01,TRX-USD,0.016666666666666666,Crypto
Combined Equal-Weight,2023-09-01,XLM-USD,0.016666666666666666,Crypto
Combined Equal-Weight,2023-09-01,XRP-USD,0.016666666666666666,Crypto
Combined Equal-Weight,2023-10-02,ABBV,0.016666666666666666,Healthcare
Combined Equal-Weight,2023-10-02,ABT,0.016666666666666666,Healthcare
Combined Equal-Weight,2023-10-02,ADBE,0.016666666666666666,Tech
Combined Equal-Weight,2023-10-02,AEP,0.016666666666666666,Utilities
Combined Equal-Weight,2023-10-02,AMD,0.016666666666666666,Tech
Combined Equal-Weight,2023-10-02,AMGN,0.016666666666666666,Healthcare
Combined Equal-Weight,2023-10-02,AMT,0.016666666666666666,RealEstate
Combined Equal-Weight,2023-10-02,BA,0.016666666666666666,Industrials
Combined Equal-Weight,2023-10-02,CAT,0.016666666666666666,Industrials
Combined Equal-Weight,2023-10-02,CCI,0.016666666666666666,RealEstate
Combined Equal-Weight,2023-10-02,CMCSA,0.016666666666666666,Comm
Combined Equal-Weight,2023-10-02,COP,0.016666666666666666,Energy
Combined Equal-Weight,2023-10-02,CVX,0.016666666666666666,Energy
Combined Equal-Weight,2023-10-02,D,0.016666666666666666,Utilities
Combined Equal-Weight,2023-10-02,DD,0.016666666666666666,Materials
Combined Equal-Weight,2023-10-02,DIS,0.016666666666666666,Consumer
Combined Equal-Weight,2023-10-02,DOW,0.016666666666666666,Materials
Combined Equal-Weight,2023-10-02,DUK,0.016666666666666666,Utilities
Combined Equal-Weight,2023-10-02,EA,0.016666666666666666,Comm
Combined Equal-Weight,2023-10-02,GE,0.016666666666666666,Industrials
Combined Equal-Weight,2023-10-02,GILD,0.016666666666666666,Healthcare
Combined Equal-Weight,2023-10-02,GS,0.016666666666666666,Financials
Combined Equal-Weight,2023-10-02,INTC,0.016666666666666666,Tech
Combined Equal-Weight,2023-10-02,KO,0.016666666666666666,Consumer
Combined Equal-Weight,2023-10-02,MMM,0.016666666666666666,Industrials
Combined Equal-Weight,2023-10-02,MRK,0.016666666666666666,Healthcare
Combined Equal-Weight,2023-10-02,MS,0.016666666666666666,Financials
Combined Equal-Weight,2023-10-02,NEE,0.016666666666666666,Utilities
Combined Equal-Weight,2023-10-02,NEM,0.016666666666666666,Materials
Combined Equal-Weight,2023-10-02,NKE,0.016666666666666666,Consumer
Combined Equal-Weight,2023-10-02,NUE,0.016666666666666666,Materials
Combined Equal-Weight,2023-10-02,NVDA,0.016666666666666666,Tech
Combined Equal-Weight,2023-10-02,O,0.016666666666666666,RealEstate
Combined Equal-Weight,2023-10-02,OXY,0.016666666666666666,Energy
Combined Equal-Weight,2023-10-02,PLD,0.016666666666666666,RealEstate
Combined Equal-Weight,2023-10-02,PSA,0.016666666666666666,RealEstate
Combined Equal-Weight,2023-10-02,QCOM,0.016666666666666666,Tech
Combined Equal-Weight,2023-10-02,SBUX,0.016666666666666666,Consumer
Combined Equal-Weight,2023-10-02,SHW,0.016666666666666666,Materials
Combined Equal-Weight,2023-10-02,SLB,0.016666666666666666,Energy
Combined Equal-Weight,2023-10-02,SO,0.016666666666666666,Utilities
Combined Equal-Weight,2023-10-02,T,0.016666666666666666,Comm
Combined Equal-Weight,2023-10-02,TMUS,0.016666666666666666,Comm
Combined Equal-Weight,2023-10-02,TTWO,0.016666666666666666,Comm
Combined Equal-Weight,2023-10-02,UPS,0.016666666666666666,Industrials
Combined Equal-Weight,2023-10-02,USB,0.016666666666666666,Financials
Combined Equal-Weight,2023-10-02,V,0.016666666666666666,Financials
Combined Equal-Weight,2023-10-02,WFC,0.016666666666666666,Financials
Combined Equal-Weight,2023-10-02,WMT,0.016666666666666666,Consumer
Combined Equal-Weight,2023-10-02,XOM,0.016666666666666666,Energy
Combined Equal-Weight,2023-10-02,ADA-USD,0.016666666666666666,Crypto
Combined Equal-Weight,2023-10-02,BCH-USD,0.016666666666666666,Crypto
Combined Equal-Weight,2023-10-02,BTC-USD,0.016666666666666666,Crypto
Combined Equal-Weight,2023-10-02,EOS-USD,0.016666666666666666,Crypto
Combined Equal-Weight,2023-10-02,ETC-USD,0.016666666666666666,Crypto
Combined Equal-Weight,2023-10-02,ETH-USD,0.016666666666666666,Crypto
Combined Equal-Weight,2023-10-02,LTC-USD,0.016666666666666666,Crypto
Combined Equal-Weight,2023-10-02,TRX-USD,0.016666666666666666,Crypto
Combined Equal-Weight,2023-10-02,XLM-USD,0.016666666666666666,Crypto
Combined Equal-Weight,2023-10-02,XRP-USD,0.016666666666666666,Crypto
Combined Equal-Weight,2023-11-01,ABBV,0.016666666666666666,Healthcare
Combined Equal-Weight,2023-11-01,ABT,0.016666666666666666,Healthcare
Combined Equal-Weight,2023-11-01,ADBE,0.016666666666666666,Tech
Combined Equal-Weight,2023-11-01,AEP,0.016666666666666666,Utilities
Combined Equal-Weight,2023-11-01,AMD,0.016666666666666666,Tech
Combined Equal-Weight,2023-11-01,AMGN,0.016666666666666666,Healthcare
Combined Equal-Weight,2023-11-01,AMT,0.016666666666666666,RealEstate
Combined Equal-Weight,2023-11-01,BA,0.016666666666666666,Industrials
Combined Equal-Weight,2023-11-01,CAT,0.016666666666666666,Industrials
Combined Equal-Weight,2023-11-01,CCI,0.016666666666666666,RealEstate
Combined Equal-Weight,2023-11-01,CMCSA,0.016666666666666666,Comm
Combined Equal-Weight,2023-11-01,COP,0.016666666666666666,Energy
Combined Equal-Weight,2023-11-01,CVX,0.016666666666666666,Energy
Combined Equal-Weight,2023-11-01,D,0.016666666666666666,Utilities
Combined Equal-Weight,2023-11-01,DD,0.016666666666666666,Materials
Combined Equal-Weight,2023-11-01,DIS,0.016666666666666666,Consumer
Combined Equal-Weight,2023-11-01,DOW,0.016666666666666666,Materials
Combined Equal-Weight,2023-11-01,DUK,0.016666666666666666,Utilities
Combined Equal-Weight,2023-11-01,EA,0.016666666666666666,Comm
Combined Equal-Weight,2023-11-01,GE,0.016666666666666666,Industrials
Combined Equal-Weight,2023-11-01,GILD,0.016666666666666666,Healthcare
Combined Equal-Weight,2023-11-01,GS,0.016666666666666666,Financials
Combined Equal-Weight,2023-11-01,INTC,0.016666666666666666,Tech
Combined Equal-Weight,2023-11-01,KO,0.016666666666666666,Consumer
Combined Equal-Weight,2023-11-01,MMM,0.016666666666666666,Industrials
Combined Equal-Weight,2023-11-01,MRK,0.016666666666666666,Healthcare
Combined Equal-Weight,2023-11-01,MS,0.016666666666666666,Financials
Combined Equal-Weight,2023-11-01,NEE,0.016666666666666666,Utilities
Combined Equal-Weight,2023-11-01,NEM,0.016666666666666666,Materials
Combined Equal-Weight,2023-11-01,NKE,0.016666666666666666,Consumer
Combined Equal-Weight,2023-11-01,NUE,0.016666666666666666,Materials
Combined Equal-Weight,2023-11-01,NVDA,0.016666666666666666,Tech
Combined Equal-Weight,2023-11-01,O,0.016666666666666666,RealEstate
Combined Equal-Weight,2023-11-01,OXY,0.016666666666666666,Energy
Combined Equal-Weight,2023-11-01,PLD,0.016666666666666666,RealEstate
Combined Equal-Weight,2023-11-01,PSA,0.016666666666666666,RealEstate
Combined Equal-Weight,2023-11-01,QCOM,0.016666666666666666,Tech
Combined Equal-Weight,2023-11-01,SBUX,0.016666666666666666,Consumer
Combined Equal-Weight,2023-11-01,SHW,0.016666666666666666,Materials
Combined Equal-Weight,2023-11-01,SLB,0.016666666666666666,Energy
Combined Equal-Weight,2023-11-01,SO,0.016666666666666666,Utilities
Combined Equal-Weight,2023-11-01,T,0.016666666666666666,Comm
Combined Equal-Weight,2023-11-01,TMUS,0.016666666666666666,Comm
Combined Equal-Weight,2023-11-01,TTWO,0.016666666666666666,Comm
Combined Equal-Weight,2023-11-01,UPS,0.016666666666666666,Industrials
Combined Equal-Weight,2023-11-01,USB,0.016666666666666666,Financials
Combined Equal-Weight,2023-11-01,V,0.016666666666666666,Financials
Combined Equal-Weight,2023-11-01,WFC,0.016666666666666666,Financials
Combined Equal-Weight,2023-11-01,WMT,0.016666666666666666,Consumer
Combined Equal-Weight,2023-11-01,XOM,0.016666666666666666,Energy
Combined Equal-Weight,2023-11-01,ADA-USD,0.016666666666666666,Crypto
Combined Equal-Weight,2023-11-01,BCH-USD,0.016666666666666666,Crypto
Combined Equal-Weight,2023-11-01,BTC-USD,0.016666666666666666,Crypto
Combined Equal-Weight,2023-11-01,EOS-USD,0.016666666666666666,Crypto
Combined Equal-Weight,2023-11-01,ETC-USD,0.016666666666666666,Crypto
Combined Equal-Weight,2023-11-01,ETH-USD,0.016666666666666666,Crypto
Combined Equal-Weight,2023-11-01,LTC-USD,0.016666666666666666,Crypto
Combined Equal-Weight,2023-11-01,TRX-USD,0.016666666666666666,Crypto
Combined Equal-Weight,2023-11-01,XLM-USD,0.016666666666666666,Crypto
Combined Equal-Weight,2023-11-01,XRP-USD,0.016666666666666666,Crypto
Combined Equal-Weight,2023-12-01,ABBV,0.016666666666666666,Healthcare
Combined Equal-Weight,2023-12-01,ABT,0.016666666666666666,Healthcare
Combined Equal-Weight,2023-12-01,ADBE,0.016666666666666666,Tech
Combined Equal-Weight,2023-12-01,AEP,0.016666666666666666,Utilities
Combined Equal-Weight,2023-12-01,AMD,0.016666666666666666,Tech
Combined Equal-Weight,2023-12-01,AMGN,0.016666666666666666,Healthcare
Combined Equal-Weight,2023-12-01,AMT,0.016666666666666666,RealEstate
Combined Equal-Weight,2023-12-01,BA,0.016666666666666666,Industrials
Combined Equal-Weight,2023-12-01,CAT,0.016666666666666666,Industrials
Combined Equal-Weight,2023-12-01,CCI,0.016666666666666666,RealEstate
Combined Equal-Weight,2023-12-01,CMCSA,0.016666666666666666,Comm
Combined Equal-Weight,2023-12-01,COP,0.016666666666666666,Energy
Combined Equal-Weight,2023-12-01,CVX,0.016666666666666666,Energy
Combined Equal-Weight,2023-12-01,D,0.016666666666666666,Utilities
Combined Equal-Weight,2023-12-01,DD,0.016666666666666666,Materials
Combined Equal-Weight,2023-12-01,DIS,0.016666666666666666,Consumer
Combined Equal-Weight,2023-12-01,DOW,0.016666666666666666,Materials
Combined Equal-Weight,2023-12-01,DUK,0.016666666666666666,Utilities
Combined Equal-Weight,2023-12-01,EA,0.016666666666666666,Comm
Combined Equal-Weight,2023-12-01,GE,0.016666666666666666,Industrials
Combined Equal-Weight,2023-12-01,GILD,0.016666666666666666,Healthcare
Combined Equal-Weight,2023-12-01,GS,0.016666666666666666,Financials
Combined Equal-Weight,2023-12-01,INTC,0.016666666666666666,Tech
Combined Equal-Weight,2023-12-01,KO,0.016666666666666666,Consumer
Combined Equal-Weight,2023-12-01,MMM,0.016666666666666666,Industrials
Combined Equal-Weight,2023-12-01,MRK,0.016666666666666666,Healthcare
Combined Equal-Weight,2023-12-01,MS,0.016666666666666666,Financials
Combined Equal-Weight,2023-12-01,NEE,0.016666666666666666,Utilities
Combined Equal-Weight,2023-12-01,NEM,0.016666666666666666,Materials
Combined Equal-Weight,2023-12-01,NKE,0.016666666666666666,Consumer
Combined Equal-Weight,2023-12-01,NUE,0.016666666666666666,Materials
Combined Equal-Weight,2023-12-01,NVDA,0.016666666666666666,Tech
Combined Equal-Weight,2023-12-01,O,0.016666666666666666,RealEstate
Combined Equal-Weight,2023-12-01,OXY,0.016666666666666666,Energy
Combined Equal-Weight,2023-12-01,PLD,0.016666666666666666,RealEstate
Combined Equal-Weight,2023-12-01,PSA,0.016666666666666666,RealEstate
Combined Equal-Weight,2023-12-01,QCOM,0.016666666666666666,Tech
Combined Equal-Weight,2023-12-01,SBUX,0.016666666666666666,Consumer
Combined Equal-Weight,2023-12-01,SHW,0.016666666666666666,Materials
Combined Equal-Weight,2023-12-01,SLB,0.016666666666666666,Energy
Combined Equal-Weight,2023-12-01,SO,0.016666666666666666,Utilities
Combined Equal-Weight,2023-12-01,T,0.016666666666666666,Comm
Combined Equal-Weight,2023-12-01,TMUS,0.016666666666666666,Comm
Combined Equal-Weight,2023-12-01,TTWO,0.016666666666666666,Comm
Combined Equal-Weight,2023-12-01,UPS,0.016666666666666666,Industrials
Combined Equal-Weight,2023-12-01,USB,0.016666666666666666,Financials
Combined Equal-Weight,2023-12-01,V,0.016666666666666666,Financials
Combined Equal-Weight,2023-12-01,WFC,0.016666666666666666,Financials
Combined Equal-Weight,2023-12-01,WMT,0.016666666666666666,Consumer
Combined Equal-Weight,2023-12-01,XOM,0.016666666666666666,Energy
Combined Equal-Weight,2023-12-01,ADA-USD,0.016666666666666666,Crypto
Combined Equal-Weight,2023-12-01,BCH-USD,0.016666666666666666,Crypto
Combined Equal-Weight,2023-12-01,BTC-USD,0.016666666666666666,Crypto
Combined Equal-Weight,2023-12-01,EOS-USD,0.016666666666666666,Crypto
Combined Equal-Weight,2023-12-01,ETC-USD,0.016666666666666666,Crypto
Combined Equal-Weight,2023-12-01,ETH-USD,0.016666666666666666,Crypto
Combined Equal-Weight,2023-12-01,LTC-USD,0.016666666666666666,Crypto
Combined Equal-Weight,2023-12-01,TRX-USD,0.016666666666666666,Crypto
Combined Equal-Weight,2023-12-01,XLM-USD,0.016666666666666666,Crypto
Combined Equal-Weight,2023-12-01,XRP-USD,0.016666666666666666,Crypto
Combined Minimum-Variance,2021-01-04,ABBV,0.1631233572541625,Healthcare
Combined Minimum-Variance,2021-01-04,EA,0.07298059301077435,Comm
Combined Minimum-Variance,2021-01-04,GILD,0.12747911616016808,Healthcare
Combined Minimum-Variance,2021-01-04,MMM,0.07763885767884403,Industrials
Combined Minimum-Variance,2021-01-04,MRK,0.05769355103289309,Healthcare
Combined Minimum-Variance,2021-01-04,NEM,0.1370931209522947,Materials
Combined Minimum-Variance,2021-01-04,NKE,0.0051047996216584,Consumer
Combined Minimum-Variance,2021-01-04,PSA,0.07628025900288336,RealEstate
Combined Minimum-Variance,2021-01-04,TTWO,0.03747393870641828,Comm
Combined Minimum-Variance,2021-01-04,UPS,0.014081865081229075,Industrials
Combined Minimum-Variance,2021-01-04,WMT,0.2310505414986734,Consumer
Combined Minimum-Variance,2021-02-01,ABBV,0.14909394322146666,Healthcare
Combined Minimum-Variance,2021-02-01,EA,0.08637914179793672,Comm
Combined Minimum-Variance,2021-02-01,GILD,0.12023786965944007,Healthcare
Combined Minimum-Variance,2021-02-01,MMM,0.10034883769960962,Industrials
Combined Minimum-Variance,2021-02-01,MRK,0.06687137695199497,Healthcare
Combined Minimum-Variance,2021-02-01,NEM,0.12818849670542395,Materials
Combined Minimum-Variance,2021-02-01,PSA,0.08162199128613028,RealEstate
Combined Minimum-Variance,2021-02-01,TTWO,0.031926230897410215,Comm
Combined Minimum-Variance,2021-02-01,UPS,0.007304243622447067,Industrials
Combined Minimum-Variance,2021-02-01,WMT,0.22802786815814002,Consumer
Combined Minimum-Variance,2021-03-01,ABBV,0.18050816116829801,Healthcare
Combined Minimum-Variance,2021-03-01,EA,0.09346646411390278,Comm
Combined Minimum-Variance,2021-03-01,GILD,0.13209239626874936,Healthcare
Combined Minimum-Variance,2021-03-01,MMM,0.07757815056094138,Industrials
Combined Minimum-Variance,2021-03-01,MRK,0.021914652985831607,Healthcare
Combined Minimum-Variance,2021-03-01,NEM,0.13212397338045698,Materials
Combined Minimum-Variance,2021-03-01,PSA,0.11707992589058648,RealEstate
Combined Minimum-Variance,2021-03-01,TTWO,0.014456505497407622,Comm
Combined Minimum-Variance,2021-03-01,UPS,0.021119389405853492,Industrials
Combined Minimum-Variance,2021-03-01,WMT,0.20966038072797175,Consumer
Combined Minimum-Variance,2021-04-01,ABBV,0.1126889476510635,Healthcare
Combined Minimum-Variance,2021-04-01,D,0.06084775801594792,Utilities
Combined Minimum-Variance,2021-04-01,DIS,0.0036724180953738453,Consumer
Combined Minimum-Variance,2021-04-01,EA,0.0911629310964686,Comm
Combined Minimum-Variance,2021-04-01,GILD,0.05369646033933155,Healthcare
Combined Minimum-Variance,2021-04-01,MMM,0.10685116379769201,Industrials
Combined Minimum-Variance,2021-04-01,MRK,0.04309997891193405,Healthcare
Combined Minimum-Variance,2021-04-01,PSA,0.12089481875319621,RealEstate
Combined Minimum-Variance,2021-04-01,T,0.09234162123495876,Comm
Combined Minimum-Variance,2021-04-01,TTWO,0.07281854417966092,Comm
Combined Minimum-Variance,2021-04-01,WMT,0.22712722492343898,Consumer
Combined Minimum-Variance,2021-04-01,BTC-USD,0.0028990934091092484,Crypto
Combined Minimum-Variance,2021-04-01,TRX-USD,0.011899039591824142,Crypto
Combined Minimum-Variance,2021-05-03,ABBV,0.089679056448947,Healthcare
Combined Minimum-Variance,2021-05-03,AEP,0.05857538814033897,Utilities
Combined Minimum-Variance,2021-05-03,D,0.08439254794474714,Utilities
Combined Minimum-Variance,2021-05-03,DUK,0.009007148153003746,Utilities
Combined Minimum-Variance,2021-05-03,EA,0.06372784582078876,Comm
Combined Minimum-Variance,2021-05-03,GILD,0.043782397009871195,Healthcare
Combined Minimum-Variance,2021-05-03,MMM,0.07392800148359281,Industrials
Combined Minimum-Variance,2021-05-03,MRK,0.10255929448730558,Healthcare
Combined Minimum-Variance,2021-05-03,NKE,0.023955343782858393,Consumer
Combined Minimum-Variance,2021-05-03,PSA,0.061573127528281806,RealEstate
Combined Minimum-Variance,2021-05-03,T,0.11500153412760464,Comm
Combined Minimum-Variance,2021-05-03,TTWO,0.05848278375420467,Comm
Combined Minimum-Variance,2021-05-03,WMT,0.19988894973224114,Consumer
Combined Minimum-Variance,2021-05-03,BTC-USD,0.0055716817282026685,Crypto
Combined Minimum-Variance,2021-05-03,TRX-USD,0.009874899858011429,Crypto
Combined Minimum-Variance,2021-06-01,ABBV,0.04967779761584215,Healthcare
Combined Minimum-Variance,2021-06-01,AEP,0.09202739242950031,Utilities
Combined Minimum-Variance,2021-06-01,D,0.052575690728299776,Utilities
Combined Minimum-Variance,2021-06-01,DIS,0.009073175616856503,Consumer
Combined Minimum-Variance,2021-06-01,DUK,0.010272430810345545,Utilities
Combined Minimum-Variance,2021-06-01,EA,0.061490070551968146,Comm
Combined Minimum-Variance,2021-06-01,GILD,0.05832034467536751,Healthcare
Combined Minimum-Variance,2021-06-01,MMM,0.08642746292811677,Industrials
Combined Minimum-Variance,2021-06-01,MRK,0.11667287669042706,Healthcare
Combined Minimum-Variance,2021-06-01,NKE,0.024107823690095863,Consumer
Combined Minimum-Variance,2021-06-01,PSA,0.0877168627303875,RealEstate
Combined Minimum-Variance,2021-06-01,T,0.11680916319859608,Comm
Combined Minimum-Variance,2021-06-01,TTWO,0.057842676544834715,Comm
Combined Minimum-Variance,2021-06-01,WMT,0.17279155122980297,Consumer
Combined Minimum-Variance,2021-06-01,TRX-USD,0.004194680559559161,Crypto
Combined Minimum-Variance,2021-07-01,ABBV,0.04018712224131144,Healthcare
Combined Minimum-Variance,2021-07-01,AEP,0.07217068644413792,Utilities
Combined Minimum-Variance,2021-07-01,AMD,0.005730403114625062,Tech
Combined Minimum-Variance,2021-07-01,CCI,0.05307457296450677,RealEstate
Combined Minimum-Variance,2021-07-01,D,0.025236865581211458,Utilities
Combined Minimum-Variance,2021-07-01,DIS,0.013832469066393512,Consumer
Combined Minimum-Variance,2021-07-01,EA,0.02416800590080862,Comm
Combined Minimum-Variance,2021-07-01,GILD,0.029378255850689827,Healthcare
Combined Minimum-Variance,2021-07-01,GS,0.020065485286414823,Financials
Combined Minimum-Variance,2021-07-01,MMM,0.09760153931552958,Industrials
Combined Minimum-Variance,2021-07-01,MRK,0.13245807687306976,Healthcare
Combined Minimum-Variance,2021-07-01,NKE,0.036316746432665324,Consumer
Combined Minimum-Variance,2021-07-01,PSA,0.10263077193695538,RealEstate
Combined Minimum-Variance,2021-07-01,SBUX,0.02093621760702484,Consumer
Combined Minimum-Variance,2021-07-01,T,0.16470875487493408,Comm
Combined Minimum-Variance,2021-07-01,TTWO,0.051970921873086454,Comm
Combined Minimum-Variance,2021-07-01,WMT,0.1021544180024813,Consumer
Combined Minimum-Variance,2021-07-01,TRX-USD,0.007378686634153887,Crypto
Combined Minimum-Variance,2021-08-02,ABBV,0.03265832372874631,Healthcare
Combined Minimum-Variance,2021-08-02,ABT,0.007449906759234812,Healthcare
Combined Minimum-Variance,2021-08-02,AEP,0.08375793599834881,Utilities
Combined Minimum-Variance,2021-08-02,AMD,0.00039962137148935817,Tech
Combined Minimum-Variance,2021-08-02,CAT,0.0027213483188657872,Industrials
Combined Minimum-Variance,2021-08-02,CCI,0.0647272388630121,RealEstate
Combined Minimum-Variance,2021-08-02,DIS,0.014049906659892671,Consumer
Combined Minimum-Variance,2021-08-02,DUK,0.007797070788942503,Utilities
Combined Minimum-Variance,2021-08-02,EA,0.02083086963633447,Comm
Combined Minimum-Variance,2021-08-02,GILD,0.024438721617810175,Healthcare
Combined Minimum-Variance,2021-08-02,GS,0.023061855811735206,Financials
Combined Minimum-Variance,2021-08-02,MMM,0.08661769854762283,Industrials
Combined Minimum-Variance,2021-08-02,MRK,0.14140380053155402,Healthcare
Combined Minimum-Variance,2021-08-02,NKE,0.033994301323726356,Consumer
Combined Minimum-Variance,2021-08-02,PSA,0.10431155423776248,RealEstate
Combined Minimum-Variance,2021-08-02,SBUX,0.013206949587872604,Consumer
Combined Minimum-Variance,2021-08-02,T,0.1658965642972,Comm
Combined Minimum-Variance,2021-08-02,TTWO,0.05961196436630816,Comm
Combined Minimum-Variance,2021-08-02,WMT,0.10604456300332009,Consumer
Combined Minimum-Variance,2021-08-02,TRX-USD,0.007019804550221195,Crypto
Combined Minimum-Variance,2021-09-01,ABBV,0.024263140835473294,Healthcare
Combined Minimum-Variance,2021-09-01,ABT,0.006030665421901639,Healthcare
Combined Minimum-Variance,2021-09-01,AEP,0.09376989863724944,Utilities
Combined Minimum-Variance,2021-09-01,AMD,0.009510233406332025,Tech
Combined Minimum-Variance,2021-09-01,CAT,0.00019768861205398525,Industrials
Combined Minimum-Variance,2021-09-01,CCI,0.06840635496295715,RealEstate
Combined Minimum-Variance,2021-09-01,DIS,0.013154896559117179,Consumer
Combined Minimum-Variance,2021-09-01,DUK,0.006957685762120342,Utilities
Combined Minimum-Variance,2021-09-01,EA,0.020004047723766467,Comm
Combined Minimum-Variance,2021-09-01,GILD,0.01981328368824279,Healthcare
Combined Minimum-Variance,2021-09-01,GS,0.03067726305735137,Financials
Combined Minimum-Variance,2021-09-01,MMM,0.08049573806511541,Industrials
Combined Minimum-Variance,2021-09-01,MRK,0.1280413988759958,Healthcare
Combined Minimum-Variance,2021-09-01,NKE,0.03079385039435353,Consumer
Combined Minimum-Variance,2021-09-01,PSA,0.11532950759063015,RealEstate
Combined Minimum-Variance,2021-09-01,SBUX,0.0008576194063201952,Consumer
Combined Minimum-Variance,2021-09-01,T,0.1653792884629525,Comm
Combined Minimum-Variance,2021-09-01,TTWO,0.06171442661570469,Comm
Combined Minimum-Variance,2021-09-01,WMT,0.11720229888382112,Consumer
Combined Minimum-Variance,2021-09-01,TRX-USD,0.00740071303854094,Crypto
Combined Minimum-Variance,2021-10-01,ABT,0.03342519858812553,Healthcare
Combined Minimum-Variance,2021-10-01,AEP,0.05421183015855391,Utilities
Combined Minimum-Variance,2021-10-01,AMD,0.019673292709284015,Tech
Combined Minimum-Variance,2021-10-01,CCI,0.09101647500221868,RealEstate
Combined Minimum-Variance,2021-10-01,DD,0.0008496410778921862,Materials
Combined Minimum-Variance,2021-10-01,DIS,0.007536853085008707,Consumer
Combined Minimum-Variance,2021-10-01,DUK,0.043544826992359696,Utilities
Combined Minimum-Variance,2021-10-01,EA,0.04549780683292413,Comm
Combined Minimum-Variance,2021-10-01,GILD,0.006241223900521261,Healthcare
Combined Minimum-Variance,2021-10-01,GS,0.0441507360818369,Financials
Combined Minimum-Variance,2021-10-01,INTC,0.0020576974549077072,Tech
Combined Minimum-Variance,2021-10-01,MMM,0.08286054967737787,Industrials
Combined Minimum-Variance,2021-10-01,MRK,0.14595675141437522,Healthcare
Combined Minimum-Variance,2021-10-01,OXY,0.0025332263263231924,Energy
Combined Minimum-Variance,2021-10-01,PSA,0.09444758309345738,RealEstate
Combined Minimum-Variance,2021-10-01,SBUX,0.02033240866912091,Consumer
Combined Minimum-Variance,2021-10-01,SLB,0.001981041941214792,Energy
Combined Minimum-Variance,2021-10-01,T,0.1346731190761423,Comm
Combined Minimum-Variance,2021-10-01,TTWO,0.040588020586892655,Comm
Combined Minimum-Variance,2021-10-01,WMT,0.12842171733146265,Consumer
Combined Minimum-Variance,2021-11-01,ABBV,0.01593383148015143,Healthcare
Combined Minimum-Variance,2021-11-01,ABT,0.05576139955965602,Healthcare
Combined Minimum-Variance,2021-11-01,AEP,0.04798482525938072,Utilities
Combined Minimum-Variance,2021-11-01,AMD,0.035251923359978427,Tech
Combined Minimum-Variance,2021-11-01,CCI,0.05539248738179001,RealEstate
Combined Minimum-Variance,2021-11-01,COP,0.0004940005393261304,Energy
Combined Minimum-Variance,2021-11-01,DUK,0.053205357294582166,Utilities
Combined Minimum-Variance,2021-11-01,EA,0.05266728822413455,Comm
Combined Minimum-Variance,2021-11-01,GILD,0.04498584179070346,Healthcare
Combined Minimum-Variance,2021-11-01,GS,0.06295216606876174,Financials
Combined Minimum-Variance,2021-11-01,INTC,7.268810351474297e-05,Tech
Combined Minimum-Variance,2021-11-01,KO,0.06523355889151229,Consumer
Combined Minimum-Variance,2021-11-01,MMM,0.06318778377139182,Industrials
Combined Minimum-Variance,2021-11-01,MRK,0.07297757006137062,Healthcare
Combined Minimum-Variance,2021-11-01,NEM,0.0012076774752572833,Materials
Combined Minimum-Variance,2021-11-01,OXY,0.004344504447415921,Energy
Combined Minimum-Variance,2021-11-01,PSA,0.10253150262836269,RealEstate
Combined Minimum-Variance,2021-11-01,SBUX,0.012958705574791837,Consumer
Combined Minimum-Variance,2021-11-01,T,0.11053285810270404,Comm
Combined Minimum-Variance,2021-11-01,TMUS,0.00085675171242603,Comm
Combined Minimum-Variance,2021-11-01,TTWO,0.02694767521967202,Comm
Combined Minimum-Variance,2021-11-01,UPS,0.007620576528133044,Industrials
Combined Minimum-Variance,2021-11-01,WMT,0.1068990265249828,Consumer
Combined Minimum-Variance,2021-12-01,ABBV,0.03119106244213872,Healthcare
Combined Minimum-Variance,2021-12-01,ABT,0.07819548126899145,Healthcare
Combined Minimum-Variance,2021-12-01,AEP,0.056446338185341526,Utilities
Combined Minimum-Variance,2021-12-01,AMD,0.025589712209702308,Tech
Combined Minimum-Variance,2021-12-01,CCI,0.0004477450530066036,RealEstate
Combined Minimum-Variance,2021-12-01,COP,0.011928985752275304,Energy
Combined Minimum-Variance,2021-12-01,CVX,0.014373486172768292,Energy
Combined Minimum-Variance,2021-12-01,DIS,0.0049600786600482024,Consumer
Combined Minimum-Variance,2021-12-01,DUK,0.06556912532378135,Utilities
Combined Minimum-Variance,2021-12-01,EA,0.06810265889582197,Comm
Combined Minimum-Variance,2021-12-01,GILD,0.039350274219090195,Healthcare
Combined Minimum-Variance,2021-12-01,GS,0.05158259981114174,Financials
Combined Minimum-Variance,2021-12-01,INTC,0.0065087655818449625,Tech
Combined Minimum-Variance,2021-12-01,KO,0.03283152726270653,Consumer
Combined Minimum-Variance,2021-12-01,MMM,0.063303826410024,Industrials
Combined Minimum-Variance,2021-12-01,MRK,0.033188623997439784,Healthcare
Combined Minimum-Variance,2021-12-01,NEM,0.014434026223736632,Materials
Combined Minimum-Variance,2021-12-01,NKE,0.0007979743951774455,Consumer
Combined Minimum-Variance,2021-12-01,O,0.0041012891812081485,RealEstate
Combined Minimum-Variance,2021-12-01,PSA,0.12709175042318938,RealEstate
Combined Minimum-Variance,2021-12-01,SBUX,0.01192282339447193,Consumer
Combined Minimum-Variance,2021-12-01,SHW,0.02732593818062104,Materials
Combined Minimum-Variance,2021-12-01,SO,0.008563038689917733,Utilities
Combined Minimum-Variance,2021-12-01,T,0.08829859211213636,Comm
Combined Minimum-Variance,2021-12-01,TTWO,0.021572612363833912,Comm
Combined Minimum-Variance,2021-12-01,UPS,0.0004023916948027386,Industrials
Combined Minimum-Variance,2021-12-01,WMT,0.11191927209478172,Consumer
Combined Minimum-Variance,2022-01-03,ABBV,0.021794483690017265,Healthcare
Combined Minimum-Variance,2022-01-03,ABT,0.06922593936062814,Healthcare
Combined Minimum-Variance,2022-01-03,ADBE,0.011225295097651189,Tech
Combined Minimum-Variance,2022-01-03,AEP,0.055783743440636566,Utilities
Combined Minimum-Variance,2022-01-03,AMD,0.02253780510650025,Tech
Combined Minimum-Variance,2022-01-03,CVX,0.018080609895982962,Energy
Combined Minimum-Variance,2022-01-03,DIS,0.024783149388837456,Consumer
Combined Minimum-Variance,2022-01-03,DUK,0.07221686960776547,Utilities
Combined Minimum-Variance,2022-01-03,EA,0.05977201712589812,Comm
Combined Minimum-Variance,2022-01-03,GILD,0.06951436464628363,Healthcare
Combined Minimum-Variance,2022-01-03,GS,0.04465497978100315,Financials
Combined Minimum-Variance,2022-01-03,INTC,0.007756667020957251,Tech
Combined Minimum-Variance,2022-01-03,KO,0.024345653287685218,Consumer
Combined Minimum-Variance,2022-01-03,MMM,0.07630367206492597,Industrials
Combined Minimum-Variance,2022-01-03,MRK,0.04845392015263894,Healthcare
Combined Minimum-Variance,2022-01-03,NEM,0.014041411496861056,Materials
Combined Minimum-Variance,2022-01-03,NKE,0.009152822697458981,Consumer
Combined Minimum-Variance,2022-01-03,O,0.006376825533696068,RealEstate
Combined Minimum-Variance,2022-01-03,OXY,0.0038466087037521816,Energy
Combined Minimum-Variance,2022-01-03,PSA,0.11451554103258266,RealEstate
Combined Minimum-Variance,2022-01-03,SHW,0.00751124166849362,Materials
Combined Minimum-Variance,2022-01-03,SO,0.008021491440341116,Utilities
Combined Minimum-Variance,2022-01-03,T,0.07343007245257323,Comm
Combined Minimum-Variance,2022-01-03,TTWO,0.019374064000722252,Comm
Combined Minimum-Variance,2022-01-03,UPS,0.003401718178726686,Industrials
Combined Minimum-Variance,2022-01-03,WMT,0.1138790331273806,Consumer
Combined Minimum-Variance,2022-02-01,ABBV,0.047505656519290944,Healthcare
Combined Minimum-Variance,2022-02-01,ABT,0.0358360688619057,Healthcare
Combined Minimum-Variance,2022-02-01,ADBE,0.0067115439374356095,Tech
Combined Minimum-Variance,2022-02-01,AEP,0.035217413349347665,Utilities
Combined Minimum-Variance,2022-02-01,AMD,0.008683319806258588,Tech
Combined Minimum-Variance,2022-02-01,CAT,0.016430903328543443,Industrials
Combined Minimum-Variance,2022-02-01,CVX,0.07630199646284534,Energy
Combined Minimum-Variance,2022-02-01,DIS,0.014684797524656798,Consumer
Combined Minimum-Variance,2022-02-01,DUK,0.05556439299900394,Utilities
Combined Minimum-Variance,2022-02-01,EA,0.06327442718543629,Comm
Combined Minimum-Variance,2022-02-01,GILD,0.06833465028753198,Healthcare
Combined Minimum-Variance,2022-02-01,GS,0.0023742303108329845,Financials
Combined Minimum-Variance,2022-02-01,INTC,0.01372899994542392,Tech
Combined Minimum-Variance,2022-02-01,KO,0.029319513159065357,Consumer
Combined Minimum-Variance,2022-02-01,MMM,0.017349750774349693,Industrials
Combined Minimum-Variance,2022-02-01,MRK,0.06284379567743444,Healthcare
Combined Minimum-Variance,2022-02-01,MS,0.021322098963923886,Financials
Combined Minimum-Variance,2022-02-01,NEM,0.01281128926746725,Materials
Combined Minimum-Variance,2022-02-01,NKE,0.01739174024625934,Consumer
Combined Minimum-Variance,2022-02-01,O,0.008068161520701554,RealEstate
Combined Minimum-Variance,2022-02-01,PSA,0.10471774604016669,RealEstate
Combined Minimum-Variance,2022-02-01,SBUX,0.024476501817183718,Consumer
Combined Minimum-Variance,2022-02-01,SHW,0.011383455685752593,Materials
Combined Minimum-Variance,2022-02-01,SO,0.10874911446837379,Utilities
Combined Minimum-Variance,2022-02-01,T,0.009095196969212023,Comm
Combined Minimum-Variance,2022-02-01,TTWO,0.03134259458090674,Comm
Combined Minimum-Variance,2022-02-01,UPS,0.0023948465685458904,Industrials
Combined Minimum-Variance,2022-02-01,WMT,0.09408579374214371,Consumer
Combined Minimum-Variance,2022-03-01,ABBV,0.03448903101528155,Healthcare
Combined Minimum-Variance,2022-03-01,ABT,0.012883200203766045,Healthcare
Combined Minimum-Variance,2022-03-01,ADBE,0.010110472009831844,Tech
Combined Minimum-Variance,2022-03-01,AEP,0.04148701441154907,Utilities
Combined Minimum-Variance,2022-03-01,CAT,0.013185267895770531,Industrials
Combined Minimum-Variance,2022-03-01,CVX,0.058514434434566415,Energy
Combined Minimum-Variance,2022-03-01,DIS,0.06779020758561626,Consumer
Combined Minimum-Variance,2022-03-01,DUK,0.003744973000587313,Utilities
Combined Minimum-Variance,2022-03-01,EA,0.06825679442375547,Comm
Combined Minimum-Variance,2022-03-01,GILD,0.1411232857385802,Healthcare
Combined Minimum-Variance,2022-03-01,GS,0.001125885658017239,Financials
Combined Minimum-Variance,2022-03-01,INTC,3.3171018405892426e-06,Tech
Combined Minimum-Variance,2022-03-01,KO,0.08961746773985571,Consumer
Combined Minimum-Variance,2022-03-01,MRK,0.04734255319877901,Healthcare
Combined Minimum-Variance,2022-03-01,MS,0.011069158253987335,Financials
Combined Minimum-Variance,2022-03-01,NEM,0.02157371026868582,Materials
Combined Minimum-Variance,2022-03-01,NKE,0.02212526922799287,Consumer
Combined Minimum-Variance,2022-03-01,O,0.00531735474341125,RealEstate
Combined Minimum-Variance,2022-03-01,OXY,0.004198717564077348,Energy
Combined Minimum-Variance,2022-03-01,PSA,0.06971795963642764,RealEstate
Combined Minimum-Variance,2022-03-01,SO,0.09249245058291508,Utilities
Combined Minimum-Variance,2022-03-01,TTWO,0.04038031612239601,Comm
Combined Minimum-Variance,2022-03-01,UPS,0.011891843567896009,Industrials
Combined Minimum-Variance,2022-03-01,WMT,0.13146302714744648,Consumer
Combined Minimum-Variance,2022-03-01,BTC-USD,9.628846696686518e-05,Crypto
Combined Minimum-Variance,2022-04-01,ABBV,0.045338177363899806,Healthcare
Combined Minimum-Variance,2022-04-01,ADBE,0.010228937007194808,Tech
Combined Minimum-Variance,2022-04-01,AEP,0.011437877974121987,Utilities
Combined Minimum-Variance,2022-04-01,AMD,0.002665604259137818,Tech
Combined Minimum-Variance,2022-04-01,CAT,0.027986796062363144,Industrials
Combined Minimum-Variance,2022-04-01,CVX,0.08604812352807792,Energy
Combined Minimum-Variance,2022-04-01,DIS,0.0491248076013396,Consumer
Combined Minimum-Variance,2022-04-01,DUK,0.012148275360236393,Utilities
Combined Minimum-Variance,2022-04-01,EA,0.0747957497893947,Comm
Combined Minimum-Variance,2022-04-01,GILD,0.14258984115750334,Healthcare
Combined Minimum-Variance,2022-04-01,INTC,0.0014416333447640254,Tech
Combined Minimum-Variance,2022-04-01,KO,0.0870076362593773,Consumer
Combined Minimum-Variance,2022-04-01,MRK,0.050679388829993094,Healthcare
Combined Minimum-Variance,2022-04-01,NEE,0.018575343212382363,Utilities
Combined Minimum-Variance,2022-04-01,NEM,0.034813118739491,Materials
Combined Minimum-Variance,2022-04-01,NKE,0.013380214370711978,Consumer
Combined Minimum-Variance,2022-04-01,O,0.007918022528062178,RealEstate
Combined Minimum-Variance,2022-04-01,PSA,0.0486688935255787,RealEstate
Combined Minimum-Variance,2022-04-01,SHW,0.008712188873295222,Materials
Combined Minimum-Variance,2022-04-01,SO,0.10081338398270913,Utilities
Combined Minimum-Variance,2022-04-01,TMUS,0.014571258170674463,Comm
Combined Minimum-Variance,2022-04-01,TTWO,0.03350179901999479,Comm
Combined Minimum-Variance,2022-04-01,WMT,0.11672157209526315,Consumer
Combined Minimum-Variance,2022-04-01,BTC-USD,0.0008313569444329553,Crypto
Combined Minimum-Variance,2022-05-02,ABBV,0.018809760473931146,Healthcare
Combined Minimum-Variance,2022-05-02,ADBE,0.0163385976930256,Tech
Combined Minimum-Variance,2022-05-02,AMGN,0.008938640578611087,Healthcare
Combined Minimum-Variance,2022-05-02,CAT,0.04311192816661241,Industrials
Combined Minimum-Variance,2022-05-02,CVX,0.06458372103739717,Energy
Combined Minimum-Variance,2022-05-02,DIS,0.039374148609467516,Consumer
Combined Minimum-Variance,2022-05-02,DUK,0.09004469232778715,Utilities
Combined Minimum-Variance,2022-05-02,EA,0.09418993997938589,Comm
Combined Minimum-Variance,2022-05-02,GILD,0.12896596583373424,Healthcare
Combined Minimum-Variance,2022-05-02,KO,0.11074164550811245,Consumer
Combined Minimum-Variance,2022-05-02,MRK,0.055246201523271726,Healthcare
Combined Minimum-Variance,2022-05-02,NEM,0.048006636799807496,Materials
Combined Minimum-Variance,2022-05-02,SHW,0.06816657039140912,Materials
Combined Minimum-Variance,2022-05-02,SO,0.06721693323463042,Utilities
Combined Minimum-Variance,2022-05-02,TTWO,0.03862546721647658,Comm
Combined Minimum-Variance,2022-05-02,WMT,0.10763915062634007,Consumer
Combined Minimum-Variance,2022-06-01,ABBV,0.06545462734597131,Healthcare
Combined Minimum-Variance,2022-06-01,AMGN,0.03364650349916759,Healthcare
Combined Minimum-Variance,2022-06-01,CAT,0.015536691717716166,Industrials
Combined Minimum-Variance,2022-06-01,CVX,0.03473941893188268,Energy
Combined Minimum-Variance,2022-06-01,DIS,0.05408288244979424,Consumer
Combined Minimum-Variance,2022-06-01,DUK,0.16481333390667194,Utilities
Combined Minimum-Variance,2022-06-01,EA,0.09355899781772839,Comm
Combined Minimum-Variance,2022-06-01,GILD,0.17472518567885328,Healthcare
Combined Minimum-Variance,2022-06-01,INTC,0.0010887018730187084,Tech
Combined Minimum-Variance,2022-06-01,MRK,0.0693424054354851,Healthcare
Combined Minimum-Variance,2022-06-01,NEM,0.06280330609801912,Materials
Combined Minimum-Variance,2022-06-01,SHW,0.0528713591634733,Materials
Combined Minimum-Variance,2022-06-01,SO,0.05079254061956584,Utilities
Combined Minimum-Variance,2022-06-01,TTWO,0.025497362412994065,Comm
Combined Minimum-Variance,2022-06-01,UPS,0.003846048791836652,Industrials
Combined Minimum-Variance,2022-06-01,WMT,0.08699355522884679,Consumer
Combined Minimum-Variance,2022-06-01,BTC-USD,0.010207079028974766,Crypto
Combined Minimum-Variance,2022-07-01,ABBV,0.043417559785903524,Healthcare
Combined Minimum-Variance,2022-07-01,AMGN,0.06977561704731867,Healthcare
Combined Minimum-Variance,2022-07-01,CAT,0.008208544271724579,Industrials
Combined Minimum-Variance,2022-07-01,CVX,0.047279886261682294,Energy
Combined Minimum-Variance,2022-07-01,DIS,0.05260536492045128,Consumer
Combined Minimum-Variance,2022-07-01,DUK,0.1784749297872131,Utilities
Combined Minimum-Variance,2022-07-01,EA,0.09116712446086957,Comm
Combined Minimum-Variance,2022-07-01,GILD,0.17564260142625276,Healthcare
Combined Minimum-Variance,2022-07-01,KO,0.029657831224970035,Consumer
Combined Minimum-Variance,2022-07-01,MMM,0.0025696872707225257,Industrials
Combined Minimum-Variance,2022-07-01,MRK,0.06168059082713864,Healthcare
Combined Minimum-Variance,2022-07-01,NEM,0.061769691141471406,Materials
Combined Minimum-Variance,2022-07-01,SHW,0.02725387406161558,Materials
Combined Minimum-Variance,2022-07-01,SO,0.0032841094477443107,Utilities
Combined Minimum-Variance,2022-07-01,TTWO,0.027453724709189945,Comm
Combined Minimum-Variance,2022-07-01,UPS,0.00836316785798701,Industrials
Combined Minimum-Variance,2022-07-01,WMT,0.11139569549774471,Consumer
Combined Minimum-Variance,2022-08-01,ABBV,0.05450803499937082,Healthcare
Combined Minimum-Variance,2022-08-01,AMGN,0.07513954103602073,Healthcare
Combined Minimum-Variance,2022-08-01,CVX,0.048031224785864954,Energy
Combined Minimum-Variance,2022-08-01,DIS,0.051878552592530096,Consumer
Combined Minimum-Variance,2022-08-01,DUK,0.16425959762824885,Utilities
Combined Minimum-Variance,2022-08-01,EA,0.09566876423964417,Comm
Combined Minimum-Variance,2022-08-01,GILD,0.16902448075488646,Healthcare
Combined Minimum-Variance,2022-08-01,KO,0.026064515210882846,Consumer
Combined Minimum-Variance,2022-08-01,MMM,0.03210346385350979,Industrials
Combined Minimum-Variance,2022-08-01,MRK,0.0619973538610556,Healthcare
Combined Minimum-Variance,2022-08-01,NEM,0.0594600893067274,Materials
Combined Minimum-Variance,2022-08-01,SHW,0.022998996390129554,Materials
Combined Minimum-Variance,2022-08-01,SO,0.002526652561538598,Utilities
Combined Minimum-Variance,2022-08-01,TTWO,0.027288952135291186,Comm
Combined Minimum-Variance,2022-08-01,WMT,0.10904978064429867,Consumer
Combined Minimum-Variance,2022-09-01,ABBV,0.0536444878820338,Healthcare
Combined Minimum-Variance,2022-09-01,AMGN,0.1337743148071914,Healthcare
Combined Minimum-Variance,2022-09-01,CVX,0.07396943062781348,Energy
Combined Minimum-Variance,2022-09-01,DIS,0.02985873666889831,Consumer
Combined Minimum-Variance,2022-09-01,DUK,0.11685155027233118,Utilities
Combined Minimum-Variance,2022-09-01,EA,0.10190791501874147,Comm
Combined Minimum-Variance,2022-09-01,GILD,0.14252098884328895,Healthcare
Combined Minimum-Variance,2022-09-01,KO,0.03236582053470776,Consumer
Combined Minimum-Variance,2022-09-01,MRK,0.06466851976171992,Healthcare
Combined Minimum-Variance,2022-09-01,NEM,0.059496262574933165,Materials
Combined Minimum-Variance,2022-09-01,O,0.01906789046284087,RealEstate
Combined Minimum-Variance,2022-09-01,SHW,0.025717868805138423,Materials
Combined Minimum-Variance,2022-09-01,SO,0.030623043319587418,Utilities
Combined Minimum-Variance,2022-09-01,TTWO,0.012173929393463989,Comm
Combined Minimum-Variance,2022-09-01,UPS,0.004227049473364009,Industrials
Combined Minimum-Variance,2022-09-01,WMT,0.09913219155394588,Consumer
Combined Minimum-Variance,2022-10-03,ABBV,0.07325121197224806,Healthcare
Combined Minimum-Variance,2022-10-03,AMGN,0.1648363813473899,Healthcare
Combined Minimum-Variance,2022-10-03,CVX,0.07774318250924894,Energy
Combined Minimum-Variance,2022-10-03,DUK,0.05785745588478641,Utilities
Combined Minimum-Variance,2022-10-03,EA,0.09468995418771917,Comm
Combined Minimum-Variance,2022-10-03,GILD,0.09747368824592857,Healthcare
Combined Minimum-Variance,2022-10-03,KO,0.06299342757271983,Consumer
Combined Minimum-Variance,2022-10-03,MMM,0.020460161871336317,Industrials
Combined Minimum-Variance,2022-10-03,MRK,0.0784932809828797,Healthcare
Combined Minimum-Variance,2022-10-03,NEM,0.05561995308609533,Materials
Combined Minimum-Variance,2022-10-03,O,0.07275663389345371,RealEstate
Combined Minimum-Variance,2022-10-03,SHW,0.013553401681662757,Materials
Combined Minimum-Variance,2022-10-03,TTWO,0.013634922180344929,Comm
Combined Minimum-Variance,2022-10-03,UPS,0.0009313753534600164,Industrials
Combined Minimum-Variance,2022-10-03,WMT,0.11570496923072626,Consumer
Combined Minimum-Variance,2022-11-01,ABBV,0.08777249578521364,Healthcare
Combined Minimum-Variance,2022-11-01,AMGN,0.17446400957888522,Healthcare
Combined Minimum-Variance,2022-11-01,CVX,0.07048825950730984,Energy
Combined Minimum-Variance,2022-11-01,DUK,0.023495669174637544,Utilities
Combined Minimum-Variance,2022-11-01,EA,0.10603364464441271,Comm
Combined Minimum-Variance,2022-11-01,GILD,0.038055510377410416,Healthcare
Combined Minimum-Variance,2022-11-01,KO,0.08032485623341272,Consumer
Combined Minimum-Variance,2022-11-01,MRK,0.13405458095386308,Healthcare
Combined Minimum-Variance,2022-11-01,NEM,0.05486120882049999,Materials
Combined Minimum-Variance,2022-11-01,O,0.08022880604250869,RealEstate
Combined Minimum-Variance,2022-11-01,TTWO,0.0186566407948028,Comm
Combined Minimum-Variance,2022-11-01,UPS,0.014403358756530923,Industrials
Combined Minimum-Variance,2022-11-01,WMT,0.11144071071712523,Consumer
Combined Minimum-Variance,2022-11-01,XLM-USD,0.005720248613386903,Crypto
Combined Minimum-Variance,2022-12-01,ABBV,0.06365406781468119,Healthcare
Combined Minimum-Variance,2022-12-01,AMGN,0.17090339301361643,Healthcare
Combined Minimum-Variance,2022-12-01,CVX,0.060523489649575296,Energy
Combined Minimum-Variance,2022-12-01,D,0.006954157556097848,Utilities
Combined Minimum-Variance,2022-12-01,DUK,0.009997676652687162,Utilities
Combined Minimum-Variance,2022-12-01,EA,0.10553452972924274,Comm
Combined Minimum-Variance,2022-12-01,GILD,0.027161567316967637,Healthcare
Combined Minimum-Variance,2022-12-01,KO,0.0945229231582798,Consumer
Combined Minimum-Variance,2022-12-01,MRK,0.23898739060186716,Healthcare
Combined Minimum-Variance,2022-12-01,NEM,0.015206050717936714,Materials
Combined Minimum-Variance,2022-12-01,O,0.04204757835997251,RealEstate
Combined Minimum-Variance,2022-12-01,TTWO,0.03654786129229118,Comm
Combined Minimum-Variance,2022-12-01,WMT,0.11237949501770196,Consumer
Combined Minimum-Variance,2022-12-01,XOM,0.015579819119082228,Energy
Combined Minimum-Variance,2023-01-03,ABBV,0.07746437762639785,Healthcare
Combined Minimum-Variance,2023-01-03,AMGN,0.17653159980448452,Healthcare
Combined Minimum-Variance,2023-01-03,CVX,0.052683495259149844,Energy
Combined Minimum-Variance,2023-01-03,D,0.017945322192581204,Utilities
Combined Minimum-Variance,2023-01-03,DUK,0.017008875379088465,Utilities
Combined Minimum-Variance,2023-01-03,EA,0.10510076764162307,Comm
Combined Minimum-Variance,2023-01-03,GILD,0.010004659170645412,Healthcare
Combined Minimum-Variance,2023-01-03,KO,0.09088306284850606,Consumer
Combined Minimum-Variance,2023-01-03,MRK,0.22202275511769326,Healthcare
Combined Minimum-Variance,2023-01-03,NEM,0.014523961957657155,Materials
Combined Minimum-Variance,2023-01-03,O,0.06001105174583647,RealEstate
Combined Minimum-Variance,2023-01-03,T,0.0031348493130748576,Comm
Combined Minimum-Variance,2023-01-03,TTWO,0.03473015500410847,Comm
Combined Minimum-Variance,2023-01-03,WMT,0.10761856838033151,Consumer
Combined Minimum-Variance,2023-01-03,XOM,0.0077015843747445314,Energy
Combined Minimum-Variance,2023-01-03,TRX-USD,0.002634914184077207,Crypto
Combined Minimum-Variance,2023-02-01,ABBV,0.061766076707229375,Healthcare
Combined Minimum-Variance,2023-02-01,AMGN,0.1802199584280219,Healthcare
Combined Minimum-Variance,2023-02-01,CVX,0.052232318506945416,Energy
Combined Minimum-Variance,2023-02-01,D,0.035266210313397606,Utilities
Combined Minimum-Variance,2023-02-01,DUK,0.006090001520779782,Utilities
Combined Minimum-Variance,2023-02-01,EA,0.13389887987374777,Comm
Combined Minimum-Variance,2023-02-01,KO,0.07567234834505884,Consumer
Combined Minimum-Variance,2023-02-01,MRK,0.2142824024747595,Healthcare
Combined Minimum-Variance,2023-02-01,NEM,0.006559417687182064,Materials
Combined Minimum-Variance,2023-02-01,O,0.07211422372086876,RealEstate
Combined Minimum-Variance,2023-02-01,T,0.028377628100872895,Comm
Combined Minimum-Variance,2023-02-01,TTWO,0.02163760503214532,Comm
Combined Minimum-Variance,2023-02-01,WMT,0.10175118348157265,Consumer
Combined Minimum-Variance,2023-02-01,XOM,0.005315254238234051,Energy
Combined Minimum-Variance,2023-02-01,TRX-USD,0.004816491569183904,Crypto
Combined Minimum-Variance,2023-03-01,ABBV,0.04817511522652512,Healthcare
Combined Minimum-Variance,2023-03-01,AMGN,0.20127265343444578,Healthcare
Combined Minimum-Variance,2023-03-01,CVX,0.06097262142587106,Energy
Combined Minimum-Variance,2023-03-01,D,0.005015971376681311,Utilities
Combined Minimum-Variance,2023-03-01,DUK,0.04807216255810421,Utilities
Combined Minimum-Variance,2023-03-01,EA,0.09432518625118327,Comm
Combined Minimum-Variance,2023-03-01,KO,0.08285505954646426,Consumer
Combined Minimum-Variance,2023-03-01,MRK,0.20563445887026696,Healthcare
Combined Minimum-Variance,2023-03-01,NEM,0.0009369762458093033,Materials
Combined Minimum-Variance,2023-03-01,O,0.08649935951068424,RealEstate
Combined Minimum-Variance,2023-03-01,T,0.043013083480522324,Comm
Combined Minimum-Variance,2023-03-01,TTWO,0.027775751010250368,Comm
Combined Minimum-Variance,2023-03-01,WMT,0.09545160106319173,Consumer
Combined Minimum-Variance,2023-04-03,ABBV,0.05540705454140284,Healthcare
Combined Minimum-Variance,2023-04-03,AMGN,0.1905773830020709,Healthcare
Combined Minimum-Variance,2023-04-03,CVX,0.03221774143337628,Energy
Combined Minimum-Variance,2023-04-03,D,0.016512536179994042,Utilities
Combined Minimum-Variance,2023-04-03,DUK,0.008232517911436255,Utilities
Combined Minimum-Variance,2023-04-03,EA,0.10578966464408404,Comm
Combined Minimum-Variance,2023-04-03,KO,0.13575441870592475,Consumer
Combined Minimum-Variance,2023-04-03,MRK,0.18902985345043818,Healthcare
Combined Minimum-Variance,2023-04-03,NEM,0.0055479921051943435,Materials
Combined Minimum-Variance,2023-04-03,O,0.07280176825837634,RealEstate
Combined Minimum-Variance,2023-04-03,T,0.05101973047400415,Comm
Combined Minimum-Variance,2023-04-03,TTWO,0.02316425766346897,Comm
Combined Minimum-Variance,2023-04-03,WMT,0.10426506642646179,Consumer
Combined Minimum-Variance,2023-04-03,XOM,0.009680015203767205,Energy
Combined Minimum-Variance,2023-05-01,ABBV,0.07679826293966845,Healthcare
Combined Minimum-Variance,2023-05-01,AMGN,0.1791897545530043,Healthcare
Combined Minimum-Variance,2023-05-01,CVX,0.04164224726025054,Energy
Combined Minimum-Variance,2023-05-01,D,0.007231878215641197,Utilities
Combined Minimum-Variance,2023-05-01,EA,0.07952408106126124,Comm
Combined Minimum-Variance,2023-05-01,KO,0.15462772662020421,Consumer
Combined Minimum-Variance,2023-05-01,MRK,0.17704030126211098,Healthcare
Combined Minimum-Variance,2023-05-01,NEM,0.004395020102744145,Materials
Combined Minimum-Variance,2023-05-01,O,0.1025406522240641,RealEstate
Combined Minimum-Variance,2023-05-01,T,0.035740568514801646,Comm
Combined Minimum-Variance,2023-05-01,TTWO,0.022153786192669115,Comm
Combined Minimum-Variance,2023-05-01,WMT,0.11911572105357991,Consumer
Combined Minimum-Variance,2023-06-01,ABBV,0.05014019907471716,Healthcare
Combined Minimum-Variance,2023-06-01,AMGN,0.08066714261688766,Healthcare
Combined Minimum-Variance,2023-06-01,CVX,0.03992893195878251,Energy
Combined Minimum-Variance,2023-06-01,EA,0.12451047130765816,Comm
Combined Minimum-Variance,2023-06-01,KO,0.286209974605702,Consumer
Combined Minimum-Variance,2023-06-01,MRK,0.15676590383668243,Healthcare
Combined Minimum-Variance,2023-06-01,O,0.08477597735861558,RealEstate
Combined Minimum-Variance,2023-06-01,T,0.023881085567569026,Comm
Combined Minimum-Variance,2023-06-01,WMT,0.15312031367338555,Consumer
Combined Minimum-Variance,2023-07-03,ABBV,0.08679239420421425,Healthcare
Combined Minimum-Variance,2023-07-03,AMGN,0.01198113876447435,Healthcare
Combined Minimum-Variance,2023-07-03,CVX,0.016665095580148642,Energy
Combined Minimum-Variance,2023-07-03,EA,0.1195930520673994,Comm
Combined Minimum-Variance,2023-07-03,KO,0.2319006192665682,Consumer
Combined Minimum-Variance,2023-07-03,MRK,0.17425098716983928,Healthcare
Combined Minimum-Variance,2023-07-03,O,0.11210209781117282,RealEstate
Combined Minimum-Variance,2023-07-03,OXY,0.0017482180967157927,Energy
Combined Minimum-Variance,2023-07-03,T,0.04493949540504002,Comm
Combined Minimum-Variance,2023-07-03,TMUS,0.031407392679124506,Comm
Combined Minimum-Variance,2023-07-03,WMT,0.13388088299838788,Consumer
Combined Minimum-Variance,2023-07-03,XOM,0.009582946947692477,Energy
Combined Minimum-Variance,2023-07-03,TRX-USD,0.025155679009222113,Crypto
Combined Minimum-Variance,2023-08-01,ABBV,0.08698919397086971,Healthcare
Combined Minimum-Variance,2023-08-01,AMGN,0.014044332972187198,Healthcare
Combined Minimum-Variance,2023-08-01,CVX,0.013132411600024032,Energy
Combined Minimum-Variance,2023-08-01,EA,0.11417607133392627,Comm
Combined Minimum-Variance,2023-08-01,KO,0.23126692790149223,Consumer
Combined Minimum-Variance,2023-08-01,MRK,0.15769427151327683,Healthcare
Combined Minimum-Variance,2023-08-01,O,0.11654858116966439,RealEstate
Combined Minimum-Variance,2023-08-01,OXY,0.009598409506785373,Energy
Combined Minimum-Variance,2023-08-01,T,0.028251347816024876,Comm
Combined Minimum-Variance,2023-08-01,TMUS,0.05524834676208856,Comm
Combined Minimum-Variance,2023-08-01,V,0.0021269933022442533,Financials
Combined Minimum-Variance,2023-08-01,WMT,0.1339671093899404,Consumer
Combined Minimum-Variance,2023-08-01,XOM,0.012957568026527635,Energy
Combined Minimum-Variance,2023-08-01,TRX-USD,0.023998434734948306,Crypto
Combined Minimum-Variance,2023-09-01,ABBV,0.07501305543167021,Healthcare
Combined Minimum-Variance,2023-09-01,AMGN,0.03740813263594914,Healthcare
Combined Minimum-Variance,2023-09-01,EA,0.07839265323486541,Comm
Combined Minimum-Variance,2023-09-01,GE,7.057080239162856e-05,Industrials
Combined Minimum-Variance,2023-09-01,KO,0.25465045959045485,Consumer
Combined Minimum-Variance,2023-09-01,MRK,0.13754428441154248,Healthcare
Combined Minimum-Variance,2023-09-01,O,0.08936815612326116,RealEstate
Combined Minimum-Variance,2023-09-01,OXY,0.013395626899170806,Energy
Combined Minimum-Variance,2023-09-01,T,0.033533279557802304,Comm
Combined Minimum-Variance,2023-09-01,TMUS,0.037951881264650426,Comm
Combined Minimum-Variance,2023-09-01,TTWO,0.010369911362950117,Comm
Combined Minimum-Variance,2023-09-01,V,0.011527507376712811,Financials
Combined Minimum-Variance,2023-09-01,WMT,0.17836420767612146,Consumer
Combined Minimum-Variance,2023-09-01,XOM,0.020496998943413638,Energy
Combined Minimum-Variance,2023-09-01,TRX-USD,0.021913274689043562,Crypto
Combined Minimum-Variance,2023-10-02,ABBV,0.0628718080108197,Healthcare
Combined Minimum-Variance,2023-10-02,AMGN,0.04350426189805304,Healthcare
Combined Minimum-Variance,2023-10-02,CVX,0.03455846924841953,Energy
Combined Minimum-Variance,2023-10-02,EA,0.07763235289969062,Comm
Combined Minimum-Variance,2023-10-02,GE,0.008332469509802036,Industrials
Combined Minimum-Variance,2023-10-02,KO,0.2841282575241184,Consumer
Combined Minimum-Variance,2023-10-02,MRK,0.11192629203536317,Healthcare
Combined Minimum-Variance,2023-10-02,O,0.05734111310334749,RealEstate
Combined Minimum-Variance,2023-10-02,OXY,0.009402555678497371,Energy
Combined Minimum-Variance,2023-10-02,T,0.02725696986315533,Comm
Combined Minimum-Variance,2023-10-02,TMUS,0.06632923677734658,Comm
Combined Minimum-Variance,2023-10-02,TTWO,0.010125789925876889,Comm
Combined Minimum-Variance,2023-10-02,V,0.023333510764599615,Financials
Combined Minimum-Variance,2023-10-02,WMT,0.15446534379516563,Consumer
Combined Minimum-Variance,2023-10-02,XOM,0.0029448909996363545,Energy
Combined Minimum-Variance,2023-10-02,TRX-USD,0.025846677966108293,Crypto
Combined Minimum-Variance,2023-11-01,ABBV,0.07636111965446603,Healthcare
Combined Minimum-Variance,2023-11-01,AMGN,0.03315504156059707,Healthcare
Combined Minimum-Variance,2023-11-01,CMCSA,0.00027429934958898833,Comm
Combined Minimum-Variance,2023-11-01,CVX,0.04687823730433411,Energy
Combined Minimum-Variance,2023-11-01,DD,0.01818985590479499,Materials
Combined Minimum-Variance,2023-11-01,EA,0.06616223745687984,Comm
Combined Minimum-Variance,2023-11-01,GE,0.008116098589005452,Industrials
Combined Minimum-Variance,2023-11-01,GS,0.005409708698160719,Financials
Combined Minimum-Variance,2023-11-01,KO,0.17826903140986206,Consumer
Combined Minimum-Variance,2023-11-01,MRK,0.12115388315825716,Healthcare
Combined Minimum-Variance,2023-11-01,NVDA,0.0037815708263542074,Tech
Combined Minimum-Variance,2023-11-01,O,0.09950481313488027,RealEstate
Combined Minimum-Variance,2023-11-01,T,0.04098731975329473,Comm
Combined Minimum-Variance,2023-11-01,TMUS,0.06318468997111641,Comm
Combined Minimum-Variance,2023-11-01,V,0.038742475076625316,Financials
Combined Minimum-Variance,2023-11-01,WMT,0.1950822701681973,Consumer
Combined Minimum-Variance,2023-11-01,TRX-USD,0.004747347983585193,Crypto
Combined Minimum-Variance,2023-12-01,ABBV,0.08932616665701701,Healthcare
Combined Minimum-Variance,2023-12-01,ABT,0.017643621398471112,Healthcare
Combined Minimum-Variance,2023-12-01,AMD,0.007401085877012841,Tech
Combined Minimum-Variance,2023-12-01,AMGN,0.008891971541729878,Healthcare
Combined Minimum-Variance,2023-12-01,CVX,0.028198793865549302,Energy
Combined Minimum-Variance,2023-12-01,DD,0.003569302681734054,Materials
Combined Minimum-Variance,2023-12-01,DUK,0.0020528009116139627,Utilities
Combined Minimum-Variance,2023-12-01,EA,0.040555280022146194,Comm
Combined Minimum-Variance,2023-12-01,GE,0.013311876247521363,Industrials
Combined Minimum-Variance,2023-12-01,INTC,0.00300386095689206,Tech
Combined Minimum-Variance,2023-12-01,KO,0.1848988919085765,Consumer
Combined Minimum-Variance,2023-12-01,MRK,0.102195834106274,Healthcare
Combined Minimum-Variance,2023-12-01,NEM,0.009121172873299242,Materials
Combined Minimum-Variance,2023-12-01,NVDA,0.011448042530129793,Tech
Combined Minimum-Variance,2023-12-01,O,0.08476808816451883,RealEstate
Combined Minimum-Variance,2023-12-01,OXY,0.02539403193161945,Energy
Combined Minimum-Variance,2023-12-01,T,0.03474281153219256,Comm
Combined Minimum-Variance,2023-12-01,TMUS,0.06530523751879347,Comm
Combined Minimum-Variance,2023-12-01,V,0.07290688526632062,Financials
Combined Minimum-Variance,2023-12-01,WMT,0.17059274673283092,Consumer
Combined Minimum-Variance,2023-12-01,BTC-USD,0.012025388243975064,Crypto
Combined Minimum-Variance,2023-12-01,TRX-USD,0.012646109031781747,Crypto
Combined Maximum-Sharpe,2021-01-04,NEM,0.07323320304233226,Materials
Combined Maximum-Sharpe,2021-01-04,NVDA,0.0848097470045431,Tech
Combined Maximum-Sharpe,2021-01-04,TTWO,0.08245366031759595,Comm
Combined Maximum-Sharpe,2021-01-04,UPS,0.12441599315534141,Industrials
Combined Maximum-Sharpe,2021-01-04,BTC-USD,0.575839046173705,Crypto
Combined Maximum-Sharpe,2021-01-04,XLM-USD,0.05924835030644056,Crypto
Combined Maximum-Sharpe,2021-02-01,NEM,0.040285627641165646,Materials
Combined Maximum-Sharpe,2021-02-01,NVDA,0.24525512902816674,Tech
Combined Maximum-Sharpe,2021-02-01,UPS,0.12280371563174837,Industrials
Combined Maximum-Sharpe,2021-02-01,BTC-USD,0.42833600470479516,Crypto
Combined Maximum-Sharpe,2021-02-01,XLM-USD,0.16331952299369792,Crypto
Combined Maximum-Sharpe,2021-03-01,ABT,0.036609809635598754,Healthcare
Combined Maximum-Sharpe,2021-03-01,CAT,0.020630465820197036,Industrials
Combined Maximum-Sharpe,2021-03-01,TTWO,0.03404684436508455,Comm
Combined Maximum-Sharpe,2021-03-01,UPS,0.37378348290779073,Industrials
Combined Maximum-Sharpe,2021-03-01,ADA-USD,0.11991029975955542,Crypto
Combined Maximum-Sharpe,2021-03-01,BTC-USD,0.36610868997958373,Crypto
Combined Maximum-Sharpe,2021-03-01,XLM-USD,0.04891040753200815,Crypto
Combined Maximum-Sharpe,2021-04-01,ABBV,0.1497544719932679,Healthcare
Combined Maximum-Sharpe,2021-04-01,ABT,0.02964609749611403,Healthcare
Combined Maximum-Sharpe,2021-04-01,CAT,0.015482899011759931,Industrials
Combined Maximum-Sharpe,2021-04-01,DD,0.06619682945577074,Materials
Combined Maximum-Sharpe,2021-04-01,EA,0.08031806823286645,Comm
Combined Maximum-Sharpe,2021-04-01,GS,0.019794378060970085,Financials
Combined Maximum-Sharpe,2021-04-01,MS,0.12957485699120552,Financials
Combined Maximum-Sharpe,2021-04-01,NUE,0.02708137392611211,Materials
Combined Maximum-Sharpe,2021-04-01,PSA,0.012636517888433334,RealEstate
Combined Maximum-Sharpe,2021-04-01,TTWO,0.029312943577148858,Comm
Combined Maximum-Sharpe,2021-04-01,UPS,0.10807958819056646,Industrials
Combined Maximum-Sharpe,2021-04-01,ADA-USD,0.061510556850983916,Crypto
Combined Maximum-Sharpe,2021-04-01,BTC-USD,0.21901890423317963,Crypto
Combined Maximum-Sharpe,2021-04-01,TRX-USD,0.05159251409125533,Crypto
Combined Maximum-Sharpe,2021-05-03,ABBV,0.1307721238998972,Healthcare
Combined Maximum-Sharpe,2021-05-03,CAT,0.08015751774860363,Industrials
Combined Maximum-Sharpe,2021-05-03,MS,0.11996774778725752,Financials
Combined Maximum-Sharpe,2021-05-03,NVDA,0.026476958592057072,Tech
Combined Maximum-Sharpe,2021-05-03,PSA,0.1613889689190577,RealEstate
Combined Maximum-Sharpe,2021-05-03,SHW,0.0806714903699231,Materials
Combined Maximum-Sharpe,2021-05-03,TTWO,0.019461809692333673,Comm
Combined Maximum-Sharpe,2021-05-03,UPS,0.16495512923880473,Industrials
Combined Maximum-Sharpe,2021-05-03,ADA-USD,0.04674729607507245,Crypto
Combined Maximum-Sharpe,2021-05-03,BTC-USD,0.142717559597996,Crypto
Combined Maximum-Sharpe,2021-05-03,TRX-USD,0.02668339807896603,Crypto
Combined Maximum-Sharpe,2021-06-01,CAT,0.1461524613767613,Industrials
Combined Maximum-Sharpe,2021-06-01,GE,0.0685593651316669,Industrials
Combined Maximum-Sharpe,2021-06-01,MS,0.134775431809989,Financials
Combined Maximum-Sharpe,2021-06-01,NUE,0.025353545508913757,Materials
Combined Maximum-Sharpe,2021-06-01,NVDA,0.01839256689428501,Tech
Combined Maximum-Sharpe,2021-06-01,PSA,0.20578523514613759,RealEstate
Combined Maximum-Sharpe,2021-06-01,TTWO,0.10670663065448434,Comm
Combined Maximum-Sharpe,2021-06-01,UPS,0.19911581617109375,Industrials
Combined Maximum-Sharpe,2021-06-01,ADA-USD,0.02593123509443586,Crypto
Combined Maximum-Sharpe,2021-06-01,BTC-USD,0.022216634345279082,Crypto
Combined Maximum-Sharpe,2021-06-01,ETC-USD,0.031975740004996,Crypto
Combined Maximum-Sharpe,2021-06-01,ETH-USD,0.011479929359970187,Crypto
Combined Maximum-Sharpe,2021-06-01,TRX-USD,0.0035554085016954286,Crypto
Combined Maximum-Sharpe,2021-07-01,AMD,0.03941243651908875,Tech
Combined Maximum-Sharpe,2021-07-01,CAT,0.00947992121379954,Industrials
Combined Maximum-Sharpe,2021-07-01,GE,0.0902912400410211,Industrials
Combined Maximum-Sharpe,2021-07-01,GS,0.1512657354019514,Financials
Combined Maximum-Sharpe,2021-07-01,MS,0.01846670186917726,Financials
Combined Maximum-Sharpe,2021-07-01,NKE,0.06373148015572278,Consumer
Combined Maximum-Sharpe,2021-07-01,NUE,0.06763482653721352,Materials
Combined Maximum-Sharpe,2021-07-01,NVDA,0.07308562349168478,Tech
Combined Maximum-Sharpe,2021-07-01,PSA,0.34424055396788383,RealEstate
Combined Maximum-Sharpe,2021-07-01,UPS,0.09040866585673166,Industrials
Combined Maximum-Sharpe,2021-07-01,ADA-USD,0.006601465959706425,Crypto
Combined Maximum-Sharpe,2021-07-01,BTC-USD,0.014317769760968133,Crypto
Combined Maximum-Sharpe,2021-07-01,ETC-USD,0.02236383134161562,Crypto
Combined Maximum-Sharpe,2021-07-01,TRX-USD,0.008699747883360979,Crypto
Combined Maximum-Sharpe,2021-08-02,ABBV,0.004741231606298839,Healthcare
Combined Maximum-Sharpe,2021-08-02,DUK,0.007611292475092662,Utilities
Combined Maximum-Sharpe,2021-08-02,GE,0.07806328261153161,Industrials
Combined Maximum-Sharpe,2021-08-02,GS,0.09701704069849999,Financials
Combined Maximum-Sharpe,2021-08-02,MS,0.04954092437802278,Financials
Combined Maximum-Sharpe,2021-08-02,NKE,0.12977179923422832,Consumer
Combined Maximum-Sharpe,2021-08-02,NUE,0.09455126229614894,Materials
Combined Maximum-Sharpe,2021-08-02,NVDA,0.07364833884298135,Tech
Combined Maximum-Sharpe,2021-08-02,PSA,0.38835838305466813,RealEstate
Combined Maximum-Sharpe,2021-08-02,SBUX,0.025891726712320536,Consumer
Combined Maximum-Sharpe,2021-08-02,BTC-USD,0.02668925666677949,Crypto
Combined Maximum-Sharpe,2021-08-02,ETC-USD,0.014559262357034792,Crypto
Combined Maximum-Sharpe,2021-08-02,TRX-USD,0.009556199066271193,Crypto
Combined Maximum-Sharpe,2021-09-01,ABBV,0.021084575453913883,Healthcare
Combined Maximum-Sharpe,2021-09-01,DUK,0.04584468739863876,Utilities
Combined Maximum-Sharpe,2021-09-01,GE,0.07055631740269501,Industrials
Combined Maximum-Sharpe,2021-09-01,GS,0.18283628788455458,Financials
Combined Maximum-Sharpe,2021-09-01,MS,1.604277569148275e-05,Financials
Combined Maximum-Sharpe,2021-09-01,NKE,0.06630296499075518,Consumer
Combined Maximum-Sharpe,2021-09-01,NUE,0.08115637125557396,Materials
Combined Maximum-Sharpe,2021-09-01,NVDA,0.05914191440114553,Tech
Combined Maximum-Sharpe,2021-09-01,OXY,0.0070198779796229694,Energy
Combined Maximum-Sharpe,2021-09-01,PSA,0.4073752834494701,RealEstate
Combined Maximum-Sharpe,2021-09-01,ADA-USD,0.02748234021409319,Crypto
Combined Maximum-Sharpe,2021-09-01,BTC-USD,0.014514243539727214,Crypto
Combined Maximum-Sharpe,2021-09-01,ETC-USD,0.012155212131852373,Crypto
Combined Maximum-Sharpe,2021-09-01,TRX-USD,0.004513881121610622,Crypto
Combined Maximum-Sharpe,2021-10-01,ABBV,0.0037273091250141378,Healthcare
Combined Maximum-Sharpe,2021-10-01,GE,0.11163622214338827,Industrials
Combined Maximum-Sharpe,2021-10-01,MS,0.17909141477916962,Financials
Combined Maximum-Sharpe,2021-10-01,NUE,0.01614771032561639,Materials
Combined Maximum-Sharpe,2021-10-01,NVDA,0.08608699018265727,Tech
Combined Maximum-Sharpe,2021-10-01,OXY,0.053767795400607714,Energy
Combined Maximum-Sharpe,2021-10-01,PSA,0.46171324282372445,RealEstate
Combined Maximum-Sharpe,2021-10-01,WFC,0.025279250022989017,Financials
Combined Maximum-Sharpe,2021-10-01,ADA-USD,0.04001611900783853,Crypto
Combined Maximum-Sharpe,2021-10-01,BTC-USD,0.008886830865997149,Crypto
Combined Maximum-Sharpe,2021-10-01,ETC-USD,0.013647115322824303,Crypto
Combined Maximum-Sharpe,2021-11-01,ABBV,0.056196884282822,Healthcare
Combined Maximum-Sharpe,2021-11-01,ABT,0.06385011425309617,Healthcare
Combined Maximum-Sharpe,2021-11-01,AMD,0.012350572350111909,Tech
Combined Maximum-Sharpe,2021-11-01,EA,0.0016712867240386265,Comm
Combined Maximum-Sharpe,2021-11-01,GS,0.14558118336905113,Financials
Combined Maximum-Sharpe,2021-11-01,MRK,0.01806306042390603,Healthcare
Combined Maximum-Sharpe,2021-11-01,MS,0.009738750852821432,Financials
Combined Maximum-Sharpe,2021-11-01,NVDA,0.07300923749775419,Tech
Combined Maximum-Sharpe,2021-11-01,OXY,0.060348939630420734,Energy
Combined Maximum-Sharpe,2021-11-01,PLD,0.04192286512683585,RealEstate
Combined Maximum-Sharpe,2021-11-01,PSA,0.3625913434200624,RealEstate
Combined Maximum-Sharpe,2021-11-01,SHW,0.016784189872797294,Materials
Combined Maximum-Sharpe,2021-11-01,WFC,0.10084106302345355,Financials
Combined Maximum-Sharpe,2021-11-01,ADA-USD,0.033354289072781644,Crypto
Combined Maximum-Sharpe,2021-11-01,ETC-USD,0.003696220099217282,Crypto
Combined Maximum-Sharpe,2021-12-01,ABT,0.0024740548517584744,Healthcare
Combined Maximum-Sharpe,2021-12-01,COP,0.04502026739726945,Energy
Combined Maximum-Sharpe,2021-12-01,GILD,0.08534356725006666,Healthcare
Combined Maximum-Sharpe,2021-12-01,GS,0.1078766964807572,Financials
Combined Maximum-Sharpe,2021-12-01,NUE,0.03886486198415851,Materials
Combined Maximum-Sharpe,2021-12-01,NVDA,0.14542552685693402,Tech
Combined Maximum-Sharpe,2021-12-01,PLD,0.03545164872684343,RealEstate
Combined Maximum-Sharpe,2021-12-01,PSA,0.3915337847468418,RealEstate
Combined Maximum-Sharpe,2021-12-01,SHW,0.02013459013851543,Materials
Combined Maximum-Sharpe,2021-12-01,WFC,0.07680370697381766,Financials
Combined Maximum-Sharpe,2021-12-01,XOM,0.024806319649939703,Energy
Combined Maximum-Sharpe,2021-12-01,ADA-USD,0.023429988917199628,Crypto
Combined Maximum-Sharpe,2021-12-01,ETC-USD,0.0028349860250409227,Crypto
Combined Maximum-Sharpe,2022-01-03,ABT,0.06138182198677483,Healthcare
Combined Maximum-Sharpe,2022-01-03,COP,0.08621139426902895,Energy
Combined Maximum-Sharpe,2022-01-03,GILD,0.11152457922758469,Healthcare
Combined Maximum-Sharpe,2022-01-03,NUE,0.09730163185043618,Materials
Combined Maximum-Sharpe,2022-01-03,NVDA,0.08587805217710716,Tech
Combined Maximum-Sharpe,2022-01-03,PLD,0.09903785550385895,RealEstate
Combined Maximum-Sharpe,2022-01-03,PSA,0.3847113766279693,RealEstate
Combined Maximum-Sharpe,2022-01-03,SHW,0.02550965757543341,Materials
Combined Maximum-Sharpe,2022-01-03,WFC,0.02754479308156405,Financials
Combined Maximum-Sharpe,2022-01-03,ADA-USD,0.012656853569309668,Crypto
Combined Maximum-Sharpe,2022-01-03,ETC-USD,0.008241984129479884,Crypto
Combined Maximum-Sharpe,2022-02-01,ABBV,0.1141145191725859,Healthcare
Combined Maximum-Sharpe,2022-02-01,COP,0.16941398344984207,Energy
Combined Maximum-Sharpe,2022-02-01,MS,0.0009143819176212083,Financials
Combined Maximum-Sharpe,2022-02-01,NUE,0.06741960557568084,Materials
Combined Maximum-Sharpe,2022-02-01,NVDA,0.05671543903141646,Tech
Combined Maximum-Sharpe,2022-02-01,PLD,0.06783941598603775,RealEstate
Combined Maximum-Sharpe,2022-02-01,PSA,0.4140020669801973,RealEstate
Combined Maximum-Sharpe,2022-02-01,SO,0.030441503715058223,Utilities
Combined Maximum-Sharpe,2022-02-01,WFC,0.06195014093529927,Financials
Combined Maximum-Sharpe,2022-02-01,ETC-USD,0.017188943235801626,Crypto
Combined Maximum-Sharpe,2022-03-01,ABBV,0.1806891383279867,Healthcare
Combined Maximum-Sharpe,2022-03-01,AEP,0.031087946436762614,Utilities
Combined Maximum-Sharpe,2022-03-01,COP,0.15801397153600405,Energy
Combined Maximum-Sharpe,2022-03-01,KO,0.038528322581967374,Consumer
Combined Maximum-Sharpe,2022-03-01,NEM,0.014126152208725973,Materials
Combined Maximum-Sharpe,2022-03-01,NUE,0.093310979042147,Materials
Combined Maximum-Sharpe,2022-03-01,NVDA,0.0509722551475674,Tech
Combined Maximum-Sharpe,2022-03-01,PSA,0.41178419994973264,RealEstate
Combined Maximum-Sharpe,2022-03-01,ETC-USD,0.02148703476247274,Crypto
Combined Maximum-Sharpe,2022-04-01,ABBV,0.3006286055795626,Healthcare
Combined Maximum-Sharpe,2022-04-01,COP,0.08437809675173419,Energy
Combined Maximum-Sharpe,2022-04-01,CVX,0.09178893168626219,Energy
Combined Maximum-Sharpe,2022-04-01,NEE,0.0019467939007451961,Utilities
Combined Maximum-Sharpe,2022-04-01,NEM,0.04936131978275424,Materials
Combined Maximum-Sharpe,2022-04-01,NUE,0.03144570220086752,Materials
Combined Maximum-Sharpe,2022-04-01,NVDA,0.05930791259001663,Tech
Combined Maximum-Sharpe,2022-04-01,OXY,0.009325947979124633,Energy
Combined Maximum-Sharpe,2022-04-01,PLD,0.02230680531224232,RealEstate
Combined Maximum-Sharpe,2022-04-01,PSA,0.33092270812690283,RealEstate
Combined Maximum-Sharpe,2022-04-01,ETC-USD,0.01858717608956642,Crypto
Combined Maximum-Sharpe,2022-05-02,ABBV,0.1977264890185833,Healthcare
Combined Maximum-Sharpe,2022-05-02,COP,0.17412842739759407,Energy
Combined Maximum-Sharpe,2022-05-02,CVX,0.0846814779956384,Energy
Combined Maximum-Sharpe,2022-05-02,KO,0.022719987564299177,Consumer
Combined Maximum-Sharpe,2022-05-02,MRK,0.08067425442490885,Healthcare
Combined Maximum-Sharpe,2022-05-02,NUE,0.10481476055892858,Materials
Combined Maximum-Sharpe,2022-05-02,OXY,0.012921486687879138,Energy
Combined Maximum-Sharpe,2022-05-02,PLD,0.2237406969246973,RealEstate
Combined Maximum-Sharpe,2022-05-02,PSA,0.09859241942719785,RealEstate
Combined Maximum-Sharpe,2022-06-01,ABBV,0.25413926256835356,Healthcare
Combined Maximum-Sharpe,2022-06-01,AEP,0.11002967895754148,Utilities
Combined Maximum-Sharpe,2022-06-01,AMD,0.04022416593180306,Tech
Combined Maximum-Sharpe,2022-06-01,COP,0.04992142927847903,Energy
Combined Maximum-Sharpe,2022-06-01,CVX,0.19432253672651084,Energy
Combined Maximum-Sharpe,2022-06-01,MRK,0.13378838573670043,Healthcare
Combined Maximum-Sharpe,2022-06-01,OXY,0.06760670745085731,Energy
Combined Maximum-Sharpe,2022-06-01,SO,0.14996783334530545,Utilities
Combined Maximum-Sharpe,2022-07-01,ABBV,0.46793358370231436,Healthcare
Combined Maximum-Sharpe,2022-07-01,CVX,0.11478805511804395,Energy
Combined Maximum-Sharpe,2022-07-01,KO,0.04894329792332187,Consumer
Combined Maximum-Sharpe,2022-07-01,MRK,0.0325210868265834,Healthcare
Combined Maximum-Sharpe,2022-07-01,OXY,0.11048568159909344,Energy
Combined Maximum-Sharpe,2022-07-01,SO,0.22532829482950742,Utilities
Combined Maximum-Sharpe,2022-08-01,ABBV,0.24016243098431136,Healthcare
Combined Maximum-Sharpe,2022-08-01,CVX,0.2103078597777701,Energy
Combined Maximum-Sharpe,2022-08-01,MRK,0.05759048355623235,Healthcare
Combined Maximum-Sharpe,2022-08-01,NUE,0.022231558995213927,Materials
Combined Maximum-Sharpe,2022-08-01,OXY,0.1672235235870176,Energy
Combined Maximum-Sharpe,2022-08-01,SO,0.3024841430992775,Utilities
Combined Maximum-Sharpe,2022-09-01,ABBV,0.08164285665853382,Healthcare
Combined Maximum-Sharpe,2022-09-01,AMGN,0.06191036258269457,Healthcare
Combined Maximum-Sharpe,2022-09-01,COP,0.06334605979338803,Energy
Combined Maximum-Sharpe,2022-09-01,CVX,0.13109694787328616,Energy
Combined Maximum-Sharpe,2022-09-01,MRK,0.03263734861292271,Healthcare
Combined Maximum-Sharpe,2022-09-01,OXY,0.22887893860812114,Energy
Combined Maximum-Sharpe,2022-09-01,SO,0.337336477946953,Utilities
Combined Maximum-Sharpe,2022-09-01,XOM,0.06315100792375478,Energy
Combined Maximum-Sharpe,2022-10-03,ABBV,0.5352619528023844,Healthcare
Combined Maximum-Sharpe,2022-10-03,CVX,0.15171416068413204,Energy
Combined Maximum-Sharpe,2022-10-03,MRK,0.04984192310329407,Healthcare
Combined Maximum-Sharpe,2022-10-03,OXY,0.21428340253321648,Energy
Combined Maximum-Sharpe,2022-10-03,SO,0.012925786505477762,Utilities
Combined Maximum-Sharpe,2022-10-03,XOM,0.035972774370875225,Energy
Combined Maximum-Sharpe,2022-11-01,ABBV,0.17686204065396657,Healthcare
Combined Maximum-Sharpe,2022-11-01,AMGN,0.38945559174965494,Healthcare
Combined Maximum-Sharpe,2022-11-01,CVX,0.05852222821542004,Energy
Combined Maximum-Sharpe,2022-11-01,GILD,0.05073092926428862,Healthcare
Combined Maximum-Sharpe,2022-11-01,OXY,0.10289939785366022,Energy
Combined Maximum-Sharpe,2022-11-01,TMUS,0.008798785241106073,Comm
Combined Maximum-Sharpe,2022-11-01,XOM,0.2127310270210119,Energy
Combined Maximum-Sharpe,2022-12-01,ABBV,0.06205285074146644,Healthcare
Combined Maximum-Sharpe,2022-12-01,AMGN,0.2711149338228755,Healthcare
Combined Maximum-Sharpe,2022-12-01,MRK,0.3881859431161816,Healthcare
Combined Maximum-Sharpe,2022-12-01,OXY,0.0825413973030937,Energy
Combined Maximum-Sharpe,2022-12-01,TMUS,0.024671624213195048,Comm
Combined Maximum-Sharpe,2022-12-01,XOM,0.1714332507994647,Energy
Combined Maximum-Sharpe,2023-01-03,AMGN,0.028317092829000565,Healthcare
Combined Maximum-Sharpe,2023-01-03,MRK,0.6416419670613485,Healthcare
Combined Maximum-Sharpe,2023-01-03,OXY,0.08594943471919196,Energy
Combined Maximum-Sharpe,2023-01-03,XOM,0.2440915053901976,Energy
Combined Maximum-Sharpe,2023-02-01,GILD,0.04472510058081469,Healthcare
Combined Maximum-Sharpe,2023-02-01,MRK,0.4957962822202296,Healthcare
Combined Maximum-Sharpe,2023-02-01,NUE,0.11351483375314039,Materials
Combined Maximum-Sharpe,2023-02-01,OXY,0.06717883830494709,Energy
Combined Maximum-Sharpe,2023-02-01,TMUS,0.12545953077219327,Comm
Combined Maximum-Sharpe,2023-02-01,XOM,0.15332541436795308,Energy
Combined Maximum-Sharpe,2023-03-01,GILD,0.18121307834521738,Healthcare
Combined Maximum-Sharpe,2023-03-01,MRK,0.6036511769167885,Healthcare
Combined Maximum-Sharpe,2023-03-01,NUE,0.02362622877116256,Materials
Combined Maximum-Sharpe,2023-03-01,OXY,0.04560557783904071,Energy
Combined Maximum-Sharpe,2023-03-01,XOM,0.14590393812676425,Energy
Combined Maximum-Sharpe,2023-04-03,GE,0.07007070060216342,Industrials
Combined Maximum-Sharpe,2023-04-03,GILD,0.3661667149172144,Healthcare
Combined Maximum-Sharpe,2023-04-03,MRK,0.40279980256416065,Healthcare
Combined Maximum-Sharpe,2023-04-03,XOM,0.16096278191632868,Energy
Combined Maximum-Sharpe,2023-05-01,GE,0.24199841005988296,Industrials
Combined Maximum-Sharpe,2023-05-01,GILD,0.07910313757196429,Healthcare
Combined Maximum-Sharpe,2023-05-01,MRK,0.4712066606860677,Healthcare
Combined Maximum-Sharpe,2023-05-01,SBUX,0.1410396435022428,Consumer
Combined Maximum-Sharpe,2023-05-01,XOM,0.06665214817931087,Energy
Combined Maximum-Sharpe,2023-06-01,BA,0.04904627557903016,Industrials
Combined Maximum-Sharpe,2023-06-01,GE,0.34372830869319315,Industrials
Combined Maximum-Sharpe,2023-06-01,GILD,0.016979846035742784,Healthcare
Combined Maximum-Sharpe,2023-06-01,MRK,0.38468043852714484,Healthcare
Combined Maximum-Sharpe,2023-06-01,NVDA,0.11070342785581795,Tech
Combined Maximum-Sharpe,2023-06-01,XRP-USD,0.09486170330890141,Crypto
Combined Maximum-Sharpe,2023-07-03,GE,0.45098819593123857,Industrials
Combined Maximum-Sharpe,2023-07-03,MRK,0.31332858404475966,Healthcare
Combined Maximum-Sharpe,2023-07-03,NVDA,0.09611230697563848,Tech
Combined Maximum-Sharpe,2023-07-03,WMT,0.06296216413240788,Consumer
Combined Maximum-Sharpe,2023-07-03,BCH-USD,0.05533368553454912,Crypto
Combined Maximum-Sharpe,2023-07-03,XRP-USD,0.02127506338121838,Crypto
Combined Maximum-Sharpe,2023-08-01,GE,0.4347662772707279,Industrials
Combined Maximum-Sharpe,2023-08-01,GILD,0.03427491104857722,Healthcare
Combined Maximum-Sharpe,2023-08-01,MRK,0.25390346202075426,Healthcare
Combined Maximum-Sharpe,2023-08-01,NVDA,0.11911435459037069,Tech
Combined Maximum-Sharpe,2023-08-01,SLB,0.05107979728949328,Energy
Combined Maximum-Sharpe,2023-08-01,WMT,0.018980414642370633,Consumer
Combined Maximum-Sharpe,2023-08-01,BCH-USD,0.032179997869917716,Crypto
Combined Maximum-Sharpe,2023-08-01,XRP-USD,0.05570078526758062,Crypto
Combined Maximum-Sharpe,2023-09-01,GE,0.37678257491267214,Industrials
Combined Maximum-Sharpe,2023-09-01,MRK,0.3302724476176513,Healthcare
Combined Maximum-Sharpe,2023-09-01,NVDA,0.17610600825738854,Tech
Combined Maximum-Sharpe,2023-09-01,SLB,0.013718388051895273,Energy
Combined Maximum-Sharpe,2023-09-01,WMT,0.039223071603009904,Consumer
Combined Maximum-Sharpe,2023-09-01,BCH-USD,0.031308793297631685,Crypto
Combined Maximum-Sharpe,2023-09-01,XRP-USD,0.032588716259576316,Crypto
Combined Maximum-Sharpe,2023-10-02,AMGN,0.10182904104285853,Healthcare
Combined Maximum-Sharpe,2023-10-02,CAT,0.008909846134687649,Industrials
Combined Maximum-Sharpe,2023-10-02,GE,0.469417208015333,Industrials
Combined Maximum-Sharpe,2023-10-02,MRK,0.16460860881859105,Healthcare
Combined Maximum-Sharpe,2023-10-02,NVDA,0.1616627514770469,Tech
Combined Maximum-Sharpe,2023-10-02,SLB,0.03731517867058757,Energy
Combined Maximum-Sharpe,2023-10-02,BCH-USD,0.05413684373890454,Crypto
Combined Maximum-Sharpe,2023-10-02,XRP-USD,0.0021205221019559937,Crypto
Combined Maximum-Sharpe,2023-11-01,GE,0.4964385644940402,Industrials
Combined Maximum-Sharpe,2023-11-01,MRK,0.07795097901510273,Healthcare
Combined Maximum-Sharpe,2023-11-01,NVDA,0.2277107442494356,Tech
Combined Maximum-Sharpe,2023-11-01,WMT,0.10336637650730005,Consumer
Combined Maximum-Sharpe,2023-11-01,BCH-USD,0.08671244310100552,Crypto
Combined Maximum-Sharpe,2023-11-01,XRP-USD,0.00782089263285986,Crypto
Combined Maximum-Sharpe,2023-12-01,ADBE,0.07655457705680076,Tech
Combined Maximum-Sharpe,2023-12-01,GE,0.4532447152504162,Industrials
Combined Maximum-Sharpe,2023-12-01,INTC,0.04035309561268547,Tech
Combined Maximum-Sharpe,2023-12-01,NVDA,0.18706660053919147,Tech
Combined Maximum-Sharpe,2023-12-01,SO,0.07169246585003988,Utilities
Combined Maximum-Sharpe,2023-12-01,TTWO,0.022991371715931883,Comm
Combined Maximum-Sharpe,2023-12-01,BCH-USD,0.04394771212604483,Crypto
Combined Maximum-Sharpe,2023-12-01,BTC-USD,0.10414946184842334,Crypto
Combined Risk Parity,2021-01-04,ABBV,0.024139671363982033,Healthcare
Combined Risk Parity,2021-01-04,ABT,0.020430454217427844,Healthcare
Combined Risk Parity,2021-01-04,ADBE,0.016318203001582054,Tech
Combined Risk Parity,2021-01-04,AEP,0.021684006845606826,Utilities
Combined Risk Parity,2021-01-04,AMD,0.014850430602334248,Tech
Combined Risk Parity,2021-01-04,AMGN,0.021340162209994944,Healthcare
Combined Risk Parity,2021-01-04,AMT,0.016927375190992227,RealEstate
Combined Risk Parity,2021-01-04,BA,0.00966031493173139,Industrials
Combined Risk Parity,2021-01-04,CAT,0.01646766441479674,Industrials
Combined Risk Parity,2021-01-04,CCI,0.01804425337015461,RealEstate
Combined Risk Parity,2021-01-04,CMCSA,0.018026663643926594,Comm
Combined Risk Parity,2021-01-04,COP,0.011116468692659259,Energy
Combined Risk Parity,2021-01-04,CVX,0.012162911510664929,Energy
Combined Risk Parity,2021-01-04,D,0.01766035241249329,Utilities
Combined Risk Parity,2021-01-04,DD,0.014295121742452392,Materials
Combined Risk Parity,2021-01-04,DIS,0.015620421513070464,Consumer
Combined Risk Parity,2021-01-04,DOW,0.012020787123023088,Materials
Combined Risk Parity,2021-01-04,DUK,0.01718618193438943,Utilities
Combined Risk Parity,2021-01-04,EA,0.02804419948431422,Comm
Combined Risk Parity,2021-01-04,GE,0.013359851015756074,Industrials
Combined Risk Parity,2021-01-04,GILD,0.03303079812336073,Healthcare
Combined Risk Parity,2021-01-04,GS,0.013186475924802016,Financials
Combined Risk Parity,2021-01-04,INTC,0.014449372048799505,Tech
Combined Risk Parity,2021-01-04,KO,0.02043761760948599,Consumer
Combined Risk Parity,2021-01-04,MMM,0.019937252848186836,Industrials
Combined Risk Parity,2021-01-04,MRK,0.024589515984433388,Healthcare
Combined Risk Parity,2021-01-04,MS,0.011698220265267853,Financials
Combined Risk Parity,2021-01-04,NEE,0.017291197422355103,Utilities
Combined Risk Parity,2021-01-04,NEM,0.03501687021182471,Materials
Combined Risk Parity,2021-01-04,NKE,0.018315391883714758,Consumer
Combined Risk Parity,2021-01-04,NUE,0.014264647741003595,Materials
Combined Risk Parity,2021-01-04,NVDA,0.013264209629279346,Tech
Combined Risk Parity,2021-01-04,O,0.014035402759690662,RealEstate
Combined Risk Parity,2021-01-04,OXY,0.009050801770398707,Energy
Combined Risk Parity,2021-01-04,PLD,0.015391277381244182,RealEstate
Combined Risk Parity,2021-01-04,PSA,0.022736261536877047,RealEstate
Combined Risk Parity,2021-01-04,QCOM,0.014880814448199057,Tech
Combined Risk Parity,2021-01-04,SBUX,0.015178683272797361,Consumer
Combined Risk Parity,2021-01-04,SHW,0.017485398075732562,Materials
Combined Risk Parity,2021-01-04,SLB,0.010755336797153462,Energy
Combined Risk Parity,2021-01-04,SO,0.016104545940875205,Utilities
Combined Risk Parity,2021-01-04,T,0.019595214629916455,Comm
Combined Risk Parity,2021-01-04,TMUS,0.019183923747762868,Comm
Combined Risk Parity,2021-01-04,TTWO,0.026289490890232144,Comm
Combined Risk Parity,2021-01-04,UPS,0.021374062499011793,Industrials
Combined Risk Parity,2021-01-04,USB,0.01274501423715643,Financials
Combined Risk Parity,2021-01-04,V,0.015333566438666983,Financials
Combined Risk Parity,2021-01-04,WFC,0.012025670742245233,Financials
Combined Risk Parity,2021-01-04,WMT,0.030143477305829586,Consumer
Combined Risk Parity,2021-01-04,XOM,0.014598170331014649,Energy
Combined Risk Parity,2021-01-04,ADA-USD,0.01034745981767306,Crypto
Combined Risk Parity,2021-01-04,BCH-USD,0.011248755834520462,Crypto
Combined Risk Parity,2021-01-04,BTC-USD,0.014741280006785987,Crypto
Combined Risk Parity,2021-01-04,EOS-USD,0.011936673314748571,Crypto
Combined Risk Parity,2021-01-04,ETC-USD,0.012170972489562495,Crypto
Combined Risk Parity,2021-01-04,ETH-USD,0.01102299545921804,Crypto
Combined Risk Parity,2021-01-04,LTC-USD,0.011613680716558852,Crypto
Combined Risk Parity,2021-01-04,TRX-USD,0.012657563428690429,Crypto
Combined Risk Parity,2021-01-04,XLM-USD,0.010853920878614124,Crypto
Combined Risk Parity,2021-01-04,XRP-USD,0.011662520334957117,Crypto
Combined Risk Parity,2021-02-01,ABBV,0.023866098791420022,Healthcare
Combined Risk Parity,2021-02-01,ABT,0.020609065085915423,Healthcare
Combined Risk Parity,2021-02-01,ADBE,0.016512174205858154,Tech
Combined Risk Parity,2021-02-01,AEP,0.021996749823208577,Utilities
Combined Risk Parity,2021-02-01,AMD,0.015172621032623136,Tech
Combined Risk Parity,2021-02-01,AMGN,0.02147363680880804,Healthcare
Combined Risk Parity,2021-02-01,AMT,0.01718017561539977,RealEstate
Combined Risk Parity,2021-02-01,BA,0.00965580525880056,Industrials
Combined Risk Parity,2021-02-01,CAT,0.016405794808380343,Industrials
Combined Risk Parity,2021-02-01,CCI,0.018360348945998316,RealEstate
Combined Risk Parity,2021-02-01,CMCSA,0.01799139904495281,Comm
Combined Risk Parity,2021-02-01,COP,0.01107781777118903,Energy
Combined Risk Parity,2021-02-01,CVX,0.012147234515625745,Energy
Combined Risk Parity,2021-02-01,D,0.017974528938555643,Utilities
Combined Risk Parity,2021-02-01,DD,0.014118954924621372,Materials
Combined Risk Parity,2021-02-01,DIS,0.015611595487474955,Consumer
Combined Risk Parity,2021-02-01,DOW,0.012010998986795977,Materials
Combined Risk Parity,2021-02-01,DUK,0.017399629689908467,Utilities
Combined Risk Parity,2021-02-01,EA,0.02895647739407186,Comm
Combined Risk Parity,2021-02-01,GE,0.013408628581514441,Industrials
Combined Risk Parity,2021-02-01,GILD,0.03263626107280534,Healthcare
Combined Risk Parity,2021-02-01,GS,0.01324350226999118,Financials
Combined Risk Parity,2021-02-01,INTC,0.014504175617615021,Tech
Combined Risk Parity,2021-02-01,KO,0.020796412700055347,Consumer
Combined Risk Parity,2021-02-01,MMM,0.020576539680571996,Industrials
Combined Risk Parity,2021-02-01,MRK,0.024607531517096656,Healthcare
Combined Risk Parity,2021-02-01,MS,0.01171786384294496,Financials
Combined Risk Parity,2021-02-01,NEE,0.016838750035387824,Utilities
Combined Risk Parity,2021-02-01,NEM,0.033923519742036994,Materials
Combined Risk Parity,2021-02-01,NKE,0.018346170100298292,Consumer
Combined Risk Parity,2021-02-01,NUE,0.014318072710413706,Materials
Combined Risk Parity,2021-02-01,NVDA,0.013540942239302679,Tech
Combined Risk Parity,2021-02-01,O,0.014268919026308047,RealEstate
Combined Risk Parity,2021-02-01,OXY,0.00904371172649521,Energy
Combined Risk Parity,2021-02-01,PLD,0.015567694881936043,RealEstate
Combined Risk Parity,2021-02-01,PSA,0.023159625994684713,RealEstate
Combined Risk Parity,2021-02-01,QCOM,0.014890265757915367,Tech
Combined Risk Parity,2021-02-01,SBUX,0.015135881162528259,Consumer
Combined Risk Parity,2021-02-01,SHW,0.017796989307551785,Materials
Combined Risk Parity,2021-02-01,SLB,0.01067690296504773,Energy
Combined Risk Parity,2021-02-01,SO,0.01612350907529093,Utilities
Combined Risk Parity,2021-02-01,T,0.01987201791710745,Comm
Combined Risk Parity,2021-02-01,TMUS,0.019019904091668417,Comm
Combined Risk Parity,2021-02-01,TTWO,0.026241346583849617,Comm
Combined Risk Parity,2021-02-01,UPS,0.021596003993758467,Industrials
Combined Risk Parity,2021-02-01,USB,0.01267562183299446,Financials
Combined Risk Parity,2021-02-01,V,0.015496578448554765,Financials
Combined Risk Parity,2021-02-01,WFC,0.011791502476245058,Financials
Combined Risk Parity,2021-02-01,WMT,0.030258913919760728,Consumer
Combined Risk Parity,2021-02-01,XOM,0.01457317895881581,Energy
Combined Risk Parity,2021-02-01,ADA-USD,0.009851584100776706,Crypto
Combined Risk Parity,2021-02-01,BCH-USD,0.011045938782301493,Crypto
Combined Risk Parity,2021-02-01,BTC-USD,0.013959763678402388,Crypto
Combined Risk Parity,2021-02-01,EOS-USD,0.011777634807346159,Crypto
Combined Risk Parity,2021-02-01,ETC-USD,0.012186880036311043,Crypto
Combined Risk Parity,2021-02-01,ETH-USD,0.010663821747205265,Crypto
Combined Risk Parity,2021-02-01,LTC-USD,0.011310643642365718,Crypto
Combined Risk Parity,2021-02-01,TRX-USD,0.012883036642810238,Crypto
Combined Risk Parity,2021-02-01,XLM-USD,0.009633492065550042,Crypto
Combined Risk Parity,2021-02-01,XRP-USD,0.011519159136775587,Crypto
Combined Risk Parity,2021-03-01,ABBV,0.024343962785199607,Healthcare
Combined Risk Parity,2021-03-01,ABT,0.02081498231165027,Healthcare
Combined Risk Parity,2021-03-01,ADBE,0.016442876605398928,Tech
Combined Risk Parity,2021-03-01,AEP,0.022289645754786005,Utilities
Combined Risk Parity,2021-03-01,AMD,0.015410833342378853,Tech
Combined Risk Parity,2021-03-01,AMGN,0.02211774547525596,Healthcare
Combined Risk Parity,2021-03-01,AMT,0.017041505389139688,RealEstate
Combined Risk Parity,2021-03-01,BA,0.009533507565022574,Industrials
Combined Risk Parity,2021-03-01,CAT,0.01656941290466857,Industrials
Combined Risk Parity,2021-03-01,CCI,0.018623819332373993,RealEstate
Combined Risk Parity,2021-03-01,CMCSA,0.018196337381163292,Comm
Combined Risk Parity,2021-03-01,COP,0.011134549549369478,Energy
Combined Risk Parity,2021-03-01,CVX,0.012191628396363759,Energy
Combined Risk Parity,2021-03-01,D,0.018018769909810082,Utilities
Combined Risk Parity,2021-03-01,DD,0.014348471134741029,Materials
Combined Risk Parity,2021-03-01,DIS,0.015635361236435667,Consumer
Combined Risk Parity,2021-03-01,DOW,0.012154386585978233,Materials
Combined Risk Parity,2021-03-01,DUK,0.01748102305807899,Utilities
Combined Risk Parity,2021-03-01,EA,0.02904116475303942,Comm
Combined Risk Parity,2021-03-01,GE,0.013468117999230393,Industrials
Combined Risk Parity,2021-03-01,GILD,0.031184798658331233,Healthcare
Combined Risk Parity,2021-03-01,GS,0.0131496094789034,Financials
Combined Risk Parity,2021-03-01,INTC,0.014576118321561297,Tech
Combined Risk Parity,2021-03-01,KO,0.020709489600724093,Consumer
Combined Risk Parity,2021-03-01,MMM,0.02058518574030781,Industrials
Combined Risk Parity,2021-03-01,MRK,0.024399162067424113,Healthcare
Combined Risk Parity,2021-03-01,MS,0.011694492275694452,Financials
Combined Risk Parity,2021-03-01,NEE,0.01681286576936684,Utilities
Combined Risk Parity,2021-03-01,NEM,0.03362012788787538,Materials
Combined Risk Parity,2021-03-01,NKE,0.018546722244787962,Consumer
Combined Risk Parity,2021-03-01,NUE,0.014361916042058082,Materials
Combined Risk Parity,2021-03-01,NVDA,0.01357180149320378,Tech
Combined Risk Parity,2021-03-01,O,0.014274726298600628,RealEstate
Combined Risk Parity,2021-03-01,OXY,0.00900748096013562,Energy
Combined Risk Parity,2021-03-01,PLD,0.015744726799824364,RealEstate
Combined Risk Parity,2021-03-01,PSA,0.02353671527408098,RealEstate
Combined Risk Parity,2021-03-01,QCOM,0.015017226979229178,Tech
Combined Risk Parity,2021-03-01,SBUX,0.015098471323750489,Consumer
Combined Risk Parity,2021-03-01,SHW,0.017846701651812517,Materials
Combined Risk Parity,2021-03-01,SLB,0.010699123799756849,Energy
Combined Risk Parity,2021-03-01,SO,0.016031986352828778,Utilities
Combined Risk Parity,2021-03-01,T,0.019652156505542136,Comm
Combined Risk Parity,2021-03-01,TMUS,0.01953535979731008,Comm
Combined Risk Parity,2021-03-01,TTWO,0.02625484827791688,Comm
Combined Risk Parity,2021-03-01,UPS,0.022351099116037682,Industrials
Combined Risk Parity,2021-03-01,USB,0.012613688205701553,Financials
Combined Risk Parity,2021-03-01,V,0.01572726947667463,Financials
Combined Risk Parity,2021-03-01,WFC,0.011605971005340974,Financials
Combined Risk Parity,2021-03-01,WMT,0.03045482478948916,Consumer
Combined Risk Parity,2021-03-01,XOM,0.014737860714748023,Energy
Combined Risk Parity,2021-03-01,ADA-USD,0.00976523507453547,Crypto
Combined Risk Parity,2021-03-01,BCH-USD,0.0107770900143765,Crypto
Combined Risk Parity,2021-03-01,BTC-USD,0.013378273485468033,Crypto
Combined Risk Parity,2021-03-01,EOS-USD,0.011418167750048844,Crypto
Combined Risk Parity,2021-03-01,ETC-USD,0.011686336141814637,Crypto
Combined Risk Parity,2021-03-01,ETH-USD,0.010428576952585443,Crypto
Combined Risk Parity,2021-03-01,LTC-USD,0.010964446924333737,Crypto
Combined Risk Parity,2021-03-01,TRX-USD,0.012534479376852843,Crypto
Combined Risk Parity,2021-03-01,XLM-USD,0.009423112754089384,Crypto
Combined Risk Parity,2021-03-01,XRP-USD,0.011363653146791506,Crypto
Combined Risk Parity,2021-04-01,ABBV,0.026988133477596012,Healthcare
Combined Risk Parity,2021-04-01,ABT,0.023414763584654514,Healthcare
Combined Risk Parity,2021-04-01,ADBE,0.01748329623933574,Tech
Combined Risk Parity,2021-04-01,AEP,0.021253370466213454,Utilities
Combined Risk Parity,2021-04-01,AMD,0.014951846900793516,Tech
Combined Risk Parity,2021-04-01,AMGN,0.026062994785750235,Healthcare
Combined Risk Parity,2021-04-01,AMT,0.018213077172434543,RealEstate
Combined Risk Parity,2021-04-01,BA,0.008349571717450644,Industrials
Combined Risk Parity,2021-04-01,CAT,0.014571217040786916,Industrials
Combined Risk Parity,2021-04-01,CCI,0.020304814650831622,RealEstate
Combined Risk Parity,2021-04-01,CMCSA,0.016581242461011076,Comm
Combined Risk Parity,2021-04-01,COP,0.010822677172070312,Energy
Combined Risk Parity,2021-04-01,CVX,0.01201971316757186,Energy
Combined Risk Parity,2021-04-01,D,0.0250234341682228,Utilities
Combined Risk Parity,2021-04-01,DD,0.013069475684084602,Materials
Combined Risk Parity,2021-04-01,DIS,0.015652060361910046,Consumer
Combined Risk Parity,2021-04-01,DOW,0.010865521466491447,Materials
Combined Risk Parity,2021-04-01,DUK,0.021063642535112143,Utilities
Combined Risk Parity,2021-04-01,EA,0.034655771385963555,Comm
Combined Risk Parity,2021-04-01,GE,0.013035068797314482,Industrials
Combined Risk Parity,2021-04-01,GILD,0.026715210655820828,Healthcare
Combined Risk Parity,2021-04-01,GS,0.014165096454037247,Financials
Combined Risk Parity,2021-04-01,INTC,0.016002761588403056,Tech
Combined Risk Parity,2021-04-01,KO,0.018326155432095956,Consumer
Combined Risk Parity,2021-04-01,MMM,0.021549852262225763,Industrials
Combined Risk Parity,2021-04-01,MRK,0.024179212164216642,Healthcare
Combined Risk Parity,2021-04-01,MS,0.012447862866050123,Financials
Combined Risk Parity,2021-04-01,NEE,0.017656755586455575,Utilities
Combined Risk Parity,2021-04-01,NEM,0.02533399313936784,Materials
Combined Risk Parity,2021-04-01,NKE,0.0187849574264574,Consumer
Combined Risk Parity,2021-04-01,NUE,0.013422870892322194,Materials
Combined Risk Parity,2021-04-01,NVDA,0.013393639384211084,Tech
Combined Risk Parity,2021-04-01,O,0.015228590119127637,RealEstate
Combined Risk Parity,2021-04-01,OXY,0.0069391334720642,Energy
Combined Risk Parity,2021-04-01,PLD,0.015402442690798357,RealEstate
Combined Risk Parity,2021-04-01,PSA,0.028626731357029808,RealEstate
Combined Risk Parity,2021-04-01,QCOM,0.014148303952891893,Tech
Combined Risk Parity,2021-04-01,SBUX,0.015560124331095125,Consumer
Combined Risk Parity,2021-04-01,SHW,0.01811148693759708,Materials
Combined Risk Parity,2021-04-01,SLB,0.009057860380899091,Energy
Combined Risk Parity,2021-04-01,SO,0.016852965786698298,Utilities
Combined Risk Parity,2021-04-01,T,0.020581721314126073,Comm
Combined Risk Parity,2021-04-01,TMUS,0.021286643041694593,Comm
Combined Risk Parity,2021-04-01,TTWO,0.03177822497832603,Comm
Combined Risk Parity,2021-04-01,UPS,0.018238221230129577,Industrials
Combined Risk Parity,2021-04-01,USB,0.01147172076196746,Financials
Combined Risk Parity,2021-04-01,V,0.014661214963606607,Financials
Combined Risk Parity,2021-04-01,WFC,0.011271570873230602,Financials
Combined Risk Parity,2021-04-01,WMT,0.03974175438114709,Consumer
Combined Risk Parity,2021-04-01,XOM,0.01248936172151935,Energy
Combined Risk Parity,2021-04-01,ADA-USD,0.007957548680223548,Crypto
Combined Risk Parity,2021-04-01,BCH-USD,0.008818694212882153,Crypto
Combined Risk Parity,2021-04-01,BTC-USD,0.011734290667904301,Crypto
Combined Risk Parity,2021-04-01,EOS-USD,0.008786222538035557,Crypto
Combined Risk Parity,2021-04-01,ETC-USD,0.009901956965033227,Crypto
Combined Risk Parity,2021-04-01,ETH-USD,0.008494875669495633,Crypto
Combined Risk Parity,2021-04-01,LTC-USD,0.009091221528380516,Crypto
Combined Risk Parity,2021-04-01,TRX-USD,0.011932183712364172,Crypto
Combined Risk Parity,2021-04-01,XLM-USD,0.006700937070751444,Crypto
Combined Risk Parity,2021-04-01,XRP-USD,0.008773935573717277,Crypto
Combined Risk Parity,2021-05-03,ABBV,0.02903053884300591,Healthcare
Combined Risk Parity,2021-05-03,ABT,0.022073497375526333,Healthcare
Combined Risk Parity,2021-05-03,ADBE,0.01844375016194438,Tech
Combined Risk Parity,2021-05-03,AEP,0.02715724535412814,Utilities
Combined Risk Parity,2021-05-03,AMD,0.014241528489183093,Tech
Combined Risk Parity,2021-05-03,AMGN,0.02551408611136582,Healthcare
Combined Risk Parity,2021-05-03,AMT,0.02008336774524882,RealEstate
Combined Risk Parity,2021-05-03,BA,0.0075207934742268865,Industrials
Combined Risk Parity,2021-05-03,CAT,0.014121968272586369,Industrials
Combined Risk Parity,2021-05-03,CCI,0.02086914712564932,RealEstate
Combined Risk Parity,2021-05-03,CMCSA,0.016835040912891445,Comm
Combined Risk Parity,2021-05-03,COP,0.010115276505161823,Energy
Combined Risk Parity,2021-05-03,CVX,0.012050635255454705,Energy
Combined Risk Parity,2021-05-03,D,0.03172985127283927,Utilities
Combined Risk Parity,2021-05-03,DD,0.012940898478518887,Materials
Combined Risk Parity,2021-05-03,DIS,0.014528779216021664,Consumer
Combined Risk Parity,2021-05-03,DOW,0.01074908451005718,Materials
Combined Risk Parity,2021-05-03,DUK,0.02558262155047658,Utilities
Combined Risk Parity,2021-05-03,EA,0.030751832396001013,Comm
Combined Risk Parity,2021-05-03,GE,0.011684941516569753,Industrials
Combined Risk Parity,2021-05-03,GILD,0.02782191870729756,Healthcare
Combined Risk Parity,2021-05-03,GS,0.013713570833757856,Financials
Combined Risk Parity,2021-05-03,INTC,0.015782341827232947,Tech
Combined Risk Parity,2021-05-03,KO,0.019414030890007733,Consumer
Combined Risk Parity,2021-05-03,MMM,0.021413352574282372,Industrials
Combined Risk Parity,2021-05-03,MRK,0.02822372872530312,Healthcare
Combined Risk Parity,2021-05-03,MS,0.012902760400347471,Financials
Combined Risk Parity,2021-05-03,NEE,0.019118959326356766,Utilities
Combined Risk Parity,2021-05-03,NEM,0.024007893364692088,Materials
Combined Risk Parity,2021-05-03,NKE,0.019196292881890384,Consumer
Combined Risk Parity,2021-05-03,NUE,0.011691490484100989,Materials
Combined Risk Parity,2021-05-03,NVDA,0.01364189009871482,Tech
Combined Risk Parity,2021-05-03,O,0.016517238514913966,RealEstate
Combined Risk Parity,2021-05-03,OXY,0.006286498433483416,Energy
Combined Risk Parity,2021-05-03,PLD,0.01680139267169564,RealEstate
Combined Risk Parity,2021-05-03,PSA,0.02672797824290586,RealEstate
Combined Risk Parity,2021-05-03,QCOM,0.012534926480235336,Tech
Combined Risk Parity,2021-05-03,SBUX,0.015796202487684808,Consumer
Combined Risk Parity,2021-05-03,SHW,0.022412404881233805,Materials
Combined Risk Parity,2021-05-03,SLB,0.008385790535338316,Energy
Combined Risk Parity,2021-05-03,SO,0.02053784475758789,Utilities
Combined Risk Parity,2021-05-03,T,0.023643654978027107,Comm
Combined Risk Parity,2021-05-03,TMUS,0.01749116520624669,Comm
Combined Risk Parity,2021-05-03,TTWO,0.026798582335323277,Comm
Combined Risk Parity,2021-05-03,UPS,0.017243736468388518,Industrials
Combined Risk Parity,2021-05-03,USB,0.011924445197676561,Financials
Combined Risk Parity,2021-05-03,V,0.016336073244521146,Financials
Combined Risk Parity,2021-05-03,WFC,0.010865147444172763,Financials
Combined Risk Parity,2021-05-03,WMT,0.03876967962876916,Consumer
Combined Risk Parity,2021-05-03,XOM,0.011239760705239294,Energy
Combined Risk Parity,2021-05-03,ADA-USD,0.006857121864075276,Crypto
Combined Risk Parity,2021-05-03,BCH-USD,0.007013738178558649,Crypto
Combined Risk Parity,2021-05-03,BTC-USD,0.010300397135817764,Crypto
Combined Risk Parity,2021-05-03,EOS-USD,0.007296930117421528,Crypto
Combined Risk Parity,2021-05-03,ETC-USD,0.007962925297415994,Crypto
Combined Risk Parity,2021-05-03,ETH-USD,0.00814777537410699,Crypto
Combined Risk Parity,2021-05-03,LTC-USD,0.007473351261853287,Crypto
Combined Risk Parity,2021-05-03,TRX-USD,0.009859714173719223,Crypto
Combined Risk Parity,2021-05-03,XLM-USD,0.005391518835304886,Crypto
Combined Risk Parity,2021-05-03,XRP-USD,0.006430890867441389,Crypto
Combined Risk Parity,2021-06-01,ABBV,0.02394855970729269,Healthcare
Combined Risk Parity,2021-06-01,ABT,0.022441206169995797,Healthcare
Combined Risk Parity,2021-06-01,ADBE,0.01728614685272775,Tech
Combined Risk Parity,2021-06-01,AEP,0.030212899324335456,Utilities
Combined Risk Parity,2021-06-01,AMD,0.014750342862943239,Tech
Combined Risk Parity,2021-06-01,AMGN,0.023363185266516113,Healthcare
Combined Risk Parity,2021-06-01,AMT,0.020724184758294777,RealEstate
Combined Risk Parity,2021-06-01,BA,0.0077547732125732485,Industrials
Combined Risk Parity,2021-06-01,CAT,0.01541992052801462,Industrials
Combined Risk Parity,2021-06-01,CCI,0.022877508969995592,RealEstate
Combined Risk Parity,2021-06-01,CMCSA,0.016915189500860316,Comm
Combined Risk Parity,2021-06-01,COP,0.010034010928784195,Energy
Combined Risk Parity,2021-06-01,CVX,0.012168808806029194,Energy
Combined Risk Parity,2021-06-01,D,0.03248798032829159,Utilities
Combined Risk Parity,2021-06-01,DD,0.013026633841989318,Materials
Combined Risk Parity,2021-06-01,DIS,0.01590148499150307,Consumer
Combined Risk Parity,2021-06-01,DOW,0.01166372373217898,Materials
Combined Risk Parity,2021-06-01,DUK,0.02713177299515772,Utilities
Combined Risk Parity,2021-06-01,EA,0.02890694176554746,Comm
Combined Risk Parity,2021-06-01,GE,0.01307003292686379,Industrials
Combined Risk Parity,2021-06-01,GILD,0.029406303813067913,Healthcare
Combined Risk Parity,2021-06-01,GS,0.014349549527543064,Financials
Combined Risk Parity,2021-06-01,INTC,0.015818559560461687,Tech
Combined Risk Parity,2021-06-01,KO,0.01983599103553233,Consumer
Combined Risk Parity,2021-06-01,MMM,0.02368292002243333,Industrials
Combined Risk Parity,2021-06-01,MRK,0.027579283281463078,Healthcare
Combined Risk Parity,2021-06-01,MS,0.014046525270025869,Financials
Combined Risk Parity,2021-06-01,NEE,0.020155181373935523,Utilities
Combined Risk Parity,2021-06-01,NEM,0.020886218899357507,Materials
Combined Risk Parity,2021-06-01,NKE,0.018732746410110794,Consumer
Combined Risk Parity,2021-06-01,NUE,0.011280368156870656,Materials
Combined Risk Parity,2021-06-01,NVDA,0.01305344587144519,Tech
Combined Risk Parity,2021-06-01,O,0.01737871896800759,RealEstate
Combined Risk Parity,2021-06-01,OXY,0.006554524188953161,Energy
Combined Risk Parity,2021-06-01,PLD,0.018342536984469814,RealEstate
Combined Risk Parity,2021-06-01,PSA,0.032175629069158926,RealEstate
Combined Risk Parity,2021-06-01,QCOM,0.012852884990929627,Tech
Combined Risk Parity,2021-06-01,SBUX,0.015376613179336092,Consumer
Combined Risk Parity,2021-06-01,SHW,0.021596834891062025,Materials
Combined Risk Parity,2021-06-01,SLB,0.009212151375118233,Energy
Combined Risk Parity,2021-06-01,SO,0.022916092348454868,Utilities
Combined Risk Parity,2021-06-01,T,0.0254164145599324,Comm
Combined Risk Parity,2021-06-01,TMUS,0.018714943598651206,Comm
Combined Risk Parity,2021-06-01,TTWO,0.028161412382190453,Comm
Combined Risk Parity,2021-06-01,UPS,0.01760288772592731,Industrials
Combined Risk Parity,2021-06-01,USB,0.013185427145498784,Financials
Combined Risk Parity,2021-06-01,V,0.016283999666245934,Financials
Combined Risk Parity,2021-06-01,WFC,0.01192948646962144,Financials
Combined Risk Parity,2021-06-01,WMT,0.03518142267977899,Consumer
Combined Risk Parity,2021-06-01,XOM,0.011801918043746931,Energy
Combined Risk Parity,2021-06-01,ADA-USD,0.005175011130139895,Crypto
Combined Risk Parity,2021-06-01,BCH-USD,0.004875566784200897,Crypto
Combined Risk Parity,2021-06-01,BTC-USD,0.008162572863426178,Crypto
Combined Risk Parity,2021-06-01,EOS-USD,0.004904323030612249,Crypto
Combined Risk Parity,2021-06-01,ETC-USD,0.0050005379858852695,Crypto
Combined Risk Parity,2021-06-01,ETH-USD,0.006331620229003531,Crypto
Combined Risk Parity,2021-06-01,LTC-USD,0.005555896314453475,Crypto
Combined Risk Parity,2021-06-01,TRX-USD,0.0069754504187445,Crypto
Combined Risk Parity,2021-06-01,XLM-USD,0.00430608560306878,Crypto
Combined Risk Parity,2021-06-01,XRP-USD,0.005116636681239582,Crypto
Combined Risk Parity,2021-07-01,ABBV,0.022890994080527183,Healthcare
Combined Risk Parity,2021-07-01,ABT,0.023587898984141098,Healthcare
Combined Risk Parity,2021-07-01,ADBE,0.017817419914954568,Tech
Combined Risk Parity,2021-07-01,AEP,0.03067792887069369,Utilities
Combined Risk Parity,2021-07-01,AMD,0.014945018736450343,Tech
Combined Risk Parity,2021-07-01,AMGN,0.020988137705104395,Healthcare
Combined Risk Parity,2021-07-01,AMT,0.02283030305347911,RealEstate
Combined Risk Parity,2021-07-01,BA,0.00936802209056597,Industrials
Combined Risk Parity,2021-07-01,CAT,0.016377970089928078,Industrials
Combined Risk Parity,2021-07-01,CCI,0.026532772692756133,RealEstate
Combined Risk Parity,2021-07-01,CMCSA,0.015696567700687482,Comm
Combined Risk Parity,2021-07-01,COP,0.010077157728769917,Energy
Combined Risk Parity,2021-07-01,CVX,0.012139857589502073,Energy
Combined Risk Parity,2021-07-01,D,0.030040818317735193,Utilities
Combined Risk Parity,2021-07-01,DD,0.012645902021522921,Materials
Combined Risk Parity,2021-07-01,DIS,0.016612355978666615,Consumer
Combined Risk Parity,2021-07-01,DOW,0.011987520702093786,Materials
Combined Risk Parity,2021-07-01,DUK,0.026199502217054048,Utilities
Combined Risk Parity,2021-07-01,EA,0.02383642177214809,Comm
Combined Risk Parity,2021-07-01,GE,0.01444885681833283,Industrials
Combined Risk Parity,2021-07-01,GILD,0.026293438393572954,Healthcare
Combined Risk Parity,2021-07-01,GS,0.015961155114080815,Financials
Combined Risk Parity,2021-07-01,INTC,0.014514871538654344,Tech
Combined Risk Parity,2021-07-01,KO,0.020728687563866297,Consumer
Combined Risk Parity,2021-07-01,MMM,0.026352691407940363,Industrials
Combined Risk Parity,2021-07-01,MRK,0.029459130300309392,Healthcare
Combined Risk Parity,2021-07-01,MS,0.013861941300785833,Financials
Combined Risk Parity,2021-07-01,NEE,0.018590340585888335,Utilities
Combined Risk Parity,2021-07-01,NEM,0.017354214658724502,Materials
Combined Risk Parity,2021-07-01,NKE,0.022058148479519684,Consumer
Combined Risk Parity,2021-07-01,NUE,0.011102760934235015,Materials
Combined Risk Parity,2021-07-01,NVDA,0.012428962112005617,Tech
Combined Risk Parity,2021-07-01,O,0.01912115329488699,RealEstate
Combined Risk Parity,2021-07-01,OXY,0.00815228448018265,Energy
Combined Risk Parity,2021-07-01,PLD,0.019602646742031167,RealEstate
Combined Risk Parity,2021-07-01,PSA,0.037064400252201965,RealEstate
Combined Risk Parity,2021-07-01,QCOM,0.012560138950016377,Tech
Combined Risk Parity,2021-07-01,SBUX,0.01713593371256421,Consumer
Combined Risk Parity,2021-07-01,SHW,0.02247969428300125,Materials
Combined Risk Parity,2021-07-01,SLB,0.009716446833935752,Energy
Combined Risk Parity,2021-07-01,SO,0.02252076000788149,Utilities
Combined Risk Parity,2021-07-01,T,0.030450717016867298,Comm
Combined Risk Parity,2021-07-01,TMUS,0.01774449398856673,Comm
Combined Risk Parity,2021-07-01,TTWO,0.024354296673755205,Comm
Combined Risk Parity,2021-07-01,UPS,0.0186490141674326,Industrials
Combined Risk Parity,2021-07-01,USB,0.01428656202860584,Financials
Combined Risk Parity,2021-07-01,V,0.015598803748874915,Financials
Combined Risk Parity,2021-07-01,WFC,0.013060023438885989,Financials
Combined Risk Parity,2021-07-01,WMT,0.027612279761588778,Consumer
Combined Risk Parity,2021-07-01,XOM,0.012403843460645958,Energy
Combined Risk Parity,2021-07-01,ADA-USD,0.004578500180623322,Crypto
Combined Risk Parity,2021-07-01,BCH-USD,0.004222385654401976,Crypto
Combined Risk Parity,2021-07-01,BTC-USD,0.007007790605047671,Crypto
Combined Risk Parity,2021-07-01,EOS-USD,0.004267754900867525,Crypto
Combined Risk Parity,2021-07-01,ETC-USD,0.004257836349620369,Crypto
Combined Risk Parity,2021-07-01,ETH-USD,0.005459284444812133,Crypto
Combined Risk Parity,2021-07-01,LTC-USD,0.004692650314259162,Crypto
Combined Risk Parity,2021-07-01,TRX-USD,0.00651719850322712,Crypto
Combined Risk Parity,2021-07-01,XLM-USD,0.0037278923679120533,Crypto
Combined Risk Parity,2021-07-01,XRP-USD,0.004347444382606912,Crypto
Combined Risk Parity,2021-08-02,ABBV,0.02214234326646446,Healthcare
Combined Risk Parity,2021-08-02,ABT,0.024588122640290203,Healthcare
Combined Risk Parity,2021-08-02,ADBE,0.01794606595392058,Tech
Combined Risk Parity,2021-08-02,AEP,0.030124439047402606,Utilities
Combined Risk Parity,2021-08-02,AMD,0.014473886379870769,Tech
Combined Risk Parity,2021-08-02,AMGN,0.021325184128819525,Healthcare
Combined Risk Parity,2021-08-02,AMT,0.02363118560322243,RealEstate
Combined Risk Parity,2021-08-02,BA,0.009378682391146273,Industrials
Combined Risk Parity,2021-08-02,CAT,0.016278388203409898,Industrials
Combined Risk Parity,2021-08-02,CCI,0.028115926740842463,RealEstate
Combined Risk Parity,2021-08-02,CMCSA,0.01586744938382247,Comm
Combined Risk Parity,2021-08-02,COP,0.010155230210973018,Energy
Combined Risk Parity,2021-08-02,CVX,0.012348452879762642,Energy
Combined Risk Parity,2021-08-02,D,0.028883658929879704,Utilities
Combined Risk Parity,2021-08-02,DD,0.012292402818421538,Materials
Combined Risk Parity,2021-08-02,DIS,0.016194258904586888,Consumer
Combined Risk Parity,2021-08-02,DOW,0.012036965408419828,Materials
Combined Risk Parity,2021-08-02,DUK,0.02683946795410656,Utilities
Combined Risk Parity,2021-08-02,EA,0.023661739555226897,Comm
Combined Risk Parity,2021-08-02,GE,0.014066060821701363,Industrials
Combined Risk Parity,2021-08-02,GILD,0.025722361723808575,Healthcare
Combined Risk Parity,2021-08-02,GS,0.01566336342322583,Financials
Combined Risk Parity,2021-08-02,INTC,0.014686869864626874,Tech
Combined Risk Parity,2021-08-02,KO,0.021459579808902566,Consumer
Combined Risk Parity,2021-08-02,MMM,0.026550595857365033,Industrials
Combined Risk Parity,2021-08-02,MRK,0.030202733401613117,Healthcare
Combined Risk Parity,2021-08-02,MS,0.013543112750555949,Financials
Combined Risk Parity,2021-08-02,NEE,0.01934899924906998,Utilities
Combined Risk Parity,2021-08-02,NEM,0.01726480978881194,Materials
Combined Risk Parity,2021-08-02,NKE,0.02262032396181144,Consumer
Combined Risk Parity,2021-08-02,NUE,0.010733293576833043,Materials
Combined Risk Parity,2021-08-02,NVDA,0.012322386319127254,Tech
Combined Risk Parity,2021-08-02,O,0.01989655085612661,RealEstate
Combined Risk Parity,2021-08-02,OXY,0.00829350201192899,Energy
Combined Risk Parity,2021-08-02,PLD,0.019800943263052425,RealEstate
Combined Risk Parity,2021-08-02,PSA,0.03662007323424839,RealEstate
Combined Risk Parity,2021-08-02,QCOM,0.01175274908326182,Tech
Combined Risk Parity,2021-08-02,SBUX,0.01727752249226759,Consumer
Combined Risk Parity,2021-08-02,SHW,0.023812470250327872,Materials
Combined Risk Parity,2021-08-02,SLB,0.00970403336304477,Energy
Combined Risk Parity,2021-08-02,SO,0.023165105026088127,Utilities
Combined Risk Parity,2021-08-02,T,0.030020958167421768,Comm
Combined Risk Parity,2021-08-02,TMUS,0.017648111258960302,Comm
Combined Risk Parity,2021-08-02,TTWO,0.02492041254602786,Comm
Combined Risk Parity,2021-08-02,UPS,0.018384355700789702,Industrials
Combined Risk Parity,2021-08-02,USB,0.013668945679022987,Financials
Combined Risk Parity,2021-08-02,V,0.01564489259377247,Financials
Combined Risk Parity,2021-08-02,WFC,0.012565413965645807,Financials
Combined Risk Parity,2021-08-02,WMT,0.026065942120883392,Consumer
Combined Risk Parity,2021-08-02,XOM,0.012371755676782902,Energy
Combined Risk Parity,2021-08-02,ADA-USD,0.0044509738819415974,Crypto
Combined Risk Parity,2021-08-02,BCH-USD,0.004149329541980818,Crypto
Combined Risk Parity,2021-08-02,BTC-USD,0.006874768350513878,Crypto
Combined Risk Parity,2021-08-02,EOS-USD,0.004115270813897748,Crypto
Combined Risk Parity,2021-08-02,ETC-USD,0.004152668603878944,Crypto
Combined Risk Parity,2021-08-02,ETH-USD,0.005235908806154468,Crypto
Combined Risk Parity,2021-08-02,LTC-USD,0.004602926118842882,Crypto
Combined Risk Parity,2021-08-02,TRX-USD,0.00642053675437966,Crypto
Combined Risk Parity,2021-08-02,XLM-USD,0.003629932316320127,Crypto
Combined Risk Parity,2021-08-02,XRP-USD,0.004285606574394423,Crypto
Combined Risk Parity,2021-09-01,ABBV,0.021602471615846625,Healthcare
Combined Risk Parity,2021-09-01,ABT,0.02458940714559003,Healthcare
Combined Risk Parity,2021-09-01,ADBE,0.0171625727670478,Tech
Combined Risk Parity,2021-09-01,AEP,0.031140487462375216,Utilities
Combined Risk Parity,2021-09-01,AMD,0.015016604388148405,Tech
Combined Risk Parity,2021-09-01,AMGN,0.01991940678713739,Healthcare
Combined Risk Parity,2021-09-01,AMT,0.024330850427438103,RealEstate
Combined Risk Parity,2021-09-01,BA,0.009192055071757665,Industrials
Combined Risk Parity,2021-09-01,CAT,0.015628526024222197,Industrials
Combined Risk Parity,2021-09-01,CCI,0.02910969981948433,RealEstate
Combined Risk Parity,2021-09-01,CMCSA,0.015521131015597793,Comm
Combined Risk Parity,2021-09-01,COP,0.010184543065830888,Energy
Combined Risk Parity,2021-09-01,CVX,0.012358237787967612,Energy
Combined Risk Parity,2021-09-01,D,0.029242717521927995,Utilities
Combined Risk Parity,2021-09-01,DD,0.01252429037064736,Materials
Combined Risk Parity,2021-09-01,DIS,0.01591451975345438,Consumer
Combined Risk Parity,2021-09-01,DOW,0.012136229709222022,Materials
Combined Risk Parity,2021-09-01,DUK,0.027169408308465745,Utilities
Combined Risk Parity,2021-09-01,EA,0.02446964679090561,Comm
Combined Risk Parity,2021-09-01,GE,0.01429895806833239,Industrials
Combined Risk Parity,2021-09-01,GILD,0.025614124354409566,Healthcare
Combined Risk Parity,2021-09-01,GS,0.015211639202216708,Financials
Combined Risk Parity,2021-09-01,INTC,0.014676698018148134,Tech
Combined Risk Parity,2021-09-01,KO,0.021705368343010283,Consumer
Combined Risk Parity,2021-09-01,MMM,0.025998472792330207,Industrials
Combined Risk Parity,2021-09-01,MRK,0.029167730082809543,Healthcare
Combined Risk Parity,2021-09-01,MS,0.013042586440052177,Financials
Combined Risk Parity,2021-09-01,NEE,0.019917969241718816,Utilities
Combined Risk Parity,2021-09-01,NEM,0.017522530415930864,Materials
Combined Risk Parity,2021-09-01,NKE,0.021732923449536447,Consumer
Combined Risk Parity,2021-09-01,NUE,0.010661183170221257,Materials
Combined Risk Parity,2021-09-01,NVDA,0.012220620645758535,Tech
Combined Risk Parity,2021-09-01,O,0.020625026550772498,RealEstate
Combined Risk Parity,2021-09-01,OXY,0.008285392556079461,Energy
Combined Risk Parity,2021-09-01,PLD,0.020009175360102695,RealEstate
Combined Risk Parity,2021-09-01,PSA,0.038298502362570076,RealEstate
Combined Risk Parity,2021-09-01,QCOM,0.011526339636040047,Tech
Combined Risk Parity,2021-09-01,SBUX,0.01677927789876327,Consumer
Combined Risk Parity,2021-09-01,SHW,0.02333108750982105,Materials
Combined Risk Parity,2021-09-01,SLB,0.009683436802503055,Energy
Combined Risk Parity,2021-09-01,SO,0.023511886296727676,Utilities
Combined Risk Parity,2021-09-01,T,0.029244078706121238,Comm
Combined Risk Parity,2021-09-01,TMUS,0.017801403872877066,Comm
Combined Risk Parity,2021-09-01,TTWO,0.02634411376136352,Comm
Combined Risk Parity,2021-09-01,UPS,0.018875902368305053,Industrials
Combined Risk Parity,2021-09-01,USB,0.013171561237406763,Financials
Combined Risk Parity,2021-09-01,V,0.015313108996377977,Financials
Combined Risk Parity,2021-09-01,WFC,0.012135961911188582,Financials
Combined Risk Parity,2021-09-01,WMT,0.026883529457779436,Consumer
Combined Risk Parity,2021-09-01,XOM,0.012279686976331548,Energy
Combined Risk Parity,2021-09-01,ADA-USD,0.0042689697630472895,Crypto
Combined Risk Parity,2021-09-01,BCH-USD,0.004064532680014815,Crypto
Combined Risk Parity,2021-09-01,BTC-USD,0.006753061153053638,Crypto
Combined Risk Parity,2021-09-01,EOS-USD,0.004027207342914034,Crypto
Combined Risk Parity,2021-09-01,ETC-USD,0.004076068202006762,Crypto
Combined Risk Parity,2021-09-01,ETH-USD,0.005214889200692388,Crypto
Combined Risk Parity,2021-09-01,LTC-USD,0.004531775223452328,Crypto
Combined Risk Parity,2021-09-01,TRX-USD,0.006381580814409939,Crypto
Combined Risk Parity,2021-09-01,XLM-USD,0.0035514163104212256,Crypto
Combined Risk Parity,2021-09-01,XRP-USD,0.004047416991314547,Crypto
Combined Risk Parity,2021-10-01,ABBV,0.02065240308286172,Healthcare
Combined Risk Parity,2021-10-01,ABT,0.026286362790814786,Healthcare
Combined Risk Parity,2021-10-01,ADBE,0.018431273053519253,Tech
Combined Risk Parity,2021-10-01,AEP,0.02884322238149786,Utilities
Combined Risk Parity,2021-10-01,AMD,0.015556234211213372,Tech
Combined Risk Parity,2021-10-01,AMGN,0.021047725434657414,Healthcare
Combined Risk Parity,2021-10-01,AMT,0.025567804594926098,RealEstate
Combined Risk Parity,2021-10-01,BA,0.009361443326525627,Industrials
Combined Risk Parity,2021-10-01,CAT,0.014675992991857336,Industrials
Combined Risk Parity,2021-10-01,CCI,0.03336877012947815,RealEstate
Combined Risk Parity,2021-10-01,CMCSA,0.014339389258489332,Comm
Combined Risk Parity,2021-10-01,COP,0.010117756976151096,Energy
Combined Risk Parity,2021-10-01,CVX,0.01214041573375992,Energy
Combined Risk Parity,2021-10-01,D,0.02794662592263973,Utilities
Combined Risk Parity,2021-10-01,DD,0.0131471035530245,Materials
Combined Risk Parity,2021-10-01,DIS,0.014700651927441763,Consumer
Combined Risk Parity,2021-10-01,DOW,0.01196826489898293,Materials
Combined Risk Parity,2021-10-01,DUK,0.027651874429269325,Utilities
Combined Risk Parity,2021-10-01,EA,0.028102893683117622,Comm
Combined Risk Parity,2021-10-01,GE,0.015074003963686156,Industrials
Combined Risk Parity,2021-10-01,GILD,0.025305614131733052,Healthcare
Combined Risk Parity,2021-10-01,GS,0.014472401291492838,Financials
Combined Risk Parity,2021-10-01,INTC,0.01482528821146073,Tech
Combined Risk Parity,2021-10-01,KO,0.022010412104026735,Consumer
Combined Risk Parity,2021-10-01,MMM,0.026254362163784184,Industrials
Combined Risk Parity,2021-10-01,MRK,0.03049125381419813,Healthcare
Combined Risk Parity,2021-10-01,MS,0.012874204322739138,Financials
Combined Risk Parity,2021-10-01,NEE,0.019465394851446494,Utilities
Combined Risk Parity,2021-10-01,NEM,0.01838564856816391,Materials
Combined Risk Parity,2021-10-01,NKE,0.01750284913235458,Consumer
Combined Risk Parity,2021-10-01,NUE,0.010105182736729739,Materials
Combined Risk Parity,2021-10-01,NVDA,0.013760623727109135,Tech
Combined Risk Parity,2021-10-01,O,0.02013982888823939,RealEstate
Combined Risk Parity,2021-10-01,OXY,0.00786182067298812,Energy
Combined Risk Parity,2021-10-01,PLD,0.02187396482326694,RealEstate
Combined Risk Parity,2021-10-01,PSA,0.03865590369275919,RealEstate
Combined Risk Parity,2021-10-01,QCOM,0.011896516942800316,Tech
Combined Risk Parity,2021-10-01,SBUX,0.016793442215705133,Consumer
Combined Risk Parity,2021-10-01,SHW,0.024296227012780308,Materials
Combined Risk Parity,2021-10-01,SLB,0.009487659067121493,Energy
Combined Risk Parity,2021-10-01,SO,0.022114972369912025,Utilities
Combined Risk Parity,2021-10-01,T,0.027322782910608526,Comm
Combined Risk Parity,2021-10-01,TMUS,0.017922538513401552,Comm
Combined Risk Parity,2021-10-01,TTWO,0.026781945087805188,Comm
Combined Risk Parity,2021-10-01,UPS,0.019162379731750813,Industrials
Combined Risk Parity,2021-10-01,USB,0.013498749774775151,Financials
Combined Risk Parity,2021-10-01,V,0.01592313092123203,Financials
Combined Risk Parity,2021-10-01,WFC,0.011887618032125357,Financials
Combined Risk Parity,2021-10-01,WMT,0.02744156144683382,Consumer
Combined Risk Parity,2021-10-01,XOM,0.011338809328816526,Energy
Combined Risk Parity,2021-10-01,ADA-USD,0.00403179875738015,Crypto
Combined Risk Parity,2021-10-01,BCH-USD,0.0037371216268767596,Crypto
Combined Risk Parity,2021-10-01,BTC-USD,0.0060395175873419115,Crypto
Combined Risk Parity,2021-10-01,EOS-USD,0.003574630512362897,Crypto
Combined Risk Parity,2021-10-01,ETC-USD,0.0035301733411147165,Crypto
Combined Risk Parity,2021-10-01,ETH-USD,0.004697892067431718,Crypto
Combined Risk Parity,2021-10-01,LTC-USD,0.004112217680803523,Crypto
Combined Risk Parity,2021-10-01,TRX-USD,0.004639073796472574,Crypto
Combined Risk Parity,2021-10-01,XLM-USD,0.00322350444444974,Crypto
Combined Risk Parity,2021-10-01,XRP-USD,0.0035807713536916055,Crypto
Combined Risk Parity,2021-11-01,ABBV,0.02188989116501924,Healthcare
Combined Risk Parity,2021-11-01,ABT,0.02801500462209,Healthcare
Combined Risk Parity,2021-11-01,ADBE,0.019692915572244653,Tech
Combined Risk Parity,2021-11-01,AEP,0.02835039006719806,Utilities
Combined Risk Parity,2021-11-01,AMD,0.016540618437465755,Tech
Combined Risk Parity,2021-11-01,AMGN,0.021110448109254124,Healthcare
Combined Risk Parity,2021-11-01,AMT,0.025190625578315626,RealEstate
Combined Risk Parity,2021-11-01,BA,0.010035613298850993,Industrials
Combined Risk Parity,2021-11-01,CAT,0.014766313096966736,Industrials
Combined Risk Parity,2021-11-01,CCI,0.03072947074627472,RealEstate
Combined Risk Parity,2021-11-01,CMCSA,0.01418039589874448,Comm
Combined Risk Parity,2021-11-01,COP,0.010951708994529394,Energy
Combined Risk Parity,2021-11-01,CVX,0.012298181809266999,Energy
Combined Risk Parity,2021-11-01,D,0.026812522861337618,Utilities
Combined Risk Parity,2021-11-01,DD,0.01264163777202379,Materials
Combined Risk Parity,2021-11-01,DIS,0.014571333957172312,Consumer
Combined Risk Parity,2021-11-01,DOW,0.011267686783058527,Materials
Combined Risk Parity,2021-11-01,DUK,0.027992183710857366,Utilities
Combined Risk Parity,2021-11-01,EA,0.028430589601298628,Comm
Combined Risk Parity,2021-11-01,GE,0.013682864876380211,Industrials
Combined Risk Parity,2021-11-01,GILD,0.027072870653930135,Healthcare
Combined Risk Parity,2021-11-01,GS,0.014720417034396934,Financials
Combined Risk Parity,2021-11-01,INTC,0.014881566121521687,Tech
Combined Risk Parity,2021-11-01,KO,0.024477943570169386,Consumer
Combined Risk Parity,2021-11-01,MMM,0.026248749539551943,Industrials
Combined Risk Parity,2021-11-01,MRK,0.026884774970000674,Healthcare
Combined Risk Parity,2021-11-01,MS,0.01297481955434634,Financials
Combined Risk Parity,2021-11-01,NEE,0.01864662767250312,Utilities
Combined Risk Parity,2021-11-01,NEM,0.0201511320031188,Materials
Combined Risk Parity,2021-11-01,NKE,0.017689640184309144,Consumer
Combined Risk Parity,2021-11-01,NUE,0.010072726156869409,Materials
Combined Risk Parity,2021-11-01,NVDA,0.014216061121004497,Tech
Combined Risk Parity,2021-11-01,O,0.019816276503093443,RealEstate
Combined Risk Parity,2021-11-01,OXY,0.00815269319508572,Energy
Combined Risk Parity,2021-11-01,PLD,0.02218506941959775,RealEstate
Combined Risk Parity,2021-11-01,PSA,0.038793506466038366,RealEstate
Combined Risk Parity,2021-11-01,QCOM,0.011818539741995426,Tech
Combined Risk Parity,2021-11-01,SBUX,0.017173121537093387,Consumer
Combined Risk Parity,2021-11-01,SHW,0.022820622506702172,Materials
Combined Risk Parity,2021-11-01,SLB,0.009295672636037396,Energy
Combined Risk Parity,2021-11-01,SO,0.022130874047411535,Utilities
Combined Risk Parity,2021-11-01,T,0.026696105680647963,Comm
Combined Risk Parity,2021-11-01,TMUS,0.018422649300289813,Comm
Combined Risk Parity,2021-11-01,TTWO,0.02529727190452194,Comm
Combined Risk Parity,2021-11-01,UPS,0.021308745222278824,Industrials
Combined Risk Parity,2021-11-01,USB,0.013920909708499102,Financials
Combined Risk Parity,2021-11-01,V,0.015513214956677552,Financials
Combined Risk Parity,2021-11-01,WFC,0.012512391590526518,Financials
Combined Risk Parity,2021-11-01,WMT,0.02738702479269947,Consumer
Combined Risk Parity,2021-11-01,XOM,0.011566974057324632,Energy
Combined Risk Parity,2021-11-01,ADA-USD,0.0038519426692805578,Crypto
Combined Risk Parity,2021-11-01,BCH-USD,0.0033847016517903243,Crypto
Combined Risk Parity,2021-11-01,BTC-USD,0.005587287720698391,Crypto
Combined Risk Parity,2021-11-01,EOS-USD,0.003193303229994972,Crypto
Combined Risk Parity,2021-11-01,ETC-USD,0.003260830272734658,Crypto
Combined Risk Parity,2021-11-01,ETH-USD,0.004375471410735984,Crypto
Combined Risk Parity,2021-11-01,LTC-USD,0.0037351414900093556,Crypto
Combined Risk Parity,2021-11-01,TRX-USD,0.0042848874871125675,Crypto
Combined Risk Parity,2021-11-01,XLM-USD,0.0029975013757812382,Crypto
Combined Risk Parity,2021-11-01,XRP-USD,0.003329543885269747,Crypto
Combined Risk Parity,2021-12-01,ABBV,0.021860409326025867,Healthcare
Combined Risk Parity,2021-12-01,ABT,0.028414958495540914,Healthcare
Combined Risk Parity,2021-12-01,ADBE,0.018625593018256774,Tech
Combined Risk Parity,2021-12-01,AEP,0.02864042888384536,Utilities
Combined Risk Parity,2021-12-01,AMD,0.014785492066774887,Tech
Combined Risk Parity,2021-12-01,AMGN,0.020698407081850497,Healthcare
Combined Risk Parity,2021-12-01,AMT,0.023062790733665742,RealEstate
Combined Risk Parity,2021-12-01,BA,0.01226978667990648,Industrials
Combined Risk Parity,2021-12-01,CAT,0.014323970878214168,Industrials
Combined Risk Parity,2021-12-01,CCI,0.02559151719860339,RealEstate
Combined Risk Parity,2021-12-01,CMCSA,0.014949121433595178,Comm
Combined Risk Parity,2021-12-01,COP,0.012175756699563847,Energy
Combined Risk Parity,2021-12-01,CVX,0.01478132872358356,Energy
Combined Risk Parity,2021-12-01,D,0.027160258043107958,Utilities
Combined Risk Parity,2021-12-01,DD,0.012420499944323041,Materials
Combined Risk Parity,2021-12-01,DIS,0.016537589690499403,Consumer
Combined Risk Parity,2021-12-01,DOW,0.011929697137773164,Materials
Combined Risk Parity,2021-12-01,DUK,0.030386098673468847,Utilities
Combined Risk Parity,2021-12-01,EA,0.02748490073760343,Comm
Combined Risk Parity,2021-12-01,GE,0.01388655914793874,Industrials
Combined Risk Parity,2021-12-01,GILD,0.026490860577553614,Healthcare
Combined Risk Parity,2021-12-01,GS,0.01533792718057114,Financials
Combined Risk Parity,2021-12-01,INTC,0.014690343806803759,Tech
Combined Risk Parity,2021-12-01,KO,0.024958414614902193,Consumer
Combined Risk Parity,2021-12-01,MMM,0.026584452846350408,Industrials
Combined Risk Parity,2021-12-01,MRK,0.026180522053561375,Healthcare
Combined Risk Parity,2021-12-01,MS,0.013770072720037448,Financials
Combined Risk Parity,2021-12-01,NEE,0.018422622710252353,Utilities
Combined Risk Parity,2021-12-01,NEM,0.01925818617226621,Materials
Combined Risk Parity,2021-12-01,NKE,0.017806199706828514,Consumer
Combined Risk Parity,2021-12-01,NUE,0.010424094122981814,Materials
Combined Risk Parity,2021-12-01,NVDA,0.012534404022733614,Tech
Combined Risk Parity,2021-12-01,O,0.02290747889753102,RealEstate
Combined Risk Parity,2021-12-01,OXY,0.009228169426929953,Energy
Combined Risk Parity,2021-12-01,PLD,0.019689960797678315,RealEstate
Combined Risk Parity,2021-12-01,PSA,0.035391131664040856,RealEstate
Combined Risk Parity,2021-12-01,QCOM,0.012612755762245118,Tech
Combined Risk Parity,2021-12-01,SBUX,0.017715880866199674,Consumer
Combined Risk Parity,2021-12-01,SHW,0.02237464278391441,Materials
Combined Risk Parity,2021-12-01,SLB,0.009707940218397923,Energy
Combined Risk Parity,2021-12-01,SO,0.02372420182054644,Utilities
Combined Risk Parity,2021-12-01,T,0.02689831096004727,Comm
Combined Risk Parity,2021-12-01,TMUS,0.01655299273625132,Comm
Combined Risk Parity,2021-12-01,TTWO,0.02399227509869195,Comm
Combined Risk Parity,2021-12-01,UPS,0.021751807116712794,Industrials
Combined Risk Parity,2021-12-01,USB,0.014536873397242444,Financials
Combined Risk Parity,2021-12-01,V,0.01693537458953771,Financials
Combined Risk Parity,2021-12-01,WFC,0.012759811351242939,Financials
Combined Risk Parity,2021-12-01,WMT,0.02720346684753715,Consumer
Combined Risk Parity,2021-12-01,XOM,0.012922475038535296,Energy
Combined Risk Parity,2021-12-01,ADA-USD,0.0035797487622736364,Crypto
Combined Risk Parity,2021-12-01,BCH-USD,0.0031591110872623584,Crypto
Combined Risk Parity,2021-12-01,BTC-USD,0.0051627822188726556,Crypto
Combined Risk Parity,2021-12-01,EOS-USD,0.0030834262135745194,Crypto
Combined Risk Parity,2021-12-01,ETC-USD,0.003129231256235083,Crypto
Combined Risk Parity,2021-12-01,ETH-USD,0.004154355428529694,Crypto
Combined Risk Parity,2021-12-01,LTC-USD,0.0035877748314736965,Crypto
Combined Risk Parity,2021-12-01,TRX-USD,0.004094030224520824,Crypto
Combined Risk Parity,2021-12-01,XLM-USD,0.0032719989436917813,Crypto
Combined Risk Parity,2021-12-01,XRP-USD,0.0034287265312995825,Crypto
Combined Risk Parity,2022-01-03,ABBV,0.022744463597093312,Healthcare
Combined Risk Parity,2022-01-03,ABT,0.028543566464779062,Healthcare
Combined Risk Parity,2022-01-03,ADBE,0.016952357841421413,Tech
Combined Risk Parity,2022-01-03,AEP,0.02956645291246816,Utilities
Combined Risk Parity,2022-01-03,AMD,0.013605415537490104,Tech
Combined Risk Parity,2022-01-03,AMGN,0.02108102401326656,Healthcare
Combined Risk Parity,2022-01-03,AMT,0.022803454296402615,RealEstate
Combined Risk Parity,2022-01-03,BA,0.011131786649666643,Industrials
Combined Risk Parity,2022-01-03,CAT,0.014297908795213506,Industrials
Combined Risk Parity,2022-01-03,CCI,0.025117698624680416,RealEstate
Combined Risk Parity,2022-01-03,CMCSA,0.015356778920505385,Comm
Combined Risk Parity,2022-01-03,COP,0.011910178371082476,Energy
Combined Risk Parity,2022-01-03,CVX,0.014825214283003962,Energy
Combined Risk Parity,2022-01-03,D,0.026989310660795,Utilities
Combined Risk Parity,2022-01-03,DD,0.012625592275850988,Materials
Combined Risk Parity,2022-01-03,DIS,0.016573383780727483,Consumer
Combined Risk Parity,2022-01-03,DOW,0.012018536110824178,Materials
Combined Risk Parity,2022-01-03,DUK,0.031445605305323795,Utilities
Combined Risk Parity,2022-01-03,EA,0.02587876908668331,Comm
Combined Risk Parity,2022-01-03,GE,0.013585898950047913,Industrials
Combined Risk Parity,2022-01-03,GILD,0.02856681862280473,Healthcare
Combined Risk Parity,2022-01-03,GS,0.014572381808857799,Financials
Combined Risk Parity,2022-01-03,INTC,0.014506348521293566,Tech
Combined Risk Parity,2022-01-03,KO,0.025192624129039855,Consumer
Combined Risk Parity,2022-01-03,MMM,0.02676645483765777,Industrials
Combined Risk Parity,2022-01-03,MRK,0.028485664207523846,Healthcare
Combined Risk Parity,2022-01-03,MS,0.013452685341026758,Financials
Combined Risk Parity,2022-01-03,NEE,0.01907113887701087,Utilities
Combined Risk Parity,2022-01-03,NEM,0.020739767264756116,Materials
Combined Risk Parity,2022-01-03,NKE,0.017381457675398494,Consumer
Combined Risk Parity,2022-01-03,NUE,0.011418504781794401,Materials
Combined Risk Parity,2022-01-03,NVDA,0.011433500177672692,Tech
Combined Risk Parity,2022-01-03,O,0.02227017210840977,RealEstate
Combined Risk Parity,2022-01-03,OXY,0.009406857308783765,Energy
Combined Risk Parity,2022-01-03,PLD,0.0204974249478403,RealEstate
Combined Risk Parity,2022-01-03,PSA,0.034228236724999264,RealEstate
Combined Risk Parity,2022-01-03,QCOM,0.013077552255588876,Tech
Combined Risk Parity,2022-01-03,SBUX,0.016659094103655556,Consumer
Combined Risk Parity,2022-01-03,SHW,0.021679722000295307,Materials
Combined Risk Parity,2022-01-03,SLB,0.009985105955165805,Energy
Combined Risk Parity,2022-01-03,SO,0.025229264723648493,Utilities
Combined Risk Parity,2022-01-03,T,0.025904629795634154,Comm
Combined Risk Parity,2022-01-03,TMUS,0.016116161835006623,Comm
Combined Risk Parity,2022-01-03,TTWO,0.023545569610486906,Comm
Combined Risk Parity,2022-01-03,UPS,0.0204974983004335,Industrials
Combined Risk Parity,2022-01-03,USB,0.014162653309723085,Financials
Combined Risk Parity,2022-01-03,V,0.01614821043797594,Financials
Combined Risk Parity,2022-01-03,WFC,0.012238452415234765,Financials
Combined Risk Parity,2022-01-03,WMT,0.02819148380332377,Consumer
Combined Risk Parity,2022-01-03,XOM,0.013466802286765006,Energy
Combined Risk Parity,2022-01-03,ADA-USD,0.003531479783666848,Crypto
Combined Risk Parity,2022-01-03,BCH-USD,0.003294224391146411,Crypto
Combined Risk Parity,2022-01-03,BTC-USD,0.0052900278460163135,Crypto
Combined Risk Parity,2022-01-03,EOS-USD,0.0032285099701026346,Crypto
Combined Risk Parity,2022-01-03,ETC-USD,0.003281622741673469,Crypto
Combined Risk Parity,2022-01-03,ETH-USD,0.004267740090590158,Crypto
Combined Risk Parity,2022-01-03,LTC-USD,0.003698187489859769,Crypto
Combined Risk Parity,2022-01-03,TRX-USD,0.004235719716555915,Crypto
Combined Risk Parity,2022-01-03,XLM-USD,0.0033968900173392247,Crypto
Combined Risk Parity,2022-01-03,XRP-USD,0.003829963307915266,Crypto
Combined Risk Parity,2022-02-01,ABBV,0.026609535066950945,Healthcare
Combined Risk Parity,2022-02-01,ABT,0.026169634574808948,Healthcare
Combined Risk Parity,2022-02-01,ADBE,0.015862225631859826,Tech
Combined Risk Parity,2022-02-01,AEP,0.03008302469129847,Utilities
Combined Risk Parity,2022-02-01,AMD,0.011495932719575112,Tech
Combined Risk Parity,2022-02-01,AMGN,0.021908976500465298,Healthcare
Combined Risk Parity,2022-02-01,AMT,0.020174016882313812,RealEstate
Combined Risk Parity,2022-02-01,BA,0.01096747593864666,Industrials
Combined Risk Parity,2022-02-01,CAT,0.01578696482151925,Industrials
Combined Risk Parity,2022-02-01,CCI,0.021454608791471555,RealEstate
Combined Risk Parity,2022-02-01,CMCSA,0.016430183415201992,Comm
Combined Risk Parity,2022-02-01,COP,0.012878150375533035,Energy
Combined Risk Parity,2022-02-01,CVX,0.01711304472346233,Energy
Combined Risk Parity,2022-02-01,D,0.026368366318389107,Utilities
Combined Risk Parity,2022-02-01,DD,0.012946983141830236,Materials
Combined Risk Parity,2022-02-01,DIS,0.01625443644813372,Consumer
Combined Risk Parity,2022-02-01,DOW,0.012924768856946066,Materials
Combined Risk Parity,2022-02-01,DUK,0.03174956032214516,Utilities
Combined Risk Parity,2022-02-01,EA,0.0254231406810123,Comm
Combined Risk Parity,2022-02-01,GE,0.012482466471002627,Industrials
Combined Risk Parity,2022-02-01,GILD,0.02748057372150334,Healthcare
Combined Risk Parity,2022-02-01,GS,0.014003284858527466,Financials
Combined Risk Parity,2022-02-01,INTC,0.015049021820685305,Tech
Combined Risk Parity,2022-02-01,KO,0.025089036635806805,Consumer
Combined Risk Parity,2022-02-01,MMM,0.022308797878100597,Industrials
Combined Risk Parity,2022-02-01,MRK,0.03400013402276237,Healthcare
Combined Risk Parity,2022-02-01,MS,0.014703421523803583,Financials
Combined Risk Parity,2022-02-01,NEE,0.02206559594496895,Utilities
Combined Risk Parity,2022-02-01,NEM,0.022339463625974228,Materials
Combined Risk Parity,2022-02-01,NKE,0.017562991346203285,Consumer
Combined Risk Parity,2022-02-01,NUE,0.010648926146051056,Materials
Combined Risk Parity,2022-02-01,NVDA,0.009830377563949638,Tech
Combined Risk Parity,2022-02-01,O,0.021500395131675232,RealEstate
Combined Risk Parity,2022-02-01,OXY,0.009389290386598519,Energy
Combined Risk Parity,2022-02-01,PLD,0.020568363590555038,RealEstate
Combined Risk Parity,2022-02-01,PSA,0.03178646373978509,RealEstate
Combined Risk Parity,2022-02-01,QCOM,0.012914421255246238,Tech
Combined Risk Parity,2022-02-01,SBUX,0.018163404452923002,Consumer
Combined Risk Parity,2022-02-01,SHW,0.020696139935901317,Materials
Combined Risk Parity,2022-02-01,SLB,0.01082939123664493,Energy
Combined Risk Parity,2022-02-01,SO,0.02923983370300403,Utilities
Combined Risk Parity,2022-02-01,T,0.021933125121225826,Comm
Combined Risk Parity,2022-02-01,TMUS,0.017144199634174247,Comm
Combined Risk Parity,2022-02-01,TTWO,0.022790981475505824,Comm
Combined Risk Parity,2022-02-01,UPS,0.019361057862189113,Industrials
Combined Risk Parity,2022-02-01,USB,0.014540473107878168,Financials
Combined Risk Parity,2022-02-01,V,0.014932803585231377,Financials
Combined Risk Parity,2022-02-01,WFC,0.01361003405626025,Financials
Combined Risk Parity,2022-02-01,WMT,0.027376591740428703,Consumer
Combined Risk Parity,2022-02-01,XOM,0.014144551701634766,Energy
Combined Risk Parity,2022-02-01,ADA-USD,0.0037006792085011683,Crypto
Combined Risk Parity,2022-02-01,BCH-USD,0.0034618568505495636,Crypto
Combined Risk Parity,2022-02-01,BTC-USD,0.0056927211910206684,Crypto
Combined Risk Parity,2022-02-01,EOS-USD,0.003206596145538055,Crypto
Combined Risk Parity,2022-02-01,ETC-USD,0.0032301947747069306,Crypto
Combined Risk Parity,2022-02-01,ETH-USD,0.0042793583708937355,Crypto
Combined Risk Parity,2022-02-01,LTC-USD,0.0037274063588613876,Crypto
Combined Risk Parity,2022-02-01,TRX-USD,0.003987669368983803,Crypto
Combined Risk Parity,2022-02-01,XLM-USD,0.0039008647416491635,Crypto
Combined Risk Parity,2022-02-01,XRP-USD,0.0037260098115309034,Crypto
Combined Risk Parity,2022-03-01,ABBV,0.027047309587819333,Healthcare
Combined Risk Parity,2022-03-01,ABT,0.02428363537375834,Healthcare
Combined Risk Parity,2022-03-01,ADBE,0.01513984356118495,Tech
Combined Risk Parity,2022-03-01,AEP,0.028943308358140563,Utilities
Combined Risk Parity,2022-03-01,AMD,0.01018003292758517,Tech
Combined Risk Parity,2022-03-01,AMGN,0.02039773674306091,Healthcare
Combined Risk Parity,2022-03-01,AMT,0.019567339220735093,RealEstate
Combined Risk Parity,2022-03-01,BA,0.01196301477453456,Industrials
Combined Risk Parity,2022-03-01,CAT,0.015550860256725842,Industrials
Combined Risk Parity,2022-03-01,CCI,0.019992095695549807,RealEstate
Combined Risk Parity,2022-03-01,CMCSA,0.01594262916296898,Comm
Combined Risk Parity,2022-03-01,COP,0.013256612685402576,Energy
Combined Risk Parity,2022-03-01,CVX,0.017460277416166008,Energy
Combined Risk Parity,2022-03-01,D,0.027043057158880574,Utilities
Combined Risk Parity,2022-03-01,DD,0.012671806292201744,Materials
Combined Risk Parity,2022-03-01,DIS,0.01844228820040908,Consumer
Combined Risk Parity,2022-03-01,DOW,0.013649473984515118,Materials
Combined Risk Parity,2022-03-01,DUK,0.028444515607981224,Utilities
Combined Risk Parity,2022-03-01,EA,0.026128482943542867,Comm
Combined Risk Parity,2022-03-01,GE,0.012616909816173796,Industrials
Combined Risk Parity,2022-03-01,GILD,0.032217940613408914,Healthcare
Combined Risk Parity,2022-03-01,GS,0.014417750206362212,Financials
Combined Risk Parity,2022-03-01,INTC,0.01518212631683953,Tech
Combined Risk Parity,2022-03-01,KO,0.02783204699979005,Consumer
Combined Risk Parity,2022-03-01,MMM,0.01950515003575067,Industrials
Combined Risk Parity,2022-03-01,MRK,0.030686569225473085,Healthcare
Combined Risk Parity,2022-03-01,MS,0.014577326054491769,Financials
Combined Risk Parity,2022-03-01,NEE,0.021834005304346888,Utilities
Combined Risk Parity,2022-03-01,NEM,0.026272780267536044,Materials
Combined Risk Parity,2022-03-01,NKE,0.017456043039631025,Consumer
Combined Risk Parity,2022-03-01,NUE,0.01013216594811201,Materials
Combined Risk Parity,2022-03-01,NVDA,0.008990814472007122,Tech
Combined Risk Parity,2022-03-01,O,0.020641706792500294,RealEstate
Combined Risk Parity,2022-03-01,OXY,0.011399858629459188,Energy
Combined Risk Parity,2022-03-01,PLD,0.01887685009136854,RealEstate
Combined Risk Parity,2022-03-01,PSA,0.028132867914722293,RealEstate
Combined Risk Parity,2022-03-01,QCOM,0.011590860535204622,Tech
Combined Risk Parity,2022-03-01,SBUX,0.016848534005932347,Consumer
Combined Risk Parity,2022-03-01,SHW,0.019153898960928662,Materials
Combined Risk Parity,2022-03-01,SLB,0.011571747087794642,Energy
Combined Risk Parity,2022-03-01,SO,0.029114119532907795,Utilities
Combined Risk Parity,2022-03-01,T,0.022253143522936045,Comm
Combined Risk Parity,2022-03-01,TMUS,0.01707918699664739,Comm
Combined Risk Parity,2022-03-01,TTWO,0.02481337961154747,Comm
Combined Risk Parity,2022-03-01,UPS,0.01785079393737421,Industrials
Combined Risk Parity,2022-03-01,USB,0.014996110613122858,Financials
Combined Risk Parity,2022-03-01,V,0.015121731961801065,Financials
Combined Risk Parity,2022-03-01,WFC,0.01409470735236349,Financials
Combined Risk Parity,2022-03-01,WMT,0.03182436468365709,Consumer
Combined Risk Parity,2022-03-01,XOM,0.015519875992267009,Energy
Combined Risk Parity,2022-03-01,ADA-USD,0.003687951935695717,Crypto
Combined Risk Parity,2022-03-01,BCH-USD,0.0037093378333845155,Crypto
Combined Risk Parity,2022-03-01,BTC-USD,0.006463353468284804,Crypto
Combined Risk Parity,2022-03-01,EOS-USD,0.0033042233794041897,Crypto
Combined Risk Parity,2022-03-01,ETC-USD,0.0034307289009177793,Crypto
Combined Risk Parity,2022-03-01,ETH-USD,0.004566192406802263,Crypto
Combined Risk Parity,2022-03-01,LTC-USD,0.003916203021669757,Crypto
Combined Risk Parity,2022-03-01,TRX-USD,0.004336570457703351,Crypto
Combined Risk Parity,2022-03-01,XLM-USD,0.004100360429134709,Crypto
Combined Risk Parity,2022-03-01,XRP-USD,0.003775391693382175,Crypto
Combined Risk Parity,2022-04-01,ABBV,0.028049533493226815,Healthcare
Combined Risk Parity,2022-04-01,ABT,0.022374789387659234,Healthcare
Combined Risk Parity,2022-04-01,ADBE,0.01404062323015406,Tech
Combined Risk Parity,2022-04-01,AEP,0.029268409397234456,Utilities
Combined Risk Parity,2022-04-01,AMD,0.009624723883139518,Tech
Combined Risk Parity,2022-04-01,AMGN,0.021643266584829835,Healthcare
Combined Risk Parity,2022-04-01,AMT,0.020323376133892977,RealEstate
Combined Risk Parity,2022-04-01,BA,0.011126398519887323,Industrials
Combined Risk Parity,2022-04-01,CAT,0.01692697176908834,Industrials
Combined Risk Parity,2022-04-01,CCI,0.021138992189891112,RealEstate
Combined Risk Parity,2022-04-01,CMCSA,0.01577104994975855,Comm
Combined Risk Parity,2022-04-01,COP,0.014299353468850237,Energy
Combined Risk Parity,2022-04-01,CVX,0.020424063756248816,Energy
Combined Risk Parity,2022-04-01,D,0.02780054825087859,Utilities
Combined Risk Parity,2022-04-01,DD,0.0113852529883861,Materials
Combined Risk Parity,2022-04-01,DIS,0.016444817179793954,Consumer
Combined Risk Parity,2022-04-01,DOW,0.013008659330700159,Materials
Combined Risk Parity,2022-04-01,DUK,0.029720162504406508,Utilities
Combined Risk Parity,2022-04-01,EA,0.025373110883183204,Comm
Combined Risk Parity,2022-04-01,GE,0.01181708429740991,Industrials
Combined Risk Parity,2022-04-01,GILD,0.0320182094997851,Healthcare
Combined Risk Parity,2022-04-01,GS,0.012763161540970172,Financials
Combined Risk Parity,2022-04-01,INTC,0.015412728798868094,Tech
Combined Risk Parity,2022-04-01,KO,0.02702911585356404,Consumer
Combined Risk Parity,2022-04-01,MMM,0.01781860286477224,Industrials
Combined Risk Parity,2022-04-01,MRK,0.03220094823974317,Healthcare
Combined Risk Parity,2022-04-01,MS,0.01251005562702537,Financials
Combined Risk Parity,2022-04-01,NEE,0.024580323503926804,Utilities
Combined Risk Parity,2022-04-01,NEM,0.0336862488794584,Materials
Combined Risk Parity,2022-04-01,NKE,0.01539016879136119,Consumer
Combined Risk Parity,2022-04-01,NUE,0.01029642650230223,Materials
Combined Risk Parity,2022-04-01,NVDA,0.008500413322981138,Tech
Combined Risk Parity,2022-04-01,O,0.020367556954189403,RealEstate
Combined Risk Parity,2022-04-01,OXY,0.011069778928547531,Energy
Combined Risk Parity,2022-04-01,PLD,0.018721985138020068,RealEstate
Combined Risk Parity,2022-04-01,PSA,0.02643651429387049,RealEstate
Combined Risk Parity,2022-04-01,QCOM,0.011175762237591464,Tech
Combined Risk Parity,2022-04-01,SBUX,0.014651532971866657,Consumer
Combined Risk Parity,2022-04-01,SHW,0.018770460228120345,Materials
Combined Risk Parity,2022-04-01,SLB,0.013016569249665957,Energy
Combined Risk Parity,2022-04-01,SO,0.030914209088562836,Utilities
Combined Risk Parity,2022-04-01,T,0.020840507044779123,Comm
Combined Risk Parity,2022-04-01,TMUS,0.01796498382079682,Comm
Combined Risk Parity,2022-04-01,TTWO,0.02293259001980508,Comm
Combined Risk Parity,2022-04-01,UPS,0.016661952015513636,Industrials
Combined Risk Parity,2022-04-01,USB,0.013365379326993316,Financials
Combined Risk Parity,2022-04-01,V,0.014756359714674873,Financials
Combined Risk Parity,2022-04-01,WFC,0.012205024140593252,Financials
Combined Risk Parity,2022-04-01,WMT,0.03350467374524637,Consumer
Combined Risk Parity,2022-04-01,XOM,0.01779800298630761,Energy
Combined Risk Parity,2022-04-01,ADA-USD,0.003927991802379799,Crypto
Combined Risk Parity,2022-04-01,BCH-USD,0.003718728617898654,Crypto
Combined Risk Parity,2022-04-01,BTC-USD,0.006581870768052923,Crypto
Combined Risk Parity,2022-04-01,EOS-USD,0.0034163551286463434,Crypto
Combined Risk Parity,2022-04-01,ETC-USD,0.003355133516381709,Crypto
Combined Risk Parity,2022-04-01,ETH-USD,0.004569074553246176,Crypto
Combined Risk Parity,2022-04-01,LTC-USD,0.003961461426202254,Crypto
Combined Risk Parity,2022-04-01,TRX-USD,0.004545590903763953,Crypto
Combined Risk Parity,2022-04-01,XLM-USD,0.0041497234663846645,Crypto
Combined Risk Parity,2022-04-01,XRP-USD,0.003852637288521245,Crypto
Combined Risk Parity,2022-05-02,ABBV,0.026498388725741718,Healthcare
Combined Risk Parity,2022-05-02,ABT,0.021011908063622776,Healthcare
Combined Risk Parity,2022-05-02,ADBE,0.01404616034062934,Tech
Combined Risk Parity,2022-05-02,AEP,0.02778475936656503,Utilities
Combined Risk Parity,2022-05-02,AMD,0.009701305530294553,Tech
Combined Risk Parity,2022-05-02,AMGN,0.024515103765451955,Healthcare
Combined Risk Parity,2022-05-02,AMT,0.020401279531949944,RealEstate
Combined Risk Parity,2022-05-02,BA,0.011519021230839309,Industrials
Combined Risk Parity,2022-05-02,CAT,0.017169711422320613,Industrials
Combined Risk Parity,2022-05-02,CCI,0.021233860847544025,RealEstate
Combined Risk Parity,2022-05-02,CMCSA,0.016858886027465856,Comm
Combined Risk Parity,2022-05-02,COP,0.013837899183803133,Energy
Combined Risk Parity,2022-05-02,CVX,0.018925757513015232,Energy
Combined Risk Parity,2022-05-02,D,0.028932857544408875,Utilities
Combined Risk Parity,2022-05-02,DD,0.012022864761659834,Materials
Combined Risk Parity,2022-05-02,DIS,0.016113411486895525,Consumer
Combined Risk Parity,2022-05-02,DOW,0.015051065871264644,Materials
Combined Risk Parity,2022-05-02,DUK,0.030747740636279542,Utilities
Combined Risk Parity,2022-05-02,EA,0.026450294727795573,Comm
Combined Risk Parity,2022-05-02,GE,0.011561027903039159,Industrials
Combined Risk Parity,2022-05-02,GILD,0.03008736103194821,Healthcare
Combined Risk Parity,2022-05-02,GS,0.012873677172356804,Financials
Combined Risk Parity,2022-05-02,INTC,0.014581279273228434,Tech
Combined Risk Parity,2022-05-02,KO,0.027056151767219143,Consumer
Combined Risk Parity,2022-05-02,MMM,0.018521893483534294,Industrials
Combined Risk Parity,2022-05-02,MRK,0.030808145117711593,Healthcare
Combined Risk Parity,2022-05-02,MS,0.012475083732356673,Financials
Combined Risk Parity,2022-05-02,NEE,0.023295263275367205,Utilities
Combined Risk Parity,2022-05-02,NEM,0.03274092765399847,Materials
Combined Risk Parity,2022-05-02,NKE,0.014735700608705321,Consumer
Combined Risk Parity,2022-05-02,NUE,0.010851343978151547,Materials
Combined Risk Parity,2022-05-02,NVDA,0.008332721748632376,Tech
Combined Risk Parity,2022-05-02,O,0.02015213066777572,RealEstate
Combined Risk Parity,2022-05-02,OXY,0.010595511784305142,Energy
Combined Risk Parity,2022-05-02,PLD,0.016981116092510736,RealEstate
Combined Risk Parity,2022-05-02,PSA,0.02257656152606161,RealEstate
Combined Risk Parity,2022-05-02,QCOM,0.011147473372586163,Tech
Combined Risk Parity,2022-05-02,SBUX,0.015242882159242865,Consumer
Combined Risk Parity,2022-05-02,SHW,0.022927149843650976,Materials
Combined Risk Parity,2022-05-02,SLB,0.013974080707410392,Energy
Combined Risk Parity,2022-05-02,SO,0.02963443625947956,Utilities
Combined Risk Parity,2022-05-02,T,0.022469996654332462,Comm
Combined Risk Parity,2022-05-02,TMUS,0.016472635159846,Comm
Combined Risk Parity,2022-05-02,TTWO,0.022288821699052976,Comm
Combined Risk Parity,2022-05-02,UPS,0.016559173757342976,Industrials
Combined Risk Parity,2022-05-02,USB,0.014295065852236341,Financials
Combined Risk Parity,2022-05-02,V,0.014496688402630494,Financials
Combined Risk Parity,2022-05-02,WFC,0.01284070736039286,Financials
Combined Risk Parity,2022-05-02,WMT,0.032373208235823854,Consumer
Combined Risk Parity,2022-05-02,XOM,0.017783620773434903,Energy
Combined Risk Parity,2022-05-02,ADA-USD,0.004191390946655519,Crypto
Combined Risk Parity,2022-05-02,BCH-USD,0.004240456798371937,Crypto
Combined Risk Parity,2022-05-02,BTC-USD,0.0067919117918303325,Crypto
Combined Risk Parity,2022-05-02,EOS-USD,0.0036788817538705005,Crypto
Combined Risk Parity,2022-05-02,ETC-USD,0.0037722620747162833,Crypto
Combined Risk Parity,2022-05-02,ETH-USD,0.004812983383056691,Crypto
Combined Risk Parity,2022-05-02,LTC-USD,0.004334977068406249,Crypto
Combined Risk Parity,2022-05-02,TRX-USD,0.0053569005628178405,Crypto
Combined Risk Parity,2022-05-02,XLM-USD,0.004711774357819127,Crypto
Combined Risk Parity,2022-05-02,XRP-USD,0.004554347630543003,Crypto
Combined Risk Parity,2022-06-01,ABBV,0.030583936748242425,Healthcare
Combined Risk Parity,2022-06-01,ABT,0.019034996339830614,Healthcare
Combined Risk Parity,2022-06-01,ADBE,0.01306479996071677,Tech
Combined Risk Parity,2022-06-01,AEP,0.0289633113436042,Utilities
Combined Risk Parity,2022-06-01,AMD,0.007959238405770293,Tech
Combined Risk Parity,2022-06-01,AMGN,0.028329993980973033,Healthcare
Combined Risk Parity,2022-06-01,AMT,0.01869663581324767,RealEstate
Combined Risk Parity,2022-06-01,BA,0.0102798581147165,Industrials
Combined Risk Parity,2022-06-01,CAT,0.01565966814054561,Industrials
Combined Risk Parity,2022-06-01,CCI,0.02054654574582977,RealEstate
Combined Risk Parity,2022-06-01,CMCSA,0.017998397216832142,Comm
Combined Risk Parity,2022-06-01,COP,0.013090653409459384,Energy
Combined Risk Parity,2022-06-01,CVX,0.01812190452732338,Energy
Combined Risk Parity,2022-06-01,D,0.029905162286987228,Utilities
Combined Risk Parity,2022-06-01,DD,0.01226489384655877,Materials
Combined Risk Parity,2022-06-01,DIS,0.014622137629279344,Consumer
Combined Risk Parity,2022-06-01,DOW,0.0157679778623244,Materials
Combined Risk Parity,2022-06-01,DUK,0.033690507903955225,Utilities
Combined Risk Parity,2022-06-01,EA,0.027054508580110617,Comm
Combined Risk Parity,2022-06-01,GE,0.011286691535890965,Industrials
Combined Risk Parity,2022-06-01,GILD,0.03252284009272214,Healthcare
Combined Risk Parity,2022-06-01,GS,0.013440460469630877,Financials
Combined Risk Parity,2022-06-01,INTC,0.014146339312277573,Tech
Combined Risk Parity,2022-06-01,KO,0.023544696364796325,Consumer
Combined Risk Parity,2022-06-01,MMM,0.019418991223545193,Industrials
Combined Risk Parity,2022-06-01,MRK,0.03270689638556098,Healthcare
Combined Risk Parity,2022-06-01,MS,0.012354832554000912,Financials
Combined Risk Parity,2022-06-01,NEE,0.021099346716595642,Utilities
Combined Risk Parity,2022-06-01,NEM,0.03243949673024376,Materials
Combined Risk Parity,2022-06-01,NKE,0.013959931613146365,Consumer
Combined Risk Parity,2022-06-01,NUE,0.010873388103372527,Materials
Combined Risk Parity,2022-06-01,NVDA,0.007648979204278447,Tech
Combined Risk Parity,2022-06-01,O,0.020204009858578474,RealEstate
Combined Risk Parity,2022-06-01,OXY,0.009957528212333025,Energy
Combined Risk Parity,2022-06-01,PLD,0.014950502233712425,RealEstate
Combined Risk Parity,2022-06-01,PSA,0.020050263106670664,RealEstate
Combined Risk Parity,2022-06-01,QCOM,0.010901459997100259,Tech
Combined Risk Parity,2022-06-01,SBUX,0.012957340742971068,Consumer
Combined Risk Parity,2022-06-01,SHW,0.022858596253172252,Materials
Combined Risk Parity,2022-06-01,SLB,0.011780795117193934,Energy
Combined Risk Parity,2022-06-01,SO,0.0315949815300044,Utilities
Combined Risk Parity,2022-06-01,T,0.02299124699123364,Comm
Combined Risk Parity,2022-06-01,TMUS,0.016374933932660284,Comm
Combined Risk Parity,2022-06-01,TTWO,0.016874159390840523,Comm
Combined Risk Parity,2022-06-01,UPS,0.016871054599332837,Industrials
Combined Risk Parity,2022-06-01,USB,0.015237635056925021,Financials
Combined Risk Parity,2022-06-01,V,0.013760377412817305,Financials
Combined Risk Parity,2022-06-01,WFC,0.012549266121792583,Financials
Combined Risk Parity,2022-06-01,WMT,0.035003215559886926,Consumer
Combined Risk Parity,2022-06-01,XOM,0.01665316154461656,Energy
Combined Risk Parity,2022-06-01,ADA-USD,0.004843124774632728,Crypto
Combined Risk Parity,2022-06-01,BCH-USD,0.00594299305960274,Crypto
Combined Risk Parity,2022-06-01,BTC-USD,0.007740489399190771,Crypto
Combined Risk Parity,2022-06-01,EOS-USD,0.0050415192434935625,Crypto
Combined Risk Parity,2022-06-01,ETC-USD,0.005172458264799534,Crypto
Combined Risk Parity,2022-06-01,ETH-USD,0.005971054295728308,Crypto
Combined Risk Parity,2022-06-01,LTC-USD,0.005244302136048704,Crypto
Combined Risk Parity,2022-06-01,TRX-USD,0.006081437867992945,Crypto
Combined Risk Parity,2022-06-01,XLM-USD,0.0058344318950531125,Crypto
Combined Risk Parity,2022-06-01,XRP-USD,0.005479643239246554,Crypto
Combined Risk Parity,2022-07-01,ABBV,0.029623298484148054,Healthcare
Combined Risk Parity,2022-07-01,ABT,0.018447296756445554,Healthcare
Combined Risk Parity,2022-07-01,ADBE,0.012391687621377871,Tech
Combined Risk Parity,2022-07-01,AEP,0.027582332582167406,Utilities
Combined Risk Parity,2022-07-01,AMD,0.007745968808484205,Tech
Combined Risk Parity,2022-07-01,AMGN,0.030207335618404257,Healthcare
Combined Risk Parity,2022-07-01,AMT,0.01769883901007081,RealEstate
Combined Risk Parity,2022-07-01,BA,0.010170410456560981,Industrials
Combined Risk Parity,2022-07-01,CAT,0.015698587683632123,Industrials
Combined Risk Parity,2022-07-01,CCI,0.018909556768475937,RealEstate
Combined Risk Parity,2022-07-01,CMCSA,0.018614006854843202,Comm
Combined Risk Parity,2022-07-01,COP,0.013480265054807164,Energy
Combined Risk Parity,2022-07-01,CVX,0.018426360583138256,Energy
Combined Risk Parity,2022-07-01,D,0.029802039944960116,Utilities
Combined Risk Parity,2022-07-01,DD,0.012304146075912938,Materials
Combined Risk Parity,2022-07-01,DIS,0.014972934081785582,Consumer
Combined Risk Parity,2022-07-01,DOW,0.01583855791585811,Materials
Combined Risk Parity,2022-07-01,DUK,0.03273445309900473,Utilities
Combined Risk Parity,2022-07-01,EA,0.025846283574281308,Comm
Combined Risk Parity,2022-07-01,GE,0.011542119756973501,Industrials
Combined Risk Parity,2022-07-01,GILD,0.03259853339865339,Healthcare
Combined Risk Parity,2022-07-01,GS,0.013969555584902002,Financials
Combined Risk Parity,2022-07-01,INTC,0.014151941273211443,Tech
Combined Risk Parity,2022-07-01,KO,0.025664341351539673,Consumer
Combined Risk Parity,2022-07-01,MMM,0.020573394676879422,Industrials
Combined Risk Parity,2022-07-01,MRK,0.03167029870853453,Healthcare
Combined Risk Parity,2022-07-01,MS,0.013006853393335288,Financials
Combined Risk Parity,2022-07-01,NEE,0.0193895766648758,Utilities
Combined Risk Parity,2022-07-01,NEM,0.034215970448216344,Materials
Combined Risk Parity,2022-07-01,NKE,0.01328951381628348,Consumer
Combined Risk Parity,2022-07-01,NUE,0.011018029355139358,Materials
Combined Risk Parity,2022-07-01,NVDA,0.007458277767485914,Tech
Combined Risk Parity,2022-07-01,O,0.0207840576651698,RealEstate
Combined Risk Parity,2022-07-01,OXY,0.010327299234568554,Energy
Combined Risk Parity,2022-07-01,PLD,0.01390284495673903,RealEstate
Combined Risk Parity,2022-07-01,PSA,0.0198557405868986,RealEstate
Combined Risk Parity,2022-07-01,QCOM,0.011215176638916254,Tech
Combined Risk Parity,2022-07-01,SBUX,0.012955761349068113,Consumer
Combined Risk Parity,2022-07-01,SHW,0.020313105695788994,Materials
Combined Risk Parity,2022-07-01,SLB,0.012658997623621665,Energy
Combined Risk Parity,2022-07-01,SO,0.029927768644653595,Utilities
Combined Risk Parity,2022-07-01,T,0.022251432289022075,Comm
Combined Risk Parity,2022-07-01,TMUS,0.01663851508289178,Comm
Combined Risk Parity,2022-07-01,TTWO,0.0168394902527734,Comm
Combined Risk Parity,2022-07-01,UPS,0.018083008657429137,Industrials
Combined Risk Parity,2022-07-01,USB,0.01540342196704435,Financials
Combined Risk Parity,2022-07-01,V,0.013553722345960464,Financials
Combined Risk Parity,2022-07-01,WFC,0.012662639122734376,Financials
Combined Risk Parity,2022-07-01,WMT,0.03755864391857941,Consumer
Combined Risk Parity,2022-07-01,XOM,0.016758698658359293,Energy
Combined Risk Parity,2022-07-01,ADA-USD,0.005218685229623605,Crypto
Combined Risk Parity,2022-07-01,BCH-USD,0.006157852592018231,Crypto
Combined Risk Parity,2022-07-01,BTC-USD,0.007620747062750233,Crypto
Combined Risk Parity,2022-07-01,EOS-USD,0.00540639469971345,Crypto
Combined Risk Parity,2022-07-01,ETC-USD,0.005445876265938625,Crypto
Combined Risk Parity,2022-07-01,ETH-USD,0.005885012493558882,Crypto
Combined Risk Parity,2022-07-01,LTC-USD,0.005561070226288726,Crypto
Combined Risk Parity,2022-07-01,TRX-USD,0.006162791735980623,Crypto
Combined Risk Parity,2022-07-01,XLM-USD,0.006093103045655626,Crypto
Combined Risk Parity,2022-07-01,XRP-USD,0.0057153747878643975,Crypto
Combined Risk Parity,2022-08-01,ABBV,0.031754949367081495,Healthcare
Combined Risk Parity,2022-08-01,ABT,0.017721803171212077,Healthcare
Combined Risk Parity,2022-08-01,ADBE,0.011972979451845932,Tech
Combined Risk Parity,2022-08-01,AEP,0.02772016588256335,Utilities
Combined Risk Parity,2022-08-01,AMD,0.007673745986746693,Tech
Combined Risk Parity,2022-08-01,AMGN,0.030143141058991654,Healthcare
Combined Risk Parity,2022-08-01,AMT,0.017195670847896357,RealEstate
Combined Risk Parity,2022-08-01,BA,0.01038075399227017,Industrials
Combined Risk Parity,2022-08-01,CAT,0.015167283432986213,Industrials
Combined Risk Parity,2022-08-01,CCI,0.01830071976640872,RealEstate
Combined Risk Parity,2022-08-01,CMCSA,0.01968319083910781,Comm
Combined Risk Parity,2022-08-01,COP,0.013413689586348955,Energy
Combined Risk Parity,2022-08-01,CVX,0.018262536262445568,Energy
Combined Risk Parity,2022-08-01,D,0.029215714980806034,Utilities
Combined Risk Parity,2022-08-01,DD,0.012495044764034353,Materials
Combined Risk Parity,2022-08-01,DIS,0.01471616007995043,Consumer
Combined Risk Parity,2022-08-01,DOW,0.01621672400757253,Materials
Combined Risk Parity,2022-08-01,DUK,0.03232455179867279,Utilities
Combined Risk Parity,2022-08-01,EA,0.025576055698833988,Comm
Combined Risk Parity,2022-08-01,GE,0.011826077040792837,Industrials
Combined Risk Parity,2022-08-01,GILD,0.032551891218078034,Healthcare
Combined Risk Parity,2022-08-01,GS,0.013823677734577539,Financials
Combined Risk Parity,2022-08-01,INTC,0.014244355107383597,Tech
Combined Risk Parity,2022-08-01,KO,0.025915509136985895,Consumer
Combined Risk Parity,2022-08-01,MMM,0.02119820364995062,Industrials
Combined Risk Parity,2022-08-01,MRK,0.03295903936290822,Healthcare
Combined Risk Parity,2022-08-01,MS,0.013006831882083248,Financials
Combined Risk Parity,2022-08-01,NEE,0.018714436430180312,Utilities
Combined Risk Parity,2022-08-01,NEM,0.03466721154697673,Materials
Combined Risk Parity,2022-08-01,NKE,0.012830234904797011,Consumer
Combined Risk Parity,2022-08-01,NUE,0.011094957641172578,Materials
Combined Risk Parity,2022-08-01,NVDA,0.007352545896670163,Tech
Combined Risk Parity,2022-08-01,O,0.020936998548298617,RealEstate
Combined Risk Parity,2022-08-01,OXY,0.010481574847820545,Energy
Combined Risk Parity,2022-08-01,PLD,0.01347869962177565,RealEstate
Combined Risk Parity,2022-08-01,PSA,0.019484178244686137,RealEstate
Combined Risk Parity,2022-08-01,QCOM,0.011652792308295235,Tech
Combined Risk Parity,2022-08-01,SBUX,0.012916679437928597,Consumer
Combined Risk Parity,2022-08-01,SHW,0.021222527181726205,Materials
Combined Risk Parity,2022-08-01,SLB,0.012944926647541953,Energy
Combined Risk Parity,2022-08-01,SO,0.029358217898072175,Utilities
Combined Risk Parity,2022-08-01,T,0.022646197246994983,Comm
Combined Risk Parity,2022-08-01,TMUS,0.01648488148970061,Comm
Combined Risk Parity,2022-08-01,TTWO,0.01685217439927281,Comm
Combined Risk Parity,2022-08-01,UPS,0.017047008580791823,Industrials
Combined Risk Parity,2022-08-01,USB,0.01622279563405079,Financials
Combined Risk Parity,2022-08-01,V,0.013870976672177852,Financials
Combined Risk Parity,2022-08-01,WFC,0.012781101008385214,Financials
Combined Risk Parity,2022-08-01,WMT,0.034998736379601804,Consumer
Combined Risk Parity,2022-08-01,XOM,0.016840769542088036,Energy
Combined Risk Parity,2022-08-01,ADA-USD,0.005283048399671133,Crypto
Combined Risk Parity,2022-08-01,BCH-USD,0.005937932183350678,Crypto
Combined Risk Parity,2022-08-01,BTC-USD,0.007647045321525903,Crypto
Combined Risk Parity,2022-08-01,EOS-USD,0.005584531389589645,Crypto
Combined Risk Parity,2022-08-01,ETC-USD,0.005070068566612473,Crypto
Combined Risk Parity,2022-08-01,ETH-USD,0.0059550901992966665,Crypto
Combined Risk Parity,2022-08-01,LTC-USD,0.0056717940704225514,Crypto
Combined Risk Parity,2022-08-01,TRX-USD,0.006411088288186011,Crypto
Combined Risk Parity,2022-08-01,XLM-USD,0.0061977052063534295,Crypto
Combined Risk Parity,2022-08-01,XRP-USD,0.005900608157450552,Crypto
Combined Risk Parity,2022-09-01,ABBV,0.03139278911604977,Healthcare
Combined Risk Parity,2022-09-01,ABT,0.017377620221928698,Healthcare
Combined Risk Parity,2022-09-01,ADBE,0.01176453658244614,Tech
Combined Risk Parity,2022-09-01,AEP,0.02731283804747031,Utilities
Combined Risk Parity,2022-09-01,AMD,0.0076843812410499045,Tech
Combined Risk Parity,2022-09-01,AMGN,0.0313673840759208,Healthcare
Combined Risk Parity,2022-09-01,AMT,0.017090074133161423,RealEstate
Combined Risk Parity,2022-09-01,BA,0.010496070602382461,Industrials
Combined Risk Parity,2022-09-01,CAT,0.014971264944141914,Industrials
Combined Risk Parity,2022-09-01,CCI,0.018197017117480223,RealEstate
Combined Risk Parity,2022-09-01,CMCSA,0.019582923181424492,Comm
Combined Risk Parity,2022-09-01,COP,0.014167657950915727,Energy
Combined Risk Parity,2022-09-01,CVX,0.01902974733697495,Energy
Combined Risk Parity,2022-09-01,D,0.02932081590945394,Utilities
Combined Risk Parity,2022-09-01,DD,0.012174190071421499,Materials
Combined Risk Parity,2022-09-01,DIS,0.014268765393138282,Consumer
Combined Risk Parity,2022-09-01,DOW,0.016104447631329455,Materials
Combined Risk Parity,2022-09-01,DUK,0.03186402111768149,Utilities
Combined Risk Parity,2022-09-01,EA,0.026061067341310425,Comm
Combined Risk Parity,2022-09-01,GE,0.011679170203965063,Industrials
Combined Risk Parity,2022-09-01,GILD,0.03230433994400356,Healthcare
Combined Risk Parity,2022-09-01,GS,0.014013955426998615,Financials
Combined Risk Parity,2022-09-01,INTC,0.013699674782469301,Tech
Combined Risk Parity,2022-09-01,KO,0.02574455645107891,Consumer
Combined Risk Parity,2022-09-01,MMM,0.019371155984411068,Industrials
Combined Risk Parity,2022-09-01,MRK,0.032906820997637316,Healthcare
Combined Risk Parity,2022-09-01,MS,0.01308224718104283,Financials
Combined Risk Parity,2022-09-01,NEE,0.018998578780544693,Utilities
Combined Risk Parity,2022-09-01,NEM,0.0337070360621955,Materials
Combined Risk Parity,2022-09-01,NKE,0.012568044297509538,Consumer
Combined Risk Parity,2022-09-01,NUE,0.011280230401175567,Materials
Combined Risk Parity,2022-09-01,NVDA,0.007176708405334858,Tech
Combined Risk Parity,2022-09-01,O,0.021371610534153034,RealEstate
Combined Risk Parity,2022-09-01,OXY,0.011421694333343856,Energy
Combined Risk Parity,2022-09-01,PLD,0.013406589873724404,RealEstate
Combined Risk Parity,2022-09-01,PSA,0.01914462658997825,RealEstate
Combined Risk Parity,2022-09-01,QCOM,0.011367202357906621,Tech
Combined Risk Parity,2022-09-01,SBUX,0.012789219082457663,Consumer
Combined Risk Parity,2022-09-01,SHW,0.020387888979493694,Materials
Combined Risk Parity,2022-09-01,SLB,0.013596911725093344,Energy
Combined Risk Parity,2022-09-01,SO,0.0296800304044862,Utilities
Combined Risk Parity,2022-09-01,T,0.023374202382191653,Comm
Combined Risk Parity,2022-09-01,TMUS,0.016820250775271255,Comm
Combined Risk Parity,2022-09-01,TTWO,0.016556461961844682,Comm
Combined Risk Parity,2022-09-01,UPS,0.017053269520769705,Industrials
Combined Risk Parity,2022-09-01,USB,0.016602866335452552,Financials
Combined Risk Parity,2022-09-01,V,0.013838164403525586,Financials
Combined Risk Parity,2022-09-01,WFC,0.012910624888366053,Financials
Combined Risk Parity,2022-09-01,WMT,0.033718316233707885,Consumer
Combined Risk Parity,2022-09-01,XOM,0.017427966465236217,Energy
Combined Risk Parity,2022-09-01,ADA-USD,0.005619836476396674,Crypto
Combined Risk Parity,2022-09-01,BCH-USD,0.006027781053820016,Crypto
Combined Risk Parity,2022-09-01,BTC-USD,0.0076889844527000175,Crypto
Combined Risk Parity,2022-09-01,EOS-USD,0.005825929512423546,Crypto
Combined Risk Parity,2022-09-01,ETC-USD,0.005086987972812767,Crypto
Combined Risk Parity,2022-09-01,ETH-USD,0.005832286122020212,Crypto
Combined Risk Parity,2022-09-01,LTC-USD,0.005863544920286232,Crypto
Combined Risk Parity,2022-09-01,TRX-USD,0.006814193355938415,Crypto
Combined Risk Parity,2022-09-01,XLM-USD,0.006565140992075229,Crypto
Combined Risk Parity,2022-09-01,XRP-USD,0.0064472873604756184,Crypto
Combined Risk Parity,2022-10-03,ABBV,0.0315354303473656,Healthcare
Combined Risk Parity,2022-10-03,ABT,0.017789576121883817,Healthcare
Combined Risk Parity,2022-10-03,ADBE,0.01111605984500705,Tech
Combined Risk Parity,2022-10-03,AEP,0.025476049190424056,Utilities
Combined Risk Parity,2022-10-03,AMD,0.007759506891730802,Tech
Combined Risk Parity,2022-10-03,AMGN,0.031407378359993084,Healthcare
Combined Risk Parity,2022-10-03,AMT,0.017084869274863523,RealEstate
Combined Risk Parity,2022-10-03,BA,0.010532416495539057,Industrials
Combined Risk Parity,2022-10-03,CAT,0.01513974496614238,Industrials
Combined Risk Parity,2022-10-03,CCI,0.017764706321262428,RealEstate
Combined Risk Parity,2022-10-03,CMCSA,0.018260803538003422,Comm
Combined Risk Parity,2022-10-03,COP,0.014477995055794881,Energy
Combined Risk Parity,2022-10-03,CVX,0.019381632905698686,Energy
Combined Risk Parity,2022-10-03,D,0.02748059368678679,Utilities
Combined Risk Parity,2022-10-03,DD,0.012308282552112039,Materials
Combined Risk Parity,2022-10-03,DIS,0.013867576279586772,Consumer
Combined Risk Parity,2022-10-03,DOW,0.016138562255030856,Materials
Combined Risk Parity,2022-10-03,DUK,0.029402945613621823,Utilities
Combined Risk Parity,2022-10-03,EA,0.024440124096549453,Comm
Combined Risk Parity,2022-10-03,GE,0.012210604137237168,Industrials
Combined Risk Parity,2022-10-03,GILD,0.029231446820293504,Healthcare
Combined Risk Parity,2022-10-03,GS,0.014439462242360116,Financials
Combined Risk Parity,2022-10-03,INTC,0.013394461405652291,Tech
Combined Risk Parity,2022-10-03,KO,0.026276018632461023,Consumer
Combined Risk Parity,2022-10-03,MMM,0.019983076516416978,Industrials
Combined Risk Parity,2022-10-03,MRK,0.034214720364755334,Healthcare
Combined Risk Parity,2022-10-03,MS,0.013602938492667641,Financials
Combined Risk Parity,2022-10-03,NEE,0.018972483667858173,Utilities
Combined Risk Parity,2022-10-03,NEM,0.03162395803050637,Materials
Combined Risk Parity,2022-10-03,NKE,0.011787595451047957,Consumer
Combined Risk Parity,2022-10-03,NUE,0.012118636819349148,Materials
Combined Risk Parity,2022-10-03,NVDA,0.007453528118308564,Tech
Combined Risk Parity,2022-10-03,O,0.022222520128158795,RealEstate
Combined Risk Parity,2022-10-03,OXY,0.01259323204477747,Energy
Combined Risk Parity,2022-10-03,PLD,0.013683137161760955,RealEstate
Combined Risk Parity,2022-10-03,PSA,0.01959438228524738,RealEstate
Combined Risk Parity,2022-10-03,QCOM,0.011527596636158542,Tech
Combined Risk Parity,2022-10-03,SBUX,0.013205505519935505,Consumer
Combined Risk Parity,2022-10-03,SHW,0.020121452129621308,Materials
Combined Risk Parity,2022-10-03,SLB,0.013813696507589455,Energy
Combined Risk Parity,2022-10-03,SO,0.02728723431356537,Utilities
Combined Risk Parity,2022-10-03,T,0.0235266027392268,Comm
Combined Risk Parity,2022-10-03,TMUS,0.01712022248340342,Comm
Combined Risk Parity,2022-10-03,TTWO,0.016165030081310063,Comm
Combined Risk Parity,2022-10-03,UPS,0.01678596153525689,Industrials
Combined Risk Parity,2022-10-03,USB,0.016919163518042384,Financials
Combined Risk Parity,2022-10-03,V,0.014256248372894381,Financials
Combined Risk Parity,2022-10-03,WFC,0.013282129671764367,Financials
Combined Risk Parity,2022-10-03,WMT,0.03352850067670415,Consumer
Combined Risk Parity,2022-10-03,XOM,0.0180386373195428,Energy
Combined Risk Parity,2022-10-03,ADA-USD,0.0063296605108567,Crypto
Combined Risk Parity,2022-10-03,BCH-USD,0.006819410836508622,Crypto
Combined Risk Parity,2022-10-03,BTC-USD,0.008168356922507291,Crypto
Combined Risk Parity,2022-10-03,EOS-USD,0.006266089622916134,Crypto
Combined Risk Parity,2022-10-03,ETC-USD,0.0055535963677759495,Crypto
Combined Risk Parity,2022-10-03,ETH-USD,0.006409988461765513,Crypto
Combined Risk Parity,2022-10-03,LTC-USD,0.006712188784960758,Crypto
Combined Risk Parity,2022-10-03,TRX-USD,0.008289829226074337,Crypto
Combined Risk Parity,2022-10-03,XLM-USD,0.007590100165023346,Crypto
Combined Risk Parity,2022-10-03,XRP-USD,0.007516341480340518,Crypto
Combined Risk Parity,2022-11-01,ABBV,0.03209428573288272,Healthcare
Combined Risk Parity,2022-11-01,ABT,0.017587569967080992,Healthcare
Combined Risk Parity,2022-11-01,ADBE,0.0114259365771643,Tech
Combined Risk Parity,2022-11-01,AEP,0.023598020449897776,Utilities
Combined Risk Parity,2022-11-01,AMD,0.00773532612412,Tech
Combined Risk Parity,2022-11-01,AMGN,0.031758967206968025,Healthcare
Combined Risk Parity,2022-11-01,AMT,0.016530100902864286,RealEstate
Combined Risk Parity,2022-11-01,BA,0.0109119594757446,Industrials
Combined Risk Parity,2022-11-01,CAT,0.015109374811509809,Industrials
Combined Risk Parity,2022-11-01,CCI,0.017664047235922638,RealEstate
Combined Risk Parity,2022-11-01,CMCSA,0.018637890024455164,Comm
Combined Risk Parity,2022-11-01,COP,0.014756170286399986,Energy
Combined Risk Parity,2022-11-01,CVX,0.01936013050148484,Energy
Combined Risk Parity,2022-11-01,D,0.025726833286193542,Utilities
Combined Risk Parity,2022-11-01,DD,0.01249851137392513,Materials
Combined Risk Parity,2022-11-01,DIS,0.013894285796852394,Consumer
Combined Risk Parity,2022-11-01,DOW,0.016391150581065887,Materials
Combined Risk Parity,2022-11-01,DUK,0.026649129943842262,Utilities
Combined Risk Parity,2022-11-01,EA,0.02440108692329367,Comm
Combined Risk Parity,2022-11-01,GE,0.012292255935449133,Industrials
Combined Risk Parity,2022-11-01,GILD,0.025205369721903514,Healthcare
Combined Risk Parity,2022-11-01,GS,0.014289549775954723,Financials
Combined Risk Parity,2022-11-01,INTC,0.012734554997425004,Tech
Combined Risk Parity,2022-11-01,KO,0.02589772654002594,Consumer
Combined Risk Parity,2022-11-01,MMM,0.01926443938216486,Industrials
Combined Risk Parity,2022-11-01,MRK,0.038624637177292406,Healthcare
Combined Risk Parity,2022-11-01,MS,0.013415635781783791,Financials
Combined Risk Parity,2022-11-01,NEE,0.0183510216527505,Utilities
Combined Risk Parity,2022-11-01,NEM,0.02886277480129553,Materials
Combined Risk Parity,2022-11-01,NKE,0.011951234345241483,Consumer
Combined Risk Parity,2022-11-01,NUE,0.01200317158609846,Materials
Combined Risk Parity,2022-11-01,NVDA,0.007495584571374998,Tech
Combined Risk Parity,2022-11-01,O,0.022374378686156198,RealEstate
Combined Risk Parity,2022-11-01,OXY,0.013543489300540832,Energy
Combined Risk Parity,2022-11-01,PLD,0.013859051271880862,RealEstate
Combined Risk Parity,2022-11-01,PSA,0.020050381480669566,RealEstate
Combined Risk Parity,2022-11-01,QCOM,0.011534341949342731,Tech
Combined Risk Parity,2022-11-01,SBUX,0.0135620588169483,Consumer
Combined Risk Parity,2022-11-01,SHW,0.01863256629556368,Materials
Combined Risk Parity,2022-11-01,SLB,0.01421693771948316,Energy
Combined Risk Parity,2022-11-01,SO,0.02538018740424306,Utilities
Combined Risk Parity,2022-11-01,T,0.02301865559605303,Comm
Combined Risk Parity,2022-11-01,TMUS,0.016955484845649283,Comm
Combined Risk Parity,2022-11-01,TTWO,0.017109018298879182,Comm
Combined Risk Parity,2022-11-01,UPS,0.017432358277784228,Industrials
Combined Risk Parity,2022-11-01,USB,0.017099493096924608,Financials
Combined Risk Parity,2022-11-01,V,0.015024564659667445,Financials
Combined Risk Parity,2022-11-01,WFC,0.013459212112589864,Financials
Combined Risk Parity,2022-11-01,WMT,0.03270722367739012,Consumer
Combined Risk Parity,2022-11-01,XOM,0.018597121254579466,Energy
Combined Risk Parity,2022-11-01,ADA-USD,0.006797311881258599,Crypto
Combined Risk Parity,2022-11-01,BCH-USD,0.007604785530733058,Crypto
Combined Risk Parity,2022-11-01,BTC-USD,0.008863080447811162,Crypto
Combined Risk Parity,2022-11-01,EOS-USD,0.007054295605105254,Crypto
Combined Risk Parity,2022-11-01,ETC-USD,0.0061319283272483534,Crypto
Combined Risk Parity,2022-11-01,ETH-USD,0.007071507282932664,Crypto
Combined Risk Parity,2022-11-01,LTC-USD,0.00754881738123214,Crypto
Combined Risk Parity,2022-11-01,TRX-USD,0.00973515156990791,Crypto
Combined Risk Parity,2022-11-01,XLM-USD,0.008918326406073714,Crypto
Combined Risk Parity,2022-11-01,XRP-USD,0.008599537352923198,Crypto
Combined Risk Parity,2022-12-01,ABBV,0.032823600492990025,Healthcare
Combined Risk Parity,2022-12-01,ABT,0.017207434323964443,Healthcare
Combined Risk Parity,2022-12-01,ADBE,0.010890463610242132,Tech
Combined Risk Parity,2022-12-01,AEP,0.023389561535637236,Utilities
Combined Risk Parity,2022-12-01,AMD,0.0074313415281273216,Tech
Combined Risk Parity,2022-12-01,AMGN,0.035157851781439396,Healthcare
Combined Risk Parity,2022-12-01,AMT,0.01559025684953983,RealEstate
Combined Risk Parity,2022-12-01,BA,0.011439923766283465,Industrials
Combined Risk Parity,2022-12-01,CAT,0.0156479024275675,Industrials
Combined Risk Parity,2022-12-01,CCI,0.016680270293624736,RealEstate
Combined Risk Parity,2022-12-01,CMCSA,0.018318907888652893,Comm
Combined Risk Parity,2022-12-01,COP,0.015244881045419472,Energy
Combined Risk Parity,2022-12-01,CVX,0.01945749794167942,Energy
Combined Risk Parity,2022-12-01,D,0.025911918431415663,Utilities
Combined Risk Parity,2022-12-01,DD,0.013479239869792594,Materials
Combined Risk Parity,2022-12-01,DIS,0.012961532536232416,Consumer
Combined Risk Parity,2022-12-01,DOW,0.015975999462397757,Materials
Combined Risk Parity,2022-12-01,DUK,0.027064322451669755,Utilities
Combined Risk Parity,2022-12-01,EA,0.02408914145125499,Comm
Combined Risk Parity,2022-12-01,GE,0.013093969001144625,Industrials
Combined Risk Parity,2022-12-01,GILD,0.02650130786313475,Healthcare
Combined Risk Parity,2022-12-01,GS,0.01480937507553808,Financials
Combined Risk Parity,2022-12-01,INTC,0.012049579807526545,Tech
Combined Risk Parity,2022-12-01,KO,0.026418923595317664,Consumer
Combined Risk Parity,2022-12-01,MMM,0.019216147577970882,Industrials
Combined Risk Parity,2022-12-01,MRK,0.043711566260050794,Healthcare
Combined Risk Parity,2022-12-01,MS,0.01361829239276418,Financials
Combined Risk Parity,2022-12-01,NEE,0.01812126242328912,Utilities
Combined Risk Parity,2022-12-01,NEM,0.023168954526226165,Materials
Combined Risk Parity,2022-12-01,NKE,0.011412256032795538,Consumer
Combined Risk Parity,2022-12-01,NUE,0.012056861466011105,Materials
Combined Risk Parity,2022-12-01,NVDA,0.007139791268831661,Tech
Combined Risk Parity,2022-12-01,O,0.022090014107371686,RealEstate
Combined Risk Parity,2022-12-01,OXY,0.013687136004922707,Energy
Combined Risk Parity,2022-12-01,PLD,0.013568389733593289,RealEstate
Combined Risk Parity,2022-12-01,PSA,0.018981257461454046,RealEstate
Combined Risk Parity,2022-12-01,QCOM,0.010808539715256792,Tech
Combined Risk Parity,2022-12-01,SBUX,0.013520255653842636,Consumer
Combined Risk Parity,2022-12-01,SHW,0.017243038335830286,Materials
Combined Risk Parity,2022-12-01,SLB,0.0155068652696006,Energy
Combined Risk Parity,2022-12-01,SO,0.025211697933303735,Utilities
Combined Risk Parity,2022-12-01,T,0.02388732660437327,Comm
Combined Risk Parity,2022-12-01,TMUS,0.018478858787834056,Comm
Combined Risk Parity,2022-12-01,TTWO,0.01677649474096179,Comm
Combined Risk Parity,2022-12-01,UPS,0.016631037677180428,Industrials
Combined Risk Parity,2022-12-01,USB,0.017252812957834245,Financials
Combined Risk Parity,2022-12-01,V,0.014585874160069769,Financials
Combined Risk Parity,2022-12-01,WFC,0.014125016205566518,Financials
Combined Risk Parity,2022-12-01,WMT,0.032570222931350215,Consumer
Combined Risk Parity,2022-12-01,XOM,0.019330314450671317,Energy
Combined Risk Parity,2022-12-01,ADA-USD,0.006625804424921565,Crypto
Combined Risk Parity,2022-12-01,BCH-USD,0.007529411193156652,Crypto
Combined Risk Parity,2022-12-01,BTC-USD,0.008658154478921475,Crypto
Combined Risk Parity,2022-12-01,EOS-USD,0.006947331798878723,Crypto
Combined Risk Parity,2022-12-01,ETC-USD,0.0058572280361151195,Crypto
Combined Risk Parity,2022-12-01,ETH-USD,0.006569714409459003,Crypto
Combined Risk Parity,2022-12-01,LTC-USD,0.007281328499875039,Crypto
Combined Risk Parity,2022-12-01,TRX-USD,0.010130159255600736,Crypto
Combined Risk Parity,2022-12-01,XLM-USD,0.008134282033190155,Crypto
Combined Risk Parity,2022-12-01,XRP-USD,0.007931098160331796,Crypto
Combined Risk Parity,2023-01-03,ABBV,0.0331350130322033,Healthcare
Combined Risk Parity,2023-01-03,ABT,0.016870689580188898,Healthcare
Combined Risk Parity,2023-01-03,ADBE,0.010990115637259957,Tech
Combined Risk Parity,2023-01-03,AEP,0.023126528232943803,Utilities
Combined Risk Parity,2023-01-03,AMD,0.007477350684314804,Tech
Combined Risk Parity,2023-01-03,AMGN,0.03648581129449189,Healthcare
Combined Risk Parity,2023-01-03,AMT,0.015677720961557274,RealEstate
Combined Risk Parity,2023-01-03,BA,0.011843401375592756,Industrials
Combined Risk Parity,2023-01-03,CAT,0.01579760536531713,Industrials
Combined Risk Parity,2023-01-03,CCI,0.016708126399796214,RealEstate
Combined Risk Parity,2023-01-03,CMCSA,0.01811282443712653,Comm
Combined Risk Parity,2023-01-03,COP,0.015446651666054174,Energy
Combined Risk Parity,2023-01-03,CVX,0.01935496784246316,Energy
Combined Risk Parity,2023-01-03,D,0.0261139703964744,Utilities
Combined Risk Parity,2023-01-03,DD,0.013639729170700648,Materials
Combined Risk Parity,2023-01-03,DIS,0.012888676749145482,Consumer
Combined Risk Parity,2023-01-03,DOW,0.016083162363170405,Materials
Combined Risk Parity,2023-01-03,DUK,0.02675843589977453,Utilities
Combined Risk Parity,2023-01-03,EA,0.02402325550543787,Comm
Combined Risk Parity,2023-01-03,GE,0.01317783668946254,Industrials
Combined Risk Parity,2023-01-03,GILD,0.02596914827170071,Healthcare
Combined Risk Parity,2023-01-03,GS,0.015112235311899622,Financials
Combined Risk Parity,2023-01-03,INTC,0.012228934058706764,Tech
Combined Risk Parity,2023-01-03,KO,0.026429824277056656,Consumer
Combined Risk Parity,2023-01-03,MMM,0.01912168879274347,Industrials
Combined Risk Parity,2023-01-03,MRK,0.04139681762764665,Healthcare
Combined Risk Parity,2023-01-03,MS,0.013752953638802528,Financials
Combined Risk Parity,2023-01-03,NEE,0.01796137651792535,Utilities
Combined Risk Parity,2023-01-03,NEM,0.02266085706925342,Materials
Combined Risk Parity,2023-01-03,NKE,0.011028838240988928,Consumer
Combined Risk Parity,2023-01-03,NUE,0.011518864577118355,Materials
Combined Risk Parity,2023-01-03,NVDA,0.007209218287534072,Tech
Combined Risk Parity,2023-01-03,O,0.02277997020368374,RealEstate
Combined Risk Parity,2023-01-03,OXY,0.01391534681724012,Energy
Combined Risk Parity,2023-01-03,PLD,0.013319192722188757,RealEstate
Combined Risk Parity,2023-01-03,PSA,0.01866382054405111,RealEstate
Combined Risk Parity,2023-01-03,QCOM,0.010570535140923393,Tech
Combined Risk Parity,2023-01-03,SBUX,0.013836265360597759,Consumer
Combined Risk Parity,2023-01-03,SHW,0.017078751160240283,Materials
Combined Risk Parity,2023-01-03,SLB,0.015242588865031163,Energy
Combined Risk Parity,2023-01-03,SO,0.0249600821014957,Utilities
Combined Risk Parity,2023-01-03,T,0.02431204216036804,Comm
Combined Risk Parity,2023-01-03,TMUS,0.01921897332572161,Comm
Combined Risk Parity,2023-01-03,TTWO,0.016474795305747744,Comm
Combined Risk Parity,2023-01-03,UPS,0.01652432462525117,Industrials
Combined Risk Parity,2023-01-03,USB,0.017384995661736142,Financials
Combined Risk Parity,2023-01-03,V,0.014961068241057647,Financials
Combined Risk Parity,2023-01-03,WFC,0.014760062336251607,Financials
Combined Risk Parity,2023-01-03,WMT,0.03110728634987978,Consumer
Combined Risk Parity,2023-01-03,XOM,0.019103460791554772,Energy
Combined Risk Parity,2023-01-03,ADA-USD,0.0069240560602691,Crypto
Combined Risk Parity,2023-01-03,BCH-USD,0.007711141247114491,Crypto
Combined Risk Parity,2023-01-03,BTC-USD,0.00885512991714477,Crypto
Combined Risk Parity,2023-01-03,EOS-USD,0.007213472780270813,Crypto
Combined Risk Parity,2023-01-03,ETC-USD,0.0058063767974108164,Crypto
Combined Risk Parity,2023-01-03,ETH-USD,0.006629409675919546,Crypto
Combined Risk Parity,2023-01-03,LTC-USD,0.007391757816745887,Crypto
Combined Risk Parity,2023-01-03,TRX-USD,0.010739325991916803,Crypto
Combined Risk Parity,2023-01-03,XLM-USD,0.008437989776381313,Crypto
Combined Risk Parity,2023-01-03,XRP-USD,0.007975148268953718,Crypto
Combined Risk Parity,2023-02-01,ABBV,0.033247803845353543,Healthcare
Combined Risk Parity,2023-02-01,ABT,0.01705787032958015,Healthcare
Combined Risk Parity,2023-02-01,ADBE,0.011153780861119431,Tech
Combined Risk Parity,2023-02-01,AEP,0.022649493412952776,Utilities
Combined Risk Parity,2023-02-01,AMD,0.007563606328850124,Tech
Combined Risk Parity,2023-02-01,AMGN,0.0370401858556818,Healthcare
Combined Risk Parity,2023-02-01,AMT,0.01573822177394364,RealEstate
Combined Risk Parity,2023-02-01,BA,0.012084827979796771,Industrials
Combined Risk Parity,2023-02-01,CAT,0.015546435472646445,Industrials
Combined Risk Parity,2023-02-01,CCI,0.016495995757075818,RealEstate
Combined Risk Parity,2023-02-01,CMCSA,0.017824543805834748,Comm
Combined Risk Parity,2023-02-01,COP,0.015877500681556626,Energy
Combined Risk Parity,2023-02-01,CVX,0.01934273409562092,Energy
Combined Risk Parity,2023-02-01,D,0.025540424256186786,Utilities
Combined Risk Parity,2023-02-01,DD,0.013742939445598797,Materials
Combined Risk Parity,2023-02-01,DIS,0.012966787128023172,Consumer
Combined Risk Parity,2023-02-01,DOW,0.0158177759645454,Materials
Combined Risk Parity,2023-02-01,DUK,0.02643940244821673,Utilities
Combined Risk Parity,2023-02-01,EA,0.024151727581923514,Comm
Combined Risk Parity,2023-02-01,GE,0.013271324737626279,Industrials
Combined Risk Parity,2023-02-01,GILD,0.026466182981984197,Healthcare
Combined Risk Parity,2023-02-01,GS,0.015544697185973405,Financials
Combined Risk Parity,2023-02-01,INTC,0.01178705329128648,Tech
Combined Risk Parity,2023-02-01,KO,0.02652222008402219,Consumer
Combined Risk Parity,2023-02-01,MMM,0.01788239848258906,Industrials
Combined Risk Parity,2023-02-01,MRK,0.040320182855353146,Healthcare
Combined Risk Parity,2023-02-01,MS,0.013739560618722649,Financials
Combined Risk Parity,2023-02-01,NEE,0.018504719114646104,Utilities
Combined Risk Parity,2023-02-01,NEM,0.021313580198143875,Materials
Combined Risk Parity,2023-02-01,NKE,0.01103464842115611,Consumer
Combined Risk Parity,2023-02-01,NUE,0.011550489886398882,Materials
Combined Risk Parity,2023-02-01,NVDA,0.007213002020139459,Tech
Combined Risk Parity,2023-02-01,O,0.02297515035633137,RealEstate
Combined Risk Parity,2023-02-01,OXY,0.014645106566744741,Energy
Combined Risk Parity,2023-02-01,PLD,0.013057276444233117,RealEstate
Combined Risk Parity,2023-02-01,PSA,0.018675632973276485,RealEstate
Combined Risk Parity,2023-02-01,QCOM,0.010541419178352137,Tech
Combined Risk Parity,2023-02-01,SBUX,0.01377102202367121,Consumer
Combined Risk Parity,2023-02-01,SHW,0.016611383619312452,Materials
Combined Risk Parity,2023-02-01,SLB,0.015622987705943506,Energy
Combined Risk Parity,2023-02-01,SO,0.024307596526596104,Utilities
Combined Risk Parity,2023-02-01,T,0.024975160853510432,Comm
Combined Risk Parity,2023-02-01,TMUS,0.020133378347342815,Comm
Combined Risk Parity,2023-02-01,TTWO,0.016727257490605666,Comm
Combined Risk Parity,2023-02-01,UPS,0.016253339063114183,Industrials
Combined Risk Parity,2023-02-01,USB,0.017286961019867746,Financials
Combined Risk Parity,2023-02-01,V,0.015559052529692745,Financials
Combined Risk Parity,2023-02-01,WFC,0.014919837759708635,Financials
Combined Risk Parity,2023-02-01,WMT,0.03010120788548189,Consumer
Combined Risk Parity,2023-02-01,XOM,0.019169596655527033,Energy
Combined Risk Parity,2023-02-01,ADA-USD,0.007019229450759532,Crypto
Combined Risk Parity,2023-02-01,BCH-USD,0.00783841498212239,Crypto
Combined Risk Parity,2023-02-01,BTC-USD,0.008964104342096078,Crypto
Combined Risk Parity,2023-02-01,EOS-USD,0.00732231476260061,Crypto
Combined Risk Parity,2023-02-01,ETC-USD,0.005621179711279531,Crypto
Combined Risk Parity,2023-02-01,ETH-USD,0.006845312296171812,Crypto
Combined Risk Parity,2023-02-01,LTC-USD,0.007665525584159624,Crypto
Combined Risk Parity,2023-02-01,TRX-USD,0.011208222506016191,Crypto
Combined Risk Parity,2023-02-01,XLM-USD,0.008647880612197015,Crypto
Combined Risk Parity,2023-02-01,XRP-USD,0.008102331850735866,Crypto
Combined Risk Parity,2023-03-01,ABBV,0.03400264421157022,Healthcare
Combined Risk Parity,2023-03-01,ABT,0.01723576720223033,Healthcare
Combined Risk Parity,2023-03-01,ADBE,0.011183823081641887,Tech
Combined Risk Parity,2023-03-01,AEP,0.022197661481448357,Utilities
Combined Risk Parity,2023-03-01,AMD,0.00779274890457896,Tech
Combined Risk Parity,2023-03-01,AMGN,0.03781279772419565,Healthcare
Combined Risk Parity,2023-03-01,AMT,0.015454234470709876,RealEstate
Combined Risk Parity,2023-03-01,BA,0.012001149618562862,Industrials
Combined Risk Parity,2023-03-01,CAT,0.015708821538455604,Industrials
Combined Risk Parity,2023-03-01,CCI,0.01631975092453767,RealEstate
Combined Risk Parity,2023-03-01,CMCSA,0.017859533177901316,Comm
Combined Risk Parity,2023-03-01,COP,0.015577971347272297,Energy
Combined Risk Parity,2023-03-01,CVX,0.019302869712563644,Energy
Combined Risk Parity,2023-03-01,D,0.025147545508098144,Utilities
Combined Risk Parity,2023-03-01,DD,0.013844873134590738,Materials
Combined Risk Parity,2023-03-01,DIS,0.01270562386356274,Consumer
Combined Risk Parity,2023-03-01,DOW,0.01585710404602327,Materials
Combined Risk Parity,2023-03-01,DUK,0.026669267176424115,Utilities
Combined Risk Parity,2023-03-01,EA,0.02401065152121053,Comm
Combined Risk Parity,2023-03-01,GE,0.013769496751008772,Industrials
Combined Risk Parity,2023-03-01,GILD,0.02582904887392323,Healthcare
Combined Risk Parity,2023-03-01,GS,0.01581702971608177,Financials
Combined Risk Parity,2023-03-01,INTC,0.011674000544334769,Tech
Combined Risk Parity,2023-03-01,KO,0.026157778055348954,Consumer
Combined Risk Parity,2023-03-01,MMM,0.018134594265801014,Industrials
Combined Risk Parity,2023-03-01,MRK,0.040731858270697606,Healthcare
Combined Risk Parity,2023-03-01,MS,0.014129269574237548,Financials
Combined Risk Parity,2023-03-01,NEE,0.01856332242149617,Utilities
Combined Risk Parity,2023-03-01,NEM,0.01980619273546329,Materials
Combined Risk Parity,2023-03-01,NKE,0.010880383772846077,Consumer
Combined Risk Parity,2023-03-01,NUE,0.011983100845495675,Materials
Combined Risk Parity,2023-03-01,NVDA,0.007455445222834566,Tech
Combined Risk Parity,2023-03-01,O,0.023123462429222103,RealEstate
Combined Risk Parity,2023-03-01,OXY,0.01387515002755374,Energy
Combined Risk Parity,2023-03-01,PLD,0.013183000322759868,RealEstate
Combined Risk Parity,2023-03-01,PSA,0.018973744175735364,RealEstate
Combined Risk Parity,2023-03-01,QCOM,0.010794366387201668,Tech
Combined Risk Parity,2023-03-01,SBUX,0.013639885082563013,Consumer
Combined Risk Parity,2023-03-01,SHW,0.016841180301708118,Materials
Combined Risk Parity,2023-03-01,SLB,0.015610887768903377,Energy
Combined Risk Parity,2023-03-01,SO,0.023870751454086722,Utilities
Combined Risk Parity,2023-03-01,T,0.025070136719536913,Comm
Combined Risk Parity,2023-03-01,TMUS,0.019886994284990862,Comm
Combined Risk Parity,2023-03-01,TTWO,0.016227592496482653,Comm
Combined Risk Parity,2023-03-01,UPS,0.01694258850084767,Industrials
Combined Risk Parity,2023-03-01,USB,0.01762229453874445,Financials
Combined Risk Parity,2023-03-01,V,0.015647706546692047,Financials
Combined Risk Parity,2023-03-01,WFC,0.015167568068445473,Financials
Combined Risk Parity,2023-03-01,WMT,0.029139446013296575,Consumer
Combined Risk Parity,2023-03-01,XOM,0.01921523942541185,Energy
Combined Risk Parity,2023-03-01,ADA-USD,0.006976074330726134,Crypto
Combined Risk Parity,2023-03-01,BCH-USD,0.007777613634779143,Crypto
Combined Risk Parity,2023-03-01,BTC-USD,0.008931500120752922,Crypto
Combined Risk Parity,2023-03-01,EOS-USD,0.007313170427444588,Crypto
Combined Risk Parity,2023-03-01,ETC-USD,0.005602354966529234,Crypto
Combined Risk Parity,2023-03-01,ETH-USD,0.007019527269381534,Crypto
Combined Risk Parity,2023-03-01,LTC-USD,0.007777970776574101,Crypto
Combined Risk Parity,2023-03-01,TRX-USD,0.010803983232007265,Crypto
Combined Risk Parity,2023-03-01,XLM-USD,0.008758667759863767,Crypto
Combined Risk Parity,2023-03-01,XRP-USD,0.008590783242611238,Crypto
Combined Risk Parity,2023-04-03,ABBV,0.033964250849390865,Healthcare
Combined Risk Parity,2023-04-03,ABT,0.017430022768686708,Healthcare
Combined Risk Parity,2023-04-03,ADBE,0.011456650703143174,Tech
Combined Risk Parity,2023-04-03,AEP,0.022014119758018823,Utilities
Combined Risk Parity,2023-04-03,AMD,0.008247812588988566,Tech
Combined Risk Parity,2023-04-03,AMGN,0.03811202187673491,Healthcare
Combined Risk Parity,2023-04-03,AMT,0.015348245916323701,RealEstate
Combined Risk Parity,2023-04-03,BA,0.012217831388477957,Industrials
Combined Risk Parity,2023-04-03,CAT,0.015062534218915083,Industrials
Combined Risk Parity,2023-04-03,CCI,0.016217337609046093,RealEstate
Combined Risk Parity,2023-04-03,CMCSA,0.017897213845070918,Comm
Combined Risk Parity,2023-04-03,COP,0.015089933203908616,Energy
Combined Risk Parity,2023-04-03,CVX,0.018084828803785497,Energy
Combined Risk Parity,2023-04-03,D,0.024811093928208714,Utilities
Combined Risk Parity,2023-04-03,DD,0.014290046109908845,Materials
Combined Risk Parity,2023-04-03,DIS,0.012935693114419809,Consumer
Combined Risk Parity,2023-04-03,DOW,0.016144277114485527,Materials
Combined Risk Parity,2023-04-03,DUK,0.02590077938899341,Utilities
Combined Risk Parity,2023-04-03,EA,0.02449508010410897,Comm
Combined Risk Parity,2023-04-03,GE,0.014265085074114746,Industrials
Combined Risk Parity,2023-04-03,GILD,0.02549271425932764,Healthcare
Combined Risk Parity,2023-04-03,GS,0.015833051948934928,Financials
Combined Risk Parity,2023-04-03,INTC,0.012027006875297864,Tech
Combined Risk Parity,2023-04-03,KO,0.027100373447092447,Consumer
Combined Risk Parity,2023-04-03,MMM,0.018317392348746582,Industrials
Combined Risk Parity,2023-04-03,MRK,0.04119356960280167,Healthcare
Combined Risk Parity,2023-04-03,MS,0.014224188428022044,Financials
Combined Risk Parity,2023-04-03,NEE,0.018135491639596702,Utilities
Combined Risk Parity,2023-04-03,NEM,0.01955196211995642,Materials
Combined Risk Parity,2023-04-03,NKE,0.011257424209216455,Consumer
Combined Risk Parity,2023-04-03,NUE,0.011908369440341725,Materials
Combined Risk Parity,2023-04-03,NVDA,0.007874616627196712,Tech
Combined Risk Parity,2023-04-03,O,0.022938187778706022,RealEstate
Combined Risk Parity,2023-04-03,OXY,0.013928480395799709,Energy
Combined Risk Parity,2023-04-03,PLD,0.012890822648785362,RealEstate
Combined Risk Parity,2023-04-03,PSA,0.01870782686685591,RealEstate
Combined Risk Parity,2023-04-03,QCOM,0.011322838937631762,Tech
Combined Risk Parity,2023-04-03,SBUX,0.014418828463118523,Consumer
Combined Risk Parity,2023-04-03,SHW,0.016800704791422743,Materials
Combined Risk Parity,2023-04-03,SLB,0.014412961611134412,Energy
Combined Risk Parity,2023-04-03,SO,0.023481587664024535,Utilities
Combined Risk Parity,2023-04-03,T,0.02530642940721981,Comm
Combined Risk Parity,2023-04-03,TMUS,0.020480461744313096,Comm
Combined Risk Parity,2023-04-03,TTWO,0.016075610247205257,Comm
Combined Risk Parity,2023-04-03,UPS,0.017668258192727555,Industrials
Combined Risk Parity,2023-04-03,USB,0.016248086408300243,Financials
Combined Risk Parity,2023-04-03,V,0.016325963134978343,Financials
Combined Risk Parity,2023-04-03,WFC,0.015390731493725952,Financials
Combined Risk Parity,2023-04-03,WMT,0.029279950159916572,Consumer
Combined Risk Parity,2023-04-03,XOM,0.01779668832647157,Energy
Combined Risk Parity,2023-04-03,ADA-USD,0.007095112288134233,Crypto
Combined Risk Parity,2023-04-03,BCH-USD,0.008030921293606209,Crypto
Combined Risk Parity,2023-04-03,BTC-USD,0.009151299712405043,Crypto
Combined Risk Parity,2023-04-03,EOS-USD,0.007233975998227288,Crypto
Combined Risk Parity,2023-04-03,ETC-USD,0.005775163906974761,Crypto
Combined Risk Parity,2023-04-03,ETH-USD,0.007235066559487483,Crypto
Combined Risk Parity,2023-04-03,LTC-USD,0.007987179143886323,Crypto
Combined Risk Parity,2023-04-03,TRX-USD,0.010276254493797626,Crypto
Combined Risk Parity,2023-04-03,XLM-USD,0.008621021810788864,Crypto
Combined Risk Parity,2023-04-03,XRP-USD,0.0082185672090927,Crypto
Combined Risk Parity,2023-05-01,ABBV,0.0346360131199478,Healthcare
Combined Risk Parity,2023-05-01,ABT,0.017952823571178746,Healthcare
Combined Risk Parity,2023-05-01,ADBE,0.011569679112918067,Tech
Combined Risk Parity,2023-05-01,AEP,0.02182344610563628,Utilities
Combined Risk Parity,2023-05-01,AMD,0.00851309509583367,Tech
Combined Risk Parity,2023-05-01,AMGN,0.037757789282862955,Healthcare
Combined Risk Parity,2023-05-01,AMT,0.015157495391334461,RealEstate
Combined Risk Parity,2023-05-01,BA,0.012419771506656149,Industrials
Combined Risk Parity,2023-05-01,CAT,0.01530654727678124,Industrials
Combined Risk Parity,2023-05-01,CCI,0.01580788502684787,RealEstate
Combined Risk Parity,2023-05-01,CMCSA,0.01749744299509098,Comm
Combined Risk Parity,2023-05-01,COP,0.015041766090344863,Energy
Combined Risk Parity,2023-05-01,CVX,0.018137904889104148,Energy
Combined Risk Parity,2023-05-01,D,0.024399388271168068,Utilities
Combined Risk Parity,2023-05-01,DD,0.014402579301089255,Materials
Combined Risk Parity,2023-05-01,DIS,0.012920676004919638,Consumer
Combined Risk Parity,2023-05-01,DOW,0.01564424960529487,Materials
Combined Risk Parity,2023-05-01,DUK,0.02542771108050063,Utilities
Combined Risk Parity,2023-05-01,EA,0.023478869990250312,Comm
Combined Risk Parity,2023-05-01,GE,0.014843563109821266,Industrials
Combined Risk Parity,2023-05-01,GILD,0.02589844529433392,Healthcare
Combined Risk Parity,2023-05-01,GS,0.016242646096081212,Financials
Combined Risk Parity,2023-05-01,INTC,0.01202013752386643,Tech
Combined Risk Parity,2023-05-01,KO,0.027195824176389185,Consumer
Combined Risk Parity,2023-05-01,MMM,0.01811004173606674,Industrials
Combined Risk Parity,2023-05-01,MRK,0.04076535422817682,Healthcare
Combined Risk Parity,2023-05-01,MS,0.014673438664524745,Financials
Combined Risk Parity,2023-05-01,NEE,0.01798590008392645,Utilities
Combined Risk Parity,2023-05-01,NEM,0.019850938512732102,Materials
Combined Risk Parity,2023-05-01,NKE,0.011591033834368715,Consumer
Combined Risk Parity,2023-05-01,NUE,0.011891600437777584,Materials
Combined Risk Parity,2023-05-01,NVDA,0.008058741263790038,Tech
Combined Risk Parity,2023-05-01,O,0.023136141712045432,RealEstate
Combined Risk Parity,2023-05-01,OXY,0.014269378153807192,Energy
Combined Risk Parity,2023-05-01,PLD,0.012772532609430792,RealEstate
Combined Risk Parity,2023-05-01,PSA,0.018863441716400017,RealEstate
Combined Risk Parity,2023-05-01,QCOM,0.01137822993357103,Tech
Combined Risk Parity,2023-05-01,SBUX,0.014635032841913996,Consumer
Combined Risk Parity,2023-05-01,SHW,0.015886930084318945,Materials
Combined Risk Parity,2023-05-01,SLB,0.013919270377641521,Energy
Combined Risk Parity,2023-05-01,SO,0.023276715465700076,Utilities
Combined Risk Parity,2023-05-01,T,0.02344164594531518,Comm
Combined Risk Parity,2023-05-01,TMUS,0.021336981134432633,Comm
Combined Risk Parity,2023-05-01,TTWO,0.015924733847985536,Comm
Combined Risk Parity,2023-05-01,UPS,0.017239653266297957,Industrials
Combined Risk Parity,2023-05-01,USB,0.015910215131647,Financials
Combined Risk Parity,2023-05-01,V,0.016789513522234418,Financials
Combined Risk Parity,2023-05-01,WFC,0.015330319319465935,Financials
Combined Risk Parity,2023-05-01,WMT,0.03001754646446701,Consumer
Combined Risk Parity,2023-05-01,XOM,0.01766204207016585,Energy
Combined Risk Parity,2023-05-01,ADA-USD,0.007259502697358267,Crypto
Combined Risk Parity,2023-05-01,BCH-USD,0.008083330634335717,Crypto
Combined Risk Parity,2023-05-01,BTC-USD,0.009357076900125872,Crypto
Combined Risk Parity,2023-05-01,EOS-USD,0.007541373252655215,Crypto
Combined Risk Parity,2023-05-01,ETC-USD,0.005847419978328336,Crypto
Combined Risk Parity,2023-05-01,ETH-USD,0.007352066277521306,Crypto
Combined Risk Parity,2023-05-01,LTC-USD,0.008150970629274487,Crypto
Combined Risk Parity,2023-05-01,TRX-USD,0.010434661591472764,Crypto
Combined Risk Parity,2023-05-01,XLM-USD,0.008750638063928213,Crypto
Combined Risk Parity,2023-05-01,XRP-USD,0.008409837698544174,Crypto
Combined Risk Parity,2023-06-01,ABBV,0.03382905851807495,Healthcare
Combined Risk Parity,2023-06-01,ABT,0.01880804321178788,Healthcare
Combined Risk Parity,2023-06-01,ADBE,0.011375473878457349,Tech
Combined Risk Parity,2023-06-01,AEP,0.020737451531589353,Utilities
Combined Risk Parity,2023-06-01,AMD,0.009226903536384647,Tech
Combined Risk Parity,2023-06-01,AMGN,0.03266416724260084,Healthcare
Combined Risk Parity,2023-06-01,AMT,0.014958349859272767,RealEstate
Combined Risk Parity,2023-06-01,BA,0.01334845451776895,Industrials
Combined Risk Parity,2023-06-01,CAT,0.014790728858785575,Industrials
Combined Risk Parity,2023-06-01,CCI,0.015184588885127928,RealEstate
Combined Risk Parity,2023-06-01,CMCSA,0.016695654745057742,Comm
Combined Risk Parity,2023-06-01,COP,0.015560761254396715,Energy
Combined Risk Parity,2023-06-01,CVX,0.018341245595627612,Energy
Combined Risk Parity,2023-06-01,D,0.02267814403120653,Utilities
Combined Risk Parity,2023-06-01,DD,0.013914744162704893,Materials
Combined Risk Parity,2023-06-01,DIS,0.01240926060404012,Consumer
Combined Risk Parity,2023-06-01,DOW,0.014779166882157054,Materials
Combined Risk Parity,2023-06-01,DUK,0.02391938079518226,Utilities
Combined Risk Parity,2023-06-01,EA,0.023788234904825085,Comm
Combined Risk Parity,2023-06-01,GE,0.015178301766136307,Industrials
Combined Risk Parity,2023-06-01,GILD,0.024754839931669114,Healthcare
Combined Risk Parity,2023-06-01,GS,0.016135954152278215,Financials
Combined Risk Parity,2023-06-01,INTC,0.012137103611506146,Tech
Combined Risk Parity,2023-06-01,KO,0.02946074614146966,Consumer
Combined Risk Parity,2023-06-01,MMM,0.016836780032051853,Industrials
Combined Risk Parity,2023-06-01,MRK,0.04079742658888931,Healthcare
Combined Risk Parity,2023-06-01,MS,0.014776035919416845,Financials
Combined Risk Parity,2023-06-01,NEE,0.01823070057591896,Utilities
Combined Risk Parity,2023-06-01,NEM,0.01935027171233191,Materials
Combined Risk Parity,2023-06-01,NKE,0.011523165808316815,Consumer
Combined Risk Parity,2023-06-01,NUE,0.012041414579920003,Materials
Combined Risk Parity,2023-06-01,NVDA,0.008601532199889777,Tech
Combined Risk Parity,2023-06-01,O,0.0231762278121532,RealEstate
Combined Risk Parity,2023-06-01,OXY,0.01547690291088629,Energy
Combined Risk Parity,2023-06-01,PLD,0.013249129604648132,RealEstate
Combined Risk Parity,2023-06-01,PSA,0.019947321022115792,RealEstate
Combined Risk Parity,2023-06-01,QCOM,0.011715872760537574,Tech
Combined Risk Parity,2023-06-01,SBUX,0.015927711946743115,Consumer
Combined Risk Parity,2023-06-01,SHW,0.014969829937944476,Materials
Combined Risk Parity,2023-06-01,SLB,0.014931839523480126,Energy
Combined Risk Parity,2023-06-01,SO,0.02216997252975846,Utilities
Combined Risk Parity,2023-06-01,T,0.022764560156946206,Comm
Combined Risk Parity,2023-06-01,TMUS,0.024596185266102518,Comm
Combined Risk Parity,2023-06-01,TTWO,0.0169451872402301,Comm
Combined Risk Parity,2023-06-01,UPS,0.01726995640869321,Industrials
Combined Risk Parity,2023-06-01,USB,0.013961095177680958,Financials
Combined Risk Parity,2023-06-01,V,0.017343133288057113,Financials
Combined Risk Parity,2023-06-01,WFC,0.015089354412382664,Financials
Combined Risk Parity,2023-06-01,WMT,0.028599653946556506,Consumer
Combined Risk Parity,2023-06-01,XOM,0.017904061901491138,Energy
Combined Risk Parity,2023-06-01,ADA-USD,0.008241526159687039,Crypto
Combined Risk Parity,2023-06-01,BCH-USD,0.008492972617277845,Crypto
Combined Risk Parity,2023-06-01,BTC-USD,0.009357173573727348,Crypto
Combined Risk Parity,2023-06-01,EOS-USD,0.007827332704812411,Crypto
Combined Risk Parity,2023-06-01,ETC-USD,0.0060817243965391315,Crypto
Combined Risk Parity,2023-06-01,ETH-USD,0.007195701395717318,Crypto
Combined Risk Parity,2023-06-01,LTC-USD,0.008825165547258108,Crypto
Combined Risk Parity,2023-06-01,TRX-USD,0.012805245874977849,Crypto
Combined Risk Parity,2023-06-01,XLM-USD,0.00937104372269095,Crypto
Combined Risk Parity,2023-06-01,XRP-USD,0.008930032126061244,Crypto
Combined Risk Parity,2023-07-03,ABBV,0.03492292691519371,Healthcare
Combined Risk Parity,2023-07-03,ABT,0.019531318384467315,Healthcare
Combined Risk Parity,2023-07-03,ADBE,0.011343510767584056,Tech
Combined Risk Parity,2023-07-03,AEP,0.020505057681057363,Utilities
Combined Risk Parity,2023-07-03,AMD,0.009912112214404998,Tech
Combined Risk Parity,2023-07-03,AMGN,0.031195005460667453,Healthcare
Combined Risk Parity,2023-07-03,AMT,0.014948943068911704,RealEstate
Combined Risk Parity,2023-07-03,BA,0.014059580866401898,Industrials
Combined Risk Parity,2023-07-03,CAT,0.013801329195597796,Industrials
Combined Risk Parity,2023-07-03,CCI,0.015250311613700288,RealEstate
Combined Risk Parity,2023-07-03,CMCSA,0.01618237012861325,Comm
Combined Risk Parity,2023-07-03,COP,0.015311804302949131,Energy
Combined Risk Parity,2023-07-03,CVX,0.017926485073550883,Energy
Combined Risk Parity,2023-07-03,D,0.022055024659778388,Utilities
Combined Risk Parity,2023-07-03,DD,0.013841236671107798,Materials
Combined Risk Parity,2023-07-03,DIS,0.011752041835290118,Consumer
Combined Risk Parity,2023-07-03,DOW,0.014298112611305924,Materials
Combined Risk Parity,2023-07-03,DUK,0.02323561292458346,Utilities
Combined Risk Parity,2023-07-03,EA,0.02405843427290031,Comm
Combined Risk Parity,2023-07-03,GE,0.015911090829838895,Industrials
Combined Risk Parity,2023-07-03,GILD,0.02381023074268427,Healthcare
Combined Risk Parity,2023-07-03,GS,0.01608688239389432,Financials
Combined Risk Parity,2023-07-03,INTC,0.011685943675512326,Tech
Combined Risk Parity,2023-07-03,KO,0.028266423534675327,Consumer
Combined Risk Parity,2023-07-03,MMM,0.015000340568312695,Industrials
Combined Risk Parity,2023-07-03,MRK,0.044657554556453205,Healthcare
Combined Risk Parity,2023-07-03,MS,0.014498172637181398,Financials
Combined Risk Parity,2023-07-03,NEE,0.0189218340966206,Utilities
Combined Risk Parity,2023-07-03,NEM,0.0171687030817529,Materials
Combined Risk Parity,2023-07-03,NKE,0.011530505192856285,Consumer
Combined Risk Parity,2023-07-03,NUE,0.011816475794845713,Materials
Combined Risk Parity,2023-07-03,NVDA,0.009081240034325224,Tech
Combined Risk Parity,2023-07-03,O,0.023540558316820434,RealEstate
Combined Risk Parity,2023-07-03,OXY,0.01564071430934371,Energy
Combined Risk Parity,2023-07-03,PLD,0.013802426224797928,RealEstate
Combined Risk Parity,2023-07-03,PSA,0.019195339344951053,RealEstate
Combined Risk Parity,2023-07-03,QCOM,0.011394666312156812,Tech
Combined Risk Parity,2023-07-03,SBUX,0.01662905198832333,Consumer
Combined Risk Parity,2023-07-03,SHW,0.014864207773943464,Materials
Combined Risk Parity,2023-07-03,SLB,0.014457751483045577,Energy
Combined Risk Parity,2023-07-03,SO,0.022096063307337283,Utilities
Combined Risk Parity,2023-07-03,T,0.02387616162196817,Comm
Combined Risk Parity,2023-07-03,TMUS,0.02734861674689285,Comm
Combined Risk Parity,2023-07-03,TTWO,0.01719028489779897,Comm
Combined Risk Parity,2023-07-03,UPS,0.01593749549787814,Industrials
Combined Risk Parity,2023-07-03,USB,0.013026796412563737,Financials
Combined Risk Parity,2023-07-03,V,0.01829584805369667,Financials
Combined Risk Parity,2023-07-03,WFC,0.015084974853580117,Financials
Combined Risk Parity,2023-07-03,WMT,0.027216158731503345,Consumer
Combined Risk Parity,2023-07-03,XOM,0.017649001677918028,Energy
Combined Risk Parity,2023-07-03,ADA-USD,0.008167594545552617,Crypto
Combined Risk Parity,2023-07-03,BCH-USD,0.008096337200638352,Crypto
Combined Risk Parity,2023-07-03,BTC-USD,0.010023688253250316,Crypto
Combined Risk Parity,2023-07-03,EOS-USD,0.007713313549956396,Crypto
Combined Risk Parity,2023-07-03,ETC-USD,0.0058957088438199206,Crypto
Combined Risk Parity,2023-07-03,ETH-USD,0.007641484497504651,Crypto
Combined Risk Parity,2023-07-03,LTC-USD,0.008654448835149082,Crypto
Combined Risk Parity,2023-07-03,TRX-USD,0.014809838645778525,Crypto
Combined Risk Parity,2023-07-03,XLM-USD,0.009714215625738523,Crypto
Combined Risk Parity,2023-07-03,XRP-USD,0.009470636661072975,Crypto
Combined Risk Parity,2023-08-01,ABBV,0.03473042687586045,Healthcare
Combined Risk Parity,2023-08-01,ABT,0.019952270486023625,Healthcare
Combined Risk Parity,2023-08-01,ADBE,0.011527042874571113,Tech
Combined Risk Parity,2023-08-01,AEP,0.019950915013170624,Utilities
Combined Risk Parity,2023-08-01,AMD,0.010381175443397946,Tech
Combined Risk Parity,2023-08-01,AMGN,0.030485622695991595,Healthcare
Combined Risk Parity,2023-08-01,AMT,0.014970975603356954,RealEstate
Combined Risk Parity,2023-08-01,BA,0.014234744377535021,Industrials
Combined Risk Parity,2023-08-01,CAT,0.014342091356298658,Industrials
Combined Risk Parity,2023-08-01,CCI,0.015410454739406351,RealEstate
Combined Risk Parity,2023-08-01,CMCSA,0.015802180013273704,Comm
Combined Risk Parity,2023-08-01,COP,0.015384328770569725,Energy
Combined Risk Parity,2023-08-01,CVX,0.018267975355094525,Energy
Combined Risk Parity,2023-08-01,D,0.02115062154193475,Utilities
Combined Risk Parity,2023-08-01,DD,0.01413868430882863,Materials
Combined Risk Parity,2023-08-01,DIS,0.011981645171801888,Consumer
Combined Risk Parity,2023-08-01,DOW,0.01454220425489608,Materials
Combined Risk Parity,2023-08-01,DUK,0.022242436618116538,Utilities
Combined Risk Parity,2023-08-01,EA,0.024355980519396647,Comm
Combined Risk Parity,2023-08-01,GE,0.016499762731509604,Industrials
Combined Risk Parity,2023-08-01,GILD,0.02351510138771975,Healthcare
Combined Risk Parity,2023-08-01,GS,0.01672866540328825,Financials
Combined Risk Parity,2023-08-01,INTC,0.01168038643967671,Tech
Combined Risk Parity,2023-08-01,KO,0.02813681344669899,Consumer
Combined Risk Parity,2023-08-01,MMM,0.014122509129146256,Industrials
Combined Risk Parity,2023-08-01,MRK,0.04352441352863377,Healthcare
Combined Risk Parity,2023-08-01,MS,0.014833662871197207,Financials
Combined Risk Parity,2023-08-01,NEE,0.018861980170920976,Utilities
Combined Risk Parity,2023-08-01,NEM,0.016907444066630428,Materials
Combined Risk Parity,2023-08-01,NKE,0.011882827241518042,Consumer
Combined Risk Parity,2023-08-01,NUE,0.012279207139094458,Materials
Combined Risk Parity,2023-08-01,NVDA,0.009288811126719284,Tech
Combined Risk Parity,2023-08-01,O,0.023179613855448245,RealEstate
Combined Risk Parity,2023-08-01,OXY,0.015972781604709788,Energy
Combined Risk Parity,2023-08-01,PLD,0.01411879981523388,RealEstate
Combined Risk Parity,2023-08-01,PSA,0.019632164216545237,RealEstate
Combined Risk Parity,2023-08-01,QCOM,0.011152225580357573,Tech
Combined Risk Parity,2023-08-01,SBUX,0.017027804531850887,Consumer
Combined Risk Parity,2023-08-01,SHW,0.014006170206110325,Materials
Combined Risk Parity,2023-08-01,SLB,0.014752768927071133,Energy
Combined Risk Parity,2023-08-01,SO,0.02177453072351776,Utilities
Combined Risk Parity,2023-08-01,T,0.022608689153434357,Comm
Combined Risk Parity,2023-08-01,TMUS,0.028473187264654948,Comm
Combined Risk Parity,2023-08-01,TTWO,0.017120474988568453,Comm
Combined Risk Parity,2023-08-01,UPS,0.016243726770982007,Industrials
Combined Risk Parity,2023-08-01,USB,0.012523175326446388,Financials
Combined Risk Parity,2023-08-01,V,0.018429888270034254,Financials
Combined Risk Parity,2023-08-01,WFC,0.015623974120533308,Financials
Combined Risk Parity,2023-08-01,WMT,0.028580591926119944,Consumer
Combined Risk Parity,2023-08-01,XOM,0.018146461236878058,Energy
Combined Risk Parity,2023-08-01,ADA-USD,0.00786936159250421,Crypto
Combined Risk Parity,2023-08-01,BCH-USD,0.009146067485882448,Crypto
Combined Risk Parity,2023-08-01,BTC-USD,0.010436665636735754,Crypto
Combined Risk Parity,2023-08-01,EOS-USD,0.007759917831452194,Crypto
Combined Risk Parity,2023-08-01,ETC-USD,0.006518082333473024,Crypto
Combined Risk Parity,2023-08-01,ETH-USD,0.007886339931080105,Crypto
Combined Risk Parity,2023-08-01,LTC-USD,0.00868207197441727,Crypto
Combined Risk Parity,2023-08-01,TRX-USD,0.014775939042671262,Crypto
Combined Risk Parity,2023-08-01,XLM-USD,0.007923320238152407,Crypto
Combined Risk Parity,2023-08-01,XRP-USD,0.007521844712856262,Crypto
Combined Risk Parity,2023-09-01,ABBV,0.03477271458202775,Healthcare
Combined Risk Parity,2023-09-01,ABT,0.02023502743963149,Healthcare
Combined Risk Parity,2023-09-01,ADBE,0.011716224181605705,Tech
Combined Risk Parity,2023-09-01,AEP,0.019870923861054907,Utilities
Combined Risk Parity,2023-09-01,AMD,0.010237696634108815,Tech
Combined Risk Parity,2023-09-01,AMGN,0.031075898275761963,Healthcare
Combined Risk Parity,2023-09-01,AMT,0.014756975455648217,RealEstate
Combined Risk Parity,2023-09-01,BA,0.014281584820368488,Industrials
Combined Risk Parity,2023-09-01,CAT,0.01498881965261241,Industrials
Combined Risk Parity,2023-09-01,CCI,0.015345152240634527,RealEstate
Combined Risk Parity,2023-09-01,CMCSA,0.01583229825582656,Comm
Combined Risk Parity,2023-09-01,COP,0.015181016075877117,Energy
Combined Risk Parity,2023-09-01,CVX,0.018261824799937203,Energy
Combined Risk Parity,2023-09-01,D,0.020584076944351885,Utilities
Combined Risk Parity,2023-09-01,DD,0.014875740977573153,Materials
Combined Risk Parity,2023-09-01,DIS,0.01226372739600942,Consumer
Combined Risk Parity,2023-09-01,DOW,0.01486283942291215,Materials
Combined Risk Parity,2023-09-01,DUK,0.02198766512122117,Utilities
Combined Risk Parity,2023-09-01,EA,0.02211848570545432,Comm
Combined Risk Parity,2023-09-01,GE,0.017003563134771027,Industrials
Combined Risk Parity,2023-09-01,GILD,0.022957820699290758,Healthcare
Combined Risk Parity,2023-09-01,GS,0.016821886202048712,Financials
Combined Risk Parity,2023-09-01,INTC,0.011500598421514779,Tech
Combined Risk Parity,2023-09-01,KO,0.029027054504651855,Consumer
Combined Risk Parity,2023-09-01,MMM,0.014832072059626035,Industrials
Combined Risk Parity,2023-09-01,MRK,0.04169631386073476,Healthcare
Combined Risk Parity,2023-09-01,MS,0.01516396774950508,Financials
Combined Risk Parity,2023-09-01,NEE,0.01852114061645655,Utilities
Combined Risk Parity,2023-09-01,NEM,0.01701757795709459,Materials
Combined Risk Parity,2023-09-01,NKE,0.012193357644637684,Consumer
Combined Risk Parity,2023-09-01,NUE,0.012540435350135557,Materials
Combined Risk Parity,2023-09-01,NVDA,0.009806599730181158,Tech
Combined Risk Parity,2023-09-01,O,0.022763316116369222,RealEstate
Combined Risk Parity,2023-09-01,OXY,0.015337203702029983,Energy
Combined Risk Parity,2023-09-01,PLD,0.014172977407635949,RealEstate
Combined Risk Parity,2023-09-01,PSA,0.019544671021534846,RealEstate
Combined Risk Parity,2023-09-01,QCOM,0.011322039632591511,Tech
Combined Risk Parity,2023-09-01,SBUX,0.017546290829888882,Consumer
Combined Risk Parity,2023-09-01,SHW,0.01429561071270779,Materials
Combined Risk Parity,2023-09-01,SLB,0.014528937659592338,Energy
Combined Risk Parity,2023-09-01,SO,0.02129753370458759,Utilities
Combined Risk Parity,2023-09-01,T,0.022117360263153987,Comm
Combined Risk Parity,2023-09-01,TMUS,0.028024451268904193,Comm
Combined Risk Parity,2023-09-01,TTWO,0.01671753997091009,Comm
Combined Risk Parity,2023-09-01,UPS,0.0161180264925844,Industrials
Combined Risk Parity,2023-09-01,USB,0.01241325850966202,Financials
Combined Risk Parity,2023-09-01,V,0.018822328072629846,Financials
Combined Risk Parity,2023-09-01,WFC,0.01593288899664801,Financials
Combined Risk Parity,2023-09-01,WMT,0.02996794176866188,Consumer
Combined Risk Parity,2023-09-01,XOM,0.01829645776651799,Energy
Combined Risk Parity,2023-09-01,ADA-USD,0.008000093194043042,Crypto
Combined Risk Parity,2023-09-01,BCH-USD,0.008826625401915172,Crypto
Combined Risk Parity,2023-09-01,BTC-USD,0.010627497160912764,Crypto
Combined Risk Parity,2023-09-01,EOS-USD,0.00768721862102451,Crypto
Combined Risk Parity,2023-09-01,ETC-USD,0.00666841271777395,Crypto
Combined Risk Parity,2023-09-01,ETH-USD,0.008415456128573768,Crypto
Combined Risk Parity,2023-09-01,LTC-USD,0.008365421410890035,Crypto
Combined Risk Parity,2023-09-01,TRX-USD,0.015052350740435747,Crypto
Combined Risk Parity,2023-09-01,XLM-USD,0.0076116529495205585,Crypto
Combined Risk Parity,2023-09-01,XRP-USD,0.00719535800503419,Crypto
Combined Risk Parity,2023-10-02,ABBV,0.03372170782374207,Healthcare
Combined Risk Parity,2023-10-02,ABT,0.01986267242194804,Healthcare
Combined Risk Parity,2023-10-02,ADBE,0.012531496431339993,Tech
Combined Risk Parity,2023-10-02,AEP,0.019905965207923,Utilities
Combined Risk Parity,2023-10-02,AMD,0.010144373832853543,Tech
Combined Risk Parity,2023-10-02,AMGN,0.03230183826321757,Healthcare
Combined Risk Parity,2023-10-02,AMT,0.01414448795243354,RealEstate
Combined Risk Parity,2023-10-02,BA,0.015028382858024623,Industrials
Combined Risk Parity,2023-10-02,CAT,0.015089186885522094,Industrials
Combined Risk Parity,2023-10-02,CCI,0.014900696108392139,RealEstate
Combined Risk Parity,2023-10-02,CMCSA,0.017058332076618415,Comm
Combined Risk Parity,2023-10-02,COP,0.01520029259161936,Energy
Combined Risk Parity,2023-10-02,CVX,0.018555666409169596,Energy
Combined Risk Parity,2023-10-02,D,0.0199133942737083,Utilities
Combined Risk Parity,2023-10-02,DD,0.015317649692256428,Materials
Combined Risk Parity,2023-10-02,DIS,0.012341544875840094,Consumer
Combined Risk Parity,2023-10-02,DOW,0.014805637339879938,Materials
Combined Risk Parity,2023-10-02,DUK,0.022280823313232893,Utilities
Combined Risk Parity,2023-10-02,EA,0.02262037780505263,Comm
Combined Risk Parity,2023-10-02,GE,0.016983413601229024,Industrials
Combined Risk Parity,2023-10-02,GILD,0.024002081747591886,Healthcare
Combined Risk Parity,2023-10-02,GS,0.0164806655270764,Financials
Combined Risk Parity,2023-10-02,INTC,0.01136288646282944,Tech
Combined Risk Parity,2023-10-02,KO,0.030086860639111333,Consumer
Combined Risk Parity,2023-10-02,MMM,0.014483843491801178,Industrials
Combined Risk Parity,2023-10-02,MRK,0.041607893430916566,Healthcare
Combined Risk Parity,2023-10-02,MS,0.014536638532320355,Financials
Combined Risk Parity,2023-10-02,NEE,0.01807539661554268,Utilities
Combined Risk Parity,2023-10-02,NEM,0.01705468472608686,Materials
Combined Risk Parity,2023-10-02,NKE,0.012343590996465027,Consumer
Combined Risk Parity,2023-10-02,NUE,0.01179111169778945,Materials
Combined Risk Parity,2023-10-02,NVDA,0.009644216844508313,Tech
Combined Risk Parity,2023-10-02,O,0.02177370581376277,RealEstate
Combined Risk Parity,2023-10-02,OXY,0.015064308092274572,Energy
Combined Risk Parity,2023-10-02,PLD,0.013594531052448157,RealEstate
Combined Risk Parity,2023-10-02,PSA,0.018986963509292482,RealEstate
Combined Risk Parity,2023-10-02,QCOM,0.010933855996276026,Tech
Combined Risk Parity,2023-10-02,SBUX,0.01692123921126101,Consumer
Combined Risk Parity,2023-10-02,SHW,0.013938590433686997,Materials
Combined Risk Parity,2023-10-02,SLB,0.015251847081993593,Energy
Combined Risk Parity,2023-10-02,SO,0.02108286746827702,Utilities
Combined Risk Parity,2023-10-02,T,0.022161711671045112,Comm
Combined Risk Parity,2023-10-02,TMUS,0.030966229879578845,Comm
Combined Risk Parity,2023-10-02,TTWO,0.01692175630276973,Comm
Combined Risk Parity,2023-10-02,UPS,0.01576336471292495,Industrials
Combined Risk Parity,2023-10-02,USB,0.011755039932052997,Financials
Combined Risk Parity,2023-10-02,V,0.018911935205449582,Financials
Combined Risk Parity,2023-10-02,WFC,0.015725372311273255,Financials
Combined Risk Parity,2023-10-02,WMT,0.02998223909734611,Consumer
Combined Risk Parity,2023-10-02,XOM,0.01829274081675215,Energy
Combined Risk Parity,2023-10-02,ADA-USD,0.007658123152393331,Crypto
Combined Risk Parity,2023-10-02,BCH-USD,0.008565472146396523,Crypto
Combined Risk Parity,2023-10-02,BTC-USD,0.01110259014739885,Crypto
Combined Risk Parity,2023-10-02,EOS-USD,0.008295540990966906,Crypto
Combined Risk Parity,2023-10-02,ETC-USD,0.0066729166196599346,Crypto
Combined Risk Parity,2023-10-02,ETH-USD,0.008542926903806859,Crypto
Combined Risk Parity,2023-10-02,LTC-USD,0.008045738292442865,Crypto
Combined Risk Parity,2023-10-02,TRX-USD,0.014554306231793154,Crypto
Combined Risk Parity,2023-10-02,XLM-USD,0.007437454683410884,Crypto
Combined Risk Parity,2023-10-02,XRP-USD,0.006918821767222728,Crypto
Combined Risk Parity,2023-11-01,ABBV,0.03541644413255921,Healthcare
Combined Risk Parity,2023-11-01,ABT,0.021647399244047794,Healthcare
Combined Risk Parity,2023-11-01,ADBE,0.011815060489523452,Tech
Combined Risk Parity,2023-11-01,AEP,0.02075266622679579,Utilities
Combined Risk Parity,2023-11-01,AMD,0.010581073693799696,Tech
Combined Risk Parity,2023-11-01,AMGN,0.031010482895848027,Healthcare
Combined Risk Parity,2023-11-01,AMT,0.014026801610369668,RealEstate
Combined Risk Parity,2023-11-01,BA,0.014787085182749243,Industrials
Combined Risk Parity,2023-11-01,CAT,0.015036767816214375,Industrials
Combined Risk Parity,2023-11-01,CCI,0.014341797497686083,RealEstate
Combined Risk Parity,2023-11-01,CMCSA,0.017129788615006497,Comm
Combined Risk Parity,2023-11-01,COP,0.015229347681876214,Energy
Combined Risk Parity,2023-11-01,CVX,0.018958011091230183,Energy
Combined Risk Parity,2023-11-01,D,0.020391888090514326,Utilities
Combined Risk Parity,2023-11-01,DD,0.015751479483829912,Materials
Combined Risk Parity,2023-11-01,DIS,0.012272439462505518,Consumer
Combined Risk Parity,2023-11-01,DOW,0.014513477063936096,Materials
Combined Risk Parity,2023-11-01,DUK,0.024136724449318726,Utilities
Combined Risk Parity,2023-11-01,EA,0.02214777646442861,Comm
Combined Risk Parity,2023-11-01,GE,0.017209345144024946,Industrials
Combined Risk Parity,2023-11-01,GILD,0.027894084279545053,Healthcare
Combined Risk Parity,2023-11-01,GS,0.016501728645948257,Financials
Combined Risk Parity,2023-11-01,INTC,0.01223945779068978,Tech
Combined Risk Parity,2023-11-01,KO,0.029205549770897777,Consumer
Combined Risk Parity,2023-11-01,MMM,0.013652330466295043,Industrials
Combined Risk Parity,2023-11-01,MRK,0.04364301579941099,Healthcare
Combined Risk Parity,2023-11-01,MS,0.014595043943160088,Financials
Combined Risk Parity,2023-11-01,NEE,0.01772517435520915,Utilities
Combined Risk Parity,2023-11-01,NEM,0.015975893177560152,Materials
Combined Risk Parity,2023-11-01,NKE,0.012599636033262624,Consumer
Combined Risk Parity,2023-11-01,NUE,0.01158148337621279,Materials
Combined Risk Parity,2023-11-01,NVDA,0.009984616373210643,Tech
Combined Risk Parity,2023-11-01,O,0.022240679242430884,RealEstate
Combined Risk Parity,2023-11-01,OXY,0.014071119026270992,Energy
Combined Risk Parity,2023-11-01,PLD,0.012744151447151391,RealEstate
Combined Risk Parity,2023-11-01,PSA,0.017534805703830543,RealEstate
Combined Risk Parity,2023-11-01,QCOM,0.010905087493888613,Tech
Combined Risk Parity,2023-11-01,SBUX,0.01683218657222256,Consumer
Combined Risk Parity,2023-11-01,SHW,0.014543432574271827,Materials
Combined Risk Parity,2023-11-01,SLB,0.015388146555771082,Energy
Combined Risk Parity,2023-11-01,SO,0.022531082453043125,Utilities
Combined Risk Parity,2023-11-01,T,0.02305455177385673,Comm
Combined Risk Parity,2023-11-01,TMUS,0.03357315090564169,Comm
Combined Risk Parity,2023-11-01,TTWO,0.015639209472478374,Comm
Combined Risk Parity,2023-11-01,UPS,0.014795369621046597,Industrials
Combined Risk Parity,2023-11-01,USB,0.010503406299126853,Financials
Combined Risk Parity,2023-11-01,V,0.018883396474789135,Financials
Combined Risk Parity,2023-11-01,WFC,0.015225141075193706,Financials
Combined Risk Parity,2023-11-01,WMT,0.03157613055425838,Consumer
Combined Risk Parity,2023-11-01,XOM,0.018551141393627894,Energy
Combined Risk Parity,2023-11-01,ADA-USD,0.007354207014257265,Crypto
Combined Risk Parity,2023-11-01,BCH-USD,0.007689280880798273,Crypto
Combined Risk Parity,2023-11-01,BTC-USD,0.01051049543280561,Crypto
Combined Risk Parity,2023-11-01,EOS-USD,0.007483222114700875,Crypto
Combined Risk Parity,2023-11-01,ETC-USD,0.005953225598449512,Crypto
Combined Risk Parity,2023-11-01,ETH-USD,0.007937897948833553,Crypto
Combined Risk Parity,2023-11-01,LTC-USD,0.007196100964563724,Crypto
Combined Risk Parity,2023-11-01,TRX-USD,0.0122727745254663,Crypto
Combined Risk Parity,2023-11-01,XLM-USD,0.006266358917578586,Crypto
Combined Risk Parity,2023-11-01,XRP-USD,0.005990377615979395,Crypto
Combined Risk Parity,2023-12-01,ABBV,0.03742992504035874,Healthcare
Combined Risk Parity,2023-12-01,ABT,0.0228866746625498,Healthcare
Combined Risk Parity,2023-12-01,ADBE,0.01258483133299463,Tech
Combined Risk Parity,2023-12-01,AEP,0.01983021696652449,Utilities
Combined Risk Parity,2023-12-01,AMD,0.0123978540601339,Tech
Combined Risk Parity,2023-12-01,AMGN,0.025198611934247887,Healthcare
Combined Risk Parity,2023-12-01,AMT,0.014170849771671212,RealEstate
Combined Risk Parity,2023-12-01,BA,0.014061411252795211,Industrials
Combined Risk Parity,2023-12-01,CAT,0.014025681856206392,Industrials
Combined Risk Parity,2023-12-01,CCI,0.014354250753111662,RealEstate
Combined Risk Parity,2023-12-01,CMCSA,0.016774994418114295,Comm
Combined Risk Parity,2023-12-01,COP,0.015483695919065323,Energy
Combined Risk Parity,2023-12-01,CVX,0.01915502380490673,Energy
Combined Risk Parity,2023-12-01,D,0.018276480232150772,Utilities
Combined Risk Parity,2023-12-01,DD,0.014509136408368943,Materials
Combined Risk Parity,2023-12-01,DIS,0.013708240315429145,Consumer
Combined Risk Parity,2023-12-01,DOW,0.015264741266951785,Materials
Combined Risk Parity,2023-12-01,DUK,0.023523308140599043,Utilities
Combined Risk Parity,2023-12-01,EA,0.02143977391858836,Comm
Combined Risk Parity,2023-12-01,GE,0.017351221070859645,Industrials
Combined Risk Parity,2023-12-01,GILD,0.023766122393273595,Healthcare
Combined Risk Parity,2023-12-01,GS,0.015137263749513552,Financials
Combined Risk Parity,2023-12-01,INTC,0.013124803125213618,Tech
Combined Risk Parity,2023-12-01,KO,0.031935399010089544,Consumer
Combined Risk Parity,2023-12-01,MMM,0.012930035290414782,Industrials
Combined Risk Parity,2023-12-01,MRK,0.03805818418762729,Healthcare
Combined Risk Parity,2023-12-01,MS,0.01359590602514281,Financials
Combined Risk Parity,2023-12-01,NEE,0.017162777018143133,Utilities
Combined Risk Parity,2023-12-01,NEM,0.017776489500532334,Materials
Combined Risk Parity,2023-12-01,NKE,0.01353995504523774,Consumer
Combined Risk Parity,2023-12-01,NUE,0.011508237948633955,Materials
Combined Risk Parity,2023-12-01,NVDA,0.011883868187146557,Tech
Combined Risk Parity,2023-12-01,O,0.021043851828899795,RealEstate
Combined Risk Parity,2023-12-01,OXY,0.016204348185434838,Energy
Combined Risk Parity,2023-12-01,PLD,0.012357735951390779,RealEstate
Combined Risk Parity,2023-12-01,PSA,0.01796168268743687,RealEstate
Combined Risk Parity,2023-12-01,QCOM,0.011101980146368914,Tech
Combined Risk Parity,2023-12-01,SBUX,0.016309845162955392,Consumer
Combined Risk Parity,2023-12-01,SHW,0.014791172144117043,Materials
Combined Risk Parity,2023-12-01,SLB,0.014079839729873846,Energy
Combined Risk Parity,2023-12-01,SO,0.021669244427890155,Utilities
Combined Risk Parity,2023-12-01,T,0.022194366010067818,Comm
Combined Risk Parity,2023-12-01,TMUS,0.03167421440937898,Comm
Combined Risk Parity,2023-12-01,TTWO,0.014944227770416828,Comm
Combined Risk Parity,2023-12-01,UPS,0.01517475973805021,Industrials
Combined Risk Parity,2023-12-01,USB,0.009151389264849588,Financials
Combined Risk Parity,2023-12-01,V,0.02095017389778054,Financials
Combined Risk Parity,2023-12-01,WFC,0.014182478104319777,Financials
Combined Risk Parity,2023-12-01,WMT,0.03369219154518839,Consumer
Combined Risk Parity,2023-12-01,XOM,0.01877871239268087,Energy
Combined Risk Parity,2023-12-01,ADA-USD,0.007919454450342448,Crypto
Combined Risk Parity,2023-12-01,BCH-USD,0.008933172475838478,Crypto
Combined Risk Parity,2023-12-01,BTC-USD,0.012466207642369042,Crypto
Combined Risk Parity,2023-12-01,EOS-USD,0.008205070875620524,Crypto
Combined Risk Parity,2023-12-01,ETC-USD,0.007108412069134142,Crypto
Combined Risk Parity,2023-12-01,ETH-USD,0.010935201853193745,Crypto
Combined Risk Parity,2023-12-01,LTC-USD,0.0085370781919699,Crypto
Combined Risk Parity,2023-12-01,TRX-USD,0.01302316520816,Crypto
Combined Risk Parity,2023-12-01,XLM-USD,0.006940361076181066,Crypto
Combined Risk Parity,2023-12-01,XRP-USD,0.006823698153493216,Crypto
