date,Equity Equal-Weight,Equity Minimum-Variance,Equity Maximum-Sharpe,Equity Risk Parity,Crypto Equal-Weight,Crypto Minimum-Variance,Crypto Maximum-Sharpe,Crypto Risk Parity,Combined Equal-Weight,Combined Minimum-Variance,Combined Maximum-Sharpe,Combined Risk Parity
2021-01-01,,,,,0.011329133285299164,0.015196468617686643,-0.0013385002060404272,0.01117537323725859,,,,
2021-01-02,,,,,0.019978567082061582,0.08222723282995292,0.07151711542898953,0.024057763881464966,,,,
2021-01-03,,,,,0.11648313458836879,0.023399271167573454,0.11623890599223285,0.1124991403547635,,,,
2021-01-04,-0.013701064199660329,0.003658666406823441,-0.005348381342281661,-0.011905939089692286,0.04302587474388919,-0.01828163309654285,0.025168708624561553,0.039605084106675736,-0.003890754794180218,0.0036585112979528045,-0.0031302851851825464,-0.005491585728967352
2021-01-05,0.012741623294831639,0.0011315029707972268,0.00586619360359486,0.008955166726395403,0.048157825155320744,0.05147442872646457,0.07327647012124916,0.047204921238356734,0.018935846474633644,0.001131512199013418,0.05021965798899464,0.013481919122436903
2021-01-06,0.01371658616336946,0.0064508925604971346,-0.011763648856111697,0.010789798370318238,0.19019363309393778,0.08332545012197934,0.11945397079177567,0.18148074677577308,0.046825544642974615,0.006450845171443564,0.10372264076302606,0.03363159755353062
2021-01-07,0.00979755852435793,0.006118006780475804,0.020808168840526386,0.008823785015699581,-0.00250688505559149,0.07549686540892386,0.020150764821716516,0.000463159664112478,0.007500963904495395,0.006118071552732918,0.03423512748430224,0.007759143048060579
2021-01-08,0.002539119714372262,-0.002735608058143213,-0.0009236404527193098,0.002573059616369777,-0.008428588309419727,0.03187985404162896,0.019651968290449018,-0.006498562403551622,0.00014837913623022558,-0.0027355718249567618,0.013914373242779554,0.0009590786725666156
2021-01-09,,,,,0.07992079206480085,-0.00684313156034988,0.024342815969046194,0.07544154780350865,,,,
2021-01-10,,,,,-0.030044249384713284,-0.04548357271462189,-0.04127135766216339,-0.03013843447537745,,,,
2021-01-11,0.0002414370513010855,0.00023095753433288735,-0.003898600503675298,-0.0008170626577038709,-0.12682212305461493,-0.07597893117231169,-0.10070357200961677,-0.12528941757445122,-0.023976108236173244,0.0002309310273349574,-0.047380422179658765,-0.017963967374283407
2021-01-12,0.0040531469905211726,0.001355512771182843,-0.016917589560490276,0.00031552502227594204,-0.014374768661355009,-0.042126777939419324,-0.0310196965894195,-0.01636831561531915,0.0014124661877676914,0.0013553983894780686,-0.024280300471384852,-0.0012326304425545054
2021-01-13,-0.0003666870544487555,-0.0017338239226722951,-0.0009202287303534673,-8.985547212669864e-05,0.08238049280592019,0.09541802342223749,0.09287418815383042,0.08300828366676116,0.014305437693910905,-0.0017338042665000497,0.0647165390698341,0.010377398827429385
2021-01-14,0.0041868925035171145,0.004001580752575062,-0.014399705388330242,0.0026482228081992076,0.018401665009803336,0.04374499777074137,0.049672531381377505,0.020104277976963347,0.0062235899634059955,0.0040015629987291135,0.026995432677228814,0.004581068587433013
2021-01-15,-0.012468237405141802,-0.005385563853285813,-0.005736313569496443,-0.008569481789828526,-0.040966224768839044,-0.05754775664360845,-0.04656808592399175,-0.04134149962952638,-0.018017192270282867,-0.0053854586932692294,-0.04810969744085147,-0.013073493379769263
2021-01-16,,,,,0.03142831136056623,-0.015483101559391477,0.0384555783824847,0.02892228900839311,,,,
2021-01-17,,,,,0.008601021522056884,-0.01017310281507211,0.00860127694915458,0.007230996329746109,,,,
2021-01-18,,,,,0.020789190465857255,0.02480362600807262,0.013933739235213238,0.021317159741999214,,,,
2021-01-19,0.007686465686841393,0.01019201536311276,0.009578991198349929,0.007416071212455799,0.00973955591165665,-0.01372215928524767,0.027931001928426014,0.00921229674126045,0.007738513923559731,0.010192112540400755,-0.010424615715397989,0.007425145205277817
2021-01-20,0.0075308815780699145,0.015018462444898795,0.027504798841044176,0.009658651879180358,-0.005084207126728191,-0.01322641280114667,-0.0014824201615885046,-0.005447836473192469,0.005089689031193334,0.0150184671569773,-0.0015349409438587536,0.007457488453517236
2021-01-21,-0.008091989758853502,-0.009560420882142817,-0.0013340336826671573,-0.006819361289574055,-0.13632142136362058,-0.1289964370460115,-0.16284658504206317,-0.135865776430395,-0.031551623235149595,-0.009560423166549703,-0.09079043707358891,-0.023552800842700394
2021-01-22,-0.003257065088682065,-0.0005140859243540907,-0.005715045185585965,-0.002799116401632773,0.06542067991706757,0.06612600677943781,0.09344574350419732,0.06535900869730771,0.00792367622071466,-0.0005140904720668527,0.043424004672194094,0.0049187191118473805
2021-01-23,,,,,-0.003370614543124262,-0.02493678288269352,-0.015761681526865634,-0.003995455219097499,,,,
2021-01-24,,,,,0.030097130985486054,0.007997734769788822,0.05916148001418664,0.030059906433570927,,,,
2021-01-25,0.0017190661049000244,0.0034742624736574523,0.0014252611609115728,0.0030026615728060424,-0.02453635701903012,0.0005836719110376976,-0.024725289762896008,-0.023649246002927282,-0.002778121855874449,0.0034743181999481454,-0.001147022062847447,-0.0001332758765065778
2021-01-26,-0.0056332024769907285,-0.0023759490952491857,-0.008166780931245676,-0.004170137545069119,-0.0011297461414656595,0.005548323672371458,0.012901234795483552,-0.0007431394259139745,-0.004887780413148857,-0.0023759901477390377,0.00011561107141422333,-0.0038321539991357234
2021-01-27,-0.025689904680956333,-0.021807936369741654,-0.040460064044558486,-0.02528499272604212,-0.07662081540181942,-0.06418843383064188,-0.0747111750719257,-0.07572350136450179,-0.03425224570112084,-0.021807856473218257,-0.05619224269239953,-0.031149754135475716
2021-01-28,0.010414456904308533,0.0005503017635750673,0.020505292331647773,0.009126765781446222,0.10099905186354685,0.09454180902756781,0.0855501937033627,0.10001615847961531,0.02607104685736683,0.0005502708554507851,0.08151219833157786,0.02003834634781687
2021-01-29,-0.014843771101669456,-0.010214159649439947,-0.006398935040879961,-0.012463486788135913,0.02543936124087498,0.03221452127336599,0.026793860648163692,0.026154805160451655,-0.007470618717091204,-0.010214094366776783,0.013554047624559473,-0.007360218255742956
2021-01-30,,,,,0.07253570940506204,0.02203082590447658,0.004951103748649155,0.06675362682017294,,,,
2021-01-31,,,,,-0.01632934939510544,-0.022151713551779917,-0.040891679760082456,-0.017243536400510573,,,,
2021-02-01,0.008517686014717363,0.0007129251899207212,0.0033182656313472947,0.0077170248445286305,0.018638160220836753,0.007350812726303113,0.047634504316588666,0.017832112167873504,0.010204431715737261,0.0007129451842906587,0.019943858994889485,0.008653455604703542
2021-02-02,0.01746136858240077,0.006373624807043621,0.023309579183117712,0.015509987051899987,0.042433276503178075,0.04981164643378655,0.0937860818034284,0.04263356482276026,0.021658099716385548,0.006373653381950284,0.04165152199215516,0.018360454555216954
2021-02-03,0.0018690288929366083,-0.0023518922447346435,-0.01222092331172786,-0.0017575861156493566,0.046893803943912404,0.05307794711076852,0.08114955696217807,0.04765235497434883,0.009589675205373238,-0.0023519134446110534,0.025309140774728345,0.004071277460451217
2021-02-04,0.009279172224145427,0.0024574200767812915,-0.006468327060915935,0.007396530980816163,-0.02229560717877821,-0.013730864219391292,-0.0370954739373166,-0.022489098680351427,0.0036648134761751994,0.0024573674665735457,-0.011385774832336826,0.003810068452590798
2021-02-05,0.006292140440644189,0.014472927014534065,0.0031587309609186764,0.007785043392809721,0.08746080262147404,0.040364694644345445,0.0832573225231934,0.08445747100889611,0.020351550259225304,0.014472910084070145,0.028031074844575343,0.017046547599125494
2021-02-06,,,,,0.027571911050999542,0.01970651688977476,0.0025201850654206215,0.024649736712403003,,,,
2021-02-07,,,,,0.00019944480526956632,-0.00631713345470819,-0.022518642836636293,-0.0011040986143728837,,,,
2021-02-08,0.01347289403368701,0.0028984258106956595,0.025485580610363767,0.010253033785181831,0.07760565153646604,0.17561737060862215,0.07797518174348772,0.08389676595672468,0.025661294678188673,0.0028984338593955883,0.10336081995643709,0.019573868663551597
2021-02-09,-0.002856636384463318,-0.0011021496532718222,-0.01880781282647337,-0.002894165101001489,0.06258442625868965,0.024031290999674493,0.012333952192387532,0.06268875135041618,0.010060418581111286,-0.0011022239998061956,0.002717427089252711,0.006500823585791071
2021-02-10,0.0018380613809194646,-0.0071461715490667155,0.0028443508692452824,0.00028414064663717653,0.05518613757971069,-0.02526087116474096,0.018825487387096773,0.047761139024479426,0.01121330356879957,-0.007146166765810591,-0.003210612011041669,0.006271064822509498
2021-02-11,-0.0011448702812424383,-0.004873376063638357,0.002437895293323944,-0.001312540636277837,0.07265675787478876,0.09043807930174652,0.031053891331407124,0.07544472134093949,0.014923915982378633,-0.004873376102699889,0.05188311004220281,0.010622520466287533
2021-02-12,0.004569257067789323,0.0042176632894739274,0.0009987588279940507,0.003984085361093959,0.045057555379954595,-0.0073823349854009734,0.04272503296604668,0.040446141155267235,0.013922858758989909,0.004217682497156705,0.021091425079293957,0.010210673032164497
2021-02-13,,,,,0.09119036415089887,0.009347785498063033,-0.0058781592648089465,0.09182510105940311,,,,
2021-02-14,,,,,-0.03338887802924273,0.013523658799672322,-0.01828526360891114,-0.030975747199412873,,,,
2021-02-15,,,,,-0.04309076243020993,-0.029285770144277468,-0.0157091182610124,-0.04380739914978171,,,,
2021-02-16,0.0013897038414907303,-0.0089957311421337,-0.002688126884167863,-0.002271173203879373,-0.0008328998028953594,0.02391539193138903,0.0014232899706569935,0.0005603748366354022,0.000834277364416991,-0.008995746325464626,0.012919075100287891,-0.0019514652748281458
2021-02-17,0.0025314182146181086,0.0069284474395987505,-0.014014798944924856,0.0026115656383716157,0.041589772789004664,0.05157797692356936,0.03573933442288202,0.0431045521186153,0.011514209321954683,0.006928449586843577,0.025083747370246323,0.009171699035312564
2021-02-18,-0.006636366116092973,-0.011785634020143099,-0.0007645375764242512,-0.0049767765205644965,0.002780592962764006,-0.0013645293552424498,0.03629699992616886,0.00223891824574296,-0.004112435878182108,-0.011785541402561384,-0.004369185703808287,-0.0034065072727489376
2021-02-19,0.0017552142697425666,-0.0072908607090075295,-0.0011054248456691118,-0.0013754318742278393,0.046367194161633485,0.08473197225487472,0.018970870256950212,0.04901289158698807,0.012920433262515685,-0.007290885570908956,0.045874793369556244,0.007566437872176923
2021-02-20,,,,,-0.00374336589064872,-0.006550262150838759,-0.0007125939253544988,-0.006087938722130315,,,,
2021-02-21,,,,,0.019545595987077613,0.026377603121078508,0.007889598521964025,0.020402668606150032,,,,
2021-02-22,0.003151462198257571,0.0016439157289245276,-0.019062611798749463,0.0009555756635226675,-0.06251218887363896,-0.06001568163346571,-0.06731093404566635,-0.06408629327862092,-0.013189509394386456,0.001643910534741666,-0.04733147704044893,-0.01056436306507591
2021-02-23,0.0007040167077609905,-0.006951059101139467,-0.012117654545044876,-0.0003968130709962603,-0.15607592423886785,-0.11262000061103605,-0.12531062824351857,-0.15432224103449188,-0.03642049809562531,-0.006951070151365535,-0.08434480729890759,-0.026784991479134712
2021-02-24,0.016122034613694103,-0.0005937876140368337,0.015807476972871548,0.010862550281060424,0.046989115653102376,0.02479582971036831,0.04438757698203988,0.04512558667085331,0.021858913011400416,-0.0005937491908761805,0.02277505690146553,0.015511826088927316
2021-02-25,-0.019177178544150575,-0.008876431894723535,-0.0360708506109072,-0.016776263210746434,-0.043451980032714776,-0.054166174252853416,-0.07176214572432038,-0.04501008460319278,-0.025190186388087787,-0.008876432299488757,-0.05611575278456138,-0.02163453925427261
2021-02-26,-0.01351825711803234,-0.01737427050156437,0.005209606625338203,-0.013648643283997508,0.020954801133944878,-0.013986977988814653,0.01185371168884286,0.015923848320621437,-0.00792096238652551,-0.01737424319328229,0.006671652594435029,-0.01042208885243312
2021-02-27,,,,,0.03707054103927265,0.0024051763246653035,0.028762948234735353,0.0339266329776311,,,,
2021-02-28,,,,,-0.038784487417916735,-0.02347991953569395,-0.03294004813849116,-0.038179834479891483,,,,
2021-03-01,0.019963326496913902,0.008962556810131916,0.018061477573672047,0.018041188087107196,0.06607202453353711,0.09152225105020917,0.027663766509054222,0.06785448034424157,0.02764810950301766,0.008962553507224857,0.048142221604724256,0.02348829785630757
2021-03-02,-0.002806234801394858,0.004921847060616047,-0.007044263206505419,-0.0016241269979115902,-0.01579067596390138,-0.024043167425133682,-0.041628339460203945,-0.01602679756135983,-0.005051223358201629,0.004921816179660032,-0.017132393731551177,-0.003212118544019149
2021-03-03,-0.006865622462035148,-0.01323142426381163,-0.02090232222109789,-0.009589011046813978,0.0336094665357094,0.043821274022036505,0.012767594532005377,0.0350785236490998,5.691690167486385e-05,-0.013231407865612166,0.011821088983166472,-0.004293985278973844
2021-03-04,-0.0076782230115958194,-0.002739484854950791,-0.018642609311356195,-0.007990115920990526,-0.0148039663271472,-0.0227147249817794,-0.06586152531453249,-0.015150120865592975,-0.008937843035586535,-0.0027394746430988715,-0.02979145254495419,-0.008529676588194923
2021-03-05,0.017818035114266717,0.01545971818451708,0.014373773996654737,0.01727970932619005,-0.010203817225251988,-0.00040948454426048553,0.031468996857855425,-0.009546885176466402,0.012893922421377102,0.015459726514956973,0.01903853303666203,0.014029472795902498
2021-03-06,,,,,0.01059324426625241,0.0013201047882389627,-0.019354156277031964,0.010731804712834636,,,,
2021-03-07,,,,,0.029012435833162264,0.04182874318015961,0.020401239168159613,0.03012399187783532,,,,
2021-03-08,0.002415640111810502,-0.005028236590238544,-0.026693331438688905,0.0008874158546312572,0.01883478266628047,0.019837700627193033,0.0006682072362467206,0.019250564198671105,0.005139067160578659,-0.0050282144694735464,-0.003153395575275608,0.0031045882937756897
2021-03-09,0.005985780768517079,0.006917712499703521,0.01668408085843165,0.0073739671721635425,0.041923741965272265,0.04376866534740276,0.060573444903811335,0.041994614126876106,0.012274318469443157,0.006917691313586438,0.03493543154637013,0.01129932633726205
2021-03-10,0.010144884675629795,0.009540973077063253,0.0024613628669498677,0.008532334339645287,-0.02740327968515155,0.010321541835586645,-0.01990450055686721,-0.02498832529289774,0.003389433711714629,0.009540998993406768,0.00471253827833662,0.004316607491818614
2021-03-11,0.004733695242030711,-0.00044244154437345085,0.015843296004670826,0.004235184670195125,0.0033366522930262654,0.02553946138757457,0.0091123202829273,0.0049855541395606995,0.004440027839439864,-0.00044245899580952486,0.017400720879907627,0.0041099595283089485
2021-03-12,0.0073213229086619425,0.005215791912053458,0.012249296251556574,0.00641228735831989,-0.01753303957111807,-0.011598567709823926,-0.04549712461686528,-0.01623877292927134,0.0029298977965344086,0.005215799076266681,-0.01128010407487856,0.0036634614878863214
2021-03-13,,,,,0.07910832647892185,0.06851915018482457,0.0647815306080799,0.07883589474487929,,,,
2021-03-14,,,,,-0.04867514984860222,-0.0332491619328924,-0.03610655932697726,-0.04786085659987693,,,,
2021-03-15,0.005322672463124567,0.013897228338400014,-0.0063350966582770285,0.00749167346185442,-0.03807021569809854,-0.05003857216286445,-0.03979986448242989,-0.03913972304643876,-0.0020005157583136146,0.013897215708636335,-0.037307281250886115,0.0022848980610885583
2021-03-16,-0.0006629149901876685,0.005078648748058745,0.0018605240270217482,0.0020242027476182756,0.03719208645446814,0.019578040565153998,0.11611720175071105,0.035383276624865845,0.005728843658631133,0.0050786341672703905,0.027172479143913852,0.005843523231744863
2021-03-17,0.002452527477581512,-0.009781516006295066,-0.0008825736419890706,0.00026108475989339297,0.029040809625406006,0.036020146958434696,0.0784540841891137,0.02914891633926686,0.0070901522054123145,-0.009781561452066434,0.02232796888922417,0.0036085424677594347
2021-03-18,-0.013330223758688309,-0.007739775833625728,-0.0119018098282474,-0.011493887674430492,-0.0222162779612064,-0.01720098226208311,-0.06718618020291534,-0.021714348206194445,-0.014963008000333122,-0.007739776914977403,-0.02106198829523498,-0.012580735901108753
2021-03-19,-0.0049601967900090305,-0.0025867767457226076,-0.00389246941414767,-0.004204135427180344,0.018726672040966896,0.01666077086208606,0.0327953399538885,0.019046123964057138,-0.0008655486522004541,-0.0025867791838695142,0.007564937231909763,-0.0015096391160913658
2021-03-20,,,,,0.01862879998957956,0.010102586038193806,-0.043030007528105485,0.017690639006385345,,,,
2021-03-21,,,,,-0.01542928133018917,-0.00839051235783339,-0.014042644853496267,-0.014665766496273158,,,,
2021-03-22,0.005318652811677316,0.009171964904910679,0.010346842822444247,0.0066358342188213015,-0.029572436912092992,-0.04516856559007698,-0.06029022876958856,-0.03116497344235769,-0.0009142788616748332,0.009171984235739838,-0.02494460447544944,0.0022077250788457015
2021-03-23,-0.008369492885778818,2.2604362474920592e-05,-0.010252547499694287,-0.0059911652335215,0.006650384194363035,0.003541780152800156,0.00758626112146743,0.006284601596411088,-0.005798140521024009,2.260370794715527e-05,-0.00033917525464954856,-0.004532764554221913
2021-03-24,-0.0030626418984174286,-0.006202513284688682,-0.004991827623820222,-0.004314989293144111,-0.06784182680350037,-0.043937179493028555,-0.03904529104764198,-0.06597766817561734,-0.01409274882248035,-0.006202517042657951,-0.023265276995267592,-0.011446001394256444
2021-03-25,0.007372562002829319,0.0024382011415140514,0.008824268698987447,0.0060672444381182355,-0.0013490939737460517,-0.014317418260767933,0.004936375966040352,-0.0026011041216410513,0.0059478016892489105,0.002438219118588103,0.0026239957948537285,0.005194053276579957
2021-03-26,0.019572563755066552,0.017250573222359344,0.026070006291413872,0.019407766411133176,0.08868512965287745,0.07937546178721666,0.08675932047265289,0.08870456800727644,0.030651241674515495,0.017250561824700528,0.052262659046693916,0.02699349290883868
2021-03-27,,,,,-0.008770627114790819,0.007903058276127695,-0.011468512303322909,-0.007576972716474395,,,,
2021-03-28,,,,,0.0030230075943527,-0.00047373792973326445,0.0068480586867103455,0.002318225214318792,,,,
2021-03-29,0.001166862291467341,0.010907729371806507,0.005488593148888832,0.003474427182160733,0.03814283054090639,0.031367633897050995,0.019265823906948754,0.03823444879710203,0.007361535872945746,0.010907723804766789,0.015312373980449934,0.007397851970098124
2021-03-30,-0.003356737425909584,-0.009527605315024057,0.005711693554353747,-0.005221519014431353,0.013792468763032417,0.019279176736505255,0.013848354875979796,0.014488775516648733,-0.00037708683411152855,-0.009527587639812207,0.009599026977134884,-0.002968294247465697
2021-03-31,-0.0011654710318681483,0.0013742455175702606,0.003000195665449512,-0.0005381276777756128,0.07476771195515641,0.05031033155254061,-0.009297262258670003,0.07622060097283967,0.01182158627449148,0.0013742547553388107,0.001382286864701321,0.008774290127347983
2021-04-01,0.01191923542243778,0.007924904484063244,0.008386849558442488,0.01116235929196785,0.028439295434994127,-0.0038969289858998835,-0.004675493267059405,0.02554669850226121,0.014672578757863874,0.006896945732240534,0.0020045858634001323,0.01225417267431439
2021-04-02,,,,,0.054409334583472635,0.017870461473058485,0.012313344475734844,0.05248590410620135,,,,
2021-04-03,,,,,-0.05376361413633002,-0.019056142568300793,-0.015547280771350147,-0.051094214943304794,,,,
2021-04-04,,,,,0.08312106981173772,0.057474687825357584,0.04291271092971005,0.08184116444660372,,,,
2021-04-05,0.005152482779724021,0.011861033685166333,0.0027719345866932255,0.00811560073736084,0.11225292552187827,0.03846959303009245,0.015539715696797574,0.10132524381804542,0.02327935759713684,0.012228247585033492,0.004447031879607044,0.017085673229681353
2021-04-06,0.00029015905144835763,0.00047459138630889797,-0.0001918765404569367,0.0005111823764147871,0.03614269855844854,-0.006037814082399229,-0.008855023126497774,0.031634894363863575,0.007587666348007227,-0.000676551573445483,-0.005007625189501819,0.004119744454456731
2021-04-07,-0.0009851625251712237,-0.0007717829930992126,-0.0030876931925901685,-0.001231112977783222,-0.0831557867402728,-0.05240476411047712,-0.05465080856425031,-0.07902692783380716,-0.01604906034533593,-0.002010259628189237,-0.01919069273892393,-0.009137490137957394
2021-04-08,-0.0011896458588350756,-0.00031371328571039303,0.0024089900030241918,-0.0010204810176824841,0.07009089363991494,0.05686722743268868,0.047987439215497085,0.06812596578320629,0.010903703340729098,0.0009757228749183167,0.01943152430285866,0.005557240065768854
2021-04-09,0.002584947891170586,0.00355181523946535,0.005664196590242199,0.0026861019498696237,-0.028058323803886065,-0.013870020734020216,-0.011503909116527877,-0.026827467000204996,-0.002921046595518062,0.0029425936313332013,0.0013635270109479958,-0.0003508974915789054
2021-04-10,,,,,0.1162616717165692,0.06262475882740182,0.028777396663312915,0.10882254528038904,,,,
2021-04-11,,,,,0.009002524960666003,0.00034522163204031564,0.012846158994904489,0.007668929804686808,,,,
2021-04-12,-0.00037056396292800553,0.0014332262308844879,0.002917599082082223,4.9302786776506125e-05,0.00621107399593912,0.009157469537567575,0.015194322354972423,0.004937742404199197,3.663406188603169e-05,0.0020398562553023414,0.0064032697321698695,0.00034069917223633617
2021-04-13,0.0018030353949631817,0.0020683705840065514,-0.00325945559584917,0.0029351731372611045,0.12214741351676284,0.08888643164050225,0.0728218343528082,0.11824623295623349,0.022681264095906206,0.0036048750655677253,0.023062631801665567,0.014194111110362284
2021-04-14,0.0029439118121918906,-0.002713678447394563,0.00033805949576626304,8.86836957456616e-05,0.024907898584088484,-0.004526272710896895,0.0030070514727478237,0.02427955167563489,0.007794298856378168,-0.003195703393006011,-0.0022225343958525157,0.003020372188453635
2021-04-15,0.009653589624722958,0.007218505808290088,0.008471524115104545,0.011328675538901711,0.05373610996064104,0.03905794588401301,0.027831190585371868,0.055872458307820505,0.019041860880006034,0.009089606290107355,0.01587131873598513,0.01699543020739025
2021-04-16,0.0028845720106958073,0.0016884758624540197,-0.0014622572975809822,0.0032037173356616044,0.04859914615127714,-0.008902139003941545,-0.031354747068439215,0.049767200677405254,0.014763272899412927,0.0014330733398995044,-0.013161146242312016,0.01037627528543883
2021-04-17,,,,,-0.030702439709608287,-0.01432825833272744,-0.01936768961162305,-0.03028412373025835,,,,
2021-04-18,,,,,-0.07293856861006176,-0.0752224550461652,-0.07733970321464378,-0.0723668470667076,,,,
2021-04-19,-0.003685581075591915,-0.0009660889981478737,-0.0018146747233686034,-0.0038006445553735446,-0.06816358736362871,-0.035762616312594364,-0.03623308852579532,-0.06589201662258559,-0.017627390955763378,-0.002101658379114024,-0.009416521516669496,-0.011525604953296464
2021-04-20,-0.008392591578321507,0.005733363752689513,-0.010993081500160429,-0.003815596764439433,0.03208994817637345,0.0177566456138174,0.029142091995874475,0.03057024965114752,1.2220841234311663e-05,0.006042533722737664,0.0016546198435525294,0.00019884000699033066
2021-04-21,0.010332327422379883,0.004849912353070529,0.010209581886189811,0.008037491929641538,-0.04323321582231854,-0.05125506425653015,-0.04829561921078207,-0.04247903220879379,-0.0007908267866472141,0.0038738767944084262,-0.00847853361446882,0.0020154216571546257
2021-04-22,-0.009566738557241772,0.0007738921502133955,-0.011495426601452863,-0.007689555949780269,-0.04746876615364781,-0.04754267995397188,-0.04948984770295661,-0.04542207508937346,-0.016687288036353554,-0.0006174096402040696,-0.022602864597783046,-0.011744649919911088
2021-04-23,0.008828568661872538,0.0026681215130803793,0.01006783668383493,0.006832114567572267,-0.016845975433996796,-0.012009399336014637,-0.006064374409070261,-0.017420329034819715,0.0034733603502321575,0.002662113822673895,0.00770731470376762,0.004080163518075608
2021-04-24,,,,,-0.07411102525645752,-0.04074135745747598,-0.03421341208713169,-0.07203048298534587,,,,
2021-04-25,,,,,-0.009451553006648128,-0.01867592013945596,-0.015626396279610155,-0.009253989196302825,,,,
2021-04-26,0.0008393950486171864,-0.006831529444720763,0.005648802666567532,-0.001015668578229656,0.15856508535725067,0.13153246089230097,0.11823845364385788,0.1538256872115955,0.030800515598113032,-0.0049803600825185645,0.036351311775035366,0.015639817631504238
2021-04-27,0.0009805905140327642,-0.004747907436471355,0.007862524772135115,-0.0002921928614272318,0.0406311274058786,0.02771882978090301,0.03869213144755346,0.040122762124517264,0.009656461130173044,-0.0038667992850216493,0.02318731955271125,0.004744115705580976
2021-04-28,0.0003766613471842817,-0.00033884908755521526,0.004808505206140845,-0.0014657257000664226,0.0024278948745886098,-0.004943480689187374,0.0031987186850097604,0.0030252781315329713,0.0013114896637036466,-0.0005750841159466447,0.004522126724644915,-0.0007906318597242779
2021-04-29,0.009013733656547451,0.00871185298913546,0.00868829910848068,0.008159529773785312,-0.007972902053030029,-0.015561505271168286,-0.02040962339809549,-0.008795382737798008,0.004789403755794286,0.008475045747482701,-0.0004176700647506859,0.005839242240000431
2021-04-30,-0.006816810626382175,-0.001219085544573506,-0.00596259032315416,-0.00471538183537723,0.08013744959907099,0.08324369926993258,0.0628949044910394,0.07894677184178756,0.012333922440587397,-3.740191531997894e-05,0.018669725101181145,0.006016778822342195
2021-05-01,,,,,0.03980355255574386,0.02012676164102767,0.014235455461830249,0.038352762393088824,,,,
2021-05-02,,,,,-0.014113971477798137,-0.01820306064546673,-0.017281667584427618,-0.01464842988988202,,,,
2021-05-03,0.007437644948144584,0.007990734082909956,0.006015286933362063,0.006389161469911864,0.058453226025894534,0.027588318479433882,0.049143529059815005,0.06008926347569754,0.015444054543423125,0.00837229794386829,0.01239639124760461,0.010412172252209917
2021-05-04,-0.0022056292417207413,-0.00450262141933,0.0024228362437856976,-0.0035576957627698746,-0.008633521529168187,-0.020879455700533622,-0.06631554628825331,-0.008574618802044798,-0.004839310008475928,-0.005764680555398249,-0.011122883064964895,-0.004428040605095052
2021-05-05,0.006270642447277597,0.002216986669827392,0.005349175290684238,0.0034325970429387453,0.24100648268716562,0.13282090415782188,0.11548142935077021,0.22947900226484141,0.04589219677101042,0.004731902883806871,0.027075480174123756,0.021657361386663965
2021-05-06,0.008144083604476826,0.00702672771994628,0.005146806109191049,0.008083125847644812,0.13259436876285613,0.07508263267042481,0.029012340832600625,0.12553273011231125,0.031043948969688095,0.007232885384762522,0.009285716727573723,0.0186868851125217
2021-05-07,0.009758339599586607,0.0009462337887300443,0.00975570438516904,0.007649139926524162,-0.052621742280351325,-0.017315987496488994,0.0031746138710331273,-0.049434844313521964,-0.0034424290476484654,0.0005477794684680681,0.008219234943108056,0.0016545507754042177
2021-05-08,,,,,0.021109443986682574,0.027238360039503418,0.02642832634151593,0.02378109562889197,,,,
2021-05-09,,,,,0.004464534576347878,-0.02162730252555245,0.025945075959848296,0.003723048378097671,,,,
2021-05-10,-0.004168155866619783,0.004979434575604458,-0.0041995807971367816,-0.0019740699126880035,-0.069656680289787,-0.06029328751018426,-0.04611992915301111,-0.06892911134454993,-0.018020224949174324,0.0035119257801479176,-0.015221888029560704,-0.008970937057310113
2021-05-11,-0.009370387932132962,-0.008784703622858658,-0.01025761176638118,-0.007464631614843342,0.12497411941651504,0.03026066033652186,0.050335629547675564,0.11641285835275217,0.01797547394735255,-0.00776569035069985,-0.0003758220558184311,0.004616409047506931
2021-05-12,-0.015790454297264445,-0.013677554012903825,-0.015115875716124716,-0.016275610263362217,-0.19582912862675206,-0.16086084012823887,-0.11974365343785043,-0.1913544011435937,-0.05525447615310919,-0.015698624577690223,-0.03999825922993505,-0.034540512167037574
2021-05-13,0.008609864371066145,0.012148541865819151,0.012652539694899323,0.010336277538313121,0.06058256981134158,0.02943175787149399,0.08178058316980685,0.056033476576309305,0.018497822751382342,0.012297457190917127,0.027326962666290422,0.014323003611900864
2021-05-14,0.013974679855317751,0.002887306648561516,0.010416696496804212,0.010700810873385036,0.06845052053490641,0.04346022404749039,0.04115773348150964,0.06751856496603637,0.023847551264783995,0.0029547180541045215,0.00935287196061596,0.015467677332852592
2021-05-15,,,,,-0.04791199691431036,-0.06067257985054986,-0.014359846764370965,-0.05169712110521718,,,,
2021-05-16,,,,,0.0037696981642214578,-0.005478848887419896,0.01884947298132511,0.002236802133172233,,,,
2021-05-17,0.0037475776134467953,-0.0012789858854782565,0.0056368683748304615,0.001699179128052064,-0.06943475517465458,-0.06015599853576303,-0.08849549977378979,-0.0695416600674219,-0.010931679635632241,-0.0023876275863548013,-0.013161591809609074,-0.0050335297666235235
2021-05-18,-0.009097171754679056,-0.0042036588542918585,-0.00866385137665826,-0.006395267088539547,0.012522522978504647,-0.011655150838474126,0.0014235208958721657,0.011253280450508552,-0.0047274385432062305,-0.004070197046516677,-0.007802266056099794,-0.004785774846696511
2021-05-19,-0.005935456398289962,0.0003457796725336859,0.0030547105749050285,-0.003382598814251958,-0.3101348275898792,-0.19615001117094755,-0.23724736133876845,-0.30233527325191223,-0.06551031751177061,-0.0035633369752168242,-0.0410028520238338,-0.03129563380855238
2021-05-20,0.008183759709367022,0.010017297597529007,0.008293320111699254,0.009526784436844293,0.15952114886033342,0.1333730573190981,0.15682709649080784,0.15811635056995188,0.029592711083539225,0.011153875612437858,0.027613591812025495,0.01905436037947239
2021-05-21,0.002359981859232363,-0.001757430176153929,0.001722745229235878,0.0006605074913514919,-0.14143591859512783,-0.10055883726196502,-0.1226119191888323,-0.13794524669670116,-0.02084772273306945,-0.002988813595326878,-0.018705758673456696,-0.009602498584131314
2021-05-22,,,,,-0.06515879961807047,-0.01697615154148968,-0.0380809550594009,-0.06079229481377646,,,,
2021-05-23,,,,,-0.1106056319314247,-0.08599590491218789,-0.0898962060709696,-0.109182349816495,,,,
2021-05-24,0.006086452534569187,-0.0014771496880022772,0.008747371647781277,0.004447534399046438,0.26650338931206163,0.17446946149934073,0.17406140007541238,0.2597229412609674,0.043421413538080156,0.0002947402392707854,0.029699623798090213,0.021285559175069357
2021-05-25,-0.005869998182363001,-0.00553122512709181,-0.0055642578676528,-0.005139001609420379,0.012343227892361641,0.009395716873895843,0.004473725409010809,0.01291641847661662,-0.002822219894712097,-0.0054490177127441974,-0.005160238610374401,-0.0037185771990166927
2021-05-26,0.003776031442801253,0.0008099908817960078,0.004782790713778073,0.00250523899318833,0.0674116481649305,0.03012550377334966,0.08541994220494109,0.06550892329502722,0.014938209570736882,0.0014673353482941298,0.015539926237284396,0.007633657765089286
2021-05-27,0.0024923296656809146,-0.004451295942945799,0.00015165825586760384,-6.268191531055844e-05,-0.040898304759398485,-0.036651648598508446,-0.05409810884903732,-0.04052401408888828,-0.004818460165022298,-0.004918351110411168,-0.009129453998163783,-0.0032798730184576685
2021-05-28,0.002876537334263629,0.0015157691436364917,0.007681186381723215,0.0031536034543135916,-0.08524567084891,-0.07448538320306386,-0.0865025164118387,-0.08568690438881299,-0.012979098736480843,0.000467052954473246,-0.008834336069456605,-0.004335966255764823
2021-05-29,,,,,-0.056838791642590314,-0.039133829780841345,-0.05462545059592627,-0.05525703941208149,,,,
2021-05-30,,,,,0.04559917105615807,0.03550209383312031,0.07339599259250673,0.04507767148540687,,,,
2021-05-31,,,,,0.08775179669651512,0.05247833244238964,0.09420882741477432,0.08584690323402322,,,,
2021-06-01,0.006155867931106229,-0.004300475192083986,0.009825525767493293,0.0008701490319107386,-0.019186745025294827,-0.017029284861863614,-0.019570851486146568,-0.019047590971667194,0.001932099105039331,-0.004349923800098354,0.0026527610237288,-0.00027417309220745256
2021-06-02,0.0039698313519105355,0.0012118121779647328,-0.005706397278881892,0.0030548683963869117,0.015626877265464634,0.024144558301842256,0.017687384771212677,0.016959043806277663,0.005871720903786626,0.0013048296376401147,-0.001137204472647091,0.003965518395933509
2021-06-03,0.0015788199979824835,0.004003984806930649,0.004730788276648745,0.0019253325046566516,0.034247495572000686,0.04378350357301097,0.04840007335130081,0.03624585200780084,0.006960525151493702,0.0042189347496188745,0.006714570377427842,0.003927744667090449
2021-06-04,0.006554730938169495,0.006015757010621625,0.0065702933196374325,0.006738715861304145,-0.07006971999786105,-0.05915036142899588,-0.0652316568387673,-0.06850946625909804,-0.006410127532746612,0.005763263792188722,-0.002455561337685652,0.0023034967651442972
2021-06-05,,,,,-0.03136247876888476,-0.03591008875024071,-0.02644810965204336,-0.03129586213308011,,,,
2021-06-06,,,,,0.01795040452547947,0.009226602532111716,0.0213095533096328,0.017638324756284574,,,,
2021-06-07,-0.0019914564046026317,-0.004146165735317009,-0.0006370057376748894,-0.0015053775053183172,-0.08198021957353707,-0.06455629641913307,-0.06163104562632438,-0.07883557607138625,-0.014677621244462702,-0.004476175656127124,-0.007167382911404174,-0.005716881586648848
2021-06-08,-0.0025166232777743547,-0.0054435553202624165,0.0002987518972474845,-0.0038214689540277957,-0.001038112463606855,-0.00196791165309651,-0.0075149665862908055,-0.0015505223346451436,-0.002292055543324012,-0.005366186823756003,-0.0013715954964776955,-0.0036950484489621793
2021-06-09,-0.002710716221769549,0.0049852402581587185,-0.015072895714002721,-0.0002679803907171818,0.0565168317671465,0.112492113669316,0.03593722386626852,0.06072311273340292,0.006059146717765085,0.00513818370100827,-0.0077626733062422515,0.0027708063845190978
2021-06-10,0.0035647167785779477,0.008452194226542531,-0.0031944225230462475,0.0055025272779754,-0.04639135355711943,-0.018109512901206104,-0.05586342759920082,-0.043457097618261664,-0.004179762112069163,0.008313078040304678,-0.008084412601459534,0.0029081024856625337
2021-06-11,-0.00023352756822958565,0.001928302483001021,0.0010252290277974474,-0.0004003210014147385,-0.034209328348716594,0.014777655467888673,-0.05034421675527778,-0.030090841077373254,-0.005259946352155098,0.0017093137407064862,-0.002825863755445024,-0.0020035140235836746
2021-06-12,,,,,-0.00695864327738438,-0.0462523650925446,0.013002416696854535,-0.010385917672461553,,,,
2021-06-13,,,,,0.06112587091992072,0.09803668206544902,0.05655242123299287,0.0645296165505238,,,,
2021-06-14,-0.0014199066300115692,0.0003831580284376912,-0.008024197648128228,-5.240457769573048e-05,0.012509749058360109,0.02804317389991029,0.010281554658462921,0.014063136762620276,0.0005924254516458394,0.0004120259210178556,-0.005000838195901358,0.0006085933190855819
2021-06-15,-0.0014729108142075287,-0.004486241595861085,-0.005872438183800899,-0.0032049237319742296,0.012393322406613283,0.0047405051874256365,0.019347332808940854,0.01219927614289662,0.0005508898589561273,-0.004461550003106773,-0.0037277993497419892,-0.002371751122815957
2021-06-16,-0.007743520783867308,-0.010763515625858977,-0.009900965655465166,-0.009263809876653428,-0.06931794261698099,-0.051125992807049436,-0.08114555391922917,-0.06778567798972812,-0.016818177195426998,-0.010980767982243234,-0.014438383270928501,-0.012183724996567391
2021-06-17,-0.008576267296364626,-0.00025509039375759546,-0.01286704742589273,-0.004345355382970761,0.00985730747118252,-0.005705286449296909,0.001427146301854476,0.008645968292650963,-0.005996994018905744,-2.9454422571850714e-05,-0.012463063786227635,-0.0035719794655162396
2021-06-18,-0.014980241444400577,-0.010631844711864402,-0.006907436502789688,-0.013886784970097765,-0.05773003791389053,-0.059374892461694695,-0.05236039543808091,-0.05782086234274142,-0.02105639902381984,-0.010848100853385612,-0.010386507407078693,-0.016072581110116002
2021-06-19,,,,,-0.01995752384499072,-0.005096134492493243,-0.021833202543829033,-0.018330201001359514,,,,
2021-06-20,,,,,0.010979299105752682,0.002142010484443402,0.026218177162445455,0.010432141696672836,,,,
2021-06-21,0.01678714014012761,0.010330698621416445,0.02027740046165305,0.014294852311222517,-0.1876899211252997,-0.11567610598790035,-0.1746129129654529,-0.1792971575437754,-0.011228076069733417,0.009537121767562162,0.00516608038008215,0.005307705250816364
2021-06-22,0.0015589372176141314,-0.000972776794246899,0.001941125528666765,0.0006241535206223947,-0.03174343261638135,0.024081242815308546,-0.02108692655811517,-0.02480886677604488,-0.0022507126393715993,-0.0011390306182608168,-0.0005293990608717936,-0.000534580284931363
2021-06-23,-0.0032648221050920467,-0.007275254396853947,-0.0008371029976914635,-0.004957465197380606,0.08189164495083578,0.03901776142693558,0.07812075540799923,0.07616718684306734,0.006043867928924085,-0.007061431164339216,0.003686880469581544,-0.0019407806209935652
2021-06-24,0.008053981339962046,0.005083912197605178,0.010588944828372027,0.006323155370050015,0.0607060079354802,0.0317684880989515,0.043016141131321906,0.05738264392556558,0.014283745514719559,0.005648849069791018,0.01350344685497773,0.008489630968277151
2021-06-25,0.007776346214146246,0.011270466456101635,-0.00036699166803033645,0.008168827644351895,-0.0801265869411375,-0.0866282891108392,-0.08069420421444706,-0.0805276340231621,-0.0029970768460656494,0.010708831892513704,-0.0051633744854482355,0.0044916533698431405
2021-06-26,,,,,0.012000107318303588,0.01715454946724937,0.0036726722599444983,0.012324504222539057,,,,
2021-06-27,,,,,0.05398666620402337,0.07533888963774737,0.07136210652869557,0.05696133140927939,,,,
2021-06-28,-0.001928868802926531,0.001982507446179893,0.0014848003771572582,0.001089077293801255,0.017830189595537504,-0.005899788147393226,0.020576768556439085,0.015749825489273617,0.0002868634886843413,0.002057694608918137,0.0008272090649357189,0.0015757508638287732
2021-06-29,-0.0002875452130888245,-0.0028705443899910144,0.0062522441580803445,-0.000906275347320129,0.07125338589155028,0.04145621162067403,0.060886889586336146,0.06596085329997248,0.00805644012990303,-0.002810302536827902,0.014093452631905645,0.001626189189836591
2021-06-30,0.004219853898124404,0.0073225099394806925,0.0033671230380407646,0.0035031541911374475,0.009715609694382232,-0.022021321341399336,0.030544167241736586,0.007381464080656208,0.0048601003995545344,0.007318725732423426,0.0037382274197783616,0.0036494879358139887
2021-07-01,0.006588444236266255,0.0035912705712011217,0.0018368757884452691,0.005521926306078617,-0.0528578816908134,-0.04192445607198103,-0.056142815666336165,-0.05202028222222688,-0.003319276751580391,0.0033801296074764675,-0.0015576105927295192,0.002747623303491764
2021-07-02,0.003758998415125392,0.005061383186382606,0.004700819695883762,0.004414901772734403,0.006686095404616621,0.010882829195476784,0.02705751233966569,0.008083965689797301,0.004222600044422986,0.005117998120713674,0.005254757541679478,0.004559488074890261
2021-07-03,,,,,0.022580575165100036,0.021904463085271608,0.027011611084235554,0.0224849545339163,,,,
2021-07-04,,,,,0.021939256107211813,0.017973157414341134,0.03169595072715281,0.022427386167125585,,,,
2021-07-05,,,,,-0.04748763759147956,-0.043434928552131824,-0.044871104634486736,-0.046944056316369,,,,
2021-07-06,-0.00870513281846741,-0.002115227616561688,-0.0018421751762065508,-0.005119927191034157,0.018147208065214082,0.014120467970553996,0.030668785928485987,0.018491968357896127,-0.004456368982147296,-0.0021149420140741393,-0.0006012398582153633,-0.004008960250066362
2021-07-07,0.00014737988524893275,0.002335186014274182,0.0012958466245900357,0.0016250086787552576,-0.013438759111609189,-0.01104733810394054,-0.011242987672335336,-0.01281473159399471,-0.00206415011854566,0.002357230528591492,-0.0005246189071784757,0.0009477891285942786
2021-07-08,-0.006891177591098141,-0.004858600459442197,-0.011116123416032408,-0.006399663276698053,-0.05013691830517997,-0.03000522122737148,-0.06628252554860281,-0.049183702377677885,-0.013827538061438882,-0.005169743161677176,-0.0125598350309436,-0.008343582626627932
2021-07-09,0.011886116594822305,0.006800258520436975,0.018647494528809982,0.009736484714287785,0.032112099255676485,0.027397861350781483,0.013450178944916402,0.029802925522776746,0.015066358575065664,0.006801680543804922,0.018393585190736417,0.010675703439505746
2021-07-10,,,,,-0.01645224974023951,-0.008377855622519581,-0.013829906783985213,-0.015199222095447884,,,,
2021-07-11,,,,,0.011145169885343531,0.02079970805770226,0.011395911271917747,0.01182128193723564,,,,
2021-07-12,0.004306081787774918,0.00212864155966197,0.008814116465891253,0.003941683176914568,-0.021138746977014566,-0.0313531208188329,-0.03636071436735999,-0.02309365655294382,0.0003629499445549911,0.0019330469537082173,0.006596595230721425,0.0027487762806823746
2021-07-13,-0.004758785672821841,-0.0026807151916804495,-0.011988129243715506,-0.0038023857587438092,-0.033091580497293216,-0.01425272857590798,-0.04244941810008418,-0.031170107537645708,-0.009152874003879208,-0.002782134332834474,-0.012442872221635204,-0.005102432480460717
2021-07-14,-0.0011872127717577063,0.004141649318191831,-0.0008497038426124037,0.001259418347951069,0.004873767237775439,0.0036962408694676263,0.010887996376089948,0.005388031202204546,-0.00029671169823275445,0.0042395270173203325,-0.00030099155636509334,0.001535857951767916
2021-07-15,-0.0010231912264080378,0.0015369694423978952,-0.0041371793486049135,0.00047657397836631255,-0.03359344370394679,-0.03183488327588535,-0.03865097561422659,-0.03381987681932852,-0.005926915110478381,0.0012814914460541615,-0.005226097564497434,-0.0009044399920057344
2021-07-16,-0.009047969358912389,-0.001364626286062598,-0.013976089950512027,-0.005230433190682615,-0.02421174639602619,-0.012584753398834136,-0.029976096319787038,-0.023581881017437856,-0.011255169923300334,-0.001530081682532658,-0.013674546238858998,-0.005901699555247331
2021-07-17,,,,,-0.0021712537709931423,0.003505597542060368,0.00432922592804208,-0.0012240809901270522,,,,
2021-07-18,,,,,0.00284549743480933,0.008193891690766675,0.005259700940361434,0.003246876830259593,,,,
2021-07-19,-0.016982069693496693,-0.013671266524115988,-0.013498662808206663,-0.01464632609793115,-0.04873779067684769,-0.03166498587002353,-0.04188671189301796,-0.04682769892289329,-0.021631175612085385,-0.013950195458488301,-0.015242730280258354,-0.01608784646488326
2021-07-20,0.010953521504579289,0.005393685791616587,0.015522788811306087,0.008766249771575918,-0.039780596037609306,-0.033858052459462495,-0.038703967222645685,-0.039112879484403784,0.003822373440703908,0.005054725634497492,0.014139736591595176,0.006855827272301607
2021-07-21,0.009476477867411237,-0.0018374189645049555,0.008573820886365713,0.004978719115057428,0.08403755994558004,0.07751328524076628,0.10601397460564566,0.08454465767246733,0.019475689775563687,-0.0014720381309124564,0.011183654089800488,0.007867789308451112
2021-07-22,-0.0011833126287487117,-0.00011503050029570971,0.0022683141331101275,-0.0007305925927714174,0.03456012906450545,0.007019458671233325,0.015588251668105846,0.03075387620324843,0.004038689909869886,1.2646272806504655e-05,0.002237959925985411,0.0004847677647961124
2021-07-23,0.005392072652478763,0.010264479066047771,0.007432034390726594,0.007176797460345163,0.030094808999921785,0.038128867874183126,0.03659475085352515,0.031122914679820424,0.009003177527418194,0.01022765413323512,0.008296415258719492,0.008208767764814384
2021-07-24,,,,,0.020183893518800566,0.021257336680745587,0.03371914691810329,0.020767303379881863,,,,
2021-07-25,,,,,-0.0010969836537203514,0.029595545315765692,-0.003160025559273638,0.0022097949337196443,,,,
2021-07-26,0.005263367379403361,0.0010479167004873169,0.0026760541695292073,0.0030996190198495643,0.024400455449786973,0.054490017419577264,0.019874232500428413,0.027237272175517635,0.008081528935874216,0.0011124599500673682,0.0034619507129620697,0.004085965480241871
2021-07-27,-0.0018026140060782847,0.0012154040306731062,-0.005558777779191559,-0.0003129914030395309,0.0271879150982568,0.05401535894305498,0.023337272542998333,0.0298750405842525,0.0025721215462908287,0.0013215419974597076,-0.004482737383323165,0.001115059068194979
2021-07-28,0.0020081527876716354,-0.0011629703372854072,0.00324252421785709,0.0006468425196437533,0.025537003755347287,0.014528212552880948,0.0009088809223758432,0.022995280141104413,0.005801781497373426,-0.0012353380362450928,0.0029174210064379924,0.001532120386959157
2021-07-29,0.006309618739833711,-0.0006141172566602737,0.008559737274951962,0.004359279091085133,0.018549160082925287,0.000787153526476958,0.016615728069242497,0.016974799509736238,0.008287916243945093,-0.0005254324974438562,0.007499097978744151,0.0048592156247582174
2021-07-30,-0.0052389427431341895,-0.0027749111117966185,-0.0014162515952446109,-0.004181513921435287,0.02935287760758265,0.05427317144978705,0.03043287213210477,0.03198067846166386,0.0002946503033158798,-0.002648863961854264,0.00011273896296515318,-0.002609235366972884
2021-07-31,,,,,0.004510025780067872,-0.013370048430352388,0.016990253730161387,0.003401078378102218,,,,
2021-08-01,,,,,-0.022758807451950802,-0.03836663841717314,-0.007851473270807485,-0.022754524495111506,,,,
2021-08-02,-0.0025946151195930245,-0.001553601832846807,-0.003078346673603294,-0.0016484303925297095,0.010521937802251191,-0.017899206964058556,0.0037201901817895955,0.008152554399089462,-0.00041449549998850976,-0.0013668624778283567,-0.00317171539941441,-0.0011234272751109442
2021-08-03,0.006543052640969993,0.0006725936303013658,0.008037648807268427,0.004834501814172887,-0.015478056559121822,-0.02531637855493918,-0.010715589984498064,-0.01627852877613223,0.0028288713338386895,0.00033249066327134535,0.005589386165028687,0.0038039473048396832
2021-08-04,-0.007947856433161316,-0.00817394753533851,-0.004383103906703156,-0.007085926622395489,0.03579295279039596,0.04169044955201229,0.04655327017935007,0.03762695784625847,-0.0007458405075577712,-0.007856784177265874,-0.0020698279603877934,-0.00509593153343102
2021-08-05,0.004729711210361698,0.004528324544457396,0.005292655400324531,0.004357866080526129,0.016563109631113404,0.028321989849543483,0.02277541429005714,0.018228067519566515,0.00673960073635782,0.0047920953127562615,0.006981487246427109,0.005216697560829875
2021-08-06,0.003348906599815793,-0.0012266768023413421,0.001981913456314599,0.001331897287355277,0.02234413862797502,0.04637092284004174,0.021424676220729744,0.024283699832314376,0.006646527998350971,-0.0009396050938563771,0.002744874608727299,0.0024439915064615736
2021-08-07,,,,,0.07046284962276328,0.0408982366151629,0.07562135844398532,0.06772535011279102,,,,
2021-08-08,,,,,-0.04500642631501983,-0.018040587862776958,-0.03681713269371234,-0.04232373969744174,,,,
2021-08-09,-0.0025267697335259465,0.0010342945294583572,0.00908940855044782,-0.001608755106209614,0.05321713411367024,0.05739485518645071,0.044907634325537904,0.05366597329382694,0.00731531359943749,0.0012632367814342516,0.010907275793650806,0.0011972660280523684
2021-08-10,0.0063582166068831825,0.004581567617087723,0.016085337847321357,0.004329164172201194,0.018654121437859716,-0.014046971599857017,0.035634177517756216,0.016198137071818053,0.008603524619973824,0.004539917072845956,0.013458030589807546,0.004908377566439803
2021-08-11,0.008724258389585682,0.004207320711223428,0.00706908962713193,0.007397164414547186,0.06303866999996566,0.005009781831749827,0.03341919968024998,0.05695900867872283,0.0188263633742618,0.005009910947107787,0.007907000228982719,0.01023521679668904
2021-08-12,0.001886757882330059,0.0027063605985273576,0.007634725702367673,0.002492926238194304,-0.021396857726831864,-0.023692384665652377,-0.013877028247607948,-0.02110446129364485,-0.002625219206319307,0.0027946091490063107,0.006094153977786343,0.0012085740189173855
2021-08-13,0.001001383061649097,0.00390752425651697,0.0003959493752745402,0.0026047140492020393,0.10170474778721927,0.07692131588735496,0.11612426145978838,0.10010962472049578,0.020129817437664732,0.004398827146569584,0.0038604404683397764,0.007962249960109302
2021-08-14,,,,,0.047657289395129476,-0.01200640389780927,0.008154928292054331,0.039640848631281145,,,,
2021-08-15,,,,,0.017884584242388923,-0.0010241535844136562,0.01557123267761451,0.015636442502372505,,,,
2021-08-16,-0.0014171066135070243,0.006740413195296169,-0.00011000755161816311,0.0017277690811170476,-0.045386548201094556,-0.02308216527312168,-0.0448337176014324,-0.04351683356269598,-0.010206417890037178,0.006355999326016271,-0.0017324044827962126,-0.0008511318923509759
2021-08-17,-0.005470573643860055,0.002748935242362416,-0.009636127009996165,-0.002529284542341692,-0.06626292147416091,-0.030117783607010895,-0.06038065916233992,-0.06266921444846807,-0.017326910114010774,0.002276871895353638,-0.01093503934272122,-0.0059360060578188545
2021-08-18,-0.012675200259877561,-0.010880451644895484,-0.004058729926819993,-0.011988214895529925,0.015385365881304791,0.0037826638025248993,0.03980930815461714,0.015054919851296367,-0.007485685653352614,-0.010821740000483526,-0.0035492617273964466,-0.010527190905106787
2021-08-19,-0.0044732808045073735,0.001590559233948241,-0.003661542897176351,-0.0013297742362790022,0.06510466016680438,0.044842871224890946,0.0908139209444323,0.06441062302418987,0.008938631885490489,0.0018932801154900591,-0.0012984024643315495,0.002306731148099539
2021-08-20,0.0054841915157977095,0.003973679564515775,0.008983934779765113,0.0055923798449351025,0.03682903786073077,0.05411164409211344,0.02893831575191541,0.037462315548281166,0.01189756564912936,0.0041233572922121375,0.010951373654674468,0.007438066883000083
2021-08-21,,,,,-0.023942933665414,-0.009474820849588061,-0.015304257480653338,-0.022426219511765044,,,,
2021-08-22,,,,,0.02226858531776932,0.01046783861160172,0.0512475963795993,0.0227757239530062,,,,
2021-08-23,0.009680123750782865,-0.0016085907417493495,0.009706480340769819,0.005316556027121777,0.023892907468608504,0.006723334165487316,0.04250147635497137,0.023436708718047372,0.012504528730856945,-0.001447260987096799,0.008271821204734353,0.00613319628584752
2021-08-24,0.0020043639405782354,-0.00528752537579924,0.003170037873121423,-0.0008331053692247625,-0.06837301979596555,-0.038635133755841045,-0.05794186907970489,-0.06527797546696401,-0.01269414672775837,-0.00576609311006504,-0.0007778814984109594,-0.004948654088474558
2021-08-25,0.0003430350043138741,-0.0035062916112114095,-0.0007510809522903727,-0.0009101989733291127,0.021042778331537226,0.026053858760417103,0.012644571364406776,0.02108055730026548,0.00451458878940314,-0.0032405696382095117,0.0009832699349656693,0.0004651989728396977
2021-08-26,-0.006980986363108621,-0.006111159493060514,-0.006554524261778494,-0.005813647438071778,-0.06272903909830163,-0.04224761328101634,-0.057694617095336076,-0.06033281877089458,-0.01813169968994721,-0.006464063011438537,-0.008699337158049936,-0.00899988167478405
2021-08-27,0.01111369774632287,0.001702030051412784,0.011678318227901663,0.007840565200851524,0.07860740616821738,0.04825535076031873,0.10319741216948652,0.076858033347879,0.023798953550938196,0.0022060338124505474,0.013709115126353089,0.011551908476318262
2021-08-28,,,,,-0.012880261856615727,-0.0038089810694592607,-0.017977045087711363,-0.01215111454954454,,,,
2021-08-29,,,,,1.819813066683551e-05,-0.0012105845086465283,-0.0017369451802115021,-0.00018289424763684448,,,,
2021-08-30,-0.0008508688526369657,0.0038941725459495924,0.0025759373361791127,0.0012559437050387867,-0.034643563496683516,-0.03619263099680925,-0.02842106963140867,-0.03398573482569944,-0.007717018870763925,0.0035573624204205956,0.0004135850281088427,-0.0008213881083830588
2021-08-31,-0.0005868884250816997,0.0036621768365290297,-0.002661670476162281,0.0006328676569429259,0.03395365603124545,0.0036359080323196125,0.02951791687128913,0.03171425334484668,0.006168923814696026,0.0039044098272491556,-0.0007734985342329193,0.0025147298756742487
2021-09-01,-0.0020525501983184036,0.000983120835487128,0.004432372949300323,0.0002449719401722561,0.05544915718852739,0.03726371925517147,0.05365442084373084,0.05561792462946835,0.007531067699489302,0.0011470931861030653,0.007483568928966955,0.002906593068063845
2021-09-02,0.006855141706755941,0.006264632502066103,0.002385579726526199,0.00575685604154641,0.011597521090060514,0.011962641789736717,0.014658162115017914,0.011886443493067222,0.007683129462112248,0.006590714377285423,0.004302322620078236,0.006185698122235905
2021-09-03,-0.0034854095979252042,-0.0011190055500692742,-0.002932556040412315,-0.0026020568832400004,0.0463832481885984,0.014138151871215143,0.013637611919783632,0.04394961930469932,0.005255146579100423,-0.0011350562681217147,-0.002475886344867617,-0.0003425153949572213
2021-09-04,,,,,-0.009982250785505298,-0.0017883558967398683,-0.03013201214463246,-0.009653750059919086,,,,
2021-09-05,,,,,0.05728278859763458,0.0360535236625068,0.0338245919277782,0.053916864431047484,,,,
2021-09-06,,,,,0.005332121877869023,0.015162988573439673,-0.013321286170768998,0.004017836521383211,,,,
2021-09-07,-0.010039107318296936,-0.013674674687527366,-0.008298901683162385,-0.011255928159074835,-0.16918104782461918,-0.11391886905404935,-0.13073648631645718,-0.16277735942235516,-0.03887100606009308,-0.015358107569485857,-0.01687262316918192,-0.019320933605226354
2021-09-08,-0.0019642550834438888,0.004276055966046632,-0.0015582036502848062,0.0010106099770237353,0.0004560030533264925,-0.01068122144228012,-0.0067132751261254064,0.0014688530696098656,-0.0014823586030319191,0.005044657509818196,-0.000687348073629579,0.0014117809022629046
2021-09-09,-0.006293044893125654,-0.011068797526771812,-0.007704013061132997,-0.008005879008748717,0.002428812922874668,0.006380773480479274,0.008114910674082765,0.0022743774348839008,-0.004918432983998411,-0.011115663617837779,-0.007081732588383294,-0.007647274040812224
2021-09-10,-0.0037485253314307743,-0.0074237339557226,-0.0023519714084569987,-0.004511403310193507,-0.041956373473458486,-0.03216859008428119,-0.04960567829050899,-0.041451693399400025,-0.009854849916388408,-0.00780249263405608,-0.005064169395480156,-0.00629428212446681
2021-09-11,,,,,0.029346617799933528,0.009851523807567819,0.06275112318450504,0.028583369617905863,,,,
2021-09-12,,,,,0.04069543286228061,0.02716532408844241,0.00015439444297493665,0.0406738494718506,,,,
2021-09-13,0.005462647442534108,-0.00035057090331047647,-0.004140671626920001,0.0025293655554485817,-0.043654446029462,-0.026945975377913323,-0.05415127281563914,-0.04256434590258773,-0.002066933045044572,-0.0007375668210088948,-0.005466567784363052,0.0006384636282510403
2021-09-14,-0.009581884755735959,-0.005669446379205079,-0.011196786831412564,-0.00793505180025933,0.04188838917185733,0.05165106400615582,0.01606516460335161,0.043493164807532736,-0.0021971675541547775,-0.004857048174453316,-0.009261001947572844,-0.005714924681353928
2021-09-15,0.008668950899265448,0.0029011494708270913,0.006837403864537128,0.005553207244454406,0.033237122993513335,0.0231126429014743,0.04130323918398604,0.03282635992987237,0.01250631153171411,0.0033922130942227735,0.00828826282246542,0.006805134246745448
2021-09-16,-0.004967130913694051,-0.0046342404687550465,-0.006386174781816245,-0.004777994299403399,-0.022995695496277557,-0.010252427854488322,-0.023485807417066518,-0.02195793897306597,-0.007747429861872601,-0.004935662548438802,-0.0076716354055575975,-0.005624469112383457
2021-09-17,-0.01145654940666585,-0.007867022305780291,-0.018915391716193608,-0.010956203574350343,-0.030351747066181156,-0.015852270001095348,-0.029441199131948315,-0.031170818304977144,-0.014290287596920193,-0.00841483378260921,-0.01883664509991234,-0.011864644824337689
2021-09-18,,,,,0.014803654626692753,0.0205488276311645,0.011918060992376578,0.014770927195325134,,,,
2021-09-19,,,,,-0.036275231539319,-0.021164597339928592,-0.032947804447461815,-0.03410256834712955,,,,
2021-09-20,-0.017153708495714293,-0.009134203912564587,-0.01834399178663182,-0.013962199084037064,-0.1145508679958791,-0.09507268003473801,-0.10087911197442656,-0.11234683731657935,-0.031973261122467234,-0.009724801109958436,-0.02021375037496298,-0.018028990373779696
2021-09-21,-0.001973495039555462,-0.004158617311717405,-0.0034781041361399145,-0.002286760511207575,-0.05306649162096777,-0.049042331447514576,-0.04787594976034226,-0.05241763130098687,-0.009154325818808595,-0.00445649537329762,-0.005738517701164181,-0.0042372027617926245
2021-09-22,0.009012739936000491,0.00036904918801217157,0.007157442889519361,0.005401728136193329,0.10845009596453958,0.07380385281942314,0.12240783799131827,0.10555310967445886,0.02228527975650363,0.0010917136506050085,0.01135725494175821,0.00909842517191306
2021-09-23,0.011529630846185412,0.003172487449227379,0.0068505759877832695,0.007699953776178603,0.016122493568748508,0.028858816192266712,0.024195716429566083,0.01747159678061405,0.012227496358637291,0.0031448140919418943,0.006761229885907216,0.007934655897681386
2021-09-24,-0.0022472027935133143,-0.002628433421553833,-0.006233677404464788,-0.0032112867782433385,-0.06274024907945286,-0.046895194287466135,-0.03984619465024619,-0.0611673020209994,-0.010972191812396281,-0.00323544414543242,-0.00831267564966276,-0.005601051065147633
2021-09-25,,,,,-0.004623144202073992,-0.00358751572085636,0.0034133447242101767,-0.0044904796486612275,,,,
2021-09-26,,,,,-0.006632740083067801,0.008861704105966872,-0.01512374913790171,-0.004580607783912005,,,,
2021-09-27,0.0036372158958626333,-0.0033592810337718104,-0.0033282582436741093,-0.0010564323458299718,-0.030804181885445092,-0.0223873846745688,-0.033164343479500924,-0.03024111490022796,-0.0011300515451710957,-0.0032796393597878115,-0.005135524822784232,-0.0022137214972867136
2021-09-28,-0.010949737630045586,-0.005482273967587936,-0.008069614646438072,-0.010205066149359787,-0.033210845548697465,-0.02883151691360375,-0.03722063342644133,-0.0332285302160803,-0.013931467625262206,-0.005534595428664302,-0.007597456065717156,-0.010871697605818742
2021-09-29,0.003843832388938706,0.008620503597526419,-0.0006525605292714287,0.005608182027143638,0.02531851342758462,0.013948137580175324,0.01341069413409457,0.023971235031978066,0.006598131310456834,0.008942488670851345,0.0014142255478153398,0.006427196536772151
2021-09-30,-0.010301100036886335,-0.009451006979392718,-0.014091051228776741,-0.009542843877732965,0.040356341655459316,0.052716264651156974,0.033576743751104976,0.04189465318475416,-0.0035514446158644297,-0.009187895626785902,-0.012600202249151815,-0.007810383282000677
2021-10-01,0.01234217018283612,0.014195030200830239,0.008321582208473899,0.010318506692224894,0.08583803887920283,0.09783255644877431,0.08305134972295547,0.08660362450518244,0.02459148163223035,0.014194924397761932,0.014613688698297267,0.01356719077558921
2021-10-02,,,,,0.013205110179119517,-0.008261326730385044,0.007254477001095605,0.011267743653147866,,,,
2021-10-03,,,,,0.015996784410448495,0.009946496522239334,0.003919357955436631,0.014672652909533124,,,,
2021-10-04,-0.002674270352646557,0.0024858512809045052,-0.0088866167067857,-0.0018945324657811957,-0.01484243942619845,0.017523221654841326,-0.01920269645546968,-0.012415635005144976,-0.00481081952268414,0.002485813676802673,-0.0075742118708220785,-0.0022256136181338926
2021-10-05,0.005617750743428296,0.0008037082863088241,0.007490797072613686,0.003980227545541393,0.03922446252072276,0.048077916813247024,0.029840762562306944,0.03973975567929067,0.011483188086451213,0.0008037393503810275,0.006827299031420875,0.005419989750132359
2021-10-06,0.000971710735553355,0.002376923484695981,0.007180858773616183,0.0027805947044756696,0.026834988919051783,0.07232321904318639,0.007304461890889735,0.029599064452282553,0.0055874747611099895,0.0023769279851861835,0.008311337516411443,0.003997613648802689
2021-10-07,0.008006648558154916,0.008657932643798993,0.005917830056302309,0.007102444305177924,-0.007194646869973398,-0.026615664493786606,0.01203756865913408,-0.007894140673926464,0.005238936078420409,0.008657905126281618,0.004457466069467397,0.00635719772244836
2021-10-08,-0.0007260894772500581,-0.00522453022892333,-0.0012216679036031186,-0.0026058402003312775,-0.010017456880233144,0.002449192493644281,-0.012158184436722563,-0.008603161440400964,-0.0023747030400705915,-0.00522454849980325,-0.0012007739835936393,-0.00281991925481917
2021-10-09,,,,,0.03886399123779838,0.018392729517250572,0.013587662494996211,0.03518621896700114,,,,
2021-10-10,,,,,-0.03956780230390622,-0.004296670683984982,-0.03282202443594995,-0.03624599868607814,,,,
2021-10-11,-0.008942032694964075,-0.008771441902167831,-0.0035295329352129645,-0.008691891002088559,0.016784502239875376,0.047973302005873686,0.010137959778815375,0.019694919415542023,-0.004296087379301539,-0.008771466681040896,-0.002937424768357122,-0.0073651031037326176
2021-10-12,-0.0007150394873135513,-0.0007570720919177765,0.012337427914187016,0.00044918580725283874,-0.024631600035978862,-0.02511066251726457,-0.022047836565075696,-0.024475376062653376,-0.005098322002961897,-0.0007571281507646743,0.01077647114918534,-0.0006593060877240209
2021-10-13,0.0031994455630917074,0.0006851203536397676,0.010190149115352654,0.003790427683049602,0.032149080141409936,0.02448125559653036,0.02956497990568563,0.031243248876604568,0.008408065272775378,0.0006851325553618448,0.011395540069059962,0.004998106913745026
2021-10-14,0.01267995824417234,0.008811333834003676,0.021544008926287717,0.012384723475332482,0.008362974865736783,-0.0015625622138789597,0.011057205461807884,0.008397335468142364,0.011900060022269843,0.008811381445658961,0.019853849925960176,0.012131918259285834
2021-10-15,0.004765137570803324,-0.0007258889655507028,-0.003142794724697473,0.002590092790202947,0.021275220447590115,0.07320954509684974,0.023096051237317283,0.026454961407389455,0.007837285263774918,-0.0007258639805866052,-0.002640388593383447,0.0036501790754075447
2021-10-16,,,,,0.00340200096402854,-0.011516486288824845,-0.012457111739301086,0.0010668624550937977,,,,
2021-10-17,,,,,-0.015441833236591429,0.010390384501624661,-0.004582345438645663,-0.011943153489667901,,,,
2021-10-18,0.0005462587680138409,-0.001518897549741327,0.007208316559078831,-0.0008970413925649678,-0.005120826285450852,0.007199447364398592,-0.01434101746490657,-0.004505277840261113,-0.0005192856469343754,-0.0015188921982139947,0.006097039665220683,-0.0011626342253349131
2021-10-19,0.009579661003800588,0.01344862598004104,0.0003977623333333291,0.010554344395587112,0.013402269149580093,0.03508671341678915,0.010731439306832735,0.01618728818915116,0.010329647449427881,0.013448626606586744,0.0005470193332373086,0.010774521667827441
2021-10-20,0.00876433874214011,0.010317775079980773,0.0018106043485806023,0.009811858006278484,0.05120821676749565,0.027096425467597163,0.045944654265343,0.04944119701497551,0.016666448080226548,0.010317767273467116,0.0040929258471884555,0.011712907598790512
2021-10-21,0.0008889860912490999,0.005704342997255196,-0.002557760411043053,0.0034055449408594285,-0.0353797701745131,-0.056573165420868654,-0.02455613281880753,-0.037063181586737826,-0.006035184533763616,0.005704346490547074,-0.0041049537361468325,0.0014005313090184046
2021-10-22,0.0013105339249410708,0.0025924005665649563,0.011409932209090368,0.0016956446755396204,-0.010277787646723935,-0.023673308500905876,-0.006313539230826337,-0.011786908943786756,-0.0008630902758749448,0.002592238945844594,0.011148958622638316,0.0010876525798590997
2021-10-23,,,,,0.019845872084915284,0.011424894138540864,0.02159741982584973,0.019851648705681457,,,,
2021-10-24,,,,,-0.014748330631815021,-0.007823198837754952,-0.018358901891726287,-0.014656547133722997,,,,
2021-10-25,0.006379935888902288,0.004507745704113386,0.012318353914999802,0.0047102424588365555,0.019283618458958207,0.034050839391240206,0.01836774402025987,0.020960709132706423,0.008726217566525918,0.004507717704906877,0.010315540291613301,0.005390588181783951
2021-10-26,0.005304058631400599,7.659982595242809e-05,0.011981847945176316,0.0050003145579413655,-0.014189566380399143,-0.0415685781790881,-0.014162763618512764,-0.01622947098782479,0.0017232800081519173,7.65683471279921e-05,0.007992622378935277,0.003980236721141894
2021-10-27,-0.01619285975105489,-0.010882100466294675,-0.018730785954274687,-0.013229060731627884,-0.09028086779685973,-0.03287192578427933,-0.08042189764956076,-0.08382885157572695,-0.029782978307383412,-0.010882072287506594,-0.023535268408677368,-0.016691494197115242
2021-10-28,0.008344650983747481,0.01833088272179384,0.02062779258312486,0.00875284834132306,0.05700979135719275,0.03664317710574072,0.058437811621865565,0.05595077024907824,0.0167376817763214,0.018330834939320084,0.023380774497870016,0.010988282685388873
2021-10-29,-0.0028256392887493487,-0.0007247133238290626,0.004561052244790531,-0.0027253182037910717,0.029522239246540405,0.02618210944940036,0.02076304772612536,0.02925733495515548,0.002926608822289234,-0.000724688044374977,0.004234178079812745,-0.0013187666829881373
2021-10-30,,,,,-0.010839313929972505,-0.005906472988792544,-0.02146522342255508,-0.010905677992206542,,,,
2021-10-31,,,,,0.013988338686289348,-0.008939268887449225,0.0011564479277619277,0.010474954929143854,,,,
2021-11-01,0.007461175731891201,0.005334329354440559,0.00423740789446736,0.0055663847139975076,-0.0043266419263428,-0.005248069504976138,-0.0010516858134224094,-0.003626390831145576,0.005496539455518867,0.005334325472559964,0.004715317240586714,0.005145857734162984
2021-11-02,0.00458230979413643,0.00467290004685017,0.010595301592943862,0.004867868492322458,0.033021467433869356,0.03522899512645572,0.03321987379977975,0.03399626247451937,0.009275863422753217,0.004672827128978874,0.011140549955383161,0.005980574894188573
2021-11-03,0.0050547059236498715,8.284035962780045e-05,-0.004449113817363126,0.0047067507740867764,0.016542008029367228,-0.0017231931043482085,0.024640597150245247,0.014840181479769177,0.0069951563770662695,8.270464619952733e-05,-0.003562776725265393,0.004939091467320633
2021-11-04,0.004676926318802677,0.0007071303573220611,0.0064660736092105875,0.003954293258304098,-0.025392087126471674,-0.024780675846300393,-0.027707517980090968,-0.025082486505275114,-0.00045052615204554947,0.0007071602867174676,0.00257539466176393,0.0024505899302551537
2021-11-05,0.004364928390093059,-0.012344946741074114,-0.01760440866380708,0.00012225476704563754,-0.01038643240384518,-0.005030563472317118,-0.00541542725344446,-0.00960930846081054,0.0019122523554522264,-0.012345027203480075,-0.016338938727751273,-0.00017889606886911658
2021-11-06,,,,,-0.004198260706764878,0.006749685218900403,0.007690544798054422,-0.002834921238652921,,,,
2021-11-07,,,,,0.023973368868529965,0.028212343908037285,0.01494681698472955,0.02377407370777873,,,,
2021-11-08,0.003949575710675113,0.0018918666717837596,0.011011220489100415,0.001921434918961351,0.06044830975262827,0.0661908441511534,0.04657768163623355,0.06119430732314357,0.013235330178001714,0.0018918935052010255,0.011186031339132319,0.003903279831206863
2021-11-09,-0.0007566975682504751,0.0005273964911773898,-0.0034411579488745625,0.00032417324585676255,0.05767688846016239,-0.005158944735876414,0.03311936359028311,0.05179534289478949,0.009391070491774123,0.0005274567780961803,-0.00019335506622930598,0.0024286925672307724
2021-11-10,-0.007784110102288189,0.00025008250253821807,-0.006502965249840842,-0.004126034832129921,-0.05141632349133929,-0.0317991314450109,-0.05200254790713754,-0.048698685667965314,-0.015665622593005857,0.0002500474510944706,-0.008337896955769586,-0.005809038854894255
2021-11-11,0.0013167922155208345,0.0025777793539250027,0.008205640662322766,0.0008276196920913304,0.011466028512698623,-0.0010308475183435917,0.005008465100506676,0.010473894715895327,0.0030787305041743984,0.002577863549012571,0.007131570300764167,0.0010832941459699708
2021-11-12,0.002194501291658435,0.002409979181215105,0.0030593744757296815,0.002342268480264309,-0.021584326111961594,-0.012547315186805741,-0.016943014873060602,-0.020835174718607297,-0.0019728307779657284,0.0024099641600390243,0.00228032996448313,0.0013743733255628943
2021-11-13,,,,,0.0124014186412984,0.004826973695876369,0.0015814873429218501,0.011782741277788222,,,,
2021-11-14,,,,,0.01354648030125305,0.014467394335204942,-0.005303162563309982,0.014495445515987582,,,,
2021-11-15,-0.0008587087364836377,-0.002646268841146715,0.0016337810070417014,-0.0016827162342504254,-0.015806124727361537,-0.028390721044091793,-0.014682645248299209,-0.016318377398472972,-0.003417532182750538,-0.002646325687399087,0.0019128407331119313,-0.0021643839025381473
2021-11-16,0.0004126820179466417,-0.004705715008858524,-0.002877818629249962,-0.0006358244004374125,-0.087107272011969,-0.05414917085378268,-0.07131368307230668,-0.08502299815086911,-0.014345148643288175,-0.00470579539151994,-0.006784409803042402,-0.004102344026298832
2021-11-17,-0.006225458161504771,-0.00286362887674807,-0.007755471832162075,-0.004473788292251313,0.004875488068052158,0.0032378854870622753,0.007360794279792415,0.004971243636035627,-0.004478260478130935,-0.0028636648970569167,-0.005296040089428744,-0.00399190258240989
2021-11-18,-0.0008484705773922352,-0.001834756300247209,0.010449926249094466,-0.0015111401659437806,-0.06803270189568023,-0.05628175488173537,-0.05609286340007813,-0.068018924214435,-0.011407633511941961,-0.0018348305504684026,0.007406325240186362,-0.004102186719082357
2021-11-19,-0.007689636759913299,-0.007774368995667524,-0.007170459785903138,-0.0056109478507013755,0.05022773536757219,0.02169637381531775,0.05638920731928221,0.0484998300191668,0.000986362570833954,-0.007774362218886388,-0.006937829311299493,-0.0038459998839951437
2021-11-20,,,,,0.016258540192956694,0.027304017054852858,0.0263860302571417,0.018088196158863923,,,,
2021-11-21,,,,,-0.018791290347682232,-0.01744353841632229,-0.03487797278774307,-0.01893329503111163,,,,
2021-11-22,0.0014162766634133739,0.003487210167375965,0.0016958412105780862,-0.0004875369159158538,-0.03722485195500036,-0.04123417381714034,-0.03830681510418066,-0.038263674399291014,-0.004581213867726919,0.003487218997613617,-0.00017790895873437407,-0.0016601679963365035
2021-11-23,0.0070628578148907994,0.006334251272336777,0.010926009770625411,0.005851324558136639,0.022761098440300387,0.02100237643133096,0.021636980646418724,0.023282514377215735,0.009431161960641532,0.006334185709275797,0.0112353179160114,0.006564175937641137
2021-11-24,0.0018731504042177605,-0.0003525915147972736,0.005397520970370939,0.0017229890680947602,-0.02499393027984753,-0.023020552561139218,-0.02939989478231131,-0.02496126874180804,-0.002259351176868929,-0.00035260380186363793,0.005367542177458828,0.0007338052348457857
2021-11-25,,,,,0.009927629143091643,0.01596938698636996,-0.005829399805310054,0.010078698379032414,,,,
2021-11-26,-0.02202977832936781,-0.014764684615093171,-0.02782001187619798,-0.01842118529075354,-0.06756615427206192,-0.06510137171959762,-0.06293422413160887,-0.0676615201654569,-0.028742741400398897,-0.01476466161597545,-0.03063724684244873,-0.02018013348884007
2021-11-27,,,,,0.011245581073994426,0.02275551155681632,0.013552309494344827,0.012273245753514184,,,,
2021-11-28,,,,,0.021635863394062982,0.04380290201382153,0.03723973338107012,0.024406082856035294,,,,
2021-11-29,0.008083930148740537,0.00028435287566619394,0.013883740995577432,0.007644891795691056,0.018495569696167724,0.009597342721765934,0.02050405082692275,0.01835547178213437,0.0095634165308911,0.00028442719116039683,0.014764397845319355,0.007904701463005814
2021-11-30,-0.02277151859552018,-0.021875248656031854,-0.01661503403816933,-0.022295391643187945,0.003775969831120607,-0.014507821365679074,0.007103750070531101,0.0031069731283832613,-0.018876195160066778,-0.02187525377104771,-0.016520956733063752,-0.02151342582750826
2021-12-01,-0.013137975243081357,-0.01156811055540008,-0.010182224845795673,-0.011912397467484959,-0.00481603385234064,0.003545464696892875,-0.007818919927096157,-0.004094206903828113,-0.011750985011291126,-0.011568141028625911,-0.010333397076360828,-0.011548841755927297
2021-12-02,0.021465293991125067,0.014154987907134542,0.025743721235624184,0.01948761552650291,0.0028959807188342346,-0.007636984884950682,0.02962067314475103,0.002821509072122641,0.0183486903567045,0.014154871753168097,0.028025956059608337,0.018940998384892493
2021-12-03,-0.0009007541368664107,0.008912523957240737,-0.007506735246883278,0.001681025110677803,-0.055149782369634415,-0.053090682709212356,-0.07341045861591533,-0.05589772882663191,-0.0098675456975571,0.008912589997036369,-0.010589381786341834,-0.00031706230183270456
2021-12-04,,,,,-0.09969534984332751,-0.08229996107487425,-0.061117526981319115,-0.09559145366925192,,,,
2021-12-05,,,,,-0.024755735840232274,0.001806522390167542,-0.003529178611350381,-0.02164719754949762,,,,
2021-12-06,0.013700797601592374,0.010420674420566156,0.00699426384016677,0.01317201203810292,0.03964676149147195,0.02504016898975614,0.034166838680214306,0.03803052605582358,0.017871164734786227,0.010420733756919542,0.008041558274547667,0.01411362737927191
2021-12-07,0.014639166742671295,0.0029691833737883755,0.020930590298070983,0.011628345054567113,-0.005737168707727225,0.0007762988359041323,-0.015612732219189684,-0.005088634322207297,0.011332865091101763,0.0029691844571309023,0.019594562200972332,0.010976915730697145
2021-12-08,-0.0006247389621425459,0.0009143105453837119,-0.0017147667664960675,4.7036897868224514e-05,0.03651838767767335,-0.0031761361834413693,0.02255645570649789,0.03173288195360091,0.005435315248704109,0.0009142690583558988,-0.0011960834652381402,0.0012827805014403726
2021-12-09,-0.006624504675048826,-0.0028639468093016873,-0.007311731824511725,-0.005682449502763753,-0.06978269783647262,-0.05702426134252303,-0.07469004801333923,-0.06828303280106363,-0.01706385467658511,-0.002864004245936913,-0.009305197277572286,-0.007839875369561655
2021-12-10,0.00541190350549714,0.007691963172147487,0.005569823168590782,0.005962855996196392,-0.03780332079605775,-0.011354640813297512,-0.0522346213324133,-0.035773320983386925,-0.0012832798183909366,0.007691810293380064,0.004640759828707264,0.004535499053483827
2021-12-11,,,,,0.06148883037671493,0.047992516231325055,0.07045494563827437,0.060010982833217374,,,,
2021-12-12,,,,,0.0004642763758684332,0.01398565177575617,0.004145792669656645,0.001971977670843117,,,,
2021-12-13,-0.0058063146761826445,0.005182774868894624,-0.004819112129111125,-0.000896225755367408,-0.08026964315370921,-0.06814055322357371,-0.08839572641958726,-0.07952466972877137,-0.016899507623561516,0.005182747838109236,-0.00704729303893048,-0.003443114670379388
2021-12-14,-0.002003123954527397,-0.0004384776107598798,0.002202801490097883,-0.0025351582983746956,0.011635942342403949,-0.002643966968733702,-0.005283568151956963,0.009245135458322284,-5.213716201324381e-06,-0.0004384711105185346,0.002087601902631686,-0.0020868968593962256
2021-12-15,0.008172930634757547,0.012998429864531369,0.01743274056872135,0.010005050488310685,0.0483576939136523,0.050048533880216795,0.06979233200047252,0.04935846174038527,0.01376761523173764,0.012998332337601282,0.020081428399621792,0.011151592204089678
2021-12-16,0.005188184467772361,0.010099519918153499,0.0016764627160257284,0.006385957014113597,-0.03274085362650214,-0.02649359315405342,-0.030076145348407857,-0.03177152360650892,-0.00037131971126302954,0.010099668477214996,0.00019538340959446288,0.005342771238149968
2021-12-17,-0.012404277764205607,-0.01227732262019332,-0.01307116825629695,-0.011382138344565584,-0.02524082782165893,-0.030084935331479712,-0.01972865435756599,-0.02608326566738306,-0.01421277809000654,-0.012277306076013406,-0.014185687226413335,-0.011867114739369744
2021-12-18,,,,,0.020107423056707985,0.014197877383959057,0.02003873510559684,0.019524502231596408,,,,
2021-12-19,,,,,-0.002566489655616788,-0.0028152437466181235,-0.005110979725832632,-0.0024251186020669557,,,,
2021-12-20,-0.007935268189997569,0.0021418229739713635,-0.004244311296641268,-0.004741509175166803,0.00301082563064603,0.0033133533383162828,-0.001528191583140992,0.002539156666001574,-0.006425634270135094,0.0021417894675703764,-0.0028178867327742774,-0.004419706228377951
2021-12-21,0.013635049801826282,0.003154365108887003,0.006803956808067779,0.00936736643927416,0.033904335190249046,0.043445192540363164,0.026780610263524407,0.03387508445882892,0.01648436864946734,0.0031543450683471086,0.006943469679809189,0.01004150862337605
2021-12-22,0.005938664845482222,0.006521456478097765,0.009292512528153107,0.005919587813911331,0.0055448268508011544,-0.004401818921298317,0.009660405949398765,0.004606579658053445,0.005888571560852096,0.006521391436742574,0.009449394197832861,0.005839862454540601
2021-12-23,0.004855126687119737,0.00159683026303159,-0.0006262931864289278,0.0038857101847473707,0.05281519969184689,0.04735915749411457,0.06326683365567232,0.05255736740659289,0.01170647061842578,0.0015968692131431705,0.001294933480172178,0.005324427559211697
2021-12-24,,,,,-0.027383883099688533,-0.0020012270322797843,-0.029307260949530956,-0.02517910067282847,,,,
2021-12-25,,,,,0.012383620031686249,-0.005351770960729474,0.024380439542084575,0.010971179913187523,,,,
2021-12-26,,,,,-0.001718692052278259,0.007250420882475961,-0.0029139358614257427,-0.0011291437208699184,,,,
2021-12-27,0.01236569110596153,0.010491629806773428,0.018983546485355385,0.011757929604546469,0.007282014685247029,-0.0012986640121428472,0.010576595249862875,0.00653541991551676,0.011606147445799353,0.010491578375705357,0.019398499914357492,0.011533636180870666
2021-12-28,0.001893442554953273,0.004372796615930152,-0.0022568342166042754,0.002757670343761065,-0.06656202955908408,-0.06090089901485862,-0.06568442192583324,-0.06563981771620875,-0.00828499488305734,0.004372816494998544,-0.003574823145733763,0.0006156161865853438
2021-12-29,0.0005390121441708473,0.001167330585625237,0.0017830712493864809,0.0014948854842840031,-0.029440820402476975,-0.025365401256535414,-0.04534850368005161,-0.02936125059307937,-0.003598755620762728,0.0011673791302442282,0.0007240105356169924,0.00064435382414052
2021-12-30,-0.001374931812846647,0.0006983538694045333,-0.0037307913563522366,-0.00045634923432480434,0.017111888894624006,0.016099998236799973,0.021982901934069377,0.017316186960664615,0.0011251445638984503,0.000698400120045628,-0.003219935857950884,3.4938395895522945e-05
2021-12-31,-0.001025881554362007,-0.0011098884159506106,8.024218708979625e-05,-0.0010172713061291638,-0.015595269576255233,-0.01936396568416443,-0.020328403968742137,-0.016192418297524047,-0.0030161729724044184,-0.001109963217641785,-0.0004600929448091984,-0.0014617073113402101
2022-01-01,,,,,0.029122690504778337,0.030522299006931375,0.03454878550337459,0.029176563683824375,,,,
2022-01-02,,,,,0.015533383540770052,-0.006901819512655782,0.008730652641961267,0.013484074186927764,,,,
2022-01-03,0.007893532580496743,0.0020974801137954024,-0.008439038247929131,0.003756563670525237,-0.020677332852268804,-0.019494456630785084,-0.029003718850954763,-0.020652624998795943,0.003123160162046723,0.0020974674600451326,-0.009368324732345279,0.002710642530554974
2022-01-04,0.008557829538885509,-0.00045858355941930107,0.0009168277115829682,0.004574070400018115,-0.01189972652188187,-0.011912559697495606,-0.004495299212353254,-0.011385580829820885,0.005245285860481674,-0.0004585986341517634,0.000991294163777967,0.004110561708129179
2022-01-05,-0.009713803910778696,-0.001786143677177443,-0.00761434000514849,-0.00869187378386127,-0.06210983361491207,-0.050970456706862066,-0.06063828720141773,-0.06120094017372646,-0.01809610455693078,-0.001786370099739032,-0.008789477411779045,-0.010550591241798246
2022-01-06,0.0007960560820974294,-0.00401384430360574,0.002075290493039894,-0.0010978410259204763,-0.0009292952176445102,-0.00785260814408495,0.0021809512189414626,-0.0018631986711105109,0.0005183915734026101,-0.004013860674483505,0.0028898951003797357,-0.0010516438434730047
2022-01-07,0.001871645878891881,0.004631693355194866,-0.014013944442807125,0.002196278363116866,-0.040415107130955974,-0.03771124292873329,-0.05116687337102299,-0.041086202917197,-0.004578147563009893,0.00463164615640288,-0.014889688875856733,0.0007337371725997244
2022-01-08,,,,,-0.020804199673583712,0.0034007027594369355,-0.025829763395943228,-0.019270903235615533,,,,
2022-01-09,,,,,0.009360341562123509,0.00372304349860042,0.004188840945350325,0.0089227481097367,,,,
2022-01-10,-0.006256184023373468,-0.0009226242734533541,0.0035869961277990026,-0.005620476145266173,-0.030122972020358962,-0.003386098251762615,-0.03345298337019653,-0.028224405525380192,-0.0097717894683782,-0.0009227550982517929,0.003144360174871297,-0.006519370613331299
2022-01-11,0.01043856062517956,0.003546309720177998,0.007786426970208371,0.006867475279718871,0.03413079061088253,0.02279321328481898,0.04767747917549103,0.03392314543967845,0.013846979597975206,0.0035463738285999025,0.008653915119181343,0.007640736152097816
2022-01-12,0.002540785218601238,0.0009278582687177739,0.008646308730186902,0.0025492273906886354,0.05413123621162175,0.030782352893590215,0.0677215085867382,0.05303025929223226,0.01009832171404712,0.000927843520670546,0.010258171237049751,0.004316194573992238
2022-01-13,-0.004715426210225471,-0.0019102440853664415,-0.013511881004404702,-0.004074635844378505,-0.03474498354737365,-0.03172979478643678,-0.04316025217302388,-0.03488031674249614,-0.00930301903434061,-0.0019103212727421548,-0.013638583500405366,-0.005001807519259938
2022-01-14,0.0027788486177524607,-0.0022664417178731577,-0.00011102300294252299,0.000295405828800277,0.025598371641136985,0.01313359407473258,0.036864875840332934,0.024842037013082408,0.0062386021988574125,-0.002266474913701244,0.0009736081767379723,0.0010887680291515878
2022-01-15,,,,,0.008823224156351284,0.0018858099904897063,0.009715914269867065,0.008181582276879817,,,,
2022-01-16,,,,,0.00668606789179238,0.0016374969870038836,0.03483907458109292,0.007516737804677431,,,,
2022-01-17,,,,,0.0026586257893816967,-0.014112270689724649,0.04027287368935273,0.0031441193580490356,,,,
2022-01-18,-0.01042217356139108,-0.008955167712260237,-0.011980363412200878,-0.00931931226777305,-0.018142256836484183,-0.0007567221723325801,-0.03579826711731304,-0.019017728726925642,-0.011275193369427505,-0.008955170909037746,-0.011848528721500329,-0.00941062947409832
2022-01-19,-0.007240158511388262,-0.000438272562480746,-0.011400456285959648,-0.004408265910264442,-0.030382424091961346,-0.017742770605955083,-0.053982915332216774,-0.029634750284099454,-0.010568991198801725,-0.00043825790666329745,-0.012259157950604505,-0.005194545059035938
2022-01-20,-0.011773923035989342,-0.010905388214151546,-0.016993194426641822,-0.010610065326299156,-0.0430124535813281,-0.02689275620666265,-0.052415685813500756,-0.04152555617712583,-0.0163537359577407,-0.010905400572199575,-0.01766013848899417,-0.011568478124707071
2022-01-21,-0.013229841117012642,-0.004691297612842149,-0.011136876904285997,-0.009666305543938991,-0.11536609618880633,-0.1039348924845731,-0.11998243433055844,-0.11525543265674876,-0.02804495461763523,-0.004691323376763923,-0.012379902815228716,-0.012982363705756339
2022-01-22,,,,,-0.058664859551849746,-0.039552363129103596,-0.05686432203384961,-0.057215342735302044,,,,
2022-01-23,,,,,0.03864342468289461,0.03618537541864564,0.05034144300559795,0.03890391849633135,,,,
2022-01-24,0.0018782640805250495,-0.0052432589904790605,-0.0007790578774846679,0.0002946424368777123,-0.028686502525453128,0.008198485567688207,-0.04229025906034156,-0.02651482613543188,-0.0021099015775914998,-0.0052432244165201425,-0.0015909366306120498,-0.0005246754990783087
2022-01-25,-0.001688983346031736,-0.0045711050385705,0.0013420489939501845,-0.0038155006863846985,0.0002235514230601865,0.007144943269432602,-0.008088138277580259,0.0005566950144730853,-0.0013661359313971166,-0.00457111104902741,0.0015654245900593722,-0.003471224323955524
2022-01-26,-0.008535256110923206,-0.016640134690542374,-0.009827590411071951,-0.010760742305420679,0.005290390934253875,-0.0015205660878059302,0.020272914797892838,0.005101456514966518,-0.006829781687431535,-0.016640085936847848,-0.009284573073068292,-0.010368222570997676
2022-01-27,-0.0026532131598200337,0.000688731234475437,-0.0008516602558423791,-0.00201732274908184,-0.008864697005926736,0.006346555072308746,-0.02277970779847971,-0.008261562844696368,-0.0033822400622722792,0.0006888755988623263,-0.0012144960414658401,-0.00212486409559276
2022-01-28,0.015718961857947855,0.015449759973317656,0.03126882187266755,0.016691194169929036,0.024880443511961614,0.017041537938273787,0.02392010804503686,0.0242922670296164,0.016968758728294286,0.015449830545643639,0.031187498680697034,0.017012925891137343
2022-01-29,,,,,0.014776244795502658,0.009337328368841158,0.010790902178504647,0.014813128828931932,,,,
2022-01-30,,,,,-0.01730398062997085,-0.006282794228522737,-0.013043633370881769,-0.01632376250199241,,,,
2022-01-31,0.012374374204113359,0.010186348927641475,0.0058660453129992796,0.011636806416126522,0.01463362229413212,0.014894297067219453,0.023056886694263312,0.014978038266883154,0.012658757908259322,0.01018638657202775,0.005308811536930413,0.011491554371664048
2022-02-01,0.010950258432124826,-0.002629703366311187,0.006505415415834825,0.006210095820661898,0.023033684182255154,0.007612110733259403,0.038568966261200543,0.022651464016139045,0.012964162723813288,-0.002629813970431827,0.0071154481044728435,0.006789980602147416
2022-02-02,0.00992411953145167,0.011304170022450988,0.026865521725100372,0.010190431631009078,-0.03932310586815713,-0.046481575067235714,-0.038111492133919844,-0.04036496304638015,0.0016346570656979864,0.01130418335085226,0.026239555994928,0.00809065536129494
2022-02-03,-0.009571662356480215,-0.005907836041865511,-0.008061715452007734,-0.008502917468235505,0.015645292484482987,0.0061217377254132455,0.04277953378924493,0.014369005503553689,-0.0055006235217880395,-0.005907832153255632,-0.006630762402060175,-0.007536983485932236
2022-02-04,-0.0008988477450473376,-0.003633466265938634,-0.0031343146571990443,-0.002764516703070652,0.08696341713193556,0.11563811994355744,0.06964758561592621,0.08963636371017314,0.013587287763032974,-0.0036334677872661425,-0.002042270912002042,0.0006591026471371997
2022-02-05,,,,,0.009232964855796943,-0.0016185416493088578,-0.007908814096298178,0.008585054194717667,,,,
2022-02-06,,,,,0.024501216457603503,0.023187506348601117,0.015362724144754036,0.02442852463947509,,,,
2022-02-07,0.0024172070796750766,-0.0009674782880889632,0.00432899103906581,0.0012200289793247165,0.07047949398482856,0.0340426282551316,0.06815205904980837,0.06630031690926241,0.014417506283383785,-0.000967443415791025,0.006113483904266248,0.004039317988745239
2022-02-08,0.004002567828545134,-0.0012869943096928127,0.0030662724026651045,0.0033173223615898806,-0.001828963744545331,0.005674328167804887,-0.016049408976469004,-0.0013015655911793322,0.00289309880475086,-0.0012869968461366454,0.0021791734208931324,0.0030037521262049616
2022-02-09,0.012656250700741056,0.0065391554133200636,0.0199109368715904,0.01034583508074638,0.01944410997145929,0.005254350353718129,0.03352601559439261,0.018568554505976387,0.013945624103942178,0.006539173582738256,0.020089457160382018,0.010505339777891587
2022-02-10,-0.0168017043707539,-0.017269059951698695,-0.018557997625472056,-0.017932013081531695,-0.026204575702200916,-0.017993551759530657,-0.008509655975397656,-0.026679929619252696,-0.01854021553937213,-0.017269084434757276,-0.01769033571621248,-0.018297725468120363
2022-02-11,-0.010457606014640297,-0.0029176881923418385,-0.006484583220000784,-0.008700320944551865,-0.060260009272664394,-0.027632963681945344,-0.056577871812277025,-0.058174881849415105,-0.01965509523488873,-0.0029176546127934744,-0.006494007750513564,-0.010574717348118878
2022-02-12,,,,,0.005496373818632216,-0.004331740874489287,-0.026691455959854227,0.004717859458024387,,,,
2022-02-13,,,,,-0.0006777161083484362,-0.0014099715966756632,0.011413870326169917,-0.0016304605688337581,,,,
2022-02-14,-0.006484181964311109,-0.007927147540102819,-0.0070123069722231035,-0.006147516095069805,-0.005703055222069264,0.009089266033498467,-0.018748358916940155,-0.0036181650958257983,-0.006327859374551381,-0.007927124200734936,-0.007863482034807356,-0.006148474506498691
2022-02-15,0.010562964709827094,0.0021730337798280264,0.0028506866047652846,0.0077516752266673095,0.055405485168744883,0.04690674617512469,0.06050121438175804,0.05517936250656752,0.01856748550535281,0.0021730284846184222,0.002868533790683747,0.009427968733586978
2022-02-16,-0.000360469052092971,-0.0018515059062683692,0.001831415014758253,-0.0007764725128247552,-0.01590139532464474,-0.013945762005198925,-0.027852972237207063,-0.015934840610551282,-0.0032180176710969732,-0.0018514895971275536,0.0011484756470689916,-0.0013985955725288601
2022-02-17,-0.015425567951037,-0.0068362103088435155,-0.014820258530448438,-0.012497394127961359,-0.07825607659728473,-0.07738495553522151,-0.07542152048173689,-0.07771174879181941,-0.02684227013228424,-0.006836185311784537,-0.01565139960625972,-0.015110016203778387
2022-02-18,-0.008401983050542738,-0.005521022775044848,-0.008510605143247418,-0.007212306577890959,-0.0071877247894410745,-0.012785970817691394,-0.01707446469482965,-0.008268683616035388,-0.008268250795636534,-0.005520989599967274,-0.008534227453523613,-0.007147704007984146
2022-02-19,,,,,0.006543259509513177,0.00223045306966263,-0.004705897963888761,0.006137989350807116,,,,
2022-02-20,,,,,-0.043278622200302985,-0.042779271365003924,-0.05584287649554809,-0.04361800983563768,,,,
2022-02-21,,,,,-0.0634067044865575,-0.03650993090900345,-0.0834405386925604,-0.060617829167946,,,,
2022-02-22,-0.006932345335474155,-0.004029873664532668,-0.007409228885408292,-0.00550476679438161,0.03915387632594691,0.032740211057358914,0.05134496543120015,0.03812895720742193,0.0010580186431958793,-0.004029889866108638,-0.005915340996342056,-0.003610474724536905
2022-02-23,-0.011310469002434487,-0.0025108526309840506,0.007889852103776462,-0.009972765923247362,-0.021009490073956694,-0.025751680183168313,-0.013282151344182425,-0.021359571114990428,-0.013016140102082407,-0.0025108134805047477,0.008810305884596525,-0.010340960386333364
2022-02-24,0.0061130095386721095,-0.0012511507313902603,0.001338214906926316,0.004622009059252141,0.0023621010281469346,0.02657228507899534,-0.008352795317022044,0.003897647737316934,0.005356351428551065,-0.0012511944235070738,0.0004809801374503486,0.004280736536845575
2022-02-25,0.02559026437399292,0.026247608730764593,0.03569930018116918,0.025662334864786418,0.04292477140997697,0.02373454693914212,0.05333174981207223,0.041814331445101605,0.02869708277513361,0.026247622248167568,0.035987175328892285,0.02642745752583764
2022-02-26,,,,,0.002783707727839868,-0.003000386868108995,0.01072197532128527,0.0019346438263287968,,,,
2022-02-27,,,,,-0.041560770746809195,-0.03562173871430796,-0.04353310352247386,-0.041582083420149574,,,,
2022-02-28,-0.0018767736226135145,-0.00488359704676633,-0.003864120432398699,-0.004082634979754141,0.10049969869337727,0.14471402878031125,0.10870482896994549,0.10387645132158951,0.01655282827677662,-0.004883633783603791,-0.0017726808093008195,0.00042927230515954484
2022-03-01,-0.012896231197349284,-0.0018013652593789065,0.005665859948486451,-0.009952619639220672,0.0031196221938873947,0.026888524570001016,0.008914622101821923,0.005125462125701752,-0.01022692229881006,-0.0017980525169853934,0.006077463339952294,-0.009162528491050703
2022-03-02,0.019678099465881393,0.012051538279908902,0.019339306763831887,0.01706186405811594,-0.018906186104654554,-0.009706302725009164,-0.019967130651467047,-0.017981777308747948,0.013160670566247257,0.012048730289861309,0.018092145699160955,0.015543493247438311
2022-03-03,-0.0006895492982773588,0.008601798368738534,0.008315998881412323,0.002666873790421631,-0.019596829320976727,-0.0335198114219355,-0.001771227502406325,-0.02144613443208443,-0.003782173211554163,0.008601084947656767,0.00889937643675287,0.001973700238955267
2022-03-04,0.0026779488280557207,0.00723069045660818,0.010752379828445457,0.004538963519771455,-0.06971800084746704,-0.07806935036049167,-0.07793350756170092,-0.06994732387369407,-0.008975721310218177,0.007223678620669194,0.008731072366030768,0.0018725979878746468
2022-03-05,,,,,0.02535301803654666,0.00671938064683042,0.021328511460778188,0.024270962303778232,,,,
2022-03-06,,,,,-0.03675708190506366,-0.024887994408395286,-0.042184834087063194,-0.03603825857967402,,,,
2022-03-07,-0.016610118084741554,-0.008138117012503443,-0.009066055520942973,-0.012588310145569492,-0.017504019662255565,-0.009316643885282638,-0.015072766579285468,-0.01726191264058441,-0.016758842699473364,-0.008139388863289465,-0.009015874880534569,-0.012533994511451874
2022-03-08,-0.00470217096639125,-0.013202795937745648,-0.022512362608064662,-0.008000338241590743,0.019065874781533765,0.017740259990833174,0.017891974234911734,0.01917273047353696,-0.001104900612091786,-0.013203959187391257,-0.022300300517930638,-0.007070155018423785
2022-03-09,0.013490126186327167,0.0035851366789261263,0.00716461960105419,0.010483504099391139,0.06076424263829461,0.08378639716414904,0.056668671614717114,0.062058114636708295,0.020795719363241094,0.0035892603499703135,0.007412109777144238,0.012095914480790393
2022-03-10,-0.0002118163610090873,0.0024797613335465485,0.008085944479264029,0.00022106139087263443,-0.04514227217931277,-0.060630954045771346,-0.046507313823480056,-0.046009176553428066,-0.007427519862195364,0.0024747363597106276,0.0068529628528708475,-0.00147888516414596
2022-03-11,-0.007940797488223184,-0.005123058834280991,-0.00677745465593349,-0.007351407602748994,0.007942974203140718,-0.016291319622939393,0.009890053711353541,0.005607965799541814,-0.005556651233217913,-0.005122161796568991,-0.006734042211707925,-0.006781168466359233
2022-03-12,,,,,-0.000661572342176342,0.002810649293818468,-0.0068776944328161616,-0.00011475268480987122,,,,
2022-03-13,,,,,-0.026993478010026384,-0.027101257933814793,-0.030666386080596908,-0.026334694171947115,,,,
2022-03-14,-0.009772847058779677,-0.004750588516426735,-0.011183625114981055,-0.007897174329816514,0.025633312493756888,0.0480080837903738,0.021756546936817278,0.02683234871777329,-0.004241447797855291,-0.004743123809994754,-0.009844211718255447,-0.006424986206538863
2022-03-15,0.008476043351911988,0.006360518297235052,0.006814851676464562,0.008477612104483834,0.0028525006024855415,-0.008268101563720931,-0.00048325969897589083,0.002396866565884004,0.007571560001856437,0.006357619123515068,0.005580906896516247,0.007979770330939662
2022-03-16,0.014508445572804174,0.004959972770771426,0.005566554264378798,0.0116542493065801,0.04107905769233011,0.04588714481344902,0.05260197903976915,0.04132958323411429,0.01878714567646389,0.004962963380525931,0.0061701567641712085,0.012521877912973212
2022-03-17,0.015002773123964808,0.011304127635269667,0.019540307343293373,0.013671949655793325,-0.00208427071838857,-0.004679931710764751,0.0002330053661716569,-0.0018588833324422183,0.012209231244783902,0.011304831658055958,0.019594604076675015,0.01313118808933278
2022-03-18,0.004393717604026293,0.003018096432228834,0.006908278111579014,0.0032505213679017153,0.022646030900763225,0.020750884742987363,0.031258413680248065,0.022886281429081112,0.007351346412346027,0.0030194229569564524,0.0066453530560723895,0.003870689790916204
2022-03-19,,,,,0.047628645720763974,0.009317830622209256,0.11531005045048182,0.04257875545947187,,,,
2022-03-20,,,,,0.0007667757982472434,-0.022346848712322953,0.06202295140607106,-0.0029366092363326546,,,,
2022-03-21,0.004281435419453583,0.0028884056262199476,0.014721315689523395,0.0030136601051791168,0.023408826779020453,-0.004117262624553253,0.013741586602677991,0.021245260894529494,0.007466153625463656,0.002888000017738479,0.014215138729499088,0.0038278886300746606
2022-03-22,0.004963677342200157,0.00410957831193004,0.002053138037836799,0.004772645020372002,0.0660329589880857,0.031180014163224357,0.12343199386183912,0.06093133602733669,0.014423199406002896,0.004110490307519088,0.006206999986585027,0.006867461647091622
2022-03-23,-0.009105424807429596,-0.008925232980168674,0.0008128640927653752,-0.008521519191103555,0.0099678803669081,0.012610091153007819,-0.005528743789166124,0.012774468413269569,-0.005660879843301991,-0.008920770926313826,0.000259525390336135,-0.007495624523938926
2022-03-24,0.010268831223645636,0.0062790686354539105,0.018767006159538413,0.008752867791212982,0.026284544502708895,0.024898646221148013,0.05121928951824195,0.0258871091983639,0.012871759114890136,0.00627993942629379,0.019140649681926636,0.00923915561406674
2022-03-25,0.009201997449106214,0.00872801217062924,0.01105360095022312,0.009424229167588338,-0.011573364630100724,0.008821397620525806,-0.00803552187460499,-0.010571728998461816,0.0054855617626707875,0.008728145393093856,0.010987852051165037,0.008677059329486703
2022-03-26,,,,,0.008402987483941526,0.003429583093865096,-0.009080588323148286,0.009431351511033137,,,,
2022-03-27,,,,,0.04139704136005817,0.052126312256127294,0.02618916784016423,0.04213638861986557,,,,
2022-03-28,0.0002299148811821805,0.005249963203615593,0.0012925527778429036,0.0024775894930983977,0.0037587881027871806,0.0065678873583499,-0.00616532402345038,0.0030490347113671934,0.0009579964662564944,0.005250158972383234,0.0009383883474809451,0.002500738303855332
2022-03-29,0.011933388043900317,0.012432129656239521,0.00905557364317855,0.012054007288493374,0.015112494742400173,0.0071661546110000085,0.029620597652292524,0.014552935444168469,0.012377539046555253,0.012432737677316119,0.010117949497153056,0.012106007585972245
2022-03-30,-0.0038288556551445696,0.0010297982850990817,0.0006000758987709798,-0.0017939927093993946,0.009346896128156645,-0.008491735032190584,0.004329981063459165,0.008147554604609919,-0.0015291453657374499,0.0010284117341274879,0.001030086936926855,-0.001254543633512628
2022-03-31,-0.014221202142033151,-0.008760888148716228,-0.011105830806712014,-0.012129347380095745,-0.03154272228279531,-0.032382108229702444,-0.04559148608523622,-0.03115447879577493,-0.017273203993594666,-0.008764320910444323,-0.012228640194314577,-0.012886360733546764
2022-04-01,0.006186125023239786,0.00915298067553616,0.009446531934439228,0.008433018898506672,0.013142468892550996,0.016315115388267687,-6.992748994572029e-05,0.014662655908890931,0.007345515668125024,0.009154715112229095,0.009358715135848517,0.00879114932875602
2022-04-02,,,,,-0.010164723709190526,-0.008917040798352316,-0.03185549728683734,-0.009570633297201092,,,,
2022-04-03,,,,,0.019175007399507837,0.012745379989237415,0.02647529895402001,0.018662106395219036,,,,
2022-04-04,0.0022766175502173525,0.0028044494911572126,-0.003062843618726774,0.0012011522596839797,-0.006544536688453784,0.003640395949819908,0.0017525563444278358,-0.006190662857656792,0.0007995290337790006,0.002798645385748033,-0.003182714781890583,0.000682970538252281
2022-04-05,-0.010604681001322391,-0.004416294045770153,-0.0030945959272302703,-0.006957032413536179,-0.028529944757126446,-0.02287907280900825,-0.04772217011870239,-0.027827214065287653,-0.013597478849595168,-0.004423069341305319,-0.00346737471740699,-0.007634260718677677
2022-04-06,-0.0009029271017109153,0.01132142977847761,0.017054970300565353,0.004191877503037178,-0.09124716475469041,-0.05156849392240004,-0.1311698983745866,-0.08768394882155661,-0.015726044603035283,0.011297901154790235,0.01558451807336092,0.000773798530303349
2022-04-07,0.0016742166564926997,0.003556490409641233,0.013253953856670275,0.0021381303213021674,0.03506873213204709,0.006876459247305178,0.12178438863481822,0.031968434862362116,0.006745556202943925,0.0035490637603075026,0.015212889431998056,0.0032147443613532722
2022-04-08,0.0035065897723678408,0.00732371173101809,0.005219664643302702,0.0041450876129855985,-0.041723815405173004,-0.02795577079433964,-0.06631975469214413,-0.03986799528641982,-0.003536706610661855,0.007320446102831335,0.004657686520450843,0.0026525571191633457
2022-04-09,,,,,0.018362833934442158,0.011693070951357853,0.034981782066349165,0.017960932630549875,,,,
2022-04-10,,,,,-0.016893682757302297,-0.013427680050824398,-0.03271656570982251,-0.01652876401372816,,,,
2022-04-11,-0.011929035170042845,-0.014455871029792289,-0.025140733465216947,-0.0117209849601696,-0.0802439103212057,-0.06363225953812468,-0.0849277116365108,-0.07893410463559092,-0.02214233461807813,-0.014491437223103198,-0.026412842185297047,-0.014103897202847993
2022-04-12,-0.0007004274837975055,0.0027421213796787747,0.004104633283221304,-0.0005409028392732163,0.028025388219357517,0.015315083892861292,0.0292759364790256,0.0268746309315826,0.003345397368330838,0.002766518599363499,0.004466278740506757,0.00048498976290001217
2022-04-13,0.00884224419144819,0.006176740899063615,-0.007213533850173426,0.007071573168431877,0.0365054059693648,0.025906300465152077,0.012055477857337626,0.03514615065038762,0.0128394705874042,0.0061907646805898775,-0.008023404183383986,0.007929346573859242
2022-04-14,-0.0017895739780088293,0.001787170592101317,0.007348600947785,-0.000706086569985831,-0.02358066173490403,-0.02990800653174608,-0.03538650052185022,-0.024472117481995292,-0.005005402969397221,0.00179305633105864,0.007280007523412735,-0.0014074792111108403
2022-04-15,,,,,0.031115748658108622,0.015473675726454417,0.011912859433345968,0.02932722853429448,,,,
2022-04-16,,,,,0.01408563619189307,-0.0031805042860567623,0.020939934352731893,0.011663451018680604,,,,
2022-04-17,,,,,-0.03872011169463008,-0.017502542356175765,-0.04048488336790046,-0.0363787246185322,,,,
2022-04-18,0.0007497079830467435,-0.0043902736212279025,0.0018101894862396772,-0.001558103518581766,0.022439021877525,0.027929174608607665,0.008031503951445362,0.02309993818961953,0.003895215656276152,-0.00436875522345459,0.0015230460279980207,-0.0006892479125282236
2022-04-19,0.011961508825628853,0.008263630021064783,-0.0048754255692735615,0.010264508106484493,0.021150047265116045,0.016571096753378534,0.023569505006239,0.019855965801206077,0.013292032574333756,0.00828019217418352,-0.004565194106346815,0.010499278080043029
2022-04-20,0.001933459726181752,0.003033037573731079,0.005328308259254788,0.0032021691327766,-0.011629317562299124,-0.003093074404708074,-0.03277728024444837,-0.011625007210199323,-0.00011606819865217499,0.0030631739136190994,0.005445779699438491,0.00282066986690932
2022-04-21,-0.011636137130243918,-0.01021137334563993,-0.0170137225672784,-0.010857570736040656,-0.022028913233882563,-0.020471984048854197,-0.04253789929729923,-0.019040399510121486,-0.013049276362088524,-0.010198258353691148,-0.016702452603945317,-0.010991472427531623
2022-04-22,-0.023505755428103625,-0.015989474651287416,-0.027013019889537304,-0.021222216813463257,-0.0130810051007767,-0.019420038833716236,0.014984629591944021,-0.014093433528659771,-0.021983904871802462,-0.015986249360199656,-0.026150296431636688,-0.020928278894843166
2022-04-23,,,,,-0.01245107021679237,-0.0063811726165234894,-0.025930237397356115,-0.011482037596098671,,,,
2022-04-24,,,,,-0.013706615650983078,-0.0004416040475622163,-0.02559654014991719,-0.012411563371975576,,,,
2022-04-25,-0.003037606586353103,-0.0014269977435006354,-0.007458536231876978,-0.0028668496472378235,0.010266560704494276,0.025057850055308917,0.0010189733680057156,0.011635481014640403,-0.0010758306518205973,-0.0014285125099833262,-0.007495372463980021,-0.0025159603508803086
2022-04-26,-0.019905870575549267,-0.015605881560207369,-0.009324259574260974,-0.017391479712460467,-0.06779230213358511,-0.057858267871623625,-0.08793294119189099,-0.06664382789962975,-0.02702868201880948,-0.015627503768106177,-0.010096149498272422,-0.019005511310747902
2022-04-27,0.0008208542313643541,-0.002792853724919664,0.001484382722912292,0.00046154541496945534,0.02456718396841273,0.029478882606909007,0.02046215446419808,0.024766372232727818,0.004213469872425213,-0.0027919249661939594,0.0019612095968852827,0.001299115660612138
2022-04-28,0.016911672779662323,0.015531430143721936,0.017392749148028797,0.015583696507237565,0.009301843866554638,0.013575224570606004,-0.003592992006160922,0.009710570413541841,0.015777264870656893,0.015509959663240203,0.016548099501247027,0.015268552556612747
2022-04-29,-0.03491485544757733,-0.031213964160696994,-0.05341669966881324,-0.033708612195282095,-0.035573527211893996,-0.02926557389929385,-0.06180692976648061,-0.03495157997924547,-0.03501958670568295,-0.03121261749582893,-0.05405224907314232,-0.033691282930735866
2022-04-30,,,,,-0.051366495005846224,-0.023179313474195662,-0.103333272184857,-0.04723030577305831,,,,
2022-05-01,,,,,0.04733577045165838,0.0209880240146596,0.044678908262073325,0.04654513735478116,,,,
2022-05-02,0.004282752066340878,0.0005896487217269542,-0.013154596467755297,0.0012711038514172657,-0.00343779677568401,0.0012519117294957915,0.005211847944667003,-0.003306223814198761,0.0030438634196665593,0.000589625666786997,-0.013154598436744047,0.000734484014880632
2022-05-03,0.006453169685688431,0.002753739539806732,0.008591581811129512,0.005365581464554348,-0.010382769636546163,-0.019520404495480648,-0.024960119808134063,-0.009939778964691559,0.0035771896427387873,0.002753591458598992,0.008591581435284379,0.004585940587097603
2022-05-04,0.03082614395061012,0.02453174727749552,0.018035880894240686,0.028053187862082662,0.09903910800710847,0.053060761708053183,0.08057597523562587,0.0971354349671174,0.04177220186804509,0.02453181825400641,0.018035880604660548,0.030921483662381677
2022-05-05,-0.02533055479196411,-0.015076673890315528,-0.02296048298387887,-0.021514771578008518,-0.08935104073891564,-0.07933880741287325,-0.06887287474334602,-0.08936956652171679,-0.03625966348558596,-0.015076667091027729,-0.022960481561027257,-0.02437189642411486
2022-05-06,-0.003267578446473296,-0.00570549704432366,0.0012320217335934913,-0.003373560317450619,0.012308137026463273,-0.012729341447867082,-0.017648279254969923,0.013024118068257318,-0.0009527199684603582,-0.005705591452375147,0.0012320202890512277,-0.0024769405898827923
2022-05-07,,,,,-0.02630226575113037,-0.015197425122686958,-0.026474443508318957,-0.02571048960061839,,,,
2022-05-08,,,,,-0.01663422055399133,-0.03947291410346554,-0.03670652516210382,-0.01724738791032665,,,,
2022-05-09,-0.035598612712052446,-0.014341798397534022,-0.053131171045583514,-0.029511060703435787,-0.1399666481036772,-0.11119203895093621,-0.11494144196418954,-0.1387478629229102,-0.052678036968289654,-0.014341812377837049,-0.05313117259746314,-0.034074729076473464
2022-05-10,-0.0041786877156275715,-0.00792535948725026,-0.006696899848698812,-0.006021185298360265,0.03611480039212922,0.024314246930871697,0.042120677486235936,0.036168270695458915,0.0018119611403137892,-0.007925448740015995,-0.006696898221872694,-0.004577766946074258
2022-05-11,-0.0033674548594866405,0.006545283933825363,-0.00010784923966045135,-0.00036592141091496,-0.1398287519270468,-0.06679640834749634,-0.13173607419975486,-0.13298141711955314,-0.024743018373478143,0.00654495695589441,-0.00010784891008208675,-0.006044544567408661
2022-05-12,0.0024514477622847863,0.007341249874823763,0.006515667678355763,0.0035430695228706455,-0.0510461930094569,0.002477337001546731,-0.05018329678523947,-0.04886985671504618,-0.0046702532683429165,0.0073411352753587344,0.0065156677162796495,0.0016409465805677925
2022-05-13,0.0219870155805586,0.00979881068700017,0.015583231401578246,0.017712210338656664,0.06754567848493087,0.00926673420384505,0.04213079693600141,0.06482881228700843,0.02778838796375882,0.009798735498943278,0.015583230265152404,0.01900526308726702
2022-05-14,,,,,0.018952349705517957,0.0272429107282397,0.023850810996626226,0.01852295132672599,,,,
2022-05-15,,,,,0.039237719406513216,0.03944715692277767,0.04432076898488102,0.03903134934086605,,,,
2022-05-16,0.0020556778233531414,0.006381644138733877,0.007133690923378566,0.0032785016261640543,-0.058862203167917015,-0.04605804345108078,-0.05764338183902651,-0.05779921717840131,-0.006165022113996832,0.006381551070300251,0.0071336907535799465,0.0010851463594849786
2022-05-17,0.019054264195207837,-0.0027002547962950985,0.007089324802799446,0.0137801831573372,0.04361504155793261,0.019195187902846467,0.036733556233941034,0.042063816758221684,0.022176845024691083,-0.0027004836450030822,0.007089323769204459,0.014357481661091631
2022-05-18,-0.027667993510321676,-0.02340257264991852,-0.030000342750370113,-0.02457105388494385,-0.07648906908696573,-0.055571632331323784,-0.08502264715454322,-0.07445230652983936,-0.03404816398245747,-0.02340287787406592,-0.030000342320327222,-0.02617125261525055
2022-05-19,-0.0019055530466638437,-0.0048295772192953335,0.0001926376856915546,-0.0020292051366985753,0.04676698996567685,0.05525758243842227,0.05353751753538827,0.046959230460421386,0.004168605554210281,-0.004829731729635189,0.0001926385459751767,-0.00043222216508898015
2022-05-20,0.0006539648135781562,0.00306761481683826,0.0023022558483294375,0.002753903421420345,-0.031792772298017136,-0.036655236194530705,-0.029863795710292074,-0.031893984549574705,-0.003559211806169027,0.0030674640825940624,0.00230225699416442,0.0016705726777079821
2022-05-21,,,,,0.017542226545354644,0.008325760917366587,0.00690334918720148,0.01741658435385074,,,,
2022-05-22,,,,,0.035963752366634294,0.03062322190582001,0.036102661302582106,0.03586548858478533,,,,
2022-05-23,0.01914483547155732,0.016554087874119272,0.015027444622526698,0.017083702211262874,-0.03166886341711306,-0.04015860674672933,-0.015555698201002888,-0.03301046098382365,0.012703259911002629,0.016554137172098082,0.015027446869625871,0.01524963607650931
2022-05-24,0.0007774847368346993,0.010025671831205951,0.003616245761798753,0.005067701114069845,0.03501084579295055,0.019661929852188953,0.0371176955262873,0.03293411929840273,0.004811757509459058,0.010025676719332521,0.0036162478650727525,0.006365532775789884
2022-05-25,0.008803887045133685,0.005477123769119352,0.01112708067953938,0.006907295479650077,-0.00538029486442726,-0.0023657820083795578,-0.01921305294222375,-0.003733435317318512,0.006938127474348521,0.005477049746707596,0.011127079737421885,0.006392381560211824
2022-05-26,0.014748339934138821,0.005162936340562974,0.008427354946506371,0.010208492233186872,-0.04888619171571584,-0.010241518775782166,-0.07187709743120563,-0.04620570682184977,0.006945061691463694,0.005162870809212183,0.008427354333994774,0.008058402122072872
2022-05-27,0.019151363469380067,0.010499922273645934,0.017189483018419383,0.01662824576424171,-0.026625540272920745,-0.021845896063303005,-0.023311346436617697,-0.027315278756473993,0.01383266498898661,0.010499988106344116,0.01718948287046973,0.015101477424694254
2022-05-28,,,,,0.016737137278619585,0.006563412811443348,0.01768269829757063,0.01569277587012019,,,,
2022-05-29,,,,,0.025155455185945197,0.02142750039694552,0.033769733323819384,0.024173474951858953,,,,
2022-05-30,,,,,0.07819477262672092,0.07680679217523623,0.08336861413557739,0.07876313721055839,,,,
2022-05-31,-0.007963899183436651,-0.009356093734833038,-0.016133836425929693,-0.008335554195806005,0.010869457811169436,0.0022068669141188657,-0.03215482305148243,0.01144984386984671,-0.00602818966413976,-0.009356182311886174,-0.016133837137173423,-0.007831070401775664
2022-06-01,-0.005248085487194354,-0.005580382758746283,0.0003538713962281115,-0.005405249975616977,-0.07108030503741603,-0.054397541612203004,-0.0085163397102197,-0.06963272319255953,-0.016220122078898225,-0.006200840069541469,0.00035386596170283724,-0.009102366706174703
2022-06-02,0.01459493678038215,0.0029273608952340435,0.001731193666241193,0.011272832875380168,0.023768240464784096,0.020261679400055854,0.008924915904945818,0.023140790703924496,0.016038562983688776,0.0028519489274299037,0.0017311996715947409,0.011541145288098464
2022-06-03,-0.008328148069157382,-0.005321803106159484,0.0021433100974765917,-0.007429812817310921,-0.026232300382332818,-0.026867074730362317,-0.03651199348035494,-0.026336522340289048,-0.011167205710326922,-0.005360760466478376,0.00214329738239849,-0.008321368810886853
2022-06-04,,,,,0.006966110552448557,0.002140910411521979,-0.009575553603478282,0.006780026279913365,,,,
2022-06-05,,,,,-0.004145472166217634,0.004135497726186932,0.013177089958018584,-0.003852283705813586,,,,
2022-06-06,-0.0004642017397110676,-0.004562790658053317,-0.0030012279019431265,-0.0008686227238899891,0.02893526865990137,0.041814589072786346,0.0034263556344134027,0.029195628917439986,0.004114461134851144,-0.004106525965434149,-0.003001225576011901,0.0006872821619503533
2022-06-07,0.010267784720320083,0.00779807969995483,0.013376379211567313,0.00924930509720756,-0.011851781890194646,-0.005254523238668929,0.0037697449969036345,-0.011549126959596423,0.0067131717618862385,0.0074770377207926675,0.013376357775939596,0.008016673402189367
2022-06-08,-0.01281062896471541,-0.009655466140279678,-0.007465333608779656,-0.012400547938493656,-0.013353960643774365,-0.028160897940660568,-0.01677786409188764,-0.014240357884659716,-0.012902858448557986,-0.009949634334585178,-0.007465341401526104,-0.01252757991924236
2022-06-09,-0.023577811131328397,-0.02279906475543725,-0.024803742451043775,-0.02235006652151106,-0.0062483948469720385,-0.002217310810304629,0.004204042995810342,-0.005884798896853338,-0.020856012455891748,-0.022583496987024332,-0.024803742397355166,-0.02139453917015488
2022-06-10,-0.025759060627039143,-0.00958050380709552,-0.01273186787580216,-0.020660466869481198,-0.052615484243620836,-0.03274117843979241,-0.025093907437285234,-0.051508936341337797,-0.03002425094828942,-0.009341270692627135,-0.012731862858706755,-0.021822385034427683
2022-06-11,,,,,-0.05839705019214669,-0.026908364948155294,-0.03796357082751811,-0.056976999608747136,,,,
2022-06-12,,,,,-0.05733353380446404,-0.04666967245104692,0.006267465900107627,-0.0559149416016167,,,,
2022-06-13,-0.0404487029347389,-0.03236848521818492,-0.041606821063647326,-0.037484887168371506,-0.12700009164058357,-0.1606454787881595,-0.16525123860314028,-0.12975303646762681,-0.05383698214807153,-0.03337236126001519,-0.04160684006928839,-0.04213194901581507
2022-06-14,-0.006656390921948696,-0.01359105776650682,-0.0077145514942588145,-0.00946740268020907,0.010454697507898958,-0.030825998625798823,-0.12552909351544606,0.0068401688082906364,-0.003969530564505219,-0.013697969063076298,-0.007714551889771104,-0.008857121537049872
2022-06-15,0.01069743912586918,0.0028677932333276424,-0.005059884513759605,0.008758723090142695,0.06635352563659147,0.032830782268896685,0.12811457007507143,0.06414709414379494,0.018784845937406702,0.002948495501258419,-0.005059883355387762,0.011141658510019914
2022-06-16,-0.028691539898185292,-0.007763798502118502,-0.02074698181695256,-0.022569533193778746,-0.10583669931097572,-0.09131263310719251,-0.061064917002142116,-0.10531920849872778,-0.040588988288525085,-0.008233014391717752,-0.02074699293756843,-0.02644015912380937
2022-06-17,-0.004024583730670717,-0.004244438091324132,-0.01953687091077516,-0.0039012610220700017,0.03503453587942795,0.005871884617301593,0.013267871448294333,0.03383932479214313,0.0016221205610194023,-0.004039463322044412,-0.019536848997594114,-0.0021747498686431888
2022-06-18,,,,,-0.04153672378677575,-0.05627720110015588,0.017520138991895085,-0.0419336922474004,,,,
2022-06-19,,,,,0.0771928687755492,0.06793811670280436,0.00938889596501613,0.07614316519195352,,,,
2022-06-20,,,,,0.0008443834031670594,0.0009227432769105537,-0.005577667473293024,0.00034197403898694745,,,,
2022-06-21,0.02125447013823689,0.02257987374882542,0.035745634420347505,0.021858418823318404,0.006246961230570669,0.014665089918483698,0.060406880992289524,0.007180161713203237,0.018962991896126713,0.022646078500868416,0.03574561626667405,0.021174823914603014
2022-06-22,-0.0030035890507517093,0.003414359869865713,-0.002345906272586018,0.00023222393197985802,-0.034675083413886365,-0.03345780988349045,-0.026539834684573993,-0.03479827056338325,-0.007612364090035406,0.0032706996791547205,-0.00234590795914269,-0.0012735862563166833
2022-06-23,0.0032783643601157486,0.013194642991248173,0.00470248749768043,0.006991795116395583,0.046600514294766304,0.04697182923060761,0.00985353309190895,0.046510832406325475,0.009400630457423897,0.013600227745769189,0.004702501591886898,0.009099243832373372
2022-06-24,0.028106950730770297,0.013972851540606568,0.017707840219688853,0.023563569399013273,0.03953539057217115,0.011513031473408653,0.033789708201680924,0.038435643883270476,0.029787842223479633,0.013641872001111555,0.01770783430599754,0.023911890321340223
2022-06-25,,,,,0.0075582444673687466,0.00789961145171203,-0.014976910332770266,0.007404911857240348,,,,
2022-06-26,,,,,-0.022049962626886965,-0.01818460188076021,0.0007701480956912032,-0.022068899535513165,,,,
2022-06-27,-0.003446745739265844,-0.0029597329083747015,0.011625813285337294,-0.002608055135354004,-0.006618167081880677,-0.00580630323463005,0.032448746003128415,-0.006221516404042005,-0.00395981963550418,-0.0031074700261803923,0.011625815388127458,-0.0026988012119778526
2022-06-28,-0.009935317070791982,-0.009023512515485055,0.0004102648718100621,-0.009951070230827086,-0.04235493748526553,-0.020755947230486904,-0.015416255334360307,-0.04126445232065368,-0.014732520911497904,-0.008959721677995414,0.0004102601832245423,-0.01128446563190122
2022-06-29,-0.004598591051314327,0.0007186463122033082,-0.004738896430945494,-0.002209520370599627,-0.015122420457723385,-0.010451960784388481,-0.018292497182254785,-0.015142896586550547,-0.006139851970863419,0.0007075302565933139,-0.004738896701537598,-0.00268425222993407
2022-06-30,-0.007309195796401324,-0.007484496331660484,-0.006158277828785308,-0.0061357696149331176,-0.006071631729807514,-0.013224550339683172,-0.0011568339800732685,-0.0065058785539350295,-0.007122608138498965,-0.007397556637126379,-0.006158270716451142,-0.005941106145360586
2022-07-01,0.010735052336339646,0.014855644080254526,0.01362624402137036,0.013103717157488592,-0.02274310160430071,-0.020403219044180854,0.002918676202519732,-0.022137812193778084,0.0051553600128997346,0.014855663606496039,0.013626241901791403,0.011151683151963354
2022-07-02,,,,,0.010299057016797786,-0.0016731030905716704,-0.0027408509429552863,0.009733149225015891,,,,
2022-07-03,,,,,0.006092232651770502,0.006835626578362453,0.022851584856107054,0.006291062072685927,,,,
2022-07-04,,,,,0.03440781625956735,0.0416406332323791,0.014974489922158218,0.03461143533072564,,,,
2022-07-05,-0.006393931952812348,-0.003625225046743119,-0.013080844639687395,-0.007235601280143444,-0.01886433755029493,0.0011726090165777858,0.01421813341677991,-0.017563541406777183,-0.0084229485544014,-0.0036252627865068776,-0.013080845637175376,-0.008063952925991602
2022-07-06,-0.00011955787474482449,0.001482276362270829,-0.0034367101080173823,0.0004868169832596969,0.017313482190615348,0.012410776992455519,-0.008915808026445204,0.017000387669408923,0.0026418560591316975,0.0014823451832974843,-0.00343671424417602,0.0014750059093902035
2022-07-07,0.013848664698403734,0.0023234551152329086,0.0039933679339956285,0.009340250431879582,0.038197611222417605,0.04570425566408476,0.015654201151573677,0.03838914873986443,0.01780056160582988,0.0023233752056421864,0.003993370033247068,0.010734269154181186
2022-07-08,-0.0033434671235591518,-0.0028922260777886066,0.00028165054018636226,-0.003001688353856613,-0.009761383510064503,0.004547555744821574,0.0055066392481604165,-0.008940582669408781,-0.0043949851124965855,-0.0028922426659641065,0.0002816512113756886,-0.003323515226526186
2022-07-09,,,,,0.013633025231926332,-0.002941334706058729,0.011749922495481346,0.012558461721919656,,,,
2022-07-10,,,,,-0.03980870909771139,-0.03339063740590087,-0.03130325567728909,-0.03951137079787159,,,,
2022-07-11,-0.007641223965006327,-3.440195775616939e-05,0.00022325944442425083,-0.00460121268210012,-0.056011179337213335,-0.042782925337028765,-0.04329832708605952,-0.055302384338523636,-0.015594308902634246,-3.4273825951336434e-05,0.00022325523046973217,-0.007355493774914068
2022-07-12,-0.0038192309673963365,-0.005696640891770577,-0.008224980135952742,-0.0044372273013444374,-0.02374481456930877,-0.026340887992773787,-0.0011434093422714176,-0.02365891338136783,-0.006942971130113107,-0.005696646403681616,-0.00822498184703191,-0.0055840167556376885
2022-07-13,-0.0036969149960811576,-0.0012645927092592713,-0.0031347213912019667,-0.00366188941858292,0.04419457275180472,0.04175185479699306,0.024735456794090727,0.04417311562307202,0.0037532395194821433,-0.0012645866320829535,-0.0031347218740359617,-0.001032544426455284
2022-07-14,-0.003920715004093522,-0.004667536232120129,-0.0020653867094474476,-0.004108919493086671,0.02339317429731902,0.016132441488608817,0.009646287784761842,0.02323395305953735,0.0004897137258124129,-0.004667462044743775,-0.0020653895355544627,-0.0025596063998156726
2022-07-15,0.018459270637578795,0.010479430930226963,0.016253301464142833,0.0160017037855682,0.013530179044921153,0.010988546529557164,0.002825855682735634,0.01360922473903825,0.017626951167766025,0.010479392533479848,0.016253303190433055,0.015699743438341907
2022-07-16,,,,,0.05204064234645278,0.01895718567858684,0.027224929424934485,0.050244325188192995,,,,
2022-07-17,,,,,8.492324944509022e-05,-0.019770770680982985,-0.021336190558892687,-0.0014961558976941403,,,,
2022-07-18,-0.003414728601693784,-0.012180712965892515,-0.012013704232199829,-0.00654096330377818,0.11449484682376365,0.07096376050303155,0.024485687630326325,0.11127980263752124,0.015054759435892962,-0.012180807328131094,-0.012013700745208356,-4.3798937661154724e-05
2022-07-19,0.027573424580896067,0.013792141750565978,0.010676582600428475,0.022311928054491004,0.016200464433744566,0.03292259439811529,0.0009264959728165767,0.016665000908526073,0.02571924267633019,0.013791979188513492,0.010676586849757586,0.02162868776802318
2022-07-20,0.003198743203757237,-0.006009094553964922,-0.007744749003536389,-0.0011930292674594556,-0.037902666495538195,-0.009520791234522985,-0.022229544954452063,-0.03624890070965414,-0.003964918888452518,-0.006009232658510055,-0.007744743507054785,-0.003791340559108791
2022-07-21,0.005901582894834556,0.0044098710571220945,-0.0038501001590731665,0.004423498790125713,0.02850812424190341,-0.0012583605158110744,0.0063159936476377965,0.02656080427577967,0.009351686808786397,0.004409916234895617,-0.003850101890538915,0.005487443361571032
2022-07-22,-0.0056285806332619925,-0.0002700119065895956,0.0031379904741948295,-0.00275455978901884,-0.009543388956063548,-0.018512523507663636,-0.01437548597649807,-0.010307948955085133,-0.006199394750067477,-0.0002699263314370759,0.0031379890256582055,-0.002957193588024709
2022-07-23,,,,,0.00783072864375578,-0.009269581091804424,-0.0014168035950877789,0.00667351104146352,,,,
2022-07-24,,,,,0.019739309820953066,0.005200211136661581,-0.0002239880895752444,0.01957823868029962,,,,
2022-07-25,0.0036754215273169244,-0.0023403508394069794,0.018177390515380365,0.0020672802959718073,-0.0748375198926432,-0.053552605081081506,-0.04614309156342877,-0.07399741798037895,-0.009862827201626345,-0.002340422967847755,0.018177393914677875,-0.0026982852464322304
2022-07-26,-0.00543345543664242,-0.006335676006341884,0.00034531181733843397,-0.0035753165946644794,0.0069603872533874345,-0.0004676555025261431,0.02324014088837334,0.006434088449308373,-0.0036498097211556946,-0.006335673853842816,0.00034530928001808014,-0.0030708384561021207
2022-07-27,0.011784392418515477,0.00493263858063453,0.0027326252847665877,0.00829079023390955,0.12135708572219173,0.07428570461027073,0.050903730273447634,0.11723494617289898,0.028833414021524284,0.004932569737040593,0.0027326273178562843,0.014209498986233582
2022-07-28,0.010181929366293474,0.007993045831596879,0.004752211417107466,0.010355000557623173,0.09243342603978588,0.03548984403682964,0.015888785446275477,0.08925060681652464,0.02368833361901901,0.00799306907428532,0.004752210975383031,0.015261904588624198
2022-07-29,0.010052623439692931,0.0033714924377006295,0.0003906911617934661,0.0074488681837237,-0.005727817331222407,-0.002541735878181961,-0.006680486349147308,-0.005638250789013255,0.007085481761083923,0.0033712916959625083,0.00039069614404207975,0.0064946676256434355
2022-07-30,,,,,-0.009946571950752547,-0.005506493287842473,-0.002121517694833819,-0.009854451208150428,,,,
2022-07-31,,,,,-0.021450323957659223,-0.011612968328014173,-0.0028924973298037893,-0.020735636733603457,,,,
2022-08-01,-0.0016167632894356077,-0.004907236755593347,-0.012529322020817468,-0.002605812188183232,-0.012699082640371007,0.0023261225048021306,0.014417661538122406,-0.011150791196496979,-0.003463816514591489,-0.004907247489464028,-0.012529330112732495,-0.0032353351979615974
2022-08-02,-0.009766373595193611,-0.0051154879547578025,-0.005970818686627077,-0.009026177576084926,-0.01878657452324095,-0.01613935626202334,-0.02236292830825448,-0.019230860625190194,-0.01125580816509264,-0.005115483902515816,-0.0059708171033407975,-0.009540616472731855
2022-08-03,0.006390642598552265,0.013555225621430633,-0.008895978457557074,0.006990530094939329,-0.005919092520044744,-0.00622063488091229,-0.00801493406956133,-0.005862256925334597,0.00437351457835522,0.01355514394220858,-0.00889599131276353,0.006166232122942761
2022-08-04,-0.0013548306398486476,-0.007892043348169842,-0.015900082946832983,-0.002048956357015075,0.0012915459728624068,-0.003854910910318643,0.01649838185355934,0.001579415357978009,-0.0009256275051893192,-0.007892056747258458,-0.015900104998501252,-0.0020169177983057063
2022-08-05,0.0012453867441639677,-0.004583787260115879,0.0038621305433175213,1.0065920750257362e-05,0.04537539473907404,0.025519026364407393,0.012822057626368455,0.04337386996996884,0.008418504690363315,-0.004583753460632334,0.0038621407185845946,0.002517279587266996
2022-08-06,,,,,-0.009339096820508042,-0.012136496079792058,-0.005098293284917732,-0.009176605378151126,,,,
2022-08-07,,,,,0.006383834393511201,0.0078115938867755474,0.0023174746100917964,0.006400034566068413,,,,
2022-08-08,-0.000299587148424596,0.004204047195893956,0.006805013866827192,0.001001916776649736,0.023081434620898955,0.022888614352012393,0.006850215755795919,0.023240062034249886,0.003619991058590788,0.004204040390684227,0.006805021109431486,0.0024219598789900765
2022-08-09,-0.0009765693351908578,0.002012141738153339,0.014068788130658705,0.0011282145926418963,-0.04372071297256963,-0.02629274672138948,-0.02333473786677076,-0.042671234213021436,-0.008307027178909188,0.0020122032844340776,0.014068784426587433,-0.0013587749445299613
2022-08-10,0.016693861603007676,0.011486380541505747,0.003307131253618145,0.013968172587259353,0.0496270392464504,0.032351867958329006,0.02698830576387956,0.04836333204940679,0.02218626919486999,0.01148632594646326,0.003307122833704046,0.015781725139177638
2022-08-11,0.005780713311737351,-0.0013297161252492362,0.012545015598957487,0.0034745056310085953,0.013205672711347205,0.0003520796654652436,0.00012798699448768325,0.01139822041013705,0.007082189160881436,-0.001329718029558169,0.012545020465206669,0.003900747387767245
2022-08-12,0.014905165969355538,0.0144859243095119,0.006368650223455674,0.014657091627622076,0.014572452750824638,0.014986410725065014,0.001706204254874777,0.014236410109583986,0.014861568906941569,0.014485909537695019,0.006368657487404672,0.014569050587935228
2022-08-13,,,,,0.007883917084293701,-0.0009467558810188903,-0.007764251531841682,0.007164029450881904,,,,
2022-08-14,,,,,-0.013383545362258276,-0.001908424106521922,0.007095445962612912,-0.012328116119876165,,,,
2022-08-15,0.004392583915316717,0.01211380609232382,-0.007379782824502246,0.005311846006302634,-0.01664107955492755,-0.010303395154137585,-0.02079548071484938,-0.016564437583759806,0.0008374467051537327,0.012113745304902057,-0.007379790980808654,0.0040696114819078755
2022-08-16,0.002814570829788865,0.01264110766471993,0.0007127531220376682,0.004322306627227546,0.0008010091287484755,-0.005955235661200486,0.011314861723397351,0.0008114689732774405,0.0024541113629623634,0.012641101449828662,0.0007127457208238042,0.004197390197597128
2022-08-17,-0.008260710163364493,-0.006355827016700011,-0.0009302208186932059,-0.007256890483837042,-0.0062292109211598,-0.02260903572522388,-0.021472839461445514,-0.007667642510118422,-0.007830974910600585,-0.006355801290283569,-0.0009302109132003356,-0.007058331214219948
2022-08-18,0.0038137458014910752,-0.0026987238491470444,0.010640631520947519,0.0018938684526859095,-0.01701220808440762,-0.006577196360755155,-0.011375135031468697,-0.01651239688543371,0.0003828015726132783,-0.0026987078963510713,0.010640629937311852,0.0007439563277000794
2022-08-19,-0.00898165469584744,-0.004575192313861165,0.016882032818335002,-0.006954327470635402,-0.10925470030581685,-0.08986030154232705,-0.04983470035393167,-0.1065511511017595,-0.02566249914487706,-0.004575196677528037,0.016882031054407776,-0.012643037445341787
2022-08-20,,,,,0.014892169048396076,0.016650043134420756,0.026637786102448935,0.014716003409655176,,,,
2022-08-21,,,,,0.032794108124918786,0.014168716497227951,0.002948794174438385,0.031144517110945236,,,,
2022-08-22,-0.01935673846727015,-0.01422254658920663,-0.014182514741172603,-0.017256500963202193,0.02534728218193183,-0.006308058655361548,-0.006410731239346212,0.022633140882840408,-0.012963174834852986,-0.014222510231489016,-0.014182506417083074,-0.01500759361300108
2022-08-23,0.0019486535738075794,-0.005288611194826265,0.0148118144450049,-0.0004189822610159988,0.012228448994492602,0.007053375569978426,0.010646739052612597,0.012630073207440473,0.0036687536228414697,-0.005288550835086281,0.01481181085774086,0.00022565982276412377
2022-08-24,0.0024583820091133024,0.00035555787293084506,0.0027849301433906515,0.0016467088387599471,-0.008059583609892673,-0.009506152293514036,-0.021204997459799202,-0.008688653581554129,0.0008730315596585658,0.0003555659551377488,0.0027849281461171937,0.0010600069654707056
2022-08-25,0.01369514179858089,0.005613196958192956,0.0051546398875379484,0.011338474803379128,0.009858073134687784,0.009707070736541423,0.010007327310188163,0.00952105959889793,0.013227390181737464,0.005613193657655335,0.00515463197151278,0.011067733696693338
2022-08-26,-0.02757729967890321,-0.018378669538516634,-0.013403195146448277,-0.025020049170803027,-0.07980382188364066,-0.06136715320825814,-0.05883793833382833,-0.07857221991333518,-0.035688446706818144,-0.018378690767555383,-0.013403189288105244,-0.027732289148503897
2022-08-27,,,,,0.001817386103776908,-0.003955801930654257,0.02030883869960709,0.0019531116899931256,,,,
2022-08-28,,,,,-0.03497527924303534,-0.021542732675884024,-0.0227185854083517,-0.03363245148192606,,,,
2022-08-29,-0.003492848181660402,-0.003958072461083373,0.005434644862347904,-0.003335992637487961,0.04904280071408573,0.03383146755728039,0.030746144050941338,0.04777507450224805,0.004486874774120464,-0.003958050805992652,0.005434630177811872,-0.00045357465311501866
2022-08-30,-0.013645333641191582,-0.008324747601080484,-0.018825862575565844,-0.012358881625008977,-0.02791244479899402,-0.01445189310750683,0.021069783537932762,-0.026316167773267063,-0.015858351226891054,-0.008324761540308256,-0.018825855478038833,-0.013113049761407924
2022-08-31,-0.007278695249996026,-0.0019155547739221346,-0.011038215379280514,-0.0063966691319430335,0.0027395568401229475,0.005196554246230001,-0.01992399246834453,0.0027503138101243607,-0.00567249665268621,-0.0019155761324675113,-0.011038222839670042,-0.005783975009789222
2022-09-01,-0.0006877551969646234,0.011715786650214666,-0.0008315176772588639,0.003796094226667046,0.02437063798841832,0.0023950891627366744,-0.0024760459126027534,0.022417156751886047,0.003488643667265645,0.011715737701409878,-0.000831519713730744,0.005326791235414241
2022-09-02,-0.009613545886803299,-0.00949948378073917,-0.000590454406167229,-0.00980602272901876,0.005521164233931231,-0.008409498679173621,-0.010387346569569966,0.00430002702020249,-0.007038603499564755,-0.009499449608725508,-0.0005904524057095406,-0.008886768429255287
2022-09-03,,,,,0.0017424751879671074,-0.003408908745325512,0.008291662153363522,0.0017986499440645343,,,,
2022-09-04,,,,,0.00947544148104229,0.007487387827886716,0.006464717582825186,0.009455195318428755,,,,
2022-09-05,,,,,0.030689744908744432,-0.008762775221308527,-0.008894834443920807,0.025569092516577907,,,,
2022-09-06,-0.003900518299277733,-0.0024908013387540118,-0.0076397129629037774,-0.003222281989968767,-0.07324070610409683,-0.04585420444193822,-0.03478677350625392,-0.0698624337408319,-0.015641627090444365,-0.002490797567699543,-0.0076397132066183815,-0.007453800127298016
2022-09-07,0.01596046486498426,0.01664143648207883,0.0021980555391190038,0.016615096024667375,0.058539952983735155,0.022460974183342364,0.017345513711815475,0.055009215437137104,0.022838978974063506,0.016641423794240717,0.0021980528033460622,0.019003783464053958
2022-09-08,0.006018702471834114,0.0026251229897755746,-0.0005477715189762256,0.004117678348435128,0.005049555558427343,-0.0006620742229650478,-0.009560146485464216,0.0052530109337893816,0.005823291244149376,0.0026250925729371932,-0.0005477703148046853,0.00402353202867789
2022-09-09,0.014423439717681674,0.009035860199046342,0.011809151531273931,0.012553541464469298,0.05792736058310943,0.08983475184366174,0.035735237408466514,0.05905149706192603,0.02177344146897897,0.00903586479653029,0.011809152443020166,0.015296832240284663
2022-09-10,,,,,0.018547334884776667,0.015268177438237496,0.019758443555117022,0.018127875932783644,,,,
2022-09-11,,,,,-0.011773340261492682,0.0012378743282412952,-0.008829541393357232,-0.010896082408538676,,,,
2022-09-12,0.008437920739044147,0.00850026475238308,0.009012092893308177,0.008611136446009526,-0.00799863607075868,0.020639840997646708,-0.004290319940932985,-0.006494454742636102,0.0056151098739274374,0.00850036786098074,0.009012095849506352,0.007723282935883979
2022-09-13,-0.03985345235372473,-0.03008472168941234,-0.023806952895069067,-0.03625096630883484,-0.0715373122290146,-0.08203995685322918,-0.04272751511817752,-0.0716136136750889,-0.045305635314487946,-0.03008468806775244,-0.023806951399562126,-0.03824230065774703
2022-09-14,0.0031036886697661803,0.006251900425417345,0.02081390916003434,0.0036676319596751217,0.02194979395441843,-0.00026640540458422457,0.008380256669179076,0.01987378613522739,0.006059883851887937,0.006251842474770397,0.0208139109626857,0.0046240024063195495
2022-09-15,-0.016145963616459258,-0.010511790068346238,-0.01970569660685695,-0.014939650797446746,-0.049575521458453564,-0.021980623587007142,-0.0057622635020007085,-0.046867664409749876,-0.021677294216998377,-0.010511801682834943,-0.019705695947879298,-0.016820923795635934
2022-09-16,-0.007292396556558001,0.0007828135907601563,-0.006157363337524258,-0.00448518650491192,0.012586720007863095,0.0029416527007228854,0.0006367045549156014,0.013664438766808118,-0.0038376224372463907,0.0007827837873581878,-0.006157364536015009,-0.0031401803938011508
2022-09-17,,,,,0.03133232905762551,0.017566046813861202,0.01625009891845508,0.031159862122657866,,,,
2022-09-18,,,,,-0.07873613359915188,-0.032335777628663354,-0.022668900596807817,-0.0742784420606053,,,,
2022-09-19,0.006265016710814697,0.0036308125703650163,0.004257545441084476,0.005451769895134406,0.022747242767340525,0.002904273204755503,-0.008886943168517125,0.022100380517771523,0.00900458295604123,0.003630799026023812,0.004257543620327375,0.006451831214474346
2022-09-20,-0.015603711753318317,-0.013545008355474897,-0.009048628338900966,-0.015137629798061547,0.002436010692995927,-0.028052547016183205,-0.00972897532503747,0.0024763587356255723,-0.01249770720342136,-0.013545014805556033,-0.009048627579965829,-0.013921824368787306
2022-09-21,-0.01692803937308729,-0.01289816342084138,-0.01515168146090684,-0.016091406338178404,-0.03942563146145561,-0.016119304911772492,-0.009272323901975521,-0.03779094183964593,-0.020910134617855403,-0.012898146413164335,-0.015151681370190628,-0.017485019144882874
2022-09-22,-0.00902492883855155,0.0034277526887411813,-0.0007536831816170597,-0.005241160611246465,0.07278172718703013,0.04002187903964449,0.01800863297689448,0.07343458506676459,0.004779740878530836,0.003427692201920518,-0.000753681223456204,-8.46891300009256e-05
2022-09-23,-0.022376044828069874,-0.01665349760538637,-0.033049806844053675,-0.020099650396042,0.012949808281889297,-0.0039035438071745032,0.0031031927022890926,0.012633496887841211,-0.016008858734630427,-0.016653513612706283,-0.033049810618466124,-0.017748577650353536
2022-09-24,,,,,-0.02260385841016266,-0.01658650565082509,-0.009529019818541928,-0.02259086250147213,,,,
2022-09-25,,,,,-0.012103084218687443,-0.006033943537121833,-0.0024051894599252943,-0.011347679209962935,,,,
2022-09-26,-0.015827350009298358,-0.010511853821008832,-0.018583223564597184,-0.014949749390771427,-0.0012554281917761534,0.016486129938184657,-0.0029969105917828642,-0.0015618578614917666,-0.013060181172159346,-0.010511863608399175,-0.018583223093025958,-0.014028039696884376
2022-09-27,-0.003967652429991975,-0.005644161726992336,-0.0035543161588477146,-0.005534641419583264,-0.016746846370668034,-0.005033335737027467,-0.0023175148633435283,-0.016482609264874104,-0.006383813165582453,-0.005644155271571583,-0.0035543150962229486,-0.006468051674418329
2022-09-28,0.021236718193987425,0.022119834911221936,0.028011469336389982,0.020633954476599436,-0.0011219182992675547,0.013481238371116921,0.0031139815961496176,-0.000268190997514961,0.017099551578298122,0.022119845121380433,0.02801147034112539,0.01906171836811099
2022-09-29,-0.01949945036138312,-0.015903695705343224,-0.01485054978579503,-0.019295136567726523,0.028645750302138895,0.011275383410886297,0.024112776748687725,0.02891454043540498,-0.01066782509917763,-0.015903700768756246,-0.01485054606523617,-0.01605138894222269
2022-09-30,-0.015090940263487784,-0.016971741475043878,-0.018323753101570195,-0.015499720041553089,-0.0046520397544242975,-0.0056346458770378804,-0.0002949371222986663,-0.0045826931647474645,-0.013114932780617927,-0.016971746759605666,-0.018323750809634665,-0.01477701472789017
2022-10-01,,,,,0.0008534505682333826,-0.007170512335322066,-0.006454573158777177,0.00040031373146542926,,,,
2022-10-02,,,,,-0.02543044016142071,-0.006473367043552503,-0.02239531527105265,-0.023928435094124345,,,,
2022-10-03,0.03218477804364772,0.02584896416490623,0.03706016506719978,0.030436788236603673,0.02147455572209056,0.0221851665269146,0.019875575361258502,0.0210624279776066,0.030449618306372495,0.025848989437327052,0.0370601669741466,0.029672908092118977
2022-10-04,0.029716713772508507,0.021171707886707303,0.02919196686969694,0.026746140878429525,0.024488604454256935,0.028477030792364744,0.017330183060149995,0.024839609480240776,0.028877504211823002,0.02117159633350396,0.029191973528036153,0.026352745984615566
2022-10-05,-0.003080433110727032,-0.0038601883959327177,0.012164241196634729,-0.004915957045954822,-0.004307979240231741,-0.004731524773479934,-0.011163940853987975,-0.003703550383452603,-0.003266676595005902,-0.0038602329087602527,0.012164262110269775,-0.00508603751902692
2022-10-06,-0.010930192552808027,-0.007444335930266721,0.0005950403706314056,-0.012337557734354965,-0.006057827611778199,-0.004237935468563547,0.006745464888963326,-0.005630624943344653,-0.010141035436298962,-0.0074443716968682905,0.0005950575183628626,-0.01209768616080753
2022-10-07,-0.023419937888679354,-0.01407555706230279,-0.009851043318281016,-0.020996023157662247,-0.003913023511740721,-0.014186041667414107,-0.011925881310039466,-0.0034597139012304545,-0.02019273182014969,-0.01407553097734815,-0.009851033874421544,-0.019589572389187015
2022-10-08,,,,,-0.002884854301889006,-0.006703474935799036,-0.019067830132506902,-0.002635945619367863,,,,
2022-10-09,,,,,0.010638807535803929,0.003278867827499532,0.0005099378453117254,0.010577485512680118,,,,
2022-10-10,-0.005956076655687759,0.0011669892354322364,-0.017422836949919418,-0.003598602041523735,-0.04353573325433591,-0.007649120471744486,-0.1020584822910956,-0.03979248123993073,-0.012316381544783983,0.0011669934811284755,-0.01742283787269927,-0.006147116421767129
2022-10-11,-0.0034076338240855986,0.015626189768567444,0.006781523475046347,-0.0004694787648584775,-0.018863594226840696,-0.010325167470995877,-0.02047677102772305,-0.01887184104103312,-0.005831707058144064,0.015626201278700957,0.006781536877636718,-0.0015439989376223595
2022-10-12,-0.005256500287898036,-0.004350830478153878,-0.0022986803526351407,-0.006910234076263233,0.0019717821262592583,0.004378432669622567,0.0037441434700016263,0.00227683763671771,-0.004097933364832218,-0.004350905444687414,-0.0022986653798473533,-0.006561345335496127
2022-10-13,0.029823824173669022,0.019464947963357293,0.03670221244426197,0.027946358176891506,-0.016674129443761676,0.0025008124898726614,-0.03423044041768242,-0.015429946899270908,0.022351742989924928,0.01946487429091248,0.036702207106341866,0.02487697730431826
2022-10-14,-0.018462524981440298,-0.011403340709339016,-0.010351601776555253,-0.016156410602729543,0.003049133491836775,0.01160805245234986,0.006974740512235567,0.00476872122739902,-0.015141824641345836,-0.011403340400676254,-0.010351597043082972,-0.014722515609893572
2022-10-15,,,,,-0.00793802344819472,-0.01658503757405616,-0.016660345728548798,-0.009242501967199113,,,,
2022-10-16,,,,,0.011320552309434628,0.006417332788589469,0.015459436316509478,0.010640160312318958,,,,
2022-10-17,0.01957994225118176,0.011568464737822914,0.010506961780774926,0.01805142961354189,0.011701825755900064,0.01424328530646557,0.031285805671106726,0.0115715315461693,0.018351143299918826,0.011568552209790584,0.010506961306687712,0.017538153035872917
2022-10-18,0.011810061568663821,0.010235591620770146,0.003915107208985358,0.011999908957335936,-0.015616173608409722,-0.009966695512275803,-0.018451990594859025,-0.015232924397614811,0.007487720593322367,0.010235612661522175,0.003915099127274946,0.010275729582966964
2022-10-19,-0.007276178074036688,-0.007389621455076156,0.0021301955672607953,-0.008689303203653687,-0.02361182969295783,-0.008734940837310967,-0.04522768530800747,-0.021985934665601392,-0.009797062066869588,-0.007389685589041739,0.002130194202219826,-0.00966000189125793
2022-10-20,-0.0037545364491885502,-0.002431670078256065,0.0011019713120294927,-0.0041478582326118785,-0.0022103908437858255,-0.00017314531809187184,-0.03013100276438041,-0.0017773558329290395,-0.0035544299979238803,-0.0024316924167938625,0.0011019813799910683,-0.0040426162095877904
2022-10-21,0.024666311338928493,0.020342397234281107,0.02907930239877743,0.023236727898936937,0.012663961326254691,0.0006026036431723281,0.016987622088387333,0.011420712167232061,0.022855399973065404,0.020342340053682628,0.02907931141920428,0.022392902952967697
2022-10-22,,,,,0.010109377491888338,0.0010646418874717956,0.05401079859508373,0.008872150460736528,,,,
2022-10-23,,,,,0.01895304045705193,0.013061696377349108,0.0073699904639876745,0.01821163677376103,,,,
2022-10-24,0.008306729831362603,0.017558011998700662,0.013367331557760487,0.009963776697929028,-0.019852298524910217,-0.010305819410500794,-0.03186247028200073,-0.018977057239130568,0.004079824650627728,0.017558047465886295,0.013367342895184597,0.008212656430333753
2022-10-25,0.016016301376917008,0.00815953298934935,-0.001206919801928552,0.014191380110869956,0.051795014399491635,0.030562307974990155,0.09178607503555858,0.04877597954700885,0.021258075774454932,0.00815956095430237,-0.0012069307633254533,0.016238833281635445
2022-10-26,0.004910484672556281,0.012398657951696146,0.01654996934933739,0.007130031525997449,0.02397961599006182,0.027137579379928445,0.03049111137185334,0.02399781778863952,0.007800824134907902,0.012398576254841753,0.016549979575617435,0.00828067458259274
2022-10-27,6.75047533569284e-05,0.0014590763051782751,0.0029339235891636672,0.00018961383029836298,-0.021232893312769008,-0.01738470805378689,-0.027118506618596272,-0.0206826088984724,-0.003190626177649647,0.0014591440538600509,0.002933930755687042,-0.0011723617580924328
2022-10-28,0.02340845619202514,0.022852479908938017,-0.0166661563747309,0.022677893720162823,0.01971491672596737,0.013092484871035204,0.02831226633160422,0.019075640067950816,0.02286987285767128,0.02285208095251212,-0.016666184944097773,0.022469749001021055
2022-10-29,,,,,0.016794209213273792,0.010337025251276444,0.014211386038809781,0.01618794319807848,,,,
2022-10-30,,,,,-0.022912321110435396,-0.011609371143020408,-0.05168795496319223,-0.02173351520742184,,,,
2022-10-31,-0.007439346393211088,-0.007444163024754924,-0.0009746044961753686,-0.007047964041039245,0.0008749810285462178,-0.003197934961254534,-0.010367958739022853,0.0007203407529856598,-0.006172994968583256,-0.00744417650479956,-0.0009745994173119277,-0.006485250325106384
2022-11-01,0.0023824155053553397,-0.0012237571957073312,0.007929837311055676,0.001525573497572541,-0.004912792959008039,-0.0030628119118223385,-0.009403623757315405,-0.004801543889816684,0.0011665474279611843,-0.0012558359622913962,0.007929837374989868,0.000972476773180464
2022-11-02,-0.017121372626882403,-0.011249766222467206,-0.01766188341608954,-0.01653646254498753,-0.014406499472374712,-0.017319541898024093,-0.04642644307921395,-0.014442370961574302,-0.016671641335631593,-0.01119363138481444,-0.01766188383713352,-0.016215723062874
2022-11-03,-0.00223002598083355,-0.004877628680776236,0.0015130793128022013,-0.00306575770637596,0.015900128175212913,0.0029216144760366713,0.04639275621103356,0.014293520278659155,0.0007802362265032503,-0.00478611011130381,0.0015130813674539834,-0.001609267671317638
2022-11-04,0.01855413907369896,0.014020531723562435,0.010926896177455125,0.016413230290934777,0.06875929666861857,0.04129427282041753,0.07440238210982208,0.06681668269088403,0.027015952766488383,0.014286426428547161,0.010926896120420526,0.020084317339433166
2022-11-05,,,,,0.00030637752242279603,0.003318328672055948,0.026803739625888223,-0.00042545703360674647,,,,
2022-11-06,,,,,-0.0390433434384061,-0.015515948590712036,-0.06126434598615016,-0.03691843866549205,,,,
2022-11-07,0.007642691898989362,0.013819960448944846,0.022714444495509634,0.006568544754143257,-9.527256796293404e-05,-0.012740223266846207,0.008036656813394272,-0.001179800894760219,0.006310875560846085,0.013682314645421467,0.022714442537175694,0.005702780547262698
2022-11-08,0.007187529304417906,0.011092542517383563,0.021608626117232577,0.007917586955823674,-0.11768003541826755,-0.08499253164588194,-0.12762194887499012,-0.11437193395886991,-0.01459626329233843,0.010559468374603087,0.02160862187147372,-0.002295439197409377
2022-11-09,-0.02137285293368052,-0.01190517627315979,-0.025806458304232782,-0.018539484706701748,-0.14441806873640106,-0.12403663763157935,-0.1604949434498839,-0.1422771439707241,-0.04063839833182037,-0.012653880530046346,-0.025806458321156356,-0.027485112245963395
2022-11-10,0.049287615387319184,0.02161807512831726,0.012307873489546317,0.043199822968541524,0.1565772735420703,0.09658493552201564,0.19697191169633488,0.15115525476317404,0.06424290176374226,0.022254646281581802,0.012307873890296861,0.04978821936632949
2022-11-11,0.01163978722701775,-0.005054094561134592,0.004743996363625325,0.007297639764642705,-0.016847709914815656,-0.03167103303656904,-0.022368374082366027,-0.017989776127338097,0.007320612077648336,-0.005319390655949219,0.004743997664116817,0.005113180127084949
2022-11-12,,,,,-0.03129942281316356,-0.014779491000429856,-0.046390756994594606,-0.030004362466143797,,,,
2022-11-13,,,,,-0.034561899367216764,-0.04374737175718435,-0.02517110538213352,-0.03655656424096365,,,,
2022-11-14,-0.00859083016441986,-0.002451743570344389,0.002038306961228642,-0.008301080214906609,0.021700894028370943,0.005110666707942579,0.021568766870459388,0.020946423016172,-0.003986421525270956,-0.002237113441046157,0.002038307198988898,-0.006199549981932395
2022-11-15,0.009769950151148565,0.0064528467273246015,0.002671089353638134,0.008751061160428897,0.014917137485931153,0.014334469537370387,0.008133317591649813,0.015004545322628626,0.01056423338879453,0.006563310142662315,0.0026710899374593478,0.009237470439367623
2022-11-16,-0.010977110238784227,-0.0007399355279248399,-0.005113301364770395,-0.007674542240106219,-0.017980110565071983,-0.011503013268875595,-0.030023623396823185,-0.01742968387237509,-0.012083712587783513,-0.0007483322260648517,-0.005113302476756565,-0.008106881783691677
2022-11-17,-0.0021553294150209457,0.004473123114591804,0.005697392215821884,-0.0019741514988724784,0.007379737605382797,-0.00040225063428778185,-0.01416742429018647,0.007134404332029609,-0.0007720131980037959,0.004413097538684019,0.00569739223118515,-0.0013380702300782588
2022-11-18,0.0048754895482943095,0.008425009144879203,0.0008635748670415833,0.006469218808751398,0.0022892740397677525,0.004663791672832263,-0.004962174976228972,0.0026636899430534378,0.00447264058871899,0.008385898117619472,0.0008635745178373622,0.006354580446078728
2022-11-19,,,,,0.008285227144646523,0.010771083877733734,-0.002291820456801652,0.009062926230697599,,,,
2022-11-20,,,,,-0.03989633632064682,-0.030636587186622766,-0.06828497812593293,-0.03921659122935717,,,,
2022-11-21,0.000592424131331093,0.003934669941874525,-0.0006735177879215737,0.0019772520700476193,-0.01349072089427239,-0.01057464394156582,-0.00834045717657439,-0.012242213578951944,-0.0015233819110133107,0.0037554224821980675,-0.0006735179627048726,0.001094607783229229
2022-11-22,0.014796078622159925,0.008941229481383539,0.01392612269983129,0.013183402850125647,0.04306788203716505,0.010723200615613493,0.022542509021489465,0.04000838897036996,0.018863512263260107,0.009038948544643599,0.013926124051471644,0.014959890848432522
2022-11-23,0.0034329759469915455,-0.0012880854966630384,-0.009187223190316063,0.002872870289839957,0.05040292245522959,0.024574374452315695,0.10426339725678724,0.04714128975882148,0.010506031786718939,-0.0011273022147078038,-0.009187222510964266,0.006008016570574259
2022-11-24,,,,,0.009562621178351716,0.0075984662662627045,-0.007122601754298019,0.010646624738246846,,,,
2022-11-25,0.0006559898607794157,0.000804525550073043,-0.0007368860487305673,0.001462119129709727,-0.010510871728817928,-0.0027434487427447918,-0.006097788843771879,-0.009760672622730393,-0.0010043940441357702,0.0008036342078769909,-0.0007368856058597162,0.0007442381224829209
2022-11-26,,,,,-0.0021727080717611758,-0.0033653247769724892,-0.010662635021684408,-0.002552960353717326,,,,
2022-11-27,,,,,-0.00278674547819191,0.0022895551717181384,-0.0025026601020584627,-0.0020343737861624467,,,,
2022-11-28,-0.018427636679132053,-0.009727931850890381,-0.01435209564731832,-0.016592556695803062,-0.01737506081940321,-0.01022589567639176,-0.02487820431656451,-0.016649565846031722,-0.018296740717162918,-0.009718850786172184,-0.0143520968923595,-0.016460838319889204
2022-11-29,0.004221745751968431,0.0029466884803817095,0.0025376564590786632,0.003924609831597481,0.016674559937424727,0.010866678385013095,0.009850656054265494,0.016311357927251136,0.0061864435766154635,0.0028964212645588017,0.002537657531544779,0.004777082219021622
2022-11-30,0.02392281487186132,0.017094963887835046,0.013843977574793831,0.02188533786657243,0.03433180843118433,0.03698707389057909,0.03944387135074523,0.03390676283303318,0.025568178571001354,0.017024161092567658,0.013843978074339125,0.02254114356966963
2022-12-01,-0.0002670937734515766,0.00098420528319898,-0.00298423913027257,2.853468613661647e-05,-0.020102116542736637,-0.01043004050563745,-0.027637935886688836,-0.019273482974664913,-0.003572930901665883,0.0009842053567870046,-0.0029842389492130694,-0.0014560051866574497
2022-12-02,0.0015183411558821192,0.002893657453512777,-0.0008324102777078624,0.001716649265898873,0.008706676211496678,0.0062259312122914245,0.006479436125589766,0.008398017645887323,0.002696523102998505,0.002893679025820717,-0.0008324096688397953,0.0021784248150393815
2022-12-03,,,,,-0.019248231886332734,-0.01216294260312134,-0.03151532905605281,-0.018591798027077555,,,,
2022-12-04,,,,,0.011087940186570888,0.004187781824414705,0.014542010566793717,0.010125532893681122,,,,
2022-12-05,-0.01718499461312961,-0.008086135192446942,-0.007718988364317281,-0.015505274087384002,-0.0019522410525959488,-0.004473074493747564,-0.0036432651890609957,-0.002008527055125886,-0.014667707926401263,-0.008086107915111329,-0.00771898655433878,-0.014319350520711538
2022-12-06,-0.012274126807730878,-0.01089146049700962,-0.012985019718934399,-0.010010148910255423,0.00638755589101847,0.006731447950269365,0.005735792131690953,0.006256584209789029,-0.009151359407889359,-0.010891422163638254,-0.012985018531527337,-0.008486336090185453
2022-12-07,-0.0011437305864306913,0.003268506300888152,0.00655607547307846,1.2741320163156544e-05,-0.01924553691291231,-0.012536986751028434,-0.043243580181327235,-0.01853510782639456,-0.0042115085698102295,0.0032684806388825205,0.006556076232841601,-0.0013089261212221315
2022-12-08,0.00705220687866337,0.004310257412579066,0.0028671276911915733,0.005805262784333021,0.021454610523856665,0.024191888215740365,0.024848901391609113,0.021815538801287948,0.009462453078259436,0.004310272398331483,0.0028671274843707906,0.00694113518595163
2022-12-09,-0.010254785330439109,-0.016559772820092133,-0.018136288630746678,-0.010621879674851065,-0.005123155085662412,-0.002159065009014083,-0.0013950850387053348,-0.005101361263090909,-0.009380742643873119,-0.0165597563733757,-0.01813628910657561,-0.010235318873509036
2022-12-10,,,,,-0.0003801751243487361,0.0009014251214582991,-0.00047411287891407916,-0.00029091491693344906,,,,
2022-12-11,,,,,-0.012517519407035937,-0.007263855950851883,-0.011616441250740794,-0.012289287926158354,,,,
2022-12-12,0.01656322177866465,0.006134088509546443,0.00572197138989039,0.015155871428975232,-0.0027295717475940284,4.181075435005788e-05,-0.01952656551962262,-0.0021942408140501746,0.013275269436103576,0.006134109529139176,0.0057219696207011506,0.013754230184237493
2022-12-13,0.008761215922174381,0.003733795025116393,0.00426004966153859,0.007360323729128204,0.02289817590104204,0.026771186426454152,0.03818825014103511,0.022584291884917063,0.011124259923503521,0.0037337903167744546,0.004260050964426609,0.008399599909554523
2022-12-14,-0.008771137905100868,0.0003483308763336801,0.002230126974227753,-0.0069705914217838005,-0.010865802988641038,0.010415191251797573,-0.02416185772806756,-0.008487487804316518,-0.009124198822031637,0.00034834662485794254,0.0022301290814639163,-0.007045568385205425
2022-12-15,-0.021577165257177122,-0.015594193953873847,-0.015074262967443519,-0.019507477512779148,-0.02330587273950757,-0.014012774791254845,-0.0343648259891034,-0.021737689676887828,-0.021854599410495612,-0.01559417644769856,-0.015074263699847545,-0.01947155842803272
2022-12-16,-0.009633909748084868,-0.005801094654457883,-0.00297663316065655,-0.00909146650058179,-0.07967571451551803,-0.04519961465553324,-0.12209162228254566,-0.07589240303888745,-0.021433041196333935,-0.0058011442998272544,-0.002976632358691833,-0.014288242345301572
2022-12-17,,,,,0.014573371870457263,0.02030528481367644,0.016665018036335244,0.015568324692434521,,,,
2022-12-18,,,,,-0.006700178888404684,-0.009663982130769466,-0.013907374087478441,-0.007115793307838736,,,,
2022-12-19,-0.006678064825197616,-0.0012168838021440198,8.545348524968688e-05,-0.005455817398044904,-0.030210355946524325,-0.01221907577968484,-0.0503884747435871,-0.02794163705682562,-0.010408435670843597,-0.0012168820431667227,8.545336760934497e-05,-0.006999286822570339
2022-12-20,0.003175297678679634,0.001113567423291384,0.0018648609001679084,0.0028169335670451545,0.036047310597217885,0.027042764431468358,0.05188837019268688,0.03483847270634466,0.008289737527465979,0.001113508319070311,0.0018648604988165118,0.00503482749357298
2022-12-21,0.01780029308781428,0.011535499680576322,0.01135588992207981,0.01572141762846413,-0.0038916243147307794,-0.004088071323730347,0.04211147726598008,-0.0045994359900994874,0.014351999990703801,0.011535531312528713,0.01135588982071245,0.014106804285035857
2022-12-22,-0.0114631150365615,-0.004610672793526893,-0.006208162152059105,-0.008665889238605895,0.0061221878292914145,0.005898983210426589,-0.007907032466754504,0.006608449586724907,-0.008706915394913972,-0.004610682309917569,-0.006208160616788971,-0.007352511681812834
2022-12-23,0.007719453178407498,0.0046908089753590065,0.008074660438441628,0.007370017584583444,-0.0014833560894181863,-0.0112692670205643,-0.005822311241030498,-0.0026849373750473804,0.006253816071876139,0.004690798969803955,0.008074659023595832,0.0066515065146572905
2022-12-24,,,,,-0.0007666952302483043,0.005687894156434226,0.003924943583662577,-0.00023183540015037085,,,,
2022-12-25,,,,,0.0002247022524162201,0.00036031557807425507,-0.016356458046188238,0.0003838802071631786,,,,
2022-12-26,,,,,0.015445862156183487,0.0006314967410272487,0.004246180940797872,0.014331116149769896,,,,
2022-12-27,0.000602190548185888,0.0014418354291536595,0.0033959037120459,0.0020115168524370564,-0.011430554569803686,-0.010372032140936849,-0.02534542937916273,-0.011079913792782836,-0.0012807742015873425,0.0014418039761510126,0.003395903241247167,0.001199578412557134
2022-12-28,-0.012830416580133175,-0.010131228459908992,-0.011888324878150502,-0.012267784376362112,-0.02612712728054334,-0.005376487988015932,-0.046101650398290395,-0.023747525963457083,-0.014904028652021006,-0.01013121285118701,-0.01188832413724017,-0.013063118800559659
2022-12-29,0.01330052236296142,0.006126793233962147,0.00250184002454934,0.011413261123963236,-0.0010374880077300697,0.0020855638273553634,0.04099513472890948,-0.0016076807213379896,0.01109696892567058,0.006126809331698624,0.0025018391990214717,0.010333461945319034
2022-12-30,-0.0019565841486648416,0.00010185027132303404,0.002309351851953023,-0.002186103053001043,0.00040057249635538916,0.001446955501738012,-0.012325463812564719,0.0008437290138332276,-0.0016157088693380395,0.00010184267628865484,0.0023093514417837913,-0.002056722126530408
2022-12-31,,,,,0.001177634433414454,-0.0009181392491193208,0.009889568115576175,0.0007596741289590536,,,,
2023-01-01,,,,,0.0077556029142964444,0.0051780558865606174,0.0049434237358108035,0.007590887305019667,,,,
2023-01-02,,,,,0.01899234720073517,0.004779489636411283,0.021612916450348907,0.01791153613949792,,,,
2023-01-03,0.002250905749167309,0.0004828623338668514,-0.010042244811772405,0.003098815143232292,-0.002654976717190727,-0.002737591384781246,-0.01359992812331523,-0.0025712044011939605,0.0014249108631883,0.0004985177053085099,-0.01004224433806089,0.002658051827358676
2023-01-04,0.018545082880457864,0.008772476082386182,0.006565545028010433,0.01635443896285671,0.03674250133395529,0.005688948947625283,0.20719556337595058,0.03022632886954213,0.021577846306090498,0.008715175477744364,0.006565545069889156,0.01719230873183175
2023-01-05,-0.006906765570470985,0.0018211483050438737,0.01614882691454489,-0.005684874109849858,-0.015422026395613297,-0.008953877966543566,-0.050623219647585316,-0.014538136371320953,-0.0083371311300392,0.0017786379671977937,0.016148826809560868,-0.006391769721381557
2023-01-06,0.023276105438488015,0.014973755817325962,0.01268847607121204,0.021794738626735866,0.02547672881396279,-0.00475883719982384,0.12214984105590099,0.020529922759858765,0.023623568522191052,0.014888742301557567,0.01268847604264578,0.021644219090074746
2023-01-07,,,,,-0.0036570455024652615,-0.0034991404115353175,-0.019883416365192086,-0.003275987714628892,,,,
2023-01-08,,,,,0.022253530802003763,0.0185370497020807,0.014308122750075203,0.022287902737448073,,,,
2023-01-09,3.0421508607547665e-05,-0.0169865288554778,-0.029694852627374924,-0.003518187724630417,0.027481552973398715,0.009754326308192951,-0.008355099863224691,0.02681677572578245,0.00454241525547916,-0.016935291680119313,-0.029694852792973903,-0.0014201911860056704
2023-01-10,0.007782121706705336,0.0022033446256601863,0.0066059558869968615,0.006627353963656102,0.006059753774143806,0.009797366316587341,0.0047724756475582275,0.006056619421858089,0.007496925307922009,0.0022115694124689167,0.00660595561467292,0.006476543297395887
2023-01-11,0.009909457816524414,0.0027456730625592396,0.004143652340503845,0.008253066435141454,0.028393843007752606,0.029252642773731186,0.013503899719821577,0.02902249113698474,0.013092994763393095,0.002817940719087364,0.0041436521722937325,0.009848233318658028
2023-01-12,0.007304297406839577,-0.0024139680773461736,0.010121594643763165,0.004635122056535934,0.025601243971866916,0.0355741020123288,0.01935201069791992,0.02578249143400324,0.010497422961632363,-0.002377178399242341,0.01012159465239204,0.006128081363534044
2023-01-13,0.003480063676094103,0.002419117209411681,0.0020885117857676327,0.0031092050273517913,0.03380662840035664,0.05340852456023981,0.033113460193509026,0.035272767384199044,0.008842389638227699,0.0025410854649710046,0.0020885118066780173,0.005692608762781326
2023-01-14,,,,,0.0341302337114644,0.0447418403346842,0.04267744552268504,0.034252027120265094,,,,
2023-01-15,,,,,-0.0027261865277604658,0.00022122732687757107,-0.0033023741575616272,-0.0023342754616336725,,,,
2023-01-16,,,,,-0.0048721804151462544,0.008897899097980666,-0.026533619927421537,-0.003479569358390111,,,,
2023-01-17,-0.004112632766882229,-0.0068762969678584085,-0.011739659374689349,-0.0054159440040953966,-0.004971540394560048,-0.004601584151802007,-0.0005457074243954141,-0.005236364511670755,-0.004256545449312088,-0.006903118018908638,-0.011739659625062182,-0.005459107368444682
2023-01-18,-0.015895227437531245,-0.01720958821852714,-0.015591884595779981,-0.016842314426632643,-0.04319527015051394,-0.030714996720542342,-0.06532354288795905,-0.04187999437808276,-0.020821729268868938,-0.01726813691908735,-0.015591884399942635,-0.01907710697474352
2023-01-19,-0.007776372081614413,-0.0014377028950306459,0.009533805462062395,-0.00609923726687811,0.023765608814149353,0.019333826033384627,0.015519927034928216,0.0235677640995271,-0.002215284387253158,-0.0013786708496716926,0.009533805689003527,-0.003537108703889902
2023-01-20,0.015597697476367633,0.008744736731815195,0.00654758813983447,0.013167679746950434,0.0651256509254754,0.06367919049372994,0.08507978373645964,0.0638091913247203,0.024553033804452173,0.008806004877725426,0.006547587917434816,0.017271793397652058
2023-01-21,,,,,-0.009394063874993197,-0.0037197295785966755,-0.03069258612746195,-0.008710973378262321,,,,
2023-01-22,,,,,0.010135567816049296,-0.0019043120156617688,0.03340244084671107,0.008460612246109944,,,,
2023-01-23,0.011988523736075951,0.002786674377717624,-0.0024414423689415043,0.008214517403644317,0.019940461442676582,0.012776692920653643,0.010021334680341498,0.02029604680115682,0.013565206495896653,0.0028275180177150805,-0.002441442284542905,0.009078398789935438
2023-01-24,-0.0029241967203046393,-0.0027223259351742968,-0.008470196570546151,-0.0026669602274331794,-0.041824789635992565,-0.023606207130551726,-0.0686223975840281,-0.04024853476389434,-0.010302190446947579,-0.0028651409490951796,-0.008470197154981096,-0.006097046549932372
2023-01-25,0.0021112797690969742,-0.0016486896780721905,-0.0011462380411737527,0.0021550530105751697,0.030729851496982707,0.023423026465726027,0.03117494196831383,0.030000671612305796,0.007334892725346265,-0.0016178587551169965,-0.0011462378639646165,0.0045782691762263905
2023-01-26,0.008731238443590694,-9.897211586462618e-05,0.0034699443802161944,0.006061415361314104,-0.0011906373582738494,-0.0029933433810132026,0.00565781707260804,-0.0015712019088389706,0.006837959562089102,-0.00012492272051289888,0.00346994366615494,0.005121682735414357
2023-01-27,-0.0011044634544701282,-0.0059697163108191065,-0.014291230352830309,-0.0018871881627579024,0.010439978698039809,0.012206033951561501,0.0004380922941031873,0.011107940145735684,0.0010247014561086676,-0.005889086674861432,-0.014291230264709243,-0.0007815451769169757
2023-01-28,,,,,-0.00912437279672107,-0.004158750839774572,-0.012488962541782,-0.008608698304437445,,,,
2023-01-29,,,,,0.03239858462668832,0.0244563843621739,0.04827808714783255,0.030869225967642633,,,,
2023-01-30,-0.010706329978274254,-0.0037153745362938917,-0.0040075855881506195,-0.008415476108727726,-0.04757865216748214,-0.03380783290368572,-0.062103055975393784,-0.04583605986689632,-0.017609592435152144,-0.0037671008135720108,-0.004007585367607258,-0.011605511327709928
2023-01-31,0.011942488332101542,0.007534647442309916,0.014337794039652074,0.011163980840696253,0.020323078348106094,0.008108497170604023,0.01623319422747138,0.019040748258232876,0.013446790531768116,0.00749686586546483,0.014337793887547523,0.011835455837724052
2023-02-01,0.006518284067217106,-0.018817351122350723,0.0004286967733628799,0.0018395768645071975,0.025797610005811933,0.02102148970855544,0.021302325032372504,0.02508144604908269,0.009731505056983059,-0.01873744856226578,0.000428696927199379,0.0033630743947323793
2023-02-02,0.0004622065711983314,-0.01195769133182667,-0.025676595163481197,-0.0026865823943699185,-0.004137339362063952,-0.002027394471691868,0.005534267009775329,-0.0037530990249778906,-0.00031658184958860414,-0.011848585413376078,-0.02567659527458932,-0.0030268318690993556
2023-02-03,-0.012949497310195901,-0.009434002525058438,-0.0025785081125172526,-0.012024048520629438,0.013807865467613034,0.0019729662205258958,0.017568069324934044,0.012328399638342091,-0.00843629509293975,-0.009336086876147287,-0.0025785112158643875,-0.009905471658710252
2023-02-04,,,,,0.0008855258180993086,-0.004848628906925834,0.007720674066766353,-0.0001382245216132727,,,,
2023-02-05,,,,,-0.02161445301442544,-0.007134398221229743,-0.013170658483459996,-0.019740818916890834,,,,
2023-02-06,-0.004753319540309331,-0.0013084259778742835,-0.001185813532872504,-0.003250751198565549,-0.017547227909628593,-0.010940506202314348,-0.02102033762839861,-0.016787442256043783,-0.0069559204782548845,-0.001315024566089562,-0.001185818147107165,-0.004169734804953085
2023-02-07,0.010736627026255663,0.008248029912612198,0.014293417005066589,0.008646336217956518,0.0387882061441136,0.030525539483653885,0.04349446750525243,0.03807079053364859,0.015520453650503585,0.008374856733066594,0.014293419047391787,0.010815929390304957
2023-02-08,-0.009588321735835903,-0.007257962535677898,0.0023526094011301346,-0.009315615916887676,-0.015006172445075738,-6.701979314660544e-05,0.00035363203403848686,-0.012940090634829482,-0.010543561587762151,-0.0071537626646070995,0.0023526089304726217,-0.009655873788418257
2023-02-09,-0.009693282094659694,-0.0013674946424390155,-0.002559915727258444,-0.008526176492447801,-0.057970609880478974,-0.055683509357602023,-0.06826467123254432,-0.05755401186218534,-0.018081240640713814,-0.0017177760687490107,-0.0025599158197137095,-0.012538278432982497
2023-02-10,0.0071816247156162305,0.012280311217981676,0.019412434711151505,0.009659497869273226,-0.0007931382209817039,0.0009891736076017565,0.009577630715518204,-0.0004092739220399322,0.005848146581872937,0.01226945623445741,0.019412435898256142,0.00909767866729716
2023-02-11,,,,,0.011050110038862693,0.008977471808918835,0.01293336678650614,0.010449347508254325,,,,
2023-02-12,,,,,-0.014201962715441496,-0.0018076855596713681,-0.00745387125105379,-0.012944708249438719,,,,
2023-02-13,0.008827761579968119,0.007896459407597867,0.008168791181415891,0.008193422105396309,-0.0030291175413078575,0.013243067109086404,0.010965182344586655,-0.0007155214981021674,0.006847272023867257,0.007995519329398126,0.008168791166113687,0.007391447402885332
2023-02-14,-0.00036123019213096796,-0.006975853756286066,-0.0016667425859649976,-0.0030197312298040346,0.029656404809021764,0.01824303797617155,0.02064208799938716,0.028343482683224508,0.004566798574443309,-0.006777674869498318,-0.0016667409743129635,-0.0007334182794468402
2023-02-15,0.00017669496084415925,-0.0004656533324480794,-0.009900988908275177,5.7152085693346066e-05,0.06543398767085207,0.07854215318224278,0.05983379278429113,0.06591893942980387,0.011133095782416058,-0.00018590344193969432,-0.009900987400147554,0.005268119735667209
2023-02-16,-0.0141953486225459,-0.012971094570761288,-0.00801323208875293,-0.012691528568046673,-0.04391583484317285,-0.04079707278928657,-0.052738029854527246,-0.04392683243165285,-0.01944490385426123,-0.013265867714172042,-0.008013230396544002,-0.015261312796442716
2023-02-17,-0.00288909621805733,0.013804105394482846,0.0079488792994169,0.0008349553147819488,0.048624380926006294,0.04603170246760424,0.05199447615964803,0.0481464464607555,0.0059752896324971605,0.014157865587633323,0.007948874535285366,0.005076489578754728
2023-02-18,,,,,0.007926777402877061,-0.000392006027626679,0.0006810569647268672,0.006958573003442714,,,,
2023-02-19,,,,,-0.010501418520177386,-0.005341864475193581,-0.0004739894889629337,-0.009901381808380072,,,,
2023-02-20,,,,,0.02493566788824464,0.021292479867515812,0.02515020566890591,0.02484256354711767,,,,
2023-02-21,-0.01768277880316882,-0.004560830352606238,-0.008170499446930823,-0.015055835977941467,-0.019542738784336544,-0.02433617999373383,-0.027702306009544264,-0.019937927757669005,-0.018026190903352446,-0.004729425753260408,-0.008170500250993085,-0.015257517729918124
2023-02-22,-0.005435369587085792,-0.00447615445568228,-0.0034340370321367386,-0.005640459883914595,-0.007707594722403788,-0.005743748609221222,-0.00552730070716545,-0.00734971026273612,-0.005777713031364429,-0.004478806036232408,-0.003434036872876578,-0.0057959450912125066
2023-02-23,0.005760612896976047,0.0028254284474922287,0.0060266517014864185,0.003102652083779578,-0.011753206242561154,-0.004369322644589224,-0.004287519017635355,-0.010827890375342153,0.0026418552066098666,0.002804243420442054,0.006026649979910204,0.0017669852466977165
2023-02-24,-0.009383516029478733,-0.006916724254689255,-0.005276175135214611,-0.008147016679743047,-0.035044293019491524,-0.0284138301118233,-0.03258836186850578,-0.03387834751665675,-0.013898130275132536,-0.007005951802435684,-0.0052761730242076865,-0.010221614487402886
2023-02-25,,,,,-0.0025002829045570607,-0.0006507201222674119,-0.002101637242169496,-0.0022631468120951626,,,,
2023-02-26,,,,,0.017922868585859453,0.020387965721113455,0.023124026533098974,0.01810029763734078,,,,
2023-02-27,0.0018285851470660752,7.003151575224464e-05,-0.0016887821679535397,0.001038252260586292,-0.004572654689027678,-0.0016465128859232125,-0.0027175388944120638,-0.0043043386746295376,0.0007153760494191808,5.71497936163734e-05,-0.0016887824310360955,0.0005238844013171207
2023-02-28,-0.00441103840991397,-0.010653164759636513,-0.015568296068125598,-0.005679031581297789,-0.012354665891359473,-0.011143366852034764,-0.013200742491504158,-0.011837899385011674,-0.0057762143286060885,-0.010673433183389425,-0.01556829522399128,-0.00631057421011505
2023-03-01,-0.00105803199373955,0.00032510381782380193,0.0028763641362998804,-0.0014943654233301462,0.026136329455374252,0.018003178507149498,0.012563130904183817,0.024890422118832856,0.003474361581112806,0.00032513894348351613,0.00287636338933428,0.0006163123327491693
2023-03-02,0.01193595239608558,0.005849092085477237,0.003926230730090019,0.010294018433425256,-0.009997340462054916,-0.005665805158227677,-0.0032484737493853055,-0.009751759067495591,0.00819784848298677,0.005849100601048596,0.003926230190709035,0.008526946253149426
2023-03-03,0.013022516039795429,0.003848557453152157,0.005487165225968482,0.01186585186464284,-0.022029633684743533,-0.04281554108815078,-0.03577842580317725,-0.023729247176505264,0.007156371150729868,0.003848538330148088,0.005487165528111682,0.009015766142125514
2023-03-04,,,,,-0.01992692907160354,-0.003062714385598908,-0.007072721237622592,-0.01819581503521228,,,,
2023-03-05,,,,,-0.0020254273351251184,0.005616403503765577,0.008577821104056582,-0.0013849600758395475,,,,
2023-03-06,-0.0018683339450610292,0.00954337697747909,0.02502219173639708,-6.211726859439715e-06,-0.00396275592910178,0.0007013212461879359,0.002155878155052804,-0.003150400842179768,-0.002210598913876427,0.009543410184555734,0.02502219114454962,-0.00013773217977020025
2023-03-07,-0.017102287608685263,-0.010672173002705954,-0.004895203573750173,-0.016648558371300526,-0.0089511883240595,-0.012353048394379118,-0.016884047581752992,-0.008748715461464496,-0.015793449559711847,-0.010672155447234433,-0.004895204183354873,-0.016010258738470617
2023-03-08,0.00319295717814283,-0.00691787376997588,-0.017458128659797345,0.0008043694230321918,-0.026896395453428812,-0.01963293504531871,-0.015136610098712033,-0.024885018965668637,-0.0017458602355268082,-0.006917886569432818,-0.017458129871349204,-0.0013569819550541817
2023-03-09,-0.017185438962848965,-0.01151170201631635,-0.009534848009626007,-0.015892587871053077,-0.06055307838871604,-0.07903432662536147,-0.10424459322010826,-0.06288143712319061,-0.024067529760063655,-0.011511707011275685,-0.009534847255334822,-0.01931971647610431
2023-03-10,-0.013030084597309588,-0.003127172227862629,-0.0018465422720750357,-0.011149695911731428,-0.004166146474441468,-0.012174195815445987,-0.017790799615420072,-0.005466369689775652,-0.011654437713488397,-0.0031271752563246658,-0.001846541849994332,-0.010585442671362078
2023-03-11,,,,,0.0017446242878389473,0.02599555882698179,0.03230745384392231,0.0045378871311871904,,,,
2023-03-12,,,,,0.06629218010688853,0.0810071382730495,0.09174652589269106,0.0667894765270518,,,,
2023-03-13,-0.0031597945663549565,0.005721984465060448,-0.013759690817457204,-0.0007366866109125292,0.043424940804433154,0.07105635860418813,0.03878849941665319,0.04426574532151051,0.0038966276831515767,0.005722006703482885,-0.013759690310989336,0.0025669361876512475
2023-03-14,0.014563255790028151,0.007037753202635555,0.01518674049304769,0.012377876937857302,0.019909057282034626,0.013587602526725862,-0.0012942640063592359,0.018833544514172962,0.015434487767515215,0.007037747737182798,0.015186739642907288,0.012751731222000018
2023-03-15,-0.008860534960167255,0.0043575718213793024,-0.00778606064702525,-0.005846912087926093,-0.051043200846337844,-0.01949492965754185,-0.02711044378636851,-0.04762722853131951,-0.01573365307518415,0.004357609492143144,-0.0077860608487114735,-0.008960456465745725
2023-03-16,0.014486195870694552,0.0015503553468689812,-0.00015323286456370155,0.010359441519628643,0.01797697486414629,0.017784770819080142,0.0008268156577531105,0.01728191124247558,0.015072340931200134,0.0015503434244159564,-0.00015323467760319787,0.01063816837522169
2023-03-17,-0.011278523801250162,-0.013490098177708632,-0.02660688626643426,-0.01176399591486832,0.0656956367076742,0.0736955637148573,0.03714416629338002,0.06438547464283118,0.0006654306063398341,-0.013490135424286342,-0.026606886241967276,-0.006311468485890814
2023-03-18,,,,,-0.022562156973479297,-0.020781072609170503,-0.028291215216658117,-0.023373644263345317,,,,
2023-03-19,,,,,0.028621416538484823,0.030618369350120522,0.013540362147742346,0.028440088688620246,,,,
2023-03-20,0.010574870312222151,0.013318493282252986,0.01988196423932731,0.011383933811663027,-0.03353977206107461,-0.014884530245421135,-0.02483188517028756,-0.031377126210975104,0.0032963413019340138,0.013318501474480549,0.019881965236447696,0.008096761403638908
2023-03-21,0.00711295476854179,-0.0013630284707097928,0.005230712085843692,0.004503699816015061,0.07494940703328701,0.020530982553308652,0.03182268095502394,0.07249242937257128,0.01820000624079854,-0.0013630585057667899,0.005230713677803367,0.009772301538953698
2023-03-22,-0.019482661723618233,-0.014725204763248234,-0.014741597798339723,-0.0188842037342023,-0.05112096714198433,-0.05761756841295296,-0.10877755166543679,-0.05379962652670511,-0.02490070925096799,-0.014725222422990791,-0.014741597829360908,-0.021709017541627684
2023-03-23,0.002455563142280237,0.005719819496386114,-0.0004835675522865124,0.0015643918332708395,0.045626564811247494,0.054624813887070856,0.08998752097750562,0.04728618861345546,0.009553968137144153,0.0057198396663658,-0.00048356791660142395,0.004975108789303073
2023-03-24,0.007734433012731579,0.016103744972165046,0.006224904397128084,0.010371332494282681,-0.027702777405866685,-0.029071456386244643,-0.02788724682776933,-0.028135312144261126,0.001758221710139507,0.016103743815251592,0.006224904741409798,0.007474897765622712
2023-03-25,,,,,-0.001607419254260667,0.0015189685151306698,0.004413414874033572,-0.00010265547825927257,,,,
2023-03-26,,,,,0.013824859039504922,0.014651212967764726,0.007736687449051427,0.01352395152096153,,,,
2023-03-27,0.0036365621656744285,0.005379209380701244,0.015718686316695374,0.0041512995557633214,-0.01780207932368305,-0.02361358257080004,-0.009904134227396777,-0.01626345418140074,5.056430159422476e-05,0.0053791862798513446,0.015718685967120116,0.002618551797754165
2023-03-28,0.0013440088022349528,-0.0012366367329967876,-0.0012494358870249744,0.0014935250898771013,0.03126532592279907,0.006513165123590792,0.00998738744883032,0.02988931881988699,0.006270288870840579,-0.0012366511539633196,-0.0012494361229600237,0.003840907940597438
2023-03-29,0.01559251924128402,0.006493287788100766,-0.00017732991128105446,0.013551515045821194,0.03003549704610542,0.026779486086865756,0.0019622241680998798,0.02957917837034474,0.01803999935718803,0.006493274895545742,-0.00017732863651565012,0.014763284362737661
2023-03-30,0.005176542784378624,0.0045909437655662355,0.007249640344414443,0.004491022882944895,-0.001842875724200277,-0.004935073909982601,0.007444674741592827,-0.0012760384530030588,0.004080343992845847,0.004590942831753209,0.007249640125726042,0.00403096598887287
2023-03-31,0.01231276124248315,0.006865176410621565,0.006849488164450079,0.0114717207556716,0.022688909180575312,0.014661464535057567,0.012280124823089267,0.022090420626735385,0.014052401270395531,0.0068651751039015,0.006849488148142457,0.012260442698165397
2023-04-01,,,,,-0.004093416876705502,0.005040221408824763,0.01868447557180075,-0.003830209870223422,,,,
2023-04-02,,,,,-0.0072803935058567415,-0.012958577404482918,-0.022889786979284343,-0.007664412039701363,,,,
2023-04-03,0.006940014431519259,0.01084890373215508,0.021045350220674663,0.007306679588363174,-0.001972947822469262,-0.006957235378697413,0.006874721367533532,-0.0022139734091518593,0.005473537217209223,0.01084889689261126,0.021045352351668267,0.006600209051294215
2023-04-04,-0.005147652373407197,0.005502769235501193,-0.007927271371411693,-0.0030597647353567403,0.008671623381966143,0.00884900308061698,0.0003345685821407596,0.007933993682888163,-0.002859797580573531,0.005502818169704993,-0.007927269961921724,-0.002134344095711893
2023-04-05,0.0038237072154281293,0.01532258477822035,0.020453639232893783,0.00716913067919589,0.004564301417983918,0.001985798503841396,0.004955689869292401,0.004592301343616878,0.003963165046575012,0.015322565206241201,0.020453642488700297,0.0072498134618874666
2023-04-06,-0.00022899060380676683,0.00021624400472708416,-0.00287289370572541,0.000283066214931571,-0.009080694410887324,-0.003118020919886222,-0.00016646004733467112,-0.008397343892876274,-0.0017385719756036755,0.00021627064051044087,-0.0028728935620165874,-0.0003597505084615982
2023-04-07,,,,,-0.0009323356361593538,-0.0026304882606498214,0.00022701851756457003,-0.0006209603796240026,,,,
2023-04-08,,,,,-0.007566446210532152,0.0007208344262068511,0.0006049447925895457,-0.007113833744385678,,,,
2023-04-09,,,,,0.008632922376989649,0.011549821445719699,0.007543159882891004,0.008608558386882903,,,,
2023-04-10,0.0033055286734229306,-0.0014234734345912603,-0.0024542037074385403,0.0018022040795038219,0.023668731282573408,0.03363087259495745,0.01026226598165847,0.02369233570299345,0.006668235918680265,-0.0014234587107309071,-0.00245420474926783,0.0034156361630026666
2023-04-11,0.002535486171574064,-0.0005034083089944241,0.00013610241785388943,0.0022802200430382946,0.0038681087961089933,0.008106804420112024,-0.013425230022953594,0.003040869495779308,0.0027582739087816943,-0.0005033736818336187,0.00013610314117751265,0.0023753951345348856
2023-04-12,-0.002117335100691342,0.0010493171032703863,0.00297242136998932,-0.0012608194776373427,-0.004626272808578746,-0.009312358410967336,-0.021164485206506156,-0.005978425670324028,-0.0025137734982585425,0.0010493629129948445,0.002972421570309969,-0.0015412599307061958
2023-04-13,0.006992451831331126,0.009397440377054034,0.012378140489232026,0.007319388007830829,0.023609844736416363,0.007186162442000654,0.004352149183021181,0.021713412922842457,0.009797738614448992,0.009397502404399516,0.012378141423200706,0.008442380382273296
2023-04-14,-0.005797086851695998,-0.004201364358250137,-0.0009263592137467302,-0.005988348286768308,0.015401382763837734,0.0067760948626189865,0.014530850392202366,0.015277652749511761,-0.0021518481613174156,-0.004201345796963074,-0.0009263605086277105,-0.00426652249504933
2023-04-15,,,,,-0.00025954952835549605,-0.004940718662766463,-0.0038787819360805997,-0.0005128691299075561,,,,
2023-04-16,,,,,0.007900648125643395,0.002762237981838389,0.00834836220653079,0.007794707086331565,,,,
2023-04-17,0.004862982713123465,0.00014876922900342038,0.0006113982277067276,0.004357793035431934,-0.02399177953766296,-0.02285468783734279,-0.01153982476044113,-0.02350145356138067,-0.00017898754494405367,0.00014873170742668584,0.0006113963039340309,0.002025934413179886
2023-04-18,0.0002871981836325421,-0.0018381472562671863,0.00432507559804729,-0.0006673383377938658,0.020403758878687395,0.026319012108933837,0.014866843976229838,0.020894217662768222,0.0036955475627649115,-0.0018381958468519644,0.004325074507733007,0.0009517000579635226
2023-04-19,0.0021720707585581867,-0.0007959629497491516,-0.0012654101045477262,0.0022452637718524127,-0.07066854249270094,-0.03880327043359377,-0.01367546796859731,-0.0674492987947366,-0.010377552170781734,-0.0007959895553072416,-0.0012654110668589569,-0.0035207782225014084
2023-04-20,-0.007077377016030506,-0.005099443187922437,0.0017966274784386727,-0.0070717756756844,-0.01630572286705312,-0.01532309433380541,-0.006621217245375011,-0.016066789451495533,-0.00859842739677874,-0.005099769607195492,0.0017966264937574472,-0.007829245886589842
2023-04-21,-0.0009659452215854403,0.0055121778394002785,0.01258500069853774,0.0007253766698822606,-0.036316782743317844,-0.02441897379890201,-0.006298362200304886,-0.034760346806882,-0.006652282556334543,0.005512233280953405,0.012585001993771439,-0.0018974671025832057
2023-04-22,,,,,0.027235329818514176,0.01863330346190928,0.016522725582044595,0.026182194792593316,,,,
2023-04-23,,,,,-0.011196525254087542,-0.00194160754106254,0.009110851112868135,-0.0098033576251505,,,,
2023-04-24,0.0019529810196177166,0.0019392240571032282,0.006040435899025587,0.001989718634925808,-0.006132087710811973,-0.00444743977430051,-0.008053649278401909,-0.005929618288349481,0.0006551150759543933,0.0019390722852974385,0.006040436250696057,0.0013863467716410671
2023-04-25,-0.01470449544066732,-0.00023957413214736878,-0.005975073152919341,-0.011449751885142634,0.01682525445453109,0.016630468053206116,-0.004188163310319237,0.016050567378772085,-0.009822316580608281,-0.00023958408075686055,-0.00597507190514146,-0.009198748540475421
2023-04-26,-0.012827861743642033,-0.01964067931190905,-0.021755218016363487,-0.014645239886326489,-0.01242574146398423,-0.0010301124161374853,-0.010324455411787281,-0.011737346248858693,-0.0127433494361604,-0.01964070999336398,-0.021755217640474056,-0.01460677162423285
2023-04-27,0.014347282786500548,0.005092200559529747,0.00875177968561447,0.012168186851953644,0.015332668473291955,0.02729478728729684,0.009373606223726405,0.015449693081440952,0.01450522803254839,0.005092257163577862,0.00875177885197198,0.01217822988885775
2023-04-28,0.009198899033564745,0.003607311321909279,-0.0017715100631086056,0.007192807772796073,0.0031708007550155237,0.0018307440909284267,0.013922306004232166,0.003783322040980419,0.008237788794501988,0.0036072900078087944,-0.0017715106391674729,0.006832891888755022
2023-04-29,,,,,0.005944348961112622,0.004730791463324557,0.01939730825310071,0.006477186034876237,,,,
2023-04-30,,,,,-0.01378054919966365,-0.0029918875077665774,-0.009720025830082912,-0.012992055892695253,,,,
2023-05-01,-0.0034225665792959603,0.0012337322491202674,0.006459972130189229,-0.002797700146269011,-0.01709593093251338,-0.01674467223685583,0.009733001551833986,-0.01612397188160164,-0.0057014606381657895,0.001233721898785678,0.006459965489296504,-0.0038563189531508613
2023-05-02,-0.016629829055403222,-0.007257341538154161,0.00346948800011182,-0.01539526568303784,0.013005510418303556,0.01654474629225544,0.012206770332840344,0.01321739013101797,-0.011747208359544015,-0.007257329350860875,0.0034694854189412094,-0.013128221459936307
2023-05-03,-0.012219442723836571,-0.009090711799789375,-0.013020440760779461,-0.010734695598381805,0.007018691166026603,0.006451686366433451,0.0013148123505319909,0.00647075537865649,-0.00897044219480847,-0.009090693794801874,-0.013020449138552492,-0.00919949763806005
2023-05-04,-0.005387040267944121,0.0004956548448542542,-0.010514341221036227,-0.003991965921055662,-0.010545538137000765,-0.0018989328809312367,0.001539548770067567,-0.009462632813744043,-0.0062722802454344695,0.0004956765465284896,-0.010514337011578334,-0.00440774305745717
2023-05-05,0.017180999340013603,0.010867190709816343,0.009386162934000186,0.01525917307393132,0.020749548887649905,0.02293107476511569,0.018704964233845045,0.020742199599498523,0.017790757893054954,0.010867182352955806,0.009386164685914355,0.01559935577791216
2023-05-06,,,,,-0.02972927045053131,-0.016405500631277325,-0.018973254481686075,-0.028080308250459596,,,,
2023-05-07,,,,,-0.011535987765275313,-0.014740488961360154,-0.011548172401114276,-0.01172457564720375,,,,
2023-05-08,-0.0005680833791006368,-0.0002404946461277424,0.0036119889132883998,-0.0012627907661302284,-0.0354995053947621,-0.02103612013311007,-0.023327870834364717,-0.0342513224340375,-0.006565942383559897,-0.00024048729085424103,0.0036119852934282104,-0.004142114846422906
2023-05-09,-0.004328358042742897,-0.004627163205822904,-0.004033124130414012,-0.004107068345978848,0.015962816922714174,0.003139438407960382,0.01262480609903438,0.01505166177788575,-0.0009591240054540595,-0.004627156371404206,-0.004033124401947252,-0.002496169078981314
2023-05-10,-0.0016591148260532984,-0.0004668567362884346,-0.00279720722428356,-0.0014044485176507582,-0.0021196860591884414,0.0012518618120458402,0.006246789310638157,-0.0021057364373998633,-0.0017262503055988088,-0.00046685449636041376,-0.0027972048634813396,-0.0014268031648269064
2023-05-11,-0.008963126949554923,-0.0015941510673819215,-0.0030601683849222905,-0.007793565127101831,-0.02098172055218206,-0.02288651529210861,-0.02013411973034296,-0.02049868303810798,-0.01099856486143691,-0.001594158713581706,-0.0030601678728078285,-0.00871376238299959
2023-05-12,-0.0008871261050616974,0.0013524413087953047,-0.0033528539846872096,-0.00018669368971724332,0.006793931000750764,0.004563826267905524,0.015496356225300545,0.007038753740816306,0.0003923147950568584,0.001352439987140297,-0.0033528530710230653,0.0004130378990983008
2023-05-13,,,,,-0.006664542238448479,0.00118251181383755,0.0029178049498372882,-0.005999255705369966,,,,
2023-05-14,,,,,0.009379189365333662,0.0032233994945973787,0.0073113146085481695,0.008889375009889289,,,,
2023-05-15,0.004358360238366776,-0.0029511363433398774,0.0057230254343769715,0.0022189363303797283,0.008449716567244137,0.010458717511108828,0.017951490888440613,0.008546871752782348,0.005038405708650551,-0.0029511425080409603,0.005723018286694304,0.002548320010268723
2023-05-16,-0.01569642800399207,-0.014813500053265649,-0.0065586111489222,-0.016441986214093762,0.008356080340450545,-0.0012595547047251632,0.009776425654083098,0.007925968105161108,-0.011631774933750227,-0.014813511095473464,-0.0065586102165656746,-0.014431034094069872
2023-05-17,0.012076639919893273,-0.0014955588606693215,0.0026613284799101855,0.009016280922857556,0.014981577414507452,0.01052070683356865,0.01438593898862539,0.014406897730946167,0.01256814166987441,-0.001495557295639327,0.002661323876300692,0.009326595582451969
2023-05-18,0.006180413523317219,0.0009937012250880173,-8.338543873931403e-05,0.003662493844956094,-0.011870021093676075,-0.016079453587497516,-0.015895550563451377,-0.011738379672765586,0.0030731992919816875,0.0009936927704152776,-8.33871407754927e-05,0.0021687357481214864
2023-05-19,-0.0025869926868791193,0.00025091054213266517,0.005696388219545323,-0.0016097300688638905,0.0035076558794351342,0.0037394879304304407,0.007082853864101457,0.0038499950131911653,-0.0015513905797365224,0.00025088326071931455,0.005696388295301613,-0.0010577901903041642
2023-05-20,,,,,0.0052667693402335125,0.01695598155780731,0.023850774487054194,0.006635311797228871,,,,
2023-05-21,,,,,-0.009831202677729634,0.00730011004643405,0.027216316461275536,-0.007319457218180059,,,,
2023-05-22,0.0007540434259483142,-0.00594446683930594,-0.007613650074787648,-0.00015094811859517332,0.008903566883474934,0.020219763471917673,0.03009358110113136,0.010259714250747898,0.0021126444487769014,-0.005944448053490592,-0.007613653073171633,0.0006116244301652696
2023-05-23,-0.007209408325466904,-0.0034152962031056555,-0.014555646500275743,-0.006736156688983863,0.008442092624981079,0.0091406674609944,0.004647023115214033,0.008243388760133863,-0.004500023913253992,-0.0034153110256647246,-0.014555641606013858,-0.005353042531614283
2023-05-24,-0.009130113339869572,-0.006527620077740437,-0.00019656771064302525,-0.00877628162273758,-0.029436565420175365,-0.026743780582202947,-0.02768629353538088,-0.02886310261622249,-0.012668313780372586,-0.006527631557085356,-0.00019656536046086526,-0.010481962641257003
2023-05-25,0.001635527950084592,-0.012434015379394259,-0.00811269046277252,-0.004916155582904924,0.0005266829952408347,0.002395262666151199,0.00031519107641964084,0.0007533484898709641,0.0014412299486323832,-0.012434025708531471,-0.008112695571446782,-0.0048088377720736375
2023-05-26,0.009361540236551447,-0.0008731790405326345,-0.002964283917678334,0.006061325660587702,0.012900882514374823,-0.0029501166816142677,-0.012825131747079443,0.010906698525432246,0.010049124967540735,-0.000873159654049882,-0.002964288273547777,0.006320241804888438
2023-05-27,,,,,0.008967452336227755,0.013211887841425352,0.021313680126685997,0.0096004155458016,,,,
2023-05-28,,,,,0.026720103558437236,0.025491182982335214,0.008687309949042321,0.02560554946796212,,,,
2023-05-29,,,,,-0.006326922904919319,-0.01381098016884319,-0.014735798509821763,-0.006681147056459835,,,,
2023-05-30,-0.0016030583374567753,-0.0037012925492357907,-0.01125669297400056,-0.0026614139169183204,0.009797978686754583,0.000859254889608918,0.005290159714868681,0.009710774419693369,0.00036054996338386047,-0.003701275376706392,-0.011256694708853265,-0.0016181879813939037
2023-05-31,-0.005802777659736247,0.006828609487825155,0.002450105093736221,-0.002327588163436145,-0.01098571342178345,-0.015567419876654887,-0.015538569421665871,-0.010911034816374898,-0.006696212824183423,0.0068286282281120325,0.0024501085838428693,-0.0028768959068428135
2023-06-01,0.005148317863618246,-0.0010997670106802637,0.02136671792021727,0.0029997587199612763,-0.007005048035982231,-0.009646027649416133,0.018276715344272665,-0.0073355974775769495,0.0031227568803515737,-0.0010998401078862186,0.016638586885208362,0.0018752883671899756
2023-06-02,0.019480527192096364,0.012754962731582165,0.00996262532318748,0.017552178635771964,0.0304041583036454,0.07491757971750146,0.02205258361287976,0.035228728684506105,0.021282751043645076,0.012754891584870753,0.012817642022488585,0.01904227787305257
2023-06-03,,,,,-0.003295178227297968,-0.009058318386190867,0.00017839675288389145,-0.003988962421792364,,,,
2023-06-04,,,,,0.001757786737921041,-0.0031400782973434183,-0.0013589640773092881,0.0013617852838001543,,,,
2023-06-05,-0.0060759716113074624,0.0011244309702111988,-0.005689447658336899,-0.004208797971063105,-0.05554486287436855,-0.04117158141242816,-0.061350670358806036,-0.05373291128136459,-0.014304147821427526,0.0011244357714230713,-0.009578545606383937,-0.008442393996814346
2023-06-06,0.004443072471725262,-0.006565758748511397,-0.008708035083001109,0.0017028077484619875,0.03418717566936591,0.014362091935019583,0.03658471509638184,0.03182630683366017,0.009172227573481573,-0.006565747193302607,-0.004699312407082212,0.004064699788660198
2023-06-07,0.00838908486427381,0.00046727410000824143,-0.0060599446834274096,0.008274015736459583,-0.03358017203621011,-0.023071440452664738,-0.021971863626697674,-0.03242823215896029,0.001531651977334736,0.00046719006531148466,-0.006980281562353419,0.004903966414950167
2023-06-08,0.0037940775738001253,0.006049765059878753,0.011754652611759786,0.004147788315888468,0.0073956614283132716,0.007830251976190361,0.0004858397795672875,0.007334832297841487,0.004357213767002932,0.006049773351520793,0.011729242274651552,0.004411618783147997
2023-06-09,-0.0028446315671240008,0.00010664708789409616,0.0030065369509904016,-0.002925460369651356,-0.010925826213308731,-0.04583532949506741,0.014557657878163432,-0.014760872132805192,-0.004144730837880695,0.00010662661195537382,0.004951381270109634,-0.003852455249946485
2023-06-10,,,,,-0.0833148209622776,-0.03475181650953296,-0.10552853953187102,-0.07714392018434058,,,,
2023-06-11,,,,,0.0024206938803916778,0.007596427523993032,0.012401882204953418,0.0032523629906777707,,,,
2023-06-12,0.005284171612457644,-0.0025691880376003118,-2.0372152133907306e-05,0.0031877002485292127,0.0006230259053354725,0.007104352371431366,0.0020696447761032744,0.0013895857429491176,0.0045004083961450725,-0.002569164089827991,0.000659449602614659,0.0027800904358949996
2023-06-13,0.007481329417958316,0.006402282999625086,0.00764948065027049,0.0065787771591296895,0.0022555914940090016,0.007708705033952601,-0.004923381534186144,0.0027354801281311847,0.006663197524820363,0.006402297897509124,0.005353213357915498,0.006190852336307007
2023-06-14,-2.6545413767120607e-06,0.0022622542462196193,-0.00356698577448622,-0.0007977509273292549,-0.04310164946468975,-0.020031440307682113,-0.06338755094809245,-0.04085150015728756,-0.006748479297364107,0.0022623028507882115,-0.01105822232612863,-0.0042523308923770875
2023-06-15,0.00994995227830242,0.009647443647413434,0.0048656374616984355,0.010582412974872168,0.00597167619256922,0.0010597947442143596,0.011580588430341932,0.0048686706138412195,0.009369873786270633,0.009647468777276513,0.004713716779557231,0.010188649684116813
2023-06-16,0.0004959624312415034,0.0008230345900785974,0.0032024551154654635,0.0011957361466667926,0.011761798143523405,0.004582475593556179,0.009505784596988587,0.010809974933600364,0.0021250111427013607,0.0008230852767210362,0.002058183369475719,0.0019673063172451766
2023-06-17,,,,,0.009136133682173142,0.014319132111014321,0.01031900229630578,0.00982235945537746,,,,
2023-06-18,,,,,-0.004933153317490446,-0.015342654862626759,0.008081789884020196,-0.005893791971816276,,,,
2023-06-19,,,,,0.006648603278044618,0.0041886049907908784,0.006366446889575217,0.006304939476670768,,,,
2023-06-20,-0.012710568969964586,-0.007646689731197087,-0.00294710776117868,-0.011725655515915867,0.02731794577457225,0.02346760534438297,0.023201274767014057,0.02670669243376711,-0.006671144902549275,-0.007646670458705929,-0.003306969547068772,-0.008613581006635895
2023-06-21,-0.0033136857767979144,-0.001182650603154367,0.0044914144193446415,-0.0018750119720972735,0.0700142947537179,0.03678522498705061,0.04434030901898134,0.06670162445007999,0.008252052759138317,-0.0011827244605926435,0.0056928820390562684,0.0040008821578960685
2023-06-22,-0.005672063010697559,0.008043535531564006,0.007164328994426095,-0.0036254972086866566,-0.004312426414197268,-0.005074535665939073,0.00307009773400857,-0.004290385191061841,-0.005417455296094609,0.00804359227147633,0.005527477100113698,-0.0035828844891589995
2023-06-23,-0.007193413999764919,-0.0052556029006307625,-0.0035667586289864772,-0.007202782475272396,0.08102939924158847,0.02085759806859344,0.04028847205088004,0.07425749228816247,0.007775744277373375,-0.005255618086243308,-0.002636775893403609,0.00017400909517917285
2023-06-24,,,,,0.022398464631835813,-0.008021072019846587,-0.01691776417406443,0.01991417686869479,,,,
2023-06-25,,,,,-0.018050729070370752,0.008819874196778432,-0.00893779734191158,-0.014975943243777157,,,,
2023-06-26,0.006585998076306998,0.0003233761035317251,-0.00864280428885722,0.0061706657566176215,0.016874428829990684,0.003470522022611,-0.015018300208788027,0.016183379984177737,0.008146444805190889,0.00032334915082166127,-0.00951943399810773,0.006952519060830609
2023-06-27,0.007338063190960753,0.0025565109116287843,0.0076946755969768965,0.005137470528301602,0.023629299510733004,0.01952038587964,0.008654516141184176,0.024098576299347085,0.010101255284288735,0.0025565795298261307,0.007519649372740078,0.006658525025086126
2023-06-28,-0.0017552509783704817,-0.004019571281304923,0.0022889707453943586,-0.0021895147722160724,-0.03652209597547185,-0.012702065666656215,-0.05022312037781518,-0.03340993842741646,-0.00835801278474968,-0.004019628865788771,-0.0010914327709657945,-0.005401940616793444
2023-06-29,0.006317247231028222,-0.0011576935035423341,0.00572081855458606,0.005667087502046586,0.03897888271980676,0.011198854713561968,0.020568501910474213,0.036896409151101484,0.011886076866978623,-0.0011577422824508021,0.007076135147156659,0.008531269270640518
2023-06-30,0.008296112019195112,0.006624936322712882,0.019504466543434296,0.008360416582700037,0.10622683925971965,0.02344626816295614,0.18221567081623102,0.09720161448381703,0.026428017492046596,0.006624883542126536,0.017294713722740607,0.017437615667235562
2023-07-01,,,,,-0.0018449409424392549,0.009930649631588073,-0.03811318114775031,-0.0008541562492110355,,,,
2023-07-02,,,,,0.004976863534683851,-0.0113162207601476,0.0314045164798431,0.003921220193505048,,,,
2023-07-03,0.005677130992006951,0.0036043460926671322,-0.009073796757717134,0.005243470020112051,-0.005147186439581675,0.017102674116833416,-0.03538492546488736,-0.0021092033359937368,0.003877257598172257,0.0038842509860423924,-0.01031007889244362,0.00449057572639644
2023-07-04,,,,,-0.019098329312728923,-0.006066851210582702,-0.04774461327714097,-0.017110053615954968,,,,
2023-07-05,-0.004251848765599919,0.002099918015195268,-0.00039874669981920796,-0.0025150434448839576,-0.015279189118588388,-0.0026791721532484214,-0.005546791733100687,-0.014341353625637043,-0.006054391780699775,0.002085436212059033,-0.0009722671865626253,-0.003378003702338095
2023-07-06,-0.01207299763992864,-0.00813123844787067,-0.012274173240515385,-0.011735386079771648,-0.025123865676998425,-0.0047059731819474315,0.001290075609177821,-0.023173159522703823,-0.014157623960629917,-0.007946440068156702,-0.011152246375243813,-0.012744048019383114
2023-07-07,0.000621575459024637,-0.013866456334310051,-0.004560627621441382,-0.0020915427050536284,0.01793169029745867,0.018983882257508577,0.008213479475486896,0.017709057999137023,0.0034074946810156437,-0.012973978093006155,-0.0039600574791289755,-0.000555593354149897
2023-07-08,,,,,0.0017076157080557763,0.011745076674138266,-0.018973810944088454,0.0037130965316827247,,,,
2023-07-09,,,,,-0.013725428788935568,-0.02424763878795655,-0.02290958579308433,-0.014594915868067049,,,,
2023-07-10,0.004690524035946053,0.0005822618633652965,0.013288055097092633,0.004255968056438908,0.012372824807645788,0.0026809826953775318,0.02966327943681324,0.011163568725036432,0.0059878188751170125,0.0005014969181518225,0.01468928668344871,0.004864723632108436
2023-07-11,0.014299911669048537,0.009212278803361507,5.350481580568278e-05,0.013126079637531207,0.00046610147724823747,-0.0007582704396348339,-0.0015441316256842308,0.00026863713968428016,0.01199821588606187,0.008614896929978189,-0.0003718312783138611,0.011780152192695903
2023-07-12,0.008231720754254379,-0.0026243381607704563,0.0006381436224469628,0.006677942813578142,-0.0044467650936727,0.0024007634040399406,0.02300671084708017,-0.0042063136910095444,0.006223740308397119,-0.0023791863551716474,0.0016957047681709358,0.005654451229596846
2023-07-13,0.005697379485609444,0.0017027955343174028,0.002147070320144273,0.004397296524349059,0.19460963142944743,0.05512770567886327,-0.009407350956311955,0.19407832083390297,0.03553837192057663,0.0028232825793848004,0.015207097284307025,0.0209767459175203
2023-07-14,-0.006642226951845354,0.003373015417327041,-0.002703083691448116,-0.00512188349978937,-0.06755813010612666,-0.02809017139805381,-0.04121519756938263,-0.06606075722804061,-0.0178712053786676,0.0026231904521885063,-0.008523069041850295,-0.01132312264908597
2023-07-15,,,,,-0.010449570746368764,0.00731186837822162,-0.03329923811267166,-0.009524877129906018,,,,
2023-07-16,,,,,-0.002378874151477528,-0.009020536831710557,-0.013944620606115454,-0.0014245763170083192,,,,
2023-07-17,-0.00341328990303269,-0.004908292681861104,0.0016463032681564016,-0.004905955147456842,-0.004427085882939941,-3.0453174315381304e-05,-0.024677680762542176,-0.0048009233679014995,-0.0036224395871022885,-0.004990954583719565,-0.0009153658457005109,-0.005105125292162671
2023-07-18,0.006090662173107386,0.0007415177757299496,0.0032826628428017646,0.005001172680605848,0.003922464330182507,-0.0032911298551823176,0.0043482934972303156,0.004799685037577772,0.005598892366249331,0.0006472744302075117,0.0051125275435943696,0.0049212823800235395
2023-07-19,0.005788033210893717,0.007666326202732776,-0.006314880018855051,0.006225029079147459,0.03498197244976686,0.009074435572149042,0.0009506972206640985,0.03588559652552692,0.010870329992811456,0.007827978621519183,-0.003988447611598778,0.009239839681853379
2023-07-20,0.0015562615313982064,0.015463200133948307,0.010525279087016504,0.005013196950837351,-0.0008437888939614169,0.0040438230890820215,-0.00047490232814817457,-5.715607395240241e-05,0.0012228144668178231,0.015303544341786157,0.008807136437956053,0.004970769952536314
2023-07-21,0.004182597164530399,0.00585836061258882,-0.001413653132658732,0.005418817560569611,-0.005238735914569914,-0.0012523114219806786,0.009952388713493798,-0.006236027760251339,0.0025546112327881065,0.0057686744633072,-0.0013320031465966498,0.004393075520274792
2023-07-22,,,,,-0.014173806683542511,0.028272300182940358,-0.026236661605194778,-0.010183704899403345,,,,
2023-07-23,,,,,0.011694092866230132,-0.0015176713677614861,0.03625673276165764,0.009971329611364377,,,,
2023-07-24,0.0054685795061113485,0.001185133212826095,-0.0035129629805854545,0.0042708984994881405,-0.04047617360865674,-0.025501615859985893,-0.04278859055395701,-0.03958885636304332,-0.0027657687744183646,0.0004792005816511846,-0.007550756396313085,-0.0001960396461192504
2023-07-25,0.0033155688417629836,-0.0026334947227917294,0.0302221102490694,0.001890872797488452,0.0008039824967041032,0.004000324358404361,-0.002521075386729077,0.0012614349209585374,0.002854006849608348,-0.0025603268036978877,0.02752007876608853,0.0016698226500719837
2023-07-26,0.0021509611149015395,0.0034997687929503307,-0.011963864100682176,0.0020029781875154917,0.016802931976992896,0.0070026827120379664,0.016567738262769804,0.016778375504386434,0.004721951529379709,0.0035305523685178475,-0.009931585219359218,0.0035205823310775486
2023-07-27,-0.004601791984465198,-0.006918514741574455,-0.0011793501834205244,-0.005009122953458789,0.002635134839549469,0.001273828621288997,0.00821760821873685,0.0027315280017188304,-0.003306184410104218,-0.006559049880165979,-0.0008996701109569294,-0.004206742715961553
2023-07-28,0.004367127240576307,0.002552735498272396,0.0009861606696026648,0.0033862822649235458,0.007465158891742041,0.024885545579751422,-0.006606220042796096,0.009156902440354386,0.004861743914619465,0.003367399893686507,0.00023599261911910752,0.0037896682209495047
2023-07-29,,,,,0.0020415023032043234,-0.016842397253011954,0.006966851045328015,-0.00032969308813790565,,,,
2023-07-30,,,,,-0.003951361386920205,-0.029984634742345806,0.03221222601864726,-0.00734070824052957,,,,
2023-07-31,0.004233558177479724,-0.004245755807985141,0.000107426442295111,0.00250987195533936,-0.01793219753938924,-0.020304018028300286,-0.017705879938278546,-0.018479013555779633,0.00031392955890452434,-0.004785834451130455,-0.0010800937099122443,0.0002986644513223169
2023-08-01,-0.0036317010240050074,-0.005384034491989098,-0.009472383530104156,-0.004810472643664632,0.008097901202082314,0.010474727352951962,-0.0008844640760137246,0.008244113170849943,-0.0016767673196568245,-0.005216901353502612,-0.008394979325556884,-0.0037421069935180684
2023-08-02,-0.013746221050211505,-0.008540045202267477,-0.011288222021357708,-0.011450050642744958,-0.03713711522123375,-0.02385756564739472,-0.05183716868797594,-0.035592348586107714,-0.01768287378771205,-0.008955646438530196,-0.01349138467269495,-0.0134532526598381
2023-08-03,-0.004996328659341631,-0.006848909665792879,0.0030193851448656606,-0.00548759051110026,-0.017178845305883317,0.005745818621396337,-0.02510864243293709,-0.01405704938070429,-0.007006023077331225,-0.006518507949699548,0.00043799617440165584,-0.006354302238793075
2023-08-04,-0.0022511184413221974,-0.00595655456100741,0.003173102310010334,-0.002411978339043941,-0.007274948820143123,-0.0045570832948047535,-0.013659799648265136,-0.006364918701240785,-0.0030713866165437143,-0.00617115649479405,0.00034102764154098075,-0.002765710675876276
2023-08-05,,,,,0.004310849622460866,0.00534972378822296,-0.004287149486291275,0.004521775403012462,,,,
2023-08-06,,,,,-0.005332228036232678,-0.0044992779815240524,-0.013592010327894366,-0.005311056527775193,,,,
2023-08-07,0.00818510357447555,0.011819123237410523,0.013690151364586622,0.009044393769730208,0.0065837049485359955,0.0007914714345409468,0.034989663350170286,0.006224906852978274,0.007938148797194566,0.011434879101320572,0.014461311308802571,0.00897517409779125
2023-08-08,-0.003391373105570361,-0.0037616859644498124,-0.00611574686969274,-0.0023498931721838145,0.014534412540846642,0.007482358139220713,0.01836231739773586,0.01352969550833616,-0.0004702881177856,-0.003533242829644734,-0.003521587981488161,-0.00083542944925874
2023-08-09,-0.0018853746524702952,0.002259777895287529,-0.01181975971417737,-0.0004600050081497997,-0.0024367132541875947,-0.00311695533833678,-0.0024303815782343863,-0.002433655258032519,-0.0019722463911963084,0.0022860562651074723,-0.01063520504564075,-0.0005297366261550751
2023-08-10,0.001010546576716287,-0.002041326212743,0.0031911316547288404,0.0008128535773894718,-0.010166175909217423,0.0029732930929209367,-0.021343060054390017,-0.00843284610623074,-0.0008371069219845761,-0.0018120598539278499,0.001387601335538502,-5.078907210642747e-05
2023-08-11,0.0017668655801794664,0.006181119973203808,0.005145394108900803,0.0032382065398250948,-0.0025467130322974763,-0.0012114775491984808,-0.007193783438891099,-0.00244895458043215,0.001055948905487769,0.006071180234691553,0.004804348124391122,0.0028166289493121166
2023-08-12,,,,,0.00010190111917518507,0.002675720904472989,-0.0036986763439987858,0.00045603952038963946,,,,
2023-08-13,,,,,-0.00619762849714367,-0.0044452355243267405,-0.002788647729715099,-0.005995562082644068,,,,
2023-08-14,0.001496610094048334,-0.0005990007939523645,0.016450357744551836,0.0003756099273217739,0.0019448354524400635,0.004256991918450526,0.009204212568149739,0.002289309130677042,0.0015802657905636952,-0.0005200821644366638,0.01531231844887948,0.00043528688305038976
2023-08-15,-0.013096050541263615,-0.006320013045316264,-0.008562785725573674,-0.011700306754552359,-0.02814034006798838,-0.012537668202408758,-0.021485169947676908,-0.02534828359082708,-0.015531967440824634,-0.006520237479608615,-0.01005502761945154,-0.01280789788497827
2023-08-16,-0.00824115281902893,-0.002611623925704576,-0.004060815405338647,-0.006873087482221041,-0.03834380254701686,-0.019880780329010528,-0.06686618801146593,-0.03598128709208126,-0.013079900370537523,-0.0030858481617939137,-0.007831038659955047,-0.009408995498832451
2023-08-17,-0.00468634380979116,-0.0053945945750355495,-0.011638767280414797,-0.004579174464895641,-0.086694278085518,-0.04128683476378736,-0.12382308594109948,-0.07993983782900316,-0.017546229673732316,-0.0057465724315731714,-0.02098659887638732,-0.010944694919377107
2023-08-18,0.0017492224539474854,0.0038131890847874494,0.003876674634567978,0.0016854647794941613,0.005701137814651425,-0.005625644944665997,0.006025881764784691,0.0037005779674421646,0.0023248234226340703,0.0038285167479947813,0.004274212011630807,0.001896234187078294
2023-08-19,,,,,0.014237881776365313,0.01036813217540522,0.009217907437214512,0.013173163899453,,,,
2023-08-20,,,,,0.01662836844321558,0.017582016534453793,0.021789823706245492,0.016383936716787506,,,,
2023-08-21,-0.0006476406998453532,-0.003198546833434346,0.012896858982309523,-0.0016298732704869145,-0.010399715718214408,-0.007694630791779233,-0.016541543409945958,-0.009874340085944566,-0.0020173833045387113,-0.003480778675720164,0.009528525997505977,-0.002389693738091392
2023-08-22,-0.00499677512730734,-0.006062110108871921,-0.012521883973043879,-0.004782484611396076,-0.014009685603370237,0.0015591872725682077,-0.00932297280708727,-0.011899209502947983,-0.006287204764311327,-0.00593254305568125,-0.011946214488696927,-0.005363573808715438
2023-08-23,0.007182512046445488,0.010700438613688634,0.02465708550350465,0.007224438558379287,0.03153824737876465,0.024306990765873726,0.03322715544783583,0.030471620328155646,0.010660441207905658,0.011075595357615153,0.024773749677479362,0.008949673632915989
2023-08-24,-0.01223598301970108,-0.009287199911590771,-0.016098496281666264,-0.01107079863023841,-0.012157476028172631,-0.012495166379594025,-0.006996214474166207,-0.011935084063946721,-0.012189576307120364,-0.00932388090512537,-0.01593952485651684,-0.01101773250825433
2023-08-25,0.004860190200187908,0.0026701285154344667,0.002157759367329204,0.00468808080435279,-0.0012517724069457392,0.004355643572024892,-0.0007220602282775879,-0.0007777617625350786,0.003943689414144469,0.0027462496688834825,0.0028574354856780726,0.004281487299991227
2023-08-26,,,,,-0.005403088518150412,0.0015178504058912523,-0.007429770346446762,-0.004302931300817603,,,,
2023-08-27,,,,,0.008897209420568597,0.001738366743900377,0.022761637908237597,0.008143076246251324,,,,
2023-08-28,0.0082341206257035,0.002855642530146474,0.009323832702325285,0.0068121650281594,-0.005979339914693793,-0.0096471812739084,-0.021016833049300465,-0.0066060263592292445,0.006168449211012783,0.0024720273983291907,0.00716394736340531,0.005663429961042743
2023-08-29,0.01195825971920872,0.00527564698514893,0.015440299152853054,0.010798725137127763,0.053587999954831655,0.028763067298162692,0.11112328528999771,0.05086866560734116,0.01800318346431018,0.005510009451289433,0.019707907306589778,0.013886945316770705
2023-08-30,0.001630378381402009,0.0017757103119520057,-0.001535426431250153,0.0013835214196742385,-0.022500426850743938,-0.019838354864434193,-0.029993004174532212,-0.021974776034457744,-0.001984483419580574,0.0012247837874401757,-0.0035290892985646583,-0.0004985594886048883
2023-08-31,-0.0030476882857762844,-0.0052624614281252535,-0.0028659622183500044,-0.004118465047135755,-0.037126739649859686,-0.007581309702979211,-0.03819868414373906,-0.03303164569647299,-0.00803321226313447,-0.004879842190389949,-0.004960764287369579,-0.006484596559917288
2023-09-01,0.004049068438607861,-2.056192574206861e-05,-0.0010922076224518795,0.0032615488546499094,-0.012928701106311058,-0.007023395510677322,-0.03352615520838598,-0.01210401240374015,0.0012194401811216338,-0.0002584896514319368,-0.003114590048804433,0.0018267898208632616
2023-09-02,,,,,0.0022155399183798608,0.008928007821063844,-0.014339418838846485,0.0030942750541769204,,,,
2023-09-03,,,,,0.006080229501204348,0.0014374653650324198,0.008132304255672906,0.004974675125611672,,,,
2023-09-04,,,,,0.0034047185182997097,0.001159973796921454,-0.006870340283091414,0.0025600459982240142,,,,
2023-09-05,-0.008660720582901349,-0.009305060680298016,-0.012172256653824598,-0.00955180736651362,-0.0016892433662040185,-0.0005381662236815243,-0.007236243370291495,-0.0013217292779944545,-0.007496349048565332,-0.009152443030564728,-0.01209663993299026,-0.008952616382234102
2023-09-06,-0.004177960672444914,-0.0024849560286930306,-0.009230756599565404,-0.004108831444585959,0.0015129185588309557,0.011791169930328582,0.0020036011250210706,0.0027668531181042066,-0.0032520573177907686,-0.0019417594976435248,-0.008673781983543405,-0.003515352669366534
2023-09-07,-0.00022315741627432217,0.005627631402930211,-0.0013237861046542232,0.0021572351603806883,0.007630837493732168,0.007996721871043055,0.002085218612379869,0.007683457916529024,0.0010731399332675196,0.005598082925763137,-0.0008943954422321321,0.002785531838570554
2023-09-08,0.0026374729269915687,0.003690761749154836,0.00048614093650645174,0.0037826789427579666,-0.004939399874302142,-0.0037286199678889798,-0.000804722678712011,-0.005009833898254379,0.0013473272911344036,0.0036037240256301395,0.0006428611405313589,0.0030779871190129704
2023-09-09,,,,,0.004025973577093556,6.664755593988048e-05,-0.0006787414448917728,0.0032212756020673083,,,,
2023-09-10,,,,,-0.013112358576017336,-0.0076506006664393,-0.012708156268075532,-0.01264408943236739,,,,
2023-09-11,0.0028016683013840638,0.0036417709702178946,0.0064251932538883505,0.00317917361201725,-0.03315321487958789,-0.015830836670672088,-0.03920413245226706,-0.03079113244794529,-0.0031575854155837524,0.0034050944474468547,0.0034132101288757433,0.0001400441544636699
2023-09-12,0.0023925045473653928,-0.0018112075283264195,0.0033663893700650593,0.002061733255412479,0.01871660598305369,0.036955782692865036,0.05775474782690937,0.022240539183933983,0.005239686446758318,-0.000821160764115203,0.005839618555107062,0.0038982342782676316
2023-09-13,-0.0010406922939879548,0.00027534723011579665,-0.007033364440347856,-0.000421365724737055,0.010669642218085418,0.008442432534949473,0.005624969187638884,0.010536991087810144,0.0009130435567679118,0.0004093755489729123,-0.0061507087579509845,0.0005530875976782479
2023-09-14,0.012318705031342692,0.008881347698508568,0.012050435704203943,0.012362482208722492,0.0150031212656907,0.02443529553395485,0.03077892593440934,0.01656719343148172,0.012821202760446626,0.009733700789198885,0.012923273419665149,0.012865523007427715
2023-09-15,-0.010396618037459948,-0.008893969211845043,-0.010061347080494776,-0.009204542560709794,0.017324425029943136,0.0036258450359245575,0.03788295435856037,0.015420292660900614,-0.0057493185476937825,-0.008601251216092232,-0.006970604652148382,-0.006905878021949641
2023-09-16,,,,,-0.004004845277374547,-0.00463344316443548,-0.007112114685356108,-0.004113832922736815,,,,
2023-09-17,,,,,-0.016311725308252756,-0.001535751864520818,-0.021437679134411858,-0.014200438529638815,,,,
2023-09-18,-0.0001755626192345705,0.001029243581256667,0.005055669934964202,9.894202290050558e-05,0.019554767235376858,0.008083235475219386,0.031361744543827674,0.017948094841915507,0.0032098002317066943,0.0011944508143633126,0.00656434972430775,0.0017963639546600962
2023-09-19,-0.004352956537590491,0.00020041953749494468,-0.0048638531405471586,-0.0033513837238727806,0.011905952687184307,0.010042687354358204,0.012174161145840134,0.01149859152469368,-0.0015341090725701223,0.00034702411317333315,-0.0034253992214637874,-0.0019508036806620277
2023-09-20,-0.00517419052945467,0.001721149450873094,-0.010224083010774931,-0.0032064291705418135,-0.01071041269869255,-0.001604462858310396,-0.006540402956630054,-0.009922201356114213,-0.0061685499327645,0.0018717331149131766,-0.00945970714706923,-0.003725369293194225
2023-09-21,-0.018407271230024058,-0.013931781477766081,-0.014379042705684464,-0.016887536261176672,-0.019840022444533867,-0.018292653168055395,-0.030200756218682456,-0.01956274907459521,-0.018634865428600267,-0.01374678849247668,-0.015317261136889249,-0.017006689318001755
2023-09-22,-0.0033939441023225214,-0.0014339964521357107,-0.005030357859085011,-0.0033037603038131858,0.0012233993811190391,0.0025489766302790873,0.0007838886307645065,0.001283764151640776,-0.002614743887827675,-0.0013710621070401885,-0.00460910310599183,-0.0029046932365723865
2023-09-23,,,,,0.0025585308492515058,0.0020787556187584766,-0.0018462689598658377,0.0026577000476766255,,,,
2023-09-24,,,,,-0.012934745282132565,-0.004273080252954253,-0.014569103858443011,-0.01171600452959165,,,,
2023-09-25,0.0020707034061606677,-0.0015898373067759763,0.0033616350311855836,0.0014040735458507037,0.008746886477226656,0.00845904670794817,0.020100720106454473,0.008797911272301562,0.003252157224244767,-0.0011205101727190803,0.00412109993548615,0.0021183702642064706
2023-09-26,-0.012000129160699147,-0.0061986089042574966,-0.009757050771975972,-0.01111944036696999,-0.0030055184762031173,-0.0007102091714817904,0.010033723225162605,-0.0023521298391446788,-0.010399747698289441,-0.005901232248248456,-0.008599158004051533,-0.010257885643873976
2023-09-27,-0.0013670892214584507,-0.006347801502502581,0.0014692308354282702,-0.0028824797114044287,0.009647486109121362,0.007770789486291729,0.04476396844327657,0.009683178956180427,0.0006402958683795479,-0.005993732427126863,0.0033618722172916726,-0.0016781567589664315
2023-09-28,0.003947234722531334,0.002142731214123339,0.009368750150875016,0.0026890074094814143,0.025222587421543263,0.018648205727157308,0.0374147854499729,0.02466899308358439,0.007786180332635562,0.002248191704391722,0.011158503180936252,0.004648947120569513
2023-09-29,-0.0015647446333802995,-0.004753293959905869,-0.011154775590320742,-0.002844945223504758,0.00535666620564168,0.017238468566980858,-0.004083966057539357,0.006782908746689298,-0.0003139107010089459,-0.003957181525693354,-0.009955082096645751,-0.002029604409927499
2023-09-30,,,,,0.0038085660653417452,-0.0027692168586893606,-0.006538982043261532,0.0030237847606247037,,,,
2023-10-01,,,,,0.029508245626091778,0.025372582970597524,0.023395193494854194,0.029380647256092463,,,,
2023-10-02,-0.014277794548844147,-0.007126546087285246,-0.004632353496504482,-0.014387338827295482,-0.02262332965802194,-0.023062914968631554,-0.008622946735376336,-0.02293885152883557,-0.015670879792627934,-0.007494033015941204,-0.003598019872633862,-0.015225421816444595
2023-10-03,-0.00873744718976699,-0.008275887370425727,-0.012562789753441272,-0.008154344863389174,-0.00020639601042315991,0.019596451320485375,-0.007815703014656727,0.001394711094986123,-0.007303737467810323,-0.007147311829029723,-0.015645489550732306,-0.0072003842852382816
2023-10-04,0.001486190419519362,0.00552598015536887,0.007041431228538064,0.0019703721296580046,-0.006364907181539592,-0.0059969275064959415,-0.006266575660524798,-0.006394572400479026,0.0001697075817244098,0.004745290241817246,0.007852878159641419,0.0011827865812319427
2023-10-05,-0.0017993164430963882,-0.013195713374105633,0.0038856776201381393,-0.0023452372962453616,-0.011074733684969917,-0.010588575843948123,-0.008465525757790249,-0.011019640604889802,-0.003339514990115977,-0.013380019821649047,0.0031198851921661053,-0.003201805574244432
2023-10-06,0.010562235035083578,0.005156206131676777,0.018534679641017737,0.009434358224635453,0.009782130535935574,0.0019016019956654695,-0.007213880065677802,0.008786935324479606,0.010425456301674352,0.004458325529956175,0.01747704274229145,0.009222022674283625
2023-10-07,,,,,-0.004330954673989917,0.005881047347016111,0.0045229838551335,-0.003001665677212051,,,,
2023-10-08,,,,,-0.004799654681893917,-0.0011981363551647473,-0.004720575676553818,-0.004256685638690416,,,,
2023-10-09,0.008618105599254022,0.004183523871654771,-0.0027081308362482126,0.008735146272341954,-0.030765302672163264,-0.017157258407300646,-0.02964095414513146,-0.029192957699484268,0.0021487898160614805,0.0033995033055240764,-0.0048256234146766275,0.005444812296569346
2023-10-10,0.008175075293704426,0.010417461026252628,0.006190502225258854,0.007949499021576045,-0.0073971704864803645,-0.0025841645179636163,-0.010567931999785007,-0.006639831167051136,0.005695234832265417,0.01034552715620185,0.004517400289573814,0.006650485232704062
2023-10-11,0.0034054305970099286,0.0019381665379918367,0.01565078480921378,0.0035762852051826055,-0.009161726099787937,-0.009910798952478816,0.0011547723883289507,-0.008827508046649668,0.0014398492689031706,0.0015316706237198385,0.01599412370966169,0.00264709783902628
2023-10-12,-0.008177812077289182,-0.004780840393406538,-0.0076070502522113115,-0.007848694458759242,-0.008356920704146287,-0.009501189926818698,-0.00812127346496827,-0.00860812814358003,-0.00820764086194381,-0.004998032282794718,-0.007137200380314401,-0.007927227799706671
2023-10-13,0.000853995281846931,0.00266280836066346,-0.01355297249337084,0.0021749919705360554,0.006975471795303445,0.005797742871229916,0.010507699396868242,0.00695947918526274,0.001800937738675401,0.002736445514928798,-0.012193169795223224,0.002632359419367125
2023-10-14,,,,,0.0014881374631523503,-0.002794532162540664,-0.007845352925414995,0.0007287714686152746,,,,
2023-10-15,,,,,0.006149743031139021,0.015593493102455058,0.012317588559196624,0.007303955946877494,,,,
2023-10-16,0.010054401801848245,0.006225328460359947,0.003114322440037842,0.009295973495803356,0.029813099943589494,0.03633088803239226,0.04582777867671406,0.030790140914776165,0.013137942420117454,0.006632823606493199,0.006731383357674314,0.011014173157854357
2023-10-17,0.0026853094128758137,0.0050040269559668005,-0.004674756231526023,0.00279221990392009,-0.0186361142483219,-0.0038041939437365446,-0.010598003562790725,-0.016748543950484973,-0.0006917087826882051,0.004880988913590123,-0.005615927005255261,0.001110324866586243
2023-10-18,-0.014230273413928574,-0.006602287538850171,-0.02250485609963926,-0.012791545199234977,-0.006803704025871049,0.002737235899821,0.004961419002351253,-0.0054785405019287525,-0.013077910958334105,-0.006167657723731734,-0.02070229441898197,-0.012105291589373013
2023-10-19,-0.009305594370400572,-0.004862652597701245,-0.007900671834619066,-0.009173549437455297,0.017017503738544493,0.010818820585630107,0.005583654413243266,0.014993061699162924,-0.005176034348267078,-0.004347088222628637,-0.0071141191853301144,-0.007134714215971449
2023-10-20,-0.009081863328990969,0.00010082131460209531,-0.0048363625994496395,-0.007174115239270251,0.021388232485612724,0.01968532313163318,0.028735691961874865,0.021678902377864517,-0.004201803240117208,0.00028963162438833123,-0.0017006218087826097,-0.00466951539080962
2023-10-21,,,,,0.018400781966805946,0.00865310470275893,0.010588678525674355,0.017130081537395148,,,,
2023-10-22,,,,,0.00457141861930821,-0.006246850048052033,-0.007914337441861985,0.0034023038025527974,,,,
2023-10-23,-0.00663866890478082,-0.00445422879603441,0.00890241674139114,-0.0065996707936522014,0.05779620049697187,0.057660853996960304,0.04158223812756279,0.057531846014357235,0.003924553753977822,-0.003850006351447277,0.011988409756430451,-0.0011232666286684623
2023-10-24,0.010672256344975484,0.015476450776022332,0.03361706738245562,0.010809625586900573,0.00021353693728265455,0.012216552442283257,-0.014220019566757891,0.0014464855770297547,0.00885507624759807,0.015225876802875682,0.029900561397129488,0.009964342229840106
2023-10-25,-0.012202086934438583,-0.0012551412756901525,-0.01885796971668008,-0.009744128101503602,0.003941608690810172,0.014886443697255336,0.011186355982993001,0.005482029329410665,-0.00943440106292559,-0.0008445492653840203,-0.017366749833440664,-0.008126794249158409
2023-10-26,-0.0022385106114813924,-0.002526782350705248,-0.014656432335520497,-0.001526178622456631,-0.00068682432808298,-0.008407701798415546,-0.015067952809817431,-0.0014342292279673208,-0.001991121577020194,-0.0024755192643165502,-0.015512584084045544,-0.0014403511089920995
2023-10-27,-0.010265573942722095,-0.016208346963119458,-0.01848915676685159,-0.012646062611572861,-0.010626673154283006,0.0010085716115439958,-0.008710910056334065,-0.008908012566874901,-0.010344366523265536,-0.01609503290345804,-0.019500237264812537,-0.012610737760724744
2023-10-28,,,,,0.011764547802879388,0.006473995332662463,0.013876667128613018,0.011205059676969054,,,,
2023-10-29,,,,,0.012376119343383563,0.009267983038861116,0.005728433457871551,0.011617768377897741,,,,
2023-10-30,0.009873107151553429,0.0057891597856492005,0.019759822011002237,0.00904823694118595,0.011986572394911299,0.0035749871276558043,0.004128266939102954,0.010316314098641977,0.010251019702492092,0.006430993656951545,0.018705101538661006,0.009205037319718112
2023-10-31,0.005956443679252299,0.005503884679022297,-0.011042172303284303,0.005242525730298819,0.009092523575478628,0.010907444124777621,0.007558115779878083,0.008618449598862155,0.006520622652073538,0.005749733576449589,-0.010594170221579824,0.005491443629898063
2023-11-01,0.004883111660390682,0.004000135250304959,0.003954169270006691,0.004868065318242909,0.020423321832506725,0.027935723037762594,0.01986067758892429,0.021535423424028366,0.007473146689076504,0.0041843642941095105,0.0035514852673692587,0.006137064447532481
2023-11-02,0.025711605747563926,0.014652481477059442,0.010003122088793726,0.022960779618818927,-0.0104280530359242,-0.011363903738313863,-0.01903174310211342,-0.010575682889481408,0.019610905398554923,0.014498407404478497,0.005984845169005437,0.02020254006966682
2023-11-03,0.012890217249609925,0.0017240348876526035,0.013921466326550336,0.01068181886966113,0.005712634073299139,-0.014411880803882893,-0.007110917649018056,0.0033284777700259838,0.011714272862667352,0.0016000214281139957,0.01416539223804425,0.010023903829296188
2023-11-04,,,,,0.009130722749863818,0.006885073970037459,0.008400422075629743,0.008954126672379603,,,,
2023-11-05,,,,,0.022574800945481366,0.0023425876569680426,-0.001024932120266886,0.019494144288032755,,,,
2023-11-06,-0.004416477626457027,0.000922638903427142,0.018653796140847057,-0.003609068502634649,0.03079656582699486,-0.003189204347988084,0.0031357023651001903,0.025594543893791233,0.0012484544929962649,0.0009077199544573755,0.01992370450015679,-0.0012465218942285805
2023-11-07,-0.003574772707582219,0.00147657141138402,0.001516316184781541,-0.0033859196338920095,-0.016149700396544286,-0.0018390685218744318,0.0017289612698045964,-0.01391031254027919,-0.005639437662915192,0.0014124020054038233,0.0014512205795365052,-0.004269718373338449
2023-11-08,-0.0010367018021814056,-0.0008129213732238627,0.012099352021980092,-0.0014147841329624766,0.0091978132228141,0.013142965708139442,0.010475868138552835,0.00972837260778081,0.0006631869205040442,-0.0007350377626453852,0.012318894672266767,-0.0006484950791999511
2023-11-09,-0.00886034396444324,-0.009925990787803207,-0.0035846580165604935,-0.010149014206622509,0.018483954202138664,0.014672005463504778,0.0063006066479185385,0.020531094940794636,-0.004291326168093579,-0.009872210301132944,-0.005185984439445068,-0.008147001592370695
2023-11-10,0.010826555111601133,0.004862799442741705,0.01834312600145993,0.009152629740796447,0.01605629046836965,0.0508552830538207,0.03319244965879964,0.0201926067236482,0.011748119038008209,0.005177194187330425,0.017428786357922332,0.009954787387475683
2023-11-11,,,,,-2.8627472913322904e-06,0.00812988568293016,0.0007582301637112376,0.0008029140846637084,,,,
2023-11-12,,,,,-0.0006789980592911693,0.0015126862180652179,0.0006470239468303607,-0.0003506760307092627,,,,
2023-11-13,-0.0012120591519521051,0.0031585881165994145,0.004862072585545496,-0.0008345677833917486,-0.015971552935516442,-0.012887530576000561,-0.01185593469836177,-0.015861263752928623,-0.0037429271509209494,0.0030816859783724393,0.0037081554775058034,-0.002154277433910612
2023-11-14,0.02468745008470452,0.007503273936994015,0.012939958989824918,0.02116075988069821,-0.032279411203935515,-0.03813319385507996,-0.03034285184583041,-0.03248823593160832,0.01504269053310825,0.007190573083786678,0.011012876309263175,0.016783984245892558
2023-11-15,0.005393781354181781,0.003427482780829383,-0.007420348608454086,0.004519787284685606,0.04232248727473342,0.03669702426976085,0.038391073281529575,0.04175802542724161,0.011370312341051347,0.003493436693096319,-0.004933682811201878,0.007378016049764069
2023-11-16,0.0010921748663441644,-0.014662827164953707,0.004847299003089667,-0.00023325137433072296,-0.03344338071863884,-0.02814627393682212,-0.02767319242078803,-0.03261899333386986,-0.004645276579930968,-0.014644058244162927,0.004900845549523858,-0.0028772635695845095
2023-11-17,0.002986404718840374,1.4304120177222046e-05,0.0025620886480364202,0.0023609788446419255,-0.0013422077433372648,0.01237896009935624,0.00399430223328423,0.00017657127128423156,0.0022783545081472845,6.816564584433138e-05,0.0010678448401675311,0.0021424912908958316
2023-11-18,,,,,0.0015739549411868392,-0.0040153264134240585,-0.0044224738556440935,0.0010102020992663885,,,,
2023-11-19,,,,,0.017621457509203076,0.011571097872184355,0.01338833238890147,0.016854088524589583,,,,
2023-11-20,0.004563278235892421,0.004108466895258456,0.007445050186658531,0.004149883394475085,-0.012315163102475601,-0.012799359395995413,-0.011774421768067755,-0.012081193769282628,0.0018547464294216276,0.003966236054772976,0.005443439093524294,0.002816078093500929
2023-11-21,-0.0026567024424668517,0.003262479663378448,-0.0032851384108983916,-0.0015839894749108963,-0.053229418839690124,-0.046650347182939145,-0.045069025276870955,-0.052398504977394955,-0.010679648038462553,0.0030099963284060394,-0.006536431408089238,-0.005408610816345916
2023-11-22,0.0017565054393906543,-0.0007326552128762431,-0.009248943359825512,0.0015281005077358856,0.047940125932660616,0.04913855256620381,0.044423652736878205,0.048456883320993294,0.008774662838357816,-0.0004852698363772001,-0.00595946591227281,0.004904588108472385
2023-11-23,,,,,0.0033705234848842025,0.0034173695010246696,0.0028646501861409046,0.0033216619099114553,,,,
2023-11-24,0.0024257399861027373,0.004439246200169444,-0.002244327638425192,0.0025690722873257243,0.010471788691152284,0.020069583479808806,0.01532915062671214,0.01171461977426791,0.0037157355269465953,0.004537229330742409,-0.0019252463778474116,0.0032712940409420632
2023-11-25,,,,,0.015096392819622384,0.02424268499423854,0.016381651593392554,0.016230801111618565,,,,
2023-11-26,,,,,-0.011009194030948244,-0.008642279325751123,-0.007190770844752725,-0.01068416890240742,,,,
2023-11-27,0.0005686227715853143,0.0004531851722922031,0.002654304609125857,0.00025849834006286265,-0.02449590132825863,-0.034819801382918625,-0.026247262387253167,-0.025844674454955197,-0.003395629622970353,0.00018314800569529943,0.001226039953628133,-0.0017167827621648035
2023-11-28,0.00193676202705384,-0.00040333470104481073,-0.006924028042419317,0.001400075737733486,0.011177493405200467,0.011761707083708384,0.009530362880963539,0.011121020186091846,0.003373392652928464,-0.00035623183399258185,-0.006597691419962137,0.0021178955931524523
2023-11-29,0.004991001233245251,-0.0016563884708198362,0.000732408713385535,0.003974104654498545,-0.0018654921961469562,0.0031877478240089907,0.0019015229127390398,-0.0014085003511326022,0.003913315418092589,-0.0016217209278136524,0.0007883313816363646,0.0035231025265347604
2023-11-30,0.006265115907290619,0.008912923457865762,0.006401749629841191,0.00744520261292525,-0.003853845581370696,-0.0017209977794472309,-0.003436026801958092,-0.003335501181162215,0.004693887794526841,0.008905865550185466,0.005516075346980065,0.006737145179837478
2023-12-01,0.009225927380084098,0.003427843093481542,0.0025864488818378994,0.008586680052013573,0.016457826731079095,0.0110799139456208,0.016410030677975085,0.01571203314730396,0.01043124393858319,0.0036850983355491973,0.0058105267348214085,0.009320923155332395
2023-12-02,,,,,0.019703734519923133,0.011180520909397362,0.014194198897241828,0.019119466334955426,,,,
2023-12-03,,,,,0.004488581129538982,0.0059123070687367996,0.008340175884425483,0.004731744554741679,,,,
2023-12-04,-0.0017582468630448211,0.0013258244514169348,-0.012646156488123506,-0.0008529952439384481,0.02445682852167841,0.028379521108474526,0.037243794136496255,0.025192940454402457,0.0026272127782618337,0.0022162348204657345,-0.0016809904753026794,0.001690832419909194
2023-12-05,-0.005279051190612227,0.0030475110997885135,-0.002174688008984571,-0.0038099285905051072,0.018703910550354363,0.024719926702818862,0.03386423369241376,0.019499041758631153,-0.0011892830860373849,0.003590373050661899,0.0038920582907211454,-0.0016541317902190045
2023-12-06,-0.0006334092051962781,-0.0030148045789182287,-0.00642521634250226,-9.849115627513783e-07,0.000899919225911594,0.0006627295303607283,-0.002448821858779926,-0.0004709759763195098,-0.0003529058806412966,-0.002708830966422271,-0.007975189440431851,5.59456474280573e-05
2023-12-07,0.004791250836244432,0.00024638811869448496,0.004512234413738936,0.0030561013100449674,0.02435489020077153,-0.00667615613585959,-0.00868288821606955,0.022183789627741035,0.008169124287219276,-4.458807388862951e-05,0.0037697409342680732,0.004719426256512449
2023-12-08,0.003223287681120679,-0.002137262274472751,0.009844797601874289,0.0023248707265686175,0.04801274746534534,0.02148423918902931,0.02135677391715074,0.04388090091515506,0.011199976001627254,-0.0014128340895283031,0.012008146042986834,0.006343598696393782
2023-12-09,,,,,0.008048153459247143,-0.005415728710268741,-0.007073165483821642,0.0068414739687301385,,,,
2023-12-10,,,,,0.0023975263679838488,0.005806908058123117,0.003940006621635739,0.0028964065366452463,,,,
2023-12-11,0.006827058068376024,0.006510765171842792,-0.00233883101758825,0.006724676795102358,-0.06653605044439648,-0.04812482103128457,-0.05212174725430163,-0.06412821314248918,-0.006655269270753883,0.005086743076198275,-0.012305084194535354,-0.000389283457941203
2023-12-12,0.0009476746672547609,0.0037937884400711663,0.014704501890837829,0.001269571868532049,0.007938072596129553,0.001532832507126658,0.0030433575953539016,0.0069814113260529,0.0020715127998187643,0.003846817692562343,0.012914214802262292,0.0017174907012220686
2023-12-13,0.020876391686720286,0.01486009244079356,0.0018668385175075741,0.02005983983569415,0.0354832348502665,0.02106951128100909,0.026002314290548778,0.03383641722134456,0.023168817140377662,0.014899705209568515,0.004755990048304737,0.021306449810575057
2023-12-14,0.014595779068877768,-0.003118062049048409,-0.0049010853902018425,0.010472487835302413,0.0035261726155273454,0.009721719532885809,0.00701810560665761,0.004622446462691832,0.012722580266266936,-0.0027750377230020273,-0.003420289817626876,0.009884171661485919
2023-12-15,-0.002987501014668159,-0.004312229553750213,0.008939897481696546,-0.0039537384335620596,-0.04152317275063688,-0.03352118366361345,-0.030510566918139026,-0.04109912260056703,-0.00963733244595677,-0.005102492711117956,0.0038094035545055416,-0.007564650155047703
2023-12-16,,,,,0.018773588087143134,0.009359709451845166,0.008733974949204137,0.017710371106574918,,,,
2023-12-17,,,,,-0.020400302727504926,-0.01376163432114419,-0.01640020893691274,-0.019391594213740482,,,,
2023-12-18,-0.0016647325267445945,0.0037650445102643815,0.008579951429406485,-0.0007052429948261052,0.003983609501427177,0.009946514106203619,0.017584895542303247,0.004425991300367915,-0.0006932231056587801,0.003814999745584302,0.011573009952119628,-0.000223126619533498
2023-12-19,0.00815779375759873,0.003906500639728083,0.009159266654253928,0.00719432412510046,-0.015326039948230563,-0.006192225141139263,-0.006897227613070989,-0.01442794143838444,0.004221252456811708,0.0036016854830995815,0.00647191994471763,0.005174299666919291
2023-12-20,-0.01485067759357317,-0.013058728347082993,-0.02133236732643462,-0.014170523405839908,0.019577503648628314,0.02683540276805907,0.029163373392581793,0.02004386626280752,-0.009156585546862384,-0.012043156460693316,-0.01402167544048094,-0.011065086620032138
2023-12-21,0.008232135847797695,0.00762337719716899,0.021215070717001128,0.007684980123144003,0.030805745283406516,0.01182051451029742,0.009204840065254238,0.02898937030486204,0.011941213180798105,0.00764965556840469,0.01945890534406325,0.009476608231332673
2023-12-22,0.0017961345326031886,0.006566495497089209,-0.0003973318953326421,0.003057243776068974,0.0155291631359733,0.004364819555919608,0.003605712997544641,0.0150298659401642,0.0042436754624448625,0.0064492617057878565,0.0006846205714714504,0.004290055999275344
2023-12-23,,,,,-0.009563998644173899,0.0041512652306465725,0.0002018797992164867,-0.00800342669414067,,,,
2023-12-24,,,,,-0.018762091554654692,-0.010482170273091174,-0.012720361645060185,-0.018018191971624353,,,,
2023-12-25,,,,,0.031952666589616596,0.005003767964032235,0.008580340040572398,0.027852542599707597,,,,
2023-12-26,0.006694788903153448,0.0032897179897084516,0.007435080552542939,0.005490835502240943,-0.022628999930097815,-0.025840825891277786,-0.025635320669294748,-0.022412275761954592,0.001531323333259671,0.00252431390311858,0.0025638887865429005,0.002782834578583415
2023-12-27,0.001613632617549099,0.003715462355764254,0.0034849936447649554,0.001940668695021408,0.05173267889784117,0.02311630650725749,0.023562160584316816,0.0497460942788972,0.010330503028107563,0.0041107954624231,0.012329361370784664,0.006521625027348543
2023-12-28,0.0012615334683205859,0.001915330776363966,0.0015237557168017446,0.0016489868599645074,-0.009959621066870983,-0.008955370204088653,-0.012530639282951284,-0.010175474067007029,-0.000651488631236874,0.0016451290483654457,-0.0012014445760551995,0.0005650571990336584
2023-12-29,-0.003150174057764188,-0.0002563192491527033,-0.002969282407280227,-0.0023411770267909304,-0.018553998474023614,-0.00626807563601206,-0.008687527378661408,-0.017280853777133287,-0.005893460689153307,-0.00038008212713369627,-0.00540525394534197,-0.003837706280740427
2023-12-30,,,,,0.00670729127336922,0.001941247215567543,0.002649041269006336,0.006041331642629988,,,,
2023-12-31,,,,,-0.012380289704493785,0.008816248271881433,0.005943125803277383,-0.009767750132488429,,,,
