date,sector,sentiment,sentiment_smoothed,sentiment_lagged,n_tickers,n_headlines
2020-01-02,Comm,0.128345,0.128345,,4,11
2020-01-03,Comm,0.135575,0.13196,0.128345,2,3
2020-01-06,Comm,0.2218097222222222,0.1619099074074074,0.13196,3,16
2020-01-07,Comm,0.34936666666666666,0.2087740972222222,0.1619099074074074,3,5
2020-01-08,Comm,0.21776374999999998,0.21057202777777775,0.2087740972222222,4,20
2020-01-09,Comm,0.2031,0.22552302777777777,0.21057202777777775,5,6
2020-01-10,Comm,0.03584583333333334,0.20557719444444444,0.22552302777777777,4,8
2020-01-13,Comm,0.03800208333333334,0.16881566666666664,0.20557719444444444,2,14
2020-01-14,Comm,0.13665000000000002,0.12627233333333335,0.16881566666666664,2,4
2020-01-15,Comm,0.0006972222222222194,0.08285902777777779,0.12627233333333335,3,9
2020-01-16,Comm,0.16319166666666665,0.07487736111111112,0.08285902777777779,4,17
2020-01-17,Comm,0.0634,0.08038819444444444,0.07487736111111112,3,8
2020-01-21,Comm,-0.027549999999999998,0.06727777777777778,0.08038819444444444,4,19
2020-01-22,Comm,0.18275,0.07649777777777778,0.06727777777777778,3,4
2020-01-23,Comm,0.20901971428571428,0.11816227619047619,0.07649777777777778,5,22
2020-01-24,Comm,0.14091825757575757,0.11370759437229436,0.11816227619047619,4,24
2020-01-27,Comm,-0.028088636363636364,0.09540986709956709,0.11370759437229436,4,20
2020-01-28,Comm,0.05230500000000002,0.1113808670995671,0.09540986709956709,4,15
2020-01-29,Comm,0.39062625,0.1529561170995671,0.1113808670995671,4,11
2020-01-30,Comm,0.00016041666666666288,0.1111842575757576,0.1529561170995671,4,18
2020-01-31,Comm,-0.22540681818181818,0.03791924242424244,0.1111842575757576,4,15
2020-02-03,Comm,0.14507,0.0725509696969697,0.03791924242424244,5,21
2020-02-04,Comm,0.13610150000000001,0.0893102696969697,0.0725509696969697,5,17
2020-02-05,Comm,0.005085416666666672,0.012202103030303035,0.0893102696969697,4,12
2020-02-06,Comm,0.1370304761904762,0.039576114935064945,0.012202103030303035,5,19
2020-02-07,Comm,0.0717575,0.09900897857142858,0.039576114935064945,4,13
2020-02-10,Comm,0.111321875,0.09225935357142857,0.09900897857142858,4,20
2020-02-11,Comm,-0.0010947058823529282,0.064820112394958,0.09225935357142857,4,24
2020-02-12,Comm,0.1768422222222222,0.0991714735060691,0.064820112394958,5,18
2020-02-13,Comm,0.12432785714285713,0.09663094969654529,0.0991714735060691,5,20
2020-02-14,Comm,0.6249,0.20725944969654528,0.09663094969654529,1,1
2020-02-18,Comm,0.07392809523809522,0.19978069374416432,0.20725944969654528,5,23
2020-02-19,Comm,0.18420416666666664,0.23684046825396826,0.19978069374416432,2,7
2020-02-20,Comm,0.07223333333333333,0.2159186904761905,0.23684046825396826,3,15
2020-02-21,Comm,-0.0012277777777777814,0.1908075634920635,0.2159186904761905,3,7
2020-02-24,Comm,0.04713888888888889,0.07525534126984126,0.1908075634920635,3,10
2020-02-25,Comm,0.20084444444444446,0.1006386111111111,0.07525534126984126,3,5
2020-02-26,Comm,0.15698333333333334,0.09519444444444444,0.1006386111111111,4,10
2020-02-27,Comm,0.211275,0.1230027777777778,0.09519444444444444,4,8
2020-02-28,Comm,-0.05908142857142856,0.11143204761904761,0.1230027777777778,5,17
2020-03-02,Comm,0.14582916666666668,0.13117010317460318,0.11143204761904761,4,17
2020-03-03,Comm,0.061625000000000006,0.10332621428571429,0.13117010317460318,4,11
2020-03-04,Comm,0.12637083333333332,0.09720371428571428,0.10332621428571429,4,7
2020-03-05,Comm,0.16853500000000002,0.0886557142857143,0.09720371428571428,5,10
2020-03-06,Comm,0.1799625,0.13646450000000002,0.0886557142857143,2,6
2020-03-09,Comm,-0.003905357142857141,0.10651759523809523,0.13646450000000002,4,16
2020-03-10,Comm,-0.01257733333333333,0.09167712857142858,0.10651759523809523,5,18
2020-03-11,Comm,0.027750000000000004,0.07195296190476191,0.09167712857142858,4,9
2020-03-12,Comm,0.014293333333333325,0.04110462857142857,0.07195296190476191,3,12
2020-03-13,Comm,0.154925,0.03609712857142857,0.04110462857142857,3,16
2020-03-16,Comm,-0.04392583333333336,0.02809303333333333,0.03609712857142857,4,28
2020-03-17,Comm,0.09637000000000001,0.049882499999999996,0.02809303333333333,4,17
2020-03-18,Comm,0.068795,0.0580915,0.049882499999999996,4,11
2020-03-19,Comm,0.04844999999999999,0.06492283333333333,0.0580915,5,14
2020-03-20,Comm,-0.06004166666666667,0.021929499999999998,0.06492283333333333,3,6
2020-03-23,Comm,0.17607505194805195,0.06592967705627706,0.021929499999999998,5,28
2020-03-24,Comm,0.2727059523809524,0.10119686753246752,0.06592967705627706,4,18
2020-03-25,Comm,0.193996,0.12623706753246755,0.10119686753246752,5,15
2020-03-26,Comm,0.13822666666666666,0.14419240086580087,0.12623706753246755,5,13
2020-03-27,Comm,0.2737066666666667,0.21094206753246753,0.14419240086580087,3,11
2020-03-30,Comm,0.29626749999999996,0.23498055714285715,0.21094206753246753,4,15
2020-03-31,Comm,0.20055555555555557,0.22055047777777775,0.23498055714285715,3,6
2020-04-01,Comm,0.08955416666666667,0.1996621111111111,0.22055047777777775,4,21
2020-04-02,Comm,-0.06284,0.15944877777777777,0.1996621111111111,5,10
2020-04-03,Comm,0.2131947619047619,0.1473463968253968,0.15944877777777777,5,16
2020-04-06,Comm,0.3826791666666667,0.16462873015873017,0.1473463968253968,4,16
2020-04-07,Comm,0.2214537878787879,0.1688083766233766,0.16462873015873017,4,20
2020-04-08,Comm,0.046854999999999994,0.1602685432900433,0.1688083766233766,4,13
2020-04-09,Comm,-0.02296333333333333,0.16824387662337664,0.1602685432900433,5,16
2020-04-13,Comm,0.07102916666666666,0.1398107575757576,0.16824387662337664,4,16
2020-04-14,Comm,0.28798595238095237,0.12087211471861473,0.1398107575757576,4,16
2020-04-15,Comm,0.16076041666666668,0.10873344047619046,0.12087211471861473,4,16
2020-04-16,Comm,0.27466999999999997,0.15429644047619048,0.10873344047619046,4,16
2020-04-17,Comm,0.14286583333333333,0.1874622738095238,0.15429644047619048,4,15
2020-04-20,Comm,0.08840624999999999,0.19093769047619047,0.1874622738095238,4,12
2020-04-21,Comm,0.13510333333333333,0.16036116666666667,0.19093769047619047,5,15
2020-04-22,Comm,0.23810238095238098,0.17582955952380952,0.16036116666666667,4,26
2020-04-23,Comm,0.15204166666666666,0.15130389285714285,0.17582955952380952,4,24
2020-04-24,Comm,0.01891136363636364,0.12651299891774892,0.15130389285714285,4,17
2020-04-27,Comm,0.08644393939393939,0.12612053679653681,0.12651299891774892,5,21
2020-04-28,Comm,0.18724939393939394,0.1365497489177489,0.12612053679653681,5,36
2020-04-29,Comm,0.14412275132275132,0.11775382299182299,0.1365497489177489,3,19
2020-04-30,Comm,0.04027708333333334,0.09540090632515633,0.11775382299182299,4,27
2020-05-01,Comm,-0.03161958333333333,0.08529471693121693,0.09540090632515633,4,19
2020-05-04,Comm,0.12881185185185184,0.09376829942279943,0.08529471693121693,3,23
2020-05-05,Comm,0.12794714285714287,0.08190784920634922,0.09376829942279943,5,35
2020-05-06,Comm,-0.046784166666666675,0.04372646560846561,0.08190784920634922,4,33
2020-05-07,Comm,0.18297583333333334,0.0722662156084656,0.04372646560846561,4,23
2020-05-08,Comm,0.34600000000000003,0.14779013227513227,0.0722662156084656,3,9
2020-05-11,Comm,0.18262571428571428,0.15855290476190476,0.14779013227513227,5,23
2020-05-12,Comm,0.076373,0.1482380761904762,0.15855290476190476,5,18
2020-05-13,Comm,0.06495,0.17058490952380953,0.1482380761904762,3,4
2020-05-14,Comm,0.19857333333333332,0.17370440952380953,0.17058490952380953,5,14
2020-05-15,Comm,0.19169666666666668,0.14284374285714282,0.17370440952380953,5,16
2020-05-18,Comm,0.1697866666666667,0.14027593333333335,0.14284374285714282,5,20
2020-05-19,Comm,0.16094483333333334,0.1571903,0.14027593333333335,5,20
2020-05-20,Comm,0.05809933333333332,0.15582016666666668,0.1571903,5,27
2020-05-21,Comm,0.098722,0.13584990000000002,0.15582016666666668,5,11
2020-05-22,Comm,0.025329999999999984,0.10257656666666667,0.13584990000000002,5,10
2020-05-26,Comm,0.17064866666666667,0.10274896666666666,0.10257656666666667,5,20
2020-05-27,Comm,0.21130333333333334,0.11282066666666668,0.10274896666666666,5,22
2020-05-28,Comm,0.10519636363636362,0.1222400727272727,0.11282066666666668,5,23
2020-05-29,Comm,0.12601250000000003,0.12769817272727274,0.1222400727272727,4,14
2020-06-01,Comm,0.15972342857142857,0.15457685844155844,0.12769817272727274,5,17
2020-06-02,Comm,0.28929444444444447,0.17830601399711402,0.15457685844155844,3,9
2020-06-03,Comm,-0.07269666666666666,0.12150601399711403,0.17830601399711402,5,12
2020-06-04,Comm,0.145385,0.1295437412698413,0.12150601399711403,5,11
2020-06-05,Comm,0.15436166666666667,0.1352135746031746,0.1295437412698413,4,11
2020-06-08,Comm,-0.10341249999999999,0.0825863888888889,0.1352135746031746,5,16
2020-06-09,Comm,0.0,0.024727500000000003,0.0825863888888889,3,6
2020-06-10,Comm,0.011962500000000015,0.04165933333333334,0.024727500000000003,4,6
2020-06-11,Comm,0.04202952380952381,0.0209882380952381,0.04165933333333334,5,14
2020-06-12,Comm,0.13167777777777778,0.016451460317460323,0.0209882380952381,3,9
2020-06-15,Comm,0.004104166666666652,0.037954793650793656,0.016451460317460323,4,16
2020-06-16,Comm,0.09643666666666666,0.057242126984126986,0.037954793650793656,5,23
2020-06-17,Comm,0.107765,0.07640262698412699,0.057242126984126986,5,12
2020-06-18,Comm,0.03431624999999999,0.07485997222222221,0.07640262698412699,4,16
2020-06-19,Comm,0.15536666666666665,0.07959775,0.07485997222222221,4,11
2020-06-22,Comm,0.19210833333333333,0.11719858333333333,0.07959775,4,11
2020-06-23,Comm,0.21072222222222223,0.14005569444444443,0.11719858333333333,3,8
2020-06-24,Comm,0.12691010101010103,0.14388471464646463,0.14005569444444443,3,16
2020-06-25,Comm,0.10929111111111112,0.15887968686868686,0.14388471464646463,3,10
2020-06-26,Comm,0.36275,0.20035635353535355,0.15887968686868686,2,5
2020-06-29,Comm,0.05177025641025641,0.17228873815073814,0.20035635353535355,5,22
2020-06-30,Comm,0.1538904761904762,0.16092238894438896,0.17228873815073814,3,9
2020-07-01,Comm,-0.0343,0.12868036874236874,0.16092238894438896,4,6
2020-07-02,Comm,0.030708333333333334,0.11296381318681319,0.12868036874236874,3,7
2020-07-06,Comm,0.049808000000000005,0.05037541318681319,0.11296381318681319,5,21
2020-07-07,Comm,0.08076000000000001,0.05617336190476191,0.05037541318681319,5,14
2020-07-08,Comm,-0.11006874999999999,0.003381516666666673,0.05617336190476191,4,8
2020-07-09,Comm,0.21056249999999999,0.05235401666666667,0.003381516666666673,2,6
2020-07-10,Comm,0.0,0.04621235,0.05235401666666667,2,4
2020-07-13,Comm,0.10696111111111112,0.05764297222222222,0.04621235,3,11
2020-07-14,Comm,0.04039642857142857,0.04957025793650793,0.05764297222222222,4,10
2020-07-15,Comm,0.09271666666666667,0.09012734126984126,0.04957025793650793,4,7
2020-07-16,Comm,0.20586666666666667,0.0891881746031746,0.09012734126984126,4,7
2020-07-17,Comm,-0.3902,0.01114817460317461,0.0891881746031746,1,2
2020-07-20,Comm,0.09110555555555555,0.007977063492063497,0.01114817460317461,3,8
2020-07-21,Comm,0.27104,0.05410577777777779,0.007977063492063497,5,10
2020-07-22,Comm,0.11681666666666667,0.058925777777777785,0.05410577777777779,4,7
2020-07-23,Comm,-0.1875375,-0.01975505555555555,0.058925777777777785,3,10
2020-07-24,Comm,0.17202812500000003,0.09269056944444445,-0.01975505555555555,4,18
2020-07-27,Comm,0.1796,0.11038945833333336,0.09269056944444445,2,5
2020-07-28,Comm,0.22201500000000002,0.10058445833333336,0.11038945833333336,2,9
2020-07-29,Comm,0.024543750000000003,0.08212987500000002,0.10058445833333336,4,12
2020-07-30,Comm,0.11067166666666668,0.14177170833333336,0.08212987500000002,5,15
2020-07-31,Comm,0.25784999999999997,0.15893608333333337,0.14177170833333336,3,6
2020-08-03,Comm,0.247146,0.17244528333333334,0.15893608333333337,5,22
2020-08-04,Comm,0.17188923076923077,0.1624201294871795,0.17244528333333334,5,21
2020-08-05,Comm,0.31018749999999995,0.21954887948717952,0.1624201294871795,4,10
2020-08-06,Comm,0.29196190476190476,0.2558069271062271,0.21954887948717952,3,13
2020-08-07,Comm,0.08587948717948717,0.22141282454212458,0.2558069271062271,2,28
2020-08-10,Comm,0.29194333333333333,0.23037229120879119,0.22141282454212458,5,11
2020-08-11,Comm,0.15424444444444443,0.2268433339438339,0.23037229120879119,3,9
2020-08-12,Comm,0.13904999999999998,0.19261583394383397,0.2268433339438339,3,7
2020-08-13,Comm,0.135575,0.161338452991453,0.19261583394383397,4,10
2020-08-14,Comm,-0.07955,0.12825255555555556,0.161338452991453,4,6
2020-08-17,Comm,0.12658666666666668,0.09518122222222222,0.12825255555555556,5,9
2020-08-18,Comm,0.12766333333333332,0.08986500000000001,0.09518122222222222,5,13
2020-08-19,Comm,0.0,0.06205500000000001,0.08986500000000001,1,1
2020-08-20,Comm,0.142565,0.06345300000000001,0.06205500000000001,4,8
2020-08-21,Comm,0.05934444444444444,0.0912318888888889,0.06345300000000001,3,10
2020-08-24,Comm,0.0386875,0.07365205555555557,0.0912318888888889,2,6
2020-08-25,Comm,0.07945,0.0640093888888889,0.07365205555555557,2,4
2020-08-26,Comm,0.12346499999999999,0.0887023888888889,0.0640093888888889,4,10
2020-08-27,Comm,0.10115,0.0804193888888889,0.0887023888888889,2,3
2020-08-28,Comm,0.23621666666666669,0.11579383333333335,0.0804193888888889,2,7
2020-08-31,Comm,0.19838888888888886,0.14773411111111112,0.11579383333333335,3,5
2020-09-01,Comm,0.14038333333333333,0.1599207777777778,0.14773411111111112,3,4
2020-09-02,Comm,0.2748333333333333,0.19019444444444444,0.1599207777777778,3,7
2020-09-03,Comm,0.10313333333333334,0.1905911111111111,0.19019444444444444,3,10
2020-09-04,Comm,0.2715916666666667,0.1976661111111111,0.1905911111111111,2,7
2020-09-08,Comm,0.17447000000000001,0.19288233333333332,0.1976661111111111,2,6
2020-09-09,Comm,0.19863333333333333,0.20453233333333337,0.19288233333333332,3,5
2020-09-10,Comm,0.012975000000000014,0.1521606666666667,0.20453233333333337,2,3
2020-09-11,Comm,-0.007366666666666667,0.13006066666666669,0.1521606666666667,3,4
2020-09-14,Comm,0.008612499999999997,0.07746483333333334,0.13006066666666669,3,12
2020-09-15,Comm,0.047488888888888886,0.05206861111111112,0.07746483333333334,3,11
2020-09-16,Comm,0.09562777777777777,0.03146750000000001,0.05206861111111112,3,8
2020-09-17,Comm,0.28176666666666667,0.08522583333333333,0.03146750000000001,3,5
2020-09-18,Comm,0.03440625,0.09358041666666668,0.08522583333333333,4,7
2020-09-21,Comm,0.08895937500000001,0.10964979166666669,0.09358041666666668,4,17
2020-09-22,Comm,0.30411666666666665,0.16097534722222223,0.10964979166666669,3,5
2020-09-23,Comm,0.187175,0.17928479166666667,0.16097534722222223,2,3
2020-09-24,Comm,0.19109500000000001,0.16115045833333336,0.17928479166666667,2,7
2020-09-25,Comm,-0.145725,0.12512420833333335,0.16115045833333336,2,3
2020-09-28,Comm,0.207663125,0.14886495833333335,0.12512420833333335,4,16
2020-09-29,Comm,0.0593,0.09990162500000002,0.14886495833333335,1,3
2020-09-30,Comm,0.138125,0.09009162500000002,0.09990162500000002,4,5
2020-10-01,Comm,0.03371111111111113,0.05861484722222225,0.09009162500000002,3,12
2020-10-02,Comm,-0.043925000000000006,0.07897484722222226,0.05861484722222225,4,4
2020-10-05,Comm,0.1412625,0.06569472222222225,0.07897484722222226,3,12
2020-10-06,Comm,0.09443750000000001,0.07272222222222224,0.06569472222222225,4,7
2020-10-07,Comm,0.3819,0.12147722222222226,0.07272222222222224,2,3
2020-10-08,Comm,-0.03424333333333333,0.10788633333333338,0.12147722222222226,3,8
2020-10-09,Comm,0.17659107142857144,0.15198954761904765,0.10788633333333338,4,14
2020-10-12,Comm,-0.03122020202020202,0.11749300721500726,0.15198954761904765,3,21
2020-10-13,Comm,-0.15122857142857143,0.06835979292929296,0.11749300721500726,3,12
2020-10-14,Comm,0.225334,0.03704659292929296,0.06835979292929296,5,13
2020-10-15,Comm,0.39544999999999997,0.1229852595959596,0.03704659292929296,2,5
2020-10-16,Comm,0.016958333333333315,0.09105871197691198,0.1229852595959596,3,6
2020-10-19,Comm,0.32250666666666666,0.16180408571428573,0.09105871197691198,5,13
2020-10-20,Comm,0.0,0.1920498,0.16180408571428573,1,3
2020-10-21,Comm,0.08453333333333334,0.16388966666666666,0.1920498,2,6
2020-10-22,Comm,0.022529166666666666,0.08930550000000001,0.16388966666666666,4,16
2020-10-23,Comm,0.39442499999999997,0.16479883333333337,0.08930550000000001,2,9
2020-10-26,Comm,0.22911828571428572,0.14612115714285717,0.16479883333333337,5,17
2020-10-27,Comm,0.0,0.14612115714285717,0.14612115714285717,2,2
2020-10-28,Comm,0.12582333333333331,0.15437915714285716,0.14612115714285717,3,17
2020-10-29,Comm,0.18925799999999998,0.18772492380952382,0.15437915714285716,5,17
2020-10-30,Comm,0.18485,0.1458099238095238,0.18772492380952382,4,6
2020-11-02,Comm,0.09752766666666667,0.11949180000000001,0.1458099238095238,5,19
2020-11-03,Comm,-0.05863133333333335,0.10776553333333334,0.11949180000000001,5,15
2020-11-04,Comm,0.12795444444444445,0.10819175555555557,0.10776553333333334,3,12
2020-11-05,Comm,0.008016333333333328,0.07194342222222223,0.10819175555555557,5,19
2020-11-06,Comm,0.08925299019607844,0.05282402026143793,0.07194342222222223,5,46
2020-11-09,Comm,0.24062285714285717,0.08144305835667602,0.05282402026143793,5,18
2020-11-10,Comm,0.02821500000000001,0.0988123250233427,0.08144305835667602,5,14
2020-11-11,Comm,-0.12654375,0.047912686134453805,0.0988123250233427,4,9
2020-11-12,Comm,0.10779999999999999,0.06786941946778714,0.047912686134453805,4,7
2020-11-13,Comm,0.23939999999999997,0.09789882142857145,0.06786941946778714,3,13
2020-11-16,Comm,0.125346,0.07484345000000002,0.09789882142857145,5,12
2020-11-17,Comm,0.14484,0.09816845000000003,0.07484345000000002,4,12
2020-11-18,Comm,0.018504,0.127178,0.09816845000000003,5,11
2020-11-19,Comm,0.3601809523809523,0.1776541904761905,0.127178,3,10
2020-11-20,Comm,-0.028395000000000004,0.12409519047619048,0.1776541904761905,5,15
2020-11-23,Comm,0.07341777777777779,0.11370954603174603,0.12409519047619048,3,9
2020-11-24,Comm,0.1578625,0.11631404603174604,0.11370954603174603,4,10
2020-11-25,Comm,0.16892000000000001,0.14639724603174603,0.11631404603174604,2,6
2020-11-27,Comm,0.2934333333333333,0.13304772222222225,0.14639724603174603,3,3
2020-11-30,Comm,0.10057777777777778,0.1588422777777778,0.13304772222222225,3,6
2020-12-01,Comm,0.1101,0.16617872222222224,0.1588422777777778,4,6
2020-12-02,Comm,-0.24695,0.08521622222222225,0.16617872222222224,2,2
2020-12-03,Comm,0.06958571428571429,0.0653493650793651,0.08521622222222225,2,8
2020-12-04,Comm,0.18588333333333332,0.0438393650793651,0.0653493650793651,3,10
2020-12-07,Comm,0.10297037037037036,0.04431788359788362,0.0438393650793651,3,12
2020-12-08,Comm,0.1494878787878788,0.05219545935545937,0.04431788359788362,3,13
2020-12-09,Comm,0.28564375,0.15871420935545938,0.05219545935545937,4,11
2020-12-10,Comm,0.19042187500000002,0.1828814414983165,0.15871420935545938,4,12
2020-12-11,Comm,0.078925,0.16148977483164983,0.1828814414983165,4,10
2020-12-14,Comm,0.090415625,0.15897882575757577,0.16148977483164983,4,31
2020-12-15,Comm,0.2356892857142857,0.17621910714285716,0.15897882575757577,2,9
2020-12-16,Comm,0.0,0.11909035714285716,0.17621910714285716,1,6
2020-12-17,Comm,0.0856625,0.09813848214285717,0.11909035714285716,1,8
2020-12-18,Comm,0.09286499999999999,0.10092648214285715,0.09813848214285717,4,8
2020-12-21,Comm,0.10076666666666667,0.10299669047619049,0.10092648214285715,4,18
2020-12-22,Comm,-0.007149999999999994,0.05442883333333335,0.10299669047619049,3,7
2020-12-23,Comm,0.1360875,0.08164633333333335,0.05442883333333335,2,5
2020-12-24,Comm,0.08195000000000001,0.08090383333333336,0.08164633333333335,1,4
2020-12-28,Comm,0.32134166666666664,0.12659916666666668,0.08090383333333336,3,10
2020-12-29,Comm,0.16933333333333334,0.1403125,0.12659916666666668,3,7
2020-12-30,Comm,0.26937500000000003,0.19561750000000003,0.1403125,2,4
2020-12-31,Comm,0.10568412698412699,0.18953682539682543,0.19561750000000003,3,11
2021-01-04,Comm,0.04506666666666667,0.18216015873015876,0.18953682539682543,3,10
2021-01-05,Comm,0.08761166666666667,0.13541415873015877,0.18216015873015876,5,17
2021-01-06,Comm,0.19834571428571426,0.14121663492063494,0.13541415873015877,3,13
2021-01-07,Comm,0.20583999999999997,0.12850963492063494,0.14121663492063494,5,10
2021-01-08,Comm,0.0,0.10737280952380954,0.12850963492063494,3,4
2021-01-11,Comm,0.27421249999999997,0.1532019761904762,0.10737280952380954,4,13
2021-01-12,Comm,-0.056258333333333334,0.12442797619047621,0.1532019761904762,3,6
2021-01-13,Comm,-0.047320833333333326,0.07529466666666669,0.12442797619047621,4,10
2021-01-14,Comm,0.05734,0.045594666666666686,0.07529466666666669,4,12
2021-01-15,Comm,0.26645,0.09888466666666669,0.045594666666666686,1,6
2021-01-19,Comm,0.053607499999999995,0.0547636666666667,0.09888466666666669,4,14
2021-01-20,Comm,-0.25,0.016015333333333374,0.0547636666666667,4,6
2021-01-21,Comm,-0.05456833333333334,0.014565833333333372,0.016015333333333374,4,10
2021-01-22,Comm,0.13025833333333334,0.02914950000000004,0.014565833333333372,3,12
2021-01-25,Comm,0.08483380952380952,-0.007173738095238061,0.02914950000000004,5,26
2021-01-26,Comm,-0.12214761904761905,-0.042324761904761865,-0.007173738095238061,3,10
2021-01-27,Comm,0.077415,0.02315823809523813,-0.042324761904761865,2,11
2021-01-28,Comm,0.29169270833333333,0.09241044642857146,0.02315823809523813,4,24
2021-01-29,Comm,0.1041266666666667,0.08718411309523813,0.09241044642857146,5,17
2021-02-01,Comm,0.41345333333333334,0.15290801785714292,0.08718411309523813,5,11
2021-02-02,Comm,0.15296166666666666,0.20792987500000004,0.15290801785714292,5,18
2021-02-03,Comm,0.10411111111111111,0.2132690972222223,0.20792987500000004,3,10
2021-02-04,Comm,0.11349791666666666,0.17763013888888893,0.2132690972222223,4,9
2021-02-05,Comm,0.068705,0.1705458055555556,0.17763013888888893,5,12
2021-02-08,Comm,-0.032905,0.08127413888888893,0.1705458055555556,5,21
2021-02-09,Comm,0.0270625,0.0560943055555556,0.08127413888888893,4,26
2021-02-10,Comm,-0.039642222222222225,0.02734363888888893,0.0560943055555556,3,10
2021-02-11,Comm,0.11621000000000001,0.0278860555555556,0.02734363888888893,5,11
2021-02-12,Comm,0.3825,0.0906450555555556,0.0278860555555556,2,2
2021-02-16,Comm,0.12417212121212122,0.12206047979797985,0.0906450555555556,5,26
2021-02-17,Comm,0.07141111111111112,0.13093020202020206,0.12206047979797985,3,5
2021-02-18,Comm,0.19733333333333333,0.17832531313131317,0.13093020202020206,3,6
2021-02-19,Comm,0.22057500000000002,0.19919831313131317,0.17832531313131317,4,6
2021-02-22,Comm,0.189745,0.16064731313131317,0.19919831313131317,4,8
2021-02-23,Comm,0.2686222222222222,0.1895373333333334,0.16064731313131317,3,7
2021-02-24,Comm,-0.023973214285714278,0.17046046825396827,0.1895373333333334,4,13
2021-02-25,Comm,0.009919444444444446,0.1329776904761905,0.17046046825396827,4,16
2021-02-26,Comm,0.13307499999999997,0.1154776904761905,0.1329776904761905,3,9
2021-03-01,Comm,0.021162500000000004,0.0817611904761905,0.1154776904761905,4,13
2021-03-02,Comm,0.2687,0.08177674603174606,0.0817611904761905,3,7
2021-03-03,Comm,0.100545,0.10668038888888891,0.08177674603174606,4,9
2021-03-04,Comm,0.1925,0.14319650000000003,0.10668038888888891,4,5
2021-03-05,Comm,0.09791333333333332,0.1361641666666667,0.14319650000000003,5,12
2021-03-08,Comm,-0.068966,0.11813846666666669,0.1361641666666667,5,10
2021-03-09,Comm,0.193225,0.10304346666666671,0.11813846666666669,4,5
2021-03-10,Comm,0.14073750000000002,0.1110819666666667,0.10304346666666671,4,13
2021-03-11,Comm,0.1916266666666667,0.11090730000000004,0.1110819666666667,3,9
2021-03-12,Comm,0.19955,0.13123463333333338,0.11090730000000004,4,10
2021-03-15,Comm,0.11650729166666667,0.1683292916666667,0.13123463333333338,4,14
2021-03-16,Comm,0.07448666666666666,0.14458162500000005,0.1683292916666667,3,10
2021-03-17,Comm,0.1295,0.14233412500000003,0.14458162500000005,5,8
2021-03-18,Comm,-0.00976666666666666,0.10205545833333338,0.14233412500000003,4,9
2021-03-19,Comm,0.24985666666666667,0.1121167916666667,0.10205545833333338,5,10
2021-03-22,Comm,0.018274999999999996,0.09247033333333336,0.1121167916666667,3,6
2021-03-23,Comm,0.055409999999999994,0.08865500000000004,0.09247033333333336,2,6
2021-03-24,Comm,0.24002916666666665,0.11076083333333338,0.08865500000000004,4,7
2021-03-25,Comm,-0.003094999999999998,0.1120951666666667,0.11076083333333338,4,9
2021-03-26,Comm,0.2016625,0.10245633333333334,0.1120951666666667,2,6
2021-03-29,Comm,0.1573013888888889,0.13026161111111115,0.10245633333333334,4,17
2021-03-30,Comm,0.25015,0.16920961111111116,0.13026161111111115,4,7
2021-03-31,Comm,-0.03288888888888889,0.11462600000000005,0.16920961111111116,3,5
2021-04-01,Comm,0.0954425,0.13433350000000005,0.11462600000000005,4,9
2021-04-05,Comm,0.353308,0.16466260000000005,0.13433350000000005,5,21
2021-04-06,Comm,0.15662380952380953,0.16452708412698416,0.16466260000000005,3,9
2021-04-07,Comm,0.06947,0.12839108412698413,0.16452708412698416,2,7
2021-04-08,Comm,0.20096666666666668,0.17516219523809526,0.12839108412698413,5,11
2021-04-09,Comm,0.07847749999999999,0.17176919523809525,0.17516219523809526,4,12
2021-04-12,Comm,-0.12152,0.07680359523809528,0.17176919523809525,3,8
2021-04-13,Comm,0.3429533333333333,0.11406950000000002,0.07680359523809528,3,7
2021-04-14,Comm,0.16172,0.1325195,0.11406950000000002,5,14
2021-04-15,Comm,0.027225,0.0977711666666667,0.1325195,2,7
2021-04-16,Comm,0.301875,0.14245066666666667,0.0977711666666667,2,4
2021-04-19,Comm,-0.03251875,0.16025091666666672,0.14245066666666667,4,8
2021-04-20,Comm,-0.009421428571428577,0.08977596428571433,0.16025091666666672,4,12
2021-04-21,Comm,0.0625814814814815,0.06994826058201062,0.08977596428571433,3,18
2021-04-22,Comm,0.15234949494949493,0.0949731595719096,0.06994826058201062,3,26
2021-04-23,Comm,0.22706833333333334,0.08001182623857628,0.0949731595719096,3,10
2021-04-26,Comm,-0.01887916666666667,0.08273974290524293,0.08001182623857628,4,9
2021-04-27,Comm,0.14462222222222224,0.11354847306397309,0.08273974290524293,3,11
2021-04-28,Comm,0.2835,0.15773217676767678,0.11354847306397309,4,10
2021-04-29,Comm,0.19604625,0.1664715277777778,0.15773217676767678,4,12
2021-04-30,Comm,0.17981111111111112,0.15702008333333337,0.1664715277777778,3,10
2021-05-03,Comm,0.16276,0.19334791666666667,0.15702008333333337,5,19
2021-05-04,Comm,0.3635075,0.23712497222222223,0.19334791666666667,4,10
2021-05-05,Comm,0.215625,0.22354997222222223,0.23712497222222223,4,17
2021-05-06,Comm,-0.06895,0.17055072222222226,0.22354997222222223,2,5
2021-05-07,Comm,0.10294166666666665,0.15517683333333337,0.17055072222222226,4,8
2021-05-10,Comm,-0.09778033333333333,0.10306876666666669,0.15517683333333337,5,14
2021-05-11,Comm,0.204115,0.0711902666666667,0.10306876666666669,5,15
2021-05-12,Comm,0.10578333333333334,0.049221933333333356,0.0711902666666667,5,13
2021-05-13,Comm,0.0,0.06301193333333335,0.049221933333333356,1,1
2021-05-14,Comm,0.0,0.04242360000000003,0.06301193333333335,2,2
2021-05-17,Comm,0.04005282051282051,0.06999023076923079,0.04242360000000003,5,40
2021-05-18,Comm,0.007811666666666666,0.030729564102564128,0.06999023076923079,5,32
2021-05-19,Comm,0.19171666666666667,0.047916230769230794,0.030729564102564128,3,21
2021-05-20,Comm,0.139037,0.07572363076923079,0.047916230769230794,5,17
2021-05-21,Comm,0.23032285714285713,0.12178820219780222,0.07572363076923079,5,14
2021-05-24,Comm,-0.11951800000000001,0.08987403809523811,0.12178820219780222,5,15
2021-05-25,Comm,0.3670175,0.16171520476190476,0.08987403809523811,4,13
2021-05-26,Comm,0.08109999999999999,0.13959187142857143,0.16171520476190476,3,9
2021-05-27,Comm,0.21013600000000002,0.15381167142857144,0.13959187142857143,5,14
2021-05-28,Comm,0.410497,0.1898465,0.15381167142857144,5,15
2021-06-01,Comm,0.400045,0.29375910000000005,0.1898465,2,11
2021-06-02,Comm,0.136435,0.24764260000000005,0.29375910000000005,5,8
2021-06-03,Comm,0.006783333333333326,0.23277926666666668,0.24764260000000005,2,4
2021-06-04,Comm,0.331385,0.2570290666666667,0.23277926666666668,5,11
2021-06-07,Comm,0.2558577777777778,0.22610122222222223,0.2570290666666667,5,16
2021-06-08,Comm,0.28778333333333334,0.2036488888888889,0.22610122222222223,4,7
2021-06-09,Comm,0.0,0.17636188888888893,0.2036488888888889,1,2
2021-06-10,Comm,0.06415371428571429,0.18783596507936512,0.17636188888888893,5,16
2021-06-11,Comm,0.3897083333333334,0.19950063174603178,0.18783596507936512,2,8
2021-06-14,Comm,0.10249166666666668,0.16882740952380954,0.19950063174603178,4,10
2021-06-15,Comm,0.09738,0.13074674285714288,0.16882740952380954,5,8
2021-06-16,Comm,0.33685,0.1981167428571429,0.13074674285714288,4,12
2021-06-17,Comm,0.4427833333333333,0.2738426666666667,0.1981167428571429,3,4
2021-06-18,Comm,0.0,0.19590100000000002,0.2738426666666667,3,4
2021-06-21,Comm,0.2879,0.2329826666666667,0.19590100000000002,3,8
2021-06-22,Comm,-0.15037499999999998,0.1834316666666667,0.2329826666666667,2,3
2021-06-23,Comm,0.0032008333333333333,0.11670183333333335,0.1834316666666667,4,17
2021-06-24,Comm,-0.13822083333333335,0.0005010000000000181,0.11670183333333335,4,13
2021-06-25,Comm,0.10041666666666667,0.02058433333333335,0.0005010000000000181,3,6
2021-06-28,Comm,0.27258875,0.017522083333333348,0.02058433333333335,4,11
2021-06-29,Comm,0.2202,0.09163708333333334,0.017522083333333348,2,2
2021-06-30,Comm,0.28814999999999996,0.14862691666666666,0.09163708333333334,3,14
2021-07-01,Comm,0.28471250000000003,0.23321358333333336,0.14862691666666666,4,9
2021-07-02,Comm,0.0216,0.21745025000000004,0.23321358333333336,5,5
2021-07-06,Comm,0.056125,0.17415750000000002,0.21745025000000004,4,7
2021-07-07,Comm,0.07976000000000001,0.14606950000000002,0.17415750000000002,2,7
2021-07-08,Comm,0.21866666666666668,0.13217283333333335,0.14606950000000002,4,9
2021-07-09,Comm,0.33595555555555556,0.14242144444444446,0.13217283333333335,3,6
2021-07-12,Comm,0.10926,0.15995344444444448,0.14242144444444446,5,10
2021-07-13,Comm,0.11024,0.17077644444444445,0.15995344444444448,5,10
2021-07-14,Comm,0.028333333333333335,0.16049111111111114,0.17077644444444445,4,7
2021-07-15,Comm,-0.047633333333333326,0.10723111111111114,0.16049111111111114,3,5
2021-07-16,Comm,0.040111666666666664,0.04806233333333336,0.10723111111111114,4,16
2021-07-19,Comm,0.27175666666666665,0.08056166666666668,0.04806233333333336,5,14
2021-07-20,Comm,0.40086,0.13868566666666668,0.08056166666666668,3,7
2021-07-21,Comm,-0.04078333333333334,0.12486233333333337,0.13868566666666668,4,12
2021-07-22,Comm,0.231465625,0.180682125,0.12486233333333337,4,14
2021-07-23,Comm,0.11189444444444444,0.19503868055555557,0.180682125,4,18
2021-07-26,Comm,0.023929999999999996,0.14547334722222224,0.19503868055555557,2,10
2021-07-27,Comm,0.14586666666666667,0.09447468055555558,0.14547334722222224,3,6
2021-07-28,Comm,0.13341666666666668,0.12931468055555556,0.09447468055555558,4,7
2021-07-29,Comm,0.217265873015873,0.12647473015873018,0.12931468055555556,3,17
2021-07-30,Comm,0.03771666666666667,0.11163917460317463,0.12647473015873018,3,6
2021-08-02,Comm,0.02654583333333333,0.1121623412698413,0.11163917460317463,4,15
2021-08-03,Comm,0.15055833333333335,0.11310067460317463,0.1121623412698413,4,20
2021-08-04,Comm,0.07569999999999999,0.10155734126984128,0.11310067460317463,4,16
2021-08-05,Comm,0.15215416666666665,0.08853500000000003,0.10155734126984128,4,15
2021-08-06,Comm,0.019437499999999983,0.08487916666666669,0.08853500000000003,4,6
2021-08-09,Comm,0.16604166666666667,0.11277833333333334,0.08487916666666669,5,15
2021-08-10,Comm,0.16540833333333332,0.11574833333333334,0.11277833333333334,4,11
2021-08-11,Comm,-0.059833333333333315,0.08864166666666669,0.11574833333333334,3,4
2021-08-12,Comm,0.32742,0.12369483333333338,0.08864166666666669,5,13
2021-08-13,Comm,0.23151666666666668,0.16611066666666668,0.12369483333333338,3,6
2021-08-16,Comm,0.04236160714285715,0.1413746547619048,0.16611066666666668,4,13
2021-08-17,Comm,0.193525,0.14699798809523812,0.1413746547619048,4,5
2021-08-18,Comm,0.031816964285714275,0.16532804761904765,0.14699798809523812,4,14
2021-08-19,Comm,0.082035,0.11625104761904766,0.16532804761904765,2,7
2021-08-20,Comm,0.04287222222222223,0.07852215873015875,0.11625104761904766,3,9
2021-08-23,Comm,0.24009666666666668,0.11806917063492066,0.07852215873015875,5,10
2021-08-24,Comm,0.35366666666666663,0.150097503968254,0.11806917063492066,3,5
2021-08-25,Comm,0.3715,0.21803411111111112,0.150097503968254,1,2
2021-08-26,Comm,0.23911666666666664,0.24945044444444445,0.21803411111111112,3,7
2021-08-27,Comm,0.4778791666666667,0.3364518333333334,0.24945044444444445,4,9
2021-08-30,Comm,0.14634750000000002,0.31770200000000004,0.3364518333333334,4,12
2021-08-31,Comm,0.10158333333333332,0.2672853333333334,0.31770200000000004,2,4
2021-09-01,Comm,,0.24123166666666668,0.2672853333333334,0,0
2021-09-02,Comm,0.07192777777777777,0.19943444444444447,0.24123166666666668,3,8
2021-09-03,Comm,0.31587777777777776,0.15893409722222224,0.19943444444444447,3,6
2021-09-07,Comm,0.23976666666666668,0.1822888888888889,0.15893409722222224,3,11
2021-09-08,Comm,0.16150208333333332,0.1972685763888889,0.1822888888888889,4,10
2021-09-09,Comm,-0.07540514285714287,0.14273383253968255,0.1972685763888889,5,26
2021-09-10,Comm,0.04114749999999999,0.13657777698412701,0.14273383253968255,4,9
2021-09-13,Comm,0.24829285714285715,0.12306079285714286,0.13657777698412701,5,13
2021-09-14,Comm,0.16030416666666666,0.10716829285714287,0.12306079285714286,4,18
2021-09-15,Comm,0.007855000000000001,0.07643887619047621,0.10716829285714287,3,11
2021-09-16,Comm,0.07842916666666666,0.1072057380952381,0.07643887619047621,4,12
2021-09-17,Comm,0.06530428571428572,0.11203709523809524,0.1072057380952381,4,17
2021-09-20,Comm,0.3034075757575757,0.12306003896103897,0.11203709523809524,5,24
2021-09-21,Comm,0.14836666666666667,0.12067253896103895,0.12306003896103897,3,6
2021-09-22,Comm,0.10244400000000001,0.13959033896103898,0.12067253896103895,5,11
2021-09-23,Comm,0.10536000000000001,0.14497650562770564,0.13959033896103898,5,9
2021-09-24,Comm,0.010666666666666677,0.13404898181818184,0.14497650562770564,3,6
2021-09-27,Comm,0.16967083333333335,0.10730163333333335,0.13404898181818184,4,10
2021-09-28,Comm,0.158621,0.10935250000000003,0.10730163333333335,5,14
2021-09-29,Comm,-0.06775,0.07531370000000001,0.10935250000000003,4,7
2021-09-30,Comm,0.10342666666666667,0.07492703333333335,0.07531370000000001,5,10
2021-10-01,Comm,0.20576250000000001,0.11394620000000003,0.07492703333333335,4,5
2021-10-04,Comm,0.036649999999999995,0.08734203333333335,0.11394620000000003,5,12
2021-10-05,Comm,0.004107142857142858,0.056439261904761916,0.08734203333333335,4,10
2021-10-06,Comm,0.026670833333333335,0.07532342857142857,0.056439261904761916,4,16
2021-10-07,Comm,0.23674166666666668,0.10198642857142859,0.07532342857142857,5,10
2021-10-08,Comm,0.013406250000000008,0.06351517857142859,0.10198642857142859,2,10
2021-10-11,Comm,0.19174,0.0945331785714286,0.06351517857142859,5,12
2021-10-12,Comm,0.3031833333333333,0.15434841666666668,0.0945331785714286,3,8
2021-10-13,Comm,-0.14822222222222223,0.11936980555555557,0.15434841666666668,3,7
2021-10-14,Comm,-0.0017416666666666598,0.07167313888888889,0.11936980555555557,3,6
2021-10-15,Comm,0.40364999999999995,0.14972188888888888,0.07167313888888889,2,5
2021-10-18,Comm,0.28504999999999997,0.1683838888888889,0.14972188888888888,3,7
2021-10-19,Comm,0.08238333333333334,0.12422388888888887,0.1683838888888889,4,6
2021-10-20,Comm,0.10126666666666667,0.17412166666666667,0.12422388888888887,2,6
2021-10-21,Comm,0.051285000000000004,0.184727,0.17412166666666667,5,25
2021-10-22,Comm,0.25353333333333333,0.15470366666666668,0.184727,4,10
2021-10-25,Comm,0.47016,0.19172566666666668,0.15470366666666668,4,8
2021-10-26,Comm,0.2707571428571428,0.22940042857142856,0.19172566666666668,5,12
2021-10-27,Comm,0.28475,0.26609709523809527,0.22940042857142856,2,3
2021-10-28,Comm,0.11359166666666666,0.27855842857142854,0.26609709523809527,4,11
2021-10-29,Comm,0.230325,0.2739167619047619,0.27855842857142854,4,12
2021-11-01,Comm,0.12747500000000003,0.20537976190476193,0.2739167619047619,3,6
2021-11-02,Comm,0.2721616666666667,0.20566066666666666,0.20537976190476193,5,15
2021-11-03,Comm,0.1954705,0.18780476666666668,0.20566066666666666,5,26
2021-11-04,Comm,0.13950533333333331,0.1929875,0.18780476666666668,5,20
2021-11-05,Comm,0.218875,0.19069750000000002,0.1929875,4,8
2021-11-08,Comm,-0.1819666666666667,0.12880916666666667,0.19069750000000002,5,7
2021-11-09,Comm,0.13537499999999997,0.10145183333333332,0.12880916666666667,4,8
2021-11-10,Comm,0.055966666666666644,0.07355106666666664,0.10145183333333332,3,5
2021-11-11,Comm,0.13193333333333335,0.07203666666666665,0.07355106666666664,4,9
2021-11-12,Comm,0.15511666666666665,0.05928499999999999,0.07203666666666665,4,9
2021-11-15,Comm,0.129412,0.12156073333333332,0.05928499999999999,5,12
2021-11-16,Comm,0.11215,0.11691573333333331,0.12156073333333332,4,11
2021-11-17,Comm,-0.003999999999999999,0.1049224,0.11691573333333331,3,8
2021-11-18,Comm,0.144,0.10733573333333332,0.1049224,5,13
2021-11-19,Comm,0.0540625,0.08712489999999999,0.10733573333333332,4,9
2021-11-22,Comm,0.16251666666666667,0.09374583333333333,0.08712489999999999,2,7
2021-11-23,Comm,0.08688200000000001,0.08869223333333334,0.09374583333333333,5,11
2021-11-24,Comm,0.17435,0.12436223333333332,0.08869223333333334,4,7
2021-11-26,Comm,-0.035593333333333324,0.08844356666666667,0.12436223333333332,5,7
2021-11-29,Comm,-0.10683333333333334,0.056264400000000006,0.08844356666666667,3,5
2021-11-30,Comm,0.1138621212121212,0.04653349090909091,0.056264400000000006,3,14
2021-12-01,Comm,0.24037916666666667,0.07723292424242426,0.04653349090909091,4,8
2021-12-02,Comm,-0.064,0.029562924242424245,0.07723292424242426,5,6
2021-12-03,Comm,0.022749999999999992,0.04123159090909091,0.029562924242424245,2,6
2021-12-06,Comm,0.06634166666666667,0.07586659090909091,0.04123159090909091,4,12
2021-12-07,Comm,0.24711666666666668,0.1025175,0.07586659090909091,4,9
2021-12-08,Comm,0.2553625,0.10551416666666666,0.1025175,4,9
2021-12-09,Comm,0.06064166666666667,0.13044250000000002,0.10551416666666666,3,7
2021-12-10,Comm,0.15510666666666667,0.15691383333333334,0.13044250000000002,5,9
2021-12-13,Comm,0.040465,0.1517385,0.15691383333333334,5,9
2021-12-14,Comm,0.07332222222222222,0.11697961111111113,0.1517385,3,5
2021-12-15,Comm,0.02006333333333334,0.06991977777777778,0.11697961111111113,3,8
2021-12-16,Comm,0.22163249999999998,0.10211794444444444,0.06991977777777778,5,13
2021-12-17,Comm,-0.0788892857142857,0.05531875396825396,0.10211794444444444,4,11
2021-12-20,Comm,0.1740075,0.08202725396825397,0.05531875396825396,5,13
2021-12-21,Comm,0.08924375,0.08521155952380952,0.08202725396825397,4,13
2021-12-22,Comm,0.3933,0.15985889285714286,0.08521155952380952,2,7
2021-12-23,Comm,0.14243555555555554,0.14401950396825397,0.15985889285714286,3,10
2021-12-27,Comm,0.320525,0.22390236111111111,0.14401950396825397,1,8
2021-12-28,Comm,0.07275,0.2036508611111111,0.22390236111111111,2,9
2021-12-29,Comm,0.11843333333333333,0.20948877777777777,0.2036508611111111,2,4
2021-12-30,Comm,0.1517133333333333,0.16117144444444445,0.20948877777777777,4,15
2021-12-31,Comm,0.02198888888888889,0.1370821111111111,0.16117144444444445,3,7
2022-01-03,Comm,0.20378846153846153,0.1137348034188034,0.1370821111111111,2,14
2022-01-04,Comm,0.26890000000000003,0.15296480341880342,0.1137348034188034,2,9
2022-01-05,Comm,0.2087375,0.17102563675213672,0.15296480341880342,4,15
2022-01-06,Comm,0.27112600000000003,0.1949081700854701,0.17102563675213672,5,18
2022-01-07,Comm,0.133331,0.21717659230769235,0.1949081700854701,5,20
2022-01-10,Comm,0.1282167857142857,0.20206225714285714,0.21717659230769235,5,27
2022-01-11,Comm,0.11061499999999999,0.17040525714285715,0.20206225714285714,5,14
2022-01-12,Comm,0.06138533333333333,0.14093482380952382,0.17040525714285715,5,14
2022-01-13,Comm,0.19136333333333333,0.12498229047619047,0.14093482380952382,4,17
2022-01-14,Comm,0.07919066666666666,0.11415422380952381,0.12498229047619047,5,18
2022-01-18,Comm,-0.13218768207282913,0.062073330252100836,0.11415422380952381,5,43
2022-01-19,Comm,0.11530666666666667,0.06301166358543417,0.062073330252100836,5,21
2022-01-20,Comm,0.48213737373737375,0.14716207166624223,0.06301166358543417,3,15
2022-01-21,Comm,0.262575,0.1614044049995756,0.14716207166624223,4,14
2022-01-24,Comm,0.1472922222222222,0.1750247161106867,0.1614044049995756,5,22
2022-01-25,Comm,-0.017620833333333336,0.19793808585858585,0.1750247161106867,4,19
2022-01-26,Comm,0.35417,0.24571075252525257,0.19793808585858585,5,26
2022-01-27,Comm,0.1775514880952381,0.18479357539682542,0.24571075252525257,4,22
2022-01-28,Comm,-0.137682,0.1047421753968254,0.18479357539682542,5,19
2022-01-31,Comm,0.14554657142857144,0.10439304523809526,0.1047421753968254,5,25
2022-02-01,Comm,0.03802666666666667,0.11552254523809524,0.10439304523809526,5,31
2022-02-02,Comm,0.18948809523809523,0.08258616428571429,0.11552254523809524,5,17
2022-02-03,Comm,0.16294142857142857,0.0796641523809524,0.08258616428571429,5,24
2022-02-04,Comm,0.07424,0.12204855238095239,0.0796641523809524,5,13
2022-02-07,Comm,0.251174,0.1431740380952381,0.12204855238095239,5,23
2022-02-08,Comm,0.10097833333333335,0.15576437142857144,0.1431740380952381,5,14
2022-02-09,Comm,0.2673,0.17132675238095238,0.15576437142857144,5,10
2022-02-10,Comm,0.5354958333333334,0.24583763333333336,0.17132675238095238,4,9
2022-02-11,Comm,-0.04595999999999999,0.22179763333333335,0.24583763333333336,5,12
2022-02-14,Comm,0.18856933333333334,0.20927670000000004,0.22179763333333335,5,14
2022-02-15,Comm,0.21824500000000002,0.23273003333333336,0.20927670000000004,4,10
2022-02-16,Comm,0.10115,0.19950003333333338,0.23273003333333336,3,4
2022-02-17,Comm,0.21871285714285715,0.13614343809523813,0.19950003333333338,5,13
2022-02-18,Comm,0.0,0.14533543809523813,0.13614343809523813,3,4
2022-02-22,Comm,-0.09255952380952381,0.08910966666666667,0.14533543809523813,3,12
2022-02-23,Comm,-0.164925,0.012475666666666673,0.08910966666666667,4,4
2022-02-24,Comm,0.13551666666666667,0.01934900000000001,0.012475666666666673,3,5
2022-02-25,Comm,0.2653333333333333,0.028673095238095237,0.01934900000000001,4,7
2022-02-28,Comm,0.25146250000000003,0.07896559523809524,0.028673095238095237,4,16
2022-03-01,Comm,0.05462499999999999,0.1084025,0.07896559523809524,4,5
2022-03-02,Comm,0.21821,0.1850295,0.1084025,2,6
2022-03-03,Comm,0.05689999999999999,0.16930616666666665,0.1850295,5,11
2022-03-04,Comm,0.07145625,0.13053075,0.16930616666666665,4,11
2022-03-07,Comm,0.14925416666666666,0.11008908333333331,0.13053075,4,13
2022-03-08,Comm,0.07745555555555554,0.11465519444444443,0.11008908333333331,3,5
2022-03-09,Comm,0.15221800000000002,0.10145679444444444,0.11465519444444443,5,13
2022-03-10,Comm,0.12220833333333334,0.11451846111111111,0.10145679444444444,4,9
2022-03-11,Comm,0.07432083333333334,0.11509137777777778,0.11451846111111111,3,11
2022-03-14,Comm,0.16461309523809523,0.1181631634920635,0.11509137777777778,3,13
2022-03-15,Comm,0.1897825,0.1406285523809524,0.1181631634920635,4,9
2022-03-16,Comm,-0.0129,0.10760495238095238,0.1406285523809524,2,3
2022-03-17,Comm,-0.06243333333333333,0.07067661904761904,0.10760495238095238,4,6
2022-03-18,Comm,0.28582,0.1129764523809524,0.07067661904761904,5,7
2022-03-21,Comm,0.11884750000000001,0.10382333333333334,0.1129764523809524,4,9
2022-03-22,Comm,-0.24561666666666668,0.016743500000000012,0.10382333333333334,3,9
2022-03-23,Comm,0.036675,0.02665850000000001,0.016743500000000012,4,8
2022-03-24,Comm,0.17205625000000002,0.07355641666666668,0.02665850000000001,4,9
2022-03-25,Comm,-0.4215,-0.06790758333333333,0.07355641666666668,1,1
2022-03-28,Comm,0.23035166666666665,-0.04560674999999999,-0.06790758333333333,4,14
2022-03-29,Comm,0.06619166666666668,0.016754916666666675,-0.04560674999999999,4,11
2022-03-30,Comm,0.1476,0.03893991666666667,0.016754916666666675,3,5
2022-03-31,Comm,0.18840625,0.042209916666666666,0.03893991666666667,4,10
2022-04-01,Comm,0.08058333333333335,0.14262658333333333,0.042209916666666666,3,5
2022-04-04,Comm,0.19066625,0.13468950000000002,0.14262658333333333,4,16
2022-04-05,Comm,-0.069578,0.10753556666666667,0.13468950000000002,5,12
2022-04-06,Comm,0.021333333333333333,0.08228223333333334,0.10753556666666667,2,4
2022-04-07,Comm,0.002922916666666664,0.04518556666666668,0.08228223333333334,4,12
2022-04-08,Comm,0.1084125,0.0507514,0.04518556666666668,2,9
2022-04-11,Comm,0.07821274509803922,0.028260699019607836,0.0507514,3,20
2022-04-12,Comm,0.3797809523809524,0.11813248949579831,0.028260699019607836,3,9
2022-04-13,Comm,0.23527708333333336,0.16092123949579834,0.11813248949579831,4,10
2022-04-14,Comm,-0.06482999999999998,0.147370656162465,0.16092123949579834,4,10
2022-04-18,Comm,0.035902857142857146,0.13286872759103643,0.147370656162465,5,17
2022-04-19,Comm,-0.03231066666666667,0.11076404523809524,0.13286872759103643,5,16
2022-04-20,Comm,0.240775,0.08296285476190476,0.11076404523809524,3,12
2022-04-21,Comm,0.21244039473684212,0.07839551704260653,0.08296285476190476,4,27
2022-04-22,Comm,0.07140476190476192,0.1056424694235589,0.07839551704260653,4,12
2022-04-25,Comm,0.11344333333333334,0.12115056466165415,0.1056424694235589,3,17
2022-04-26,Comm,0.37092166666666665,0.20179703132832083,0.12115056466165415,4,13
2022-04-27,Comm,0.13415119047619045,0.1804722694235589,0.20179703132832083,4,18
2022-04-28,Comm,0.12261333333333332,0.16250685714285712,0.1804722694235589,5,14
2022-04-29,Comm,0.15640125,0.17950615476190473,0.16250685714285712,4,12
2022-05-02,Comm,0.09821200000000001,0.17645988809523808,0.17950615476190473,5,12
2022-05-03,Comm,-0.013158333333333336,0.09964388809523808,0.17645988809523808,3,7
2022-05-04,Comm,-0.013600000000000001,0.07009365,0.09964388809523808,4,5
2022-05-05,Comm,0.026300000000000014,0.050830983333333336,0.07009365,4,9
2022-05-06,Comm,0.24107866666666666,0.06776646666666666,0.050830983333333336,5,14
2022-05-09,Comm,-0.0373275,0.04065856666666666,0.06776646666666666,5,14
2022-05-10,Comm,0.01224107142857142,0.04573844761904762,0.04065856666666666,4,11
2022-05-11,Comm,0.15058000000000002,0.07857444761904762,0.04573844761904762,3,14
2022-05-12,Comm,-0.00784,0.07174644761904761,0.07857444761904762,4,11
2022-05-13,Comm,0.27122222222222225,0.07777515873015875,0.07174644761904761,3,7
2022-05-16,Comm,0.04473333333333335,0.09418732539682542,0.07777515873015875,3,10
2022-05-17,Comm,0.019453333333333333,0.09562977777777779,0.09418732539682542,5,22
2022-05-18,Comm,-0.021075,0.06129877777777779,0.09562977777777779,5,11
2022-05-19,Comm,0.07331666666666668,0.07753011111111113,0.06129877777777779,3,10
2022-05-20,Comm,0.19041,0.06136766666666669,0.07753011111111113,5,7
2022-05-23,Comm,0.038322499999999995,0.060085500000000014,0.06136766666666669,4,9
2022-05-24,Comm,0.142028,0.08460043333333335,0.060085500000000014,5,11
2022-05-25,Comm,0.24716,0.13824743333333336,0.08460043333333335,5,11
2022-05-26,Comm,0.20109333333333335,0.16380276666666668,0.13824743333333336,5,11
2022-05-27,Comm,0.09177916666666666,0.14407660000000003,0.16380276666666668,4,9
2022-05-31,Comm,0.2831777777777778,0.19304765555555556,0.14407660000000003,3,10
2022-06-01,Comm,0.34754999999999997,0.23415205555555557,0.19304765555555556,2,5
2022-06-02,Comm,-0.14433,0.15585405555555557,0.23415205555555557,5,8
2022-06-03,Comm,0.0347775,0.12259088888888889,0.15585405555555557,4,13
2022-06-06,Comm,0.01480666666666669,0.1071963888888889,0.12259088888888889,5,8
2022-06-07,Comm,0.2805125,0.10666333333333333,0.1071963888888889,2,6
2022-06-08,Comm,0.31982,0.10111733333333332,0.10666333333333333,3,9
2022-06-09,Comm,0.10119199999999999,0.15022173333333336,0.10111733333333332,5,14
2022-06-10,Comm,-0.031369999999999995,0.13699223333333335,0.15022173333333336,5,10
2022-06-13,Comm,0.10443,0.1549169,0.13699223333333335,5,10
2022-06-14,Comm,0.277621875,0.15433877499999998,0.1549169,4,11
2022-06-15,Comm,0.05351999999999999,0.101078775,0.15433877499999998,5,10
2022-06-16,Comm,0.022036666666666666,0.08524770833333334,0.101078775,5,13
2022-06-17,Comm,0.1711825,0.12575820833333334,0.08524770833333334,4,9
2022-06-21,Comm,0.0648625,0.11784470833333334,0.12575820833333334,4,12
2022-06-22,Comm,0.16624166666666668,0.09556866666666666,0.11784470833333334,3,8
2022-06-23,Comm,0.05241555555555555,0.09534777777777778,0.09556866666666666,3,9
2022-06-24,Comm,-0.03716,0.08350844444444445,0.09534777777777778,2,6
2022-06-27,Comm,0.14843125000000001,0.07895819444444445,0.08350844444444445,4,11
2022-06-28,Comm,0.1445875,0.09490319444444446,0.07895819444444445,4,5
2022-06-29,Comm,0.058645833333333335,0.07338402777777778,0.09490319444444446,2,7
2022-06-30,Comm,0.1959216666666667,0.10208525000000002,0.07338402777777778,5,14
2022-07-01,Comm,0.39085000000000003,0.18768725000000003,0.10208525000000002,4,8
2022-07-05,Comm,0.13880208333333333,0.18576141666666668,0.18768725000000003,4,17
2022-07-06,Comm,-0.2386694444444444,0.10911002777777781,0.18576141666666668,3,8
2022-07-07,Comm,0.0,0.09738086111111113,0.10911002777777781,1,1
2022-07-08,Comm,0.07390833333333334,0.07297819444444446,0.09738086111111113,2,8
2022-07-11,Comm,0.18944066666666665,0.03269632777777779,0.07297819444444446,5,19
2022-07-12,Comm,0.16039333333333333,0.03701457777777779,0.03269632777777779,5,9
2022-07-13,Comm,-0.05285,0.07417846666666666,0.03701457777777779,4,7
2022-07-14,Comm,0.07955666666666666,0.09008980000000001,0.07417846666666666,3,8
2022-07-15,Comm,-0.12386666666666667,0.050534800000000005,0.09008980000000001,3,4
2022-07-18,Comm,0.06257455357142858,0.025161577380952392,0.050534800000000005,4,18
2022-07-19,Comm,0.2194875,0.036980410714285726,0.025161577380952392,4,8
2022-07-20,Comm,0.006277083333333332,0.04880582738095239,0.036980410714285726,4,10
2022-07-21,Comm,0.204616,0.07381769404761906,0.04880582738095239,5,33
2022-07-22,Comm,0.14405333333333334,0.12740169404761909,0.07381769404761906,4,19
2022-07-25,Comm,-0.01635388888888889,0.11161600555555555,0.12740169404761909,5,18
2022-07-26,Comm,0.04933333333333333,0.07758517222222223,0.11161600555555555,2,4
2022-07-27,Comm,0.10014499999999997,0.09635875555555555,0.07758517222222223,5,29
2022-07-28,Comm,0.08944999999999997,0.07332555555555556,0.09635875555555555,3,15
2022-07-29,Comm,0.180675,0.08064988888888888,0.07332555555555556,4,5
2022-08-01,Comm,0.14857222222222222,0.1136351111111111,0.08064988888888888,4,22
2022-08-02,Comm,0.09923125000000002,0.12361469444444444,0.1136351111111111,4,14
2022-08-03,Comm,0.06478999999999999,0.11654369444444446,0.12361469444444444,5,12
2022-08-04,Comm,0.12567916666666665,0.12378952777777778,0.11654369444444446,4,11
2022-08-05,Comm,0.26387083333333333,0.14042869444444445,0.12378952777777778,4,7
2022-08-08,Comm,-0.153324,0.08004945000000001,0.14042869444444445,5,16
2022-08-09,Comm,0.15283750000000002,0.09077070000000001,0.08004945000000001,4,6
2022-08-10,Comm,0.17748999999999998,0.11331070000000001,0.09077070000000001,5,13
2022-08-11,Comm,0.08604666666666669,0.1053842,0.11331070000000001,5,18
2022-08-12,Comm,0.13567500000000002,0.07974503333333335,0.1053842,3,6
2022-08-15,Comm,0.08424833333333334,0.12725950000000003,0.07974503333333335,5,18
2022-08-16,Comm,0.13541388888888892,0.12377477777777779,0.12725950000000003,3,9
2022-08-17,Comm,-0.061241666666666666,0.07602844444444448,0.12377477777777779,4,6
2022-08-18,Comm,0.005662499999999999,0.059951611111111136,0.07602844444444448,4,8
2022-08-19,Comm,-0.23604375,-0.014392138888888873,0.059951611111111136,4,7
2022-08-22,Comm,0.21372,0.011502194444444457,-0.014392138888888873,5,11
2022-08-23,Comm,0.2422416666666667,0.032867750000000015,0.011502194444444457,4,8
2022-08-24,Comm,0.11351999999999998,0.06782008333333334,0.032867750000000015,5,15
2022-08-25,Comm,-0.01861388888888889,0.06296480555555556,0.06782008333333334,3,9
2022-08-26,Comm,-0.08626033333333334,0.0929214888888889,0.06296480555555556,5,22
2022-08-29,Comm,0.19638166666666668,0.08945382222222223,0.0929214888888889,5,16
2022-08-30,Comm,-0.26335,-0.011664511111111098,0.08945382222222223,2,2
2022-08-31,Comm,0.16452333333333333,-0.0014638444444444287,-0.011664511111111098,5,17
2022-09-01,Comm,0.04765833333333333,0.011790600000000016,-0.0014638444444444287,4,6
2022-09-02,Comm,0.159225,0.06088766666666669,0.011790600000000016,2,3
2022-09-06,Comm,0.20610625,0.06283258333333334,0.06088766666666669,4,9
2022-09-07,Comm,0.10582261904761907,0.13666710714285715,0.06283258333333334,4,13
2022-09-08,Comm,0.26871390476190476,0.15750522142857143,0.13666710714285715,5,19
2022-09-09,Comm,-0.028329999999999987,0.14230755476190476,0.15750522142857143,5,10
2022-09-12,Comm,0.13620238095238096,0.13770303095238096,0.14230755476190476,4,17
2022-09-13,Comm,0.03683000000000001,0.10384778095238098,0.13770303095238096,4,11
2022-09-14,Comm,0.127575,0.10819825714285716,0.10384778095238098,4,11
2022-09-15,Comm,0.13229166666666664,0.08091380952380953,0.10819825714285716,5,14
2022-09-16,Comm,0.11109444444444445,0.10879869841269843,0.08091380952380953,3,9
2022-09-19,Comm,0.05064386363636364,0.09168699494949496,0.10879869841269843,4,20
2022-09-20,Comm,0.09224375000000001,0.10276974494949495,0.09168699494949496,4,7
2022-09-21,Comm,0.15136,0.10752674494949495,0.10276974494949495,5,13
2022-09-22,Comm,0.050515,0.09117141161616163,0.10752674494949495,5,9
2022-09-23,Comm,0.16743999999999998,0.10244052272727273,0.09117141161616163,4,13
2022-09-26,Comm,0.1311,0.11853175,0.10244052272727273,5,14
2022-09-27,Comm,0.18455208333333334,0.13699341666666667,0.11853175,4,13
2022-09-28,Comm,0.1669992857142857,0.14012127380952383,0.13699341666666667,4,15
2022-09-29,Comm,0.06645416666666668,0.14330910714285716,0.14012127380952383,4,11
2022-09-30,Comm,0.11655833333333333,0.13313277380952382,0.14330910714285716,3,6
2022-10-03,Comm,0.24489099999999997,0.15589097380952383,0.13313277380952382,5,13
2022-10-04,Comm,0.16323,0.15162655714285717,0.15589097380952383,5,6
2022-10-05,Comm,0.3406833333333334,0.1863633666666667,0.15162655714285717,3,5
2022-10-06,Comm,0.12395000000000002,0.19786253333333337,0.1863633666666667,4,11
2022-10-07,Comm,0.1733111111111111,0.20921308888888893,0.19786253333333337,3,7
2022-10-10,Comm,0.0,0.16023488888888893,0.20921308888888893,4,5
2022-10-11,Comm,0.17231444444444444,0.16205177777777782,0.16023488888888893,3,10
2022-10-12,Comm,0.13851,0.12161711111111113,0.16205177777777782,5,8
2022-10-13,Comm,-0.14465625,0.06789586111111112,0.12161711111111113,4,8
2022-10-14,Comm,0.12785,0.0588036388888889,0.06789586111111112,2,4
2022-10-17,Comm,0.32133999999999996,0.12307163888888888,0.0588036388888889,4,10
2022-10-18,Comm,0.162177,0.12104414999999999,0.12307163888888888,5,15
2022-10-19,Comm,-0.10756666666666666,0.07182881666666666,0.12104414999999999,4,13
2022-10-20,Comm,0.008412962962962955,0.10244265925925926,0.07182881666666666,3,24
2022-10-21,Comm,0.15435833333333335,0.10774432592592594,0.10244265925925926,4,13
2022-10-24,Comm,0.17683958333333333,0.07884424259259261,0.10774432592592594,4,14
2022-10-25,Comm,0.16201333333333331,0.07881150925925927,0.07884424259259261,5,19
2022-10-26,Comm,0.02545,0.1054148425925926,0.07881150925925927,2,6
2022-10-27,Comm,0.3210575,0.16794375,0.1054148425925926,4,20
2022-10-28,Comm,0.18013214285714285,0.17309851190476191,0.16794375,4,11
2022-10-31,Comm,0.45289,0.22830859523809527,0.17309851190476191,4,8
2022-11-01,Comm,0.103021875,0.2165103035714286,0.22830859523809527,4,13
2022-11-02,Comm,0.0271375,0.2168478035714286,0.2165103035714286,4,7
2022-11-03,Comm,0.04746,0.1621283035714286,0.2168478035714286,5,14
2022-11-04,Comm,0.004837499999999995,0.127069375,0.1621283035714286,4,8
2022-11-07,Comm,-0.10821999999999998,0.014847375000000013,0.127069375,5,17
2022-11-08,Comm,0.1135173076923077,0.016946461538461553,0.014847375000000013,4,17
2022-11-09,Comm,0.01663333333333333,0.01484562820512822,0.016946461538461553,3,6
2022-11-10,Comm,0.04046,0.013445628205128218,0.01484562820512822,5,6
2022-11-11,Comm,0.0,0.01247812820512822,0.013445628205128218,5,7
2022-11-14,Comm,0.381722619047619,0.11046665201465203,0.01247812820512822,5,17
2022-11-15,Comm,-0.077225,0.07231819047619047,0.11046665201465203,4,7
2022-11-16,Comm,0.2467555555555556,0.11834263492063493,0.07231819047619047,3,5
2022-11-17,Comm,-0.04285833333333333,0.10167896825396824,0.11834263492063493,4,7
2022-11-18,Comm,0.0,0.10167896825396824,0.10167896825396824,1,2
2022-11-21,Comm,0.272925,0.07991944444444446,0.10167896825396824,4,7
2022-11-22,Comm,0.5715666666666667,0.20967777777777777,0.07991944444444446,1,3
2022-11-23,Comm,0.00645,0.16161666666666666,0.20967777777777777,2,4
2022-11-25,Comm,0.4734416666666667,0.2648766666666667,0.16161666666666666,3,6
2022-11-28,Comm,0.3620833333333333,0.33729333333333333,0.2648766666666667,2,4
2022-11-29,Comm,0.28177777777777774,0.3390638888888889,0.33729333333333333,3,7
2022-11-30,Comm,0.07626666666666666,0.2400038888888889,0.3390638888888889,3,4
2022-12-01,Comm,0.10304666666666666,0.25932322222222226,0.2400038888888889,5,7
2022-12-02,Comm,0.25708000000000003,0.21605088888888888,0.25932322222222226,5,10
2022-12-05,Comm,0.10099357142857143,0.16383293650793654,0.21605088888888888,4,15
2022-12-06,Comm,0.17221166666666665,0.14191971428571432,0.16383293650793654,4,10
2022-12-07,Comm,0.044425000000000006,0.13555138095238098,0.14191971428571432,4,7
2022-12-08,Comm,0.16072222222222224,0.14708649206349209,0.13555138095238098,3,11
2022-12-09,Comm,-0.12498999999999998,0.07067249206349209,0.14708649206349209,5,9
2022-12-12,Comm,0.06526666666666667,0.06352711111111113,0.07067249206349209,3,6
2022-12-13,Comm,-0.21001333333333336,-0.012917888888888868,0.06352711111111113,3,7
2022-12-14,Comm,0.24916111111111108,0.02802933333333335,-0.012917888888888868,3,8
2022-12-15,Comm,0.075833,0.011051488888888896,0.02802933333333335,5,12
2022-12-16,Comm,-0.109625,0.014124488888888892,0.011051488888888896,5,11
2022-12-19,Comm,0.2424125,0.04955365555555556,0.014124488888888892,4,11
2022-12-20,Comm,0.31945,0.15544632222222224,0.04955365555555556,3,4
2022-12-21,Comm,-0.05962777777777777,0.09368854444444447,0.15544632222222224,3,8
2022-12-22,Comm,0.025533333333333314,0.08362861111111111,0.09368854444444447,3,9
2022-12-23,Comm,0.30825,0.16720361111111112,0.08362861111111111,2,4
2022-12-27,Comm,0.3061,0.1799411111111111,0.16720361111111112,3,11
2022-12-28,Comm,0.12911166666666668,0.14187344444444444,0.1799411111111111,3,10
2022-12-29,Comm,-0.007550000000000001,0.15228899999999998,0.14187344444444444,3,4
2022-12-30,Comm,0.13362666666666667,0.17390766666666665,0.15228899999999998,3,8
2023-01-03,Comm,0.025032380952380955,0.11726414285714289,0.17390766666666665,3,16
2023-01-04,Comm,0.08947222222222223,0.07393858730158732,0.11726414285714289,3,6
2023-01-05,Comm,0.14079333333333333,0.07627492063492065,0.07393858730158732,3,8
2023-01-06,Comm,0.24178666666666668,0.126142253968254,0.07627492063492065,5,9
2023-01-09,Comm,0.33028749999999996,0.16547442063492063,0.126142253968254,4,9
2023-01-10,Comm,0.4163277777777778,0.2437335,0.16547442063492063,3,7
2023-01-11,Comm,0.33142916666666666,0.2921248888888889,0.2437335,4,8
2023-01-12,Comm,0.14946583333333333,0.2938593888888889,0.2921248888888889,4,14
2023-01-13,Comm,0.43955,0.3334120555555556,0.2938593888888889,1,2
2023-01-17,Comm,0.28108750000000005,0.32357205555555557,0.3334120555555556,4,13
2023-01-18,Comm,0.09106666666666667,0.25851983333333334,0.32357205555555557,3,3
2023-01-19,Comm,0.11070555555555557,0.21437511111111113,0.25851983333333334,3,11
2023-01-20,Comm,0.13849206349206347,0.21218035714285716,0.21437511111111113,3,11
2023-01-23,Comm,0.11957166666666667,0.14818469047619048,0.21218035714285716,3,10
2023-01-24,Comm,0.030680000000000002,0.09810319047619048,0.14818469047619048,5,9
2023-01-25,Comm,0.0023676190476190516,0.08036338095238095,0.09810319047619048,5,27
2023-01-26,Comm,0.320261553030303,0.12227458044733044,0.08036338095238095,4,20
2023-01-27,Comm,0.10305466666666666,0.11518710108225108,0.12227458044733044,5,13
2023-01-30,Comm,0.112825,0.11383776774891774,0.11518710108225108,3,7
2023-01-31,Comm,-0.01744888888888889,0.10421198997113996,0.11383776774891774,5,16
2023-02-01,Comm,0.005932424242424242,0.10492495101010099,0.10421198997113996,5,24
2023-02-02,Comm,0.1754653333333333,0.07596570707070707,0.10492495101010099,5,15
2023-02-03,Comm,0.19197999999999998,0.09375077373737373,0.07596570707070707,5,6
2023-02-06,Comm,-0.020167499999999977,0.06715227373737373,0.09375077373737373,5,20
2023-02-07,Comm,0.139917,0.09862545151515151,0.06715227373737373,5,13
2023-02-08,Comm,0.035525,0.10454396666666665,0.09862545151515151,4,5
2023-02-09,Comm,0.27276666666666666,0.12400423333333335,0.10454396666666665,3,6
2023-02-10,Comm,0.1647,0.11854823333333334,0.12400423333333335,4,5
2023-02-13,Comm,0.046865,0.13195473333333335,0.11854823333333334,4,9
2023-02-14,Comm,-0.05303333333333333,0.09336466666666667,0.13195473333333335,3,4
2023-02-15,Comm,0.30117000000000005,0.1464936666666667,0.09336466666666667,5,9
2023-02-16,Comm,0.02366,0.09667233333333336,0.1464936666666667,5,7
2023-02-17,Comm,0.44631666666666664,0.1529956666666667,0.09667233333333336,3,4
2023-02-21,Comm,0.1079961904761905,0.16522190476190476,0.1529956666666667,5,20
2023-02-22,Comm,0.2540138888888889,0.22663134920634925,0.16522190476190476,3,9
2023-02-23,Comm,0.08846499999999999,0.1840903492063492,0.22663134920634925,5,9
2023-02-24,Comm,-0.007541666666666659,0.17785001587301588,0.1840903492063492,3,7
2023-02-27,Comm,0.16461111111111112,0.12150890476190476,0.17785001587301588,3,9
2023-02-28,Comm,0.1230375,0.12451716666666668,0.12150890476190476,4,6
2023-03-01,Comm,-0.008404999999999996,0.07203338888888891,0.12451716666666668,5,14
2023-03-02,Comm,0.2550066666666667,0.10534172222222224,0.07203338888888891,5,13
2023-03-03,Comm,-0.1858,0.06969005555555559,0.10534172222222224,2,2
2023-03-06,Comm,0.02023,0.04081383333333336,0.06969005555555559,5,7
2023-03-07,Comm,0.19317499999999999,0.05484133333333337,0.04081383333333336,4,5
2023-03-08,Comm,-0.14245,0.02803233333333336,0.05484133333333337,2,3
2023-03-09,Comm,-0.02292499999999999,-0.027553999999999985,0.02803233333333336,4,8
2023-03-10,Comm,0.07252666666666667,0.024111333333333353,-0.027553999999999985,3,8
2023-03-13,Comm,0.10773222222222223,0.041611777777777796,0.024111333333333353,3,10
2023-03-14,Comm,0.0,0.0029767777777778004,0.041611777777777796,1,3
2023-03-15,Comm,0.233725,0.0782117777777778,0.0029767777777778004,3,9
2023-03-16,Comm,0.13427285714285714,0.10965134920634922,0.0782117777777778,4,14
2023-03-17,Comm,0.14668333333333333,0.12448268253968256,0.10965134920634922,2,4
2023-03-20,Comm,0.179502,0.1388366380952381,0.12448268253968256,5,11
2023-03-21,Comm,-0.05568133333333334,0.12770037142857144,0.1388366380952381,5,13
2023-03-22,Comm,0.27218333333333333,0.13539203809523812,0.12770037142857144,3,6
2023-03-23,Comm,0.2340375,0.1553449666666667,0.13539203809523812,4,9
2023-03-24,Comm,0.31845,0.18969830000000001,0.1553449666666667,2,2
2023-03-27,Comm,0.16063333333333332,0.18592456666666668,0.18969830000000001,3,13
2023-03-28,Comm,0.21742916666666665,0.2405466666666667,0.18592456666666668,4,7
2023-03-29,Comm,0.10665833333333334,0.2074416666666667,0.2405466666666667,4,7
2023-03-30,Comm,0.25520833333333337,0.21167583333333334,0.2074416666666667,4,6
2023-03-31,Comm,0.3276422222222222,0.21351427777777782,0.21167583333333334,3,9
2023-04-03,Comm,0.21036517857142856,0.22346064682539685,0.21351427777777782,4,18
2023-04-04,Comm,0.059763,0.19192741349206352,0.22346064682539685,5,12
2023-04-05,Comm,0.04375,0.17934574682539686,0.19192741349206352,2,8
2023-04-06,Comm,0.21603166666666668,0.1715104134920635,0.17934574682539686,5,12
2023-04-10,Comm,0.013616666666666666,0.1087053023809524,0.1715104134920635,5,10
2023-04-11,Comm,0.06772500000000001,0.08017726666666669,0.1087053023809524,4,9
2023-04-12,Comm,0.176775,0.1035796666666667,0.08017726666666669,5,13
2023-04-13,Comm,0.01620285714285714,0.09807023809523813,0.1035796666666667,5,13
2023-04-14,Comm,0.029833333333333333,0.060830571428571456,0.09807023809523813,2,7
2023-04-17,Comm,0.014846666666666666,0.06107657142857146,0.060830571428571456,5,15
2023-04-18,Comm,0.08787202380952383,0.06510597619047621,0.06107657142857146,4,13
2023-04-19,Comm,0.1355011111111111,0.05685119841269844,0.06510597619047621,3,12
2023-04-20,Comm,-0.010904700854700855,0.051429686813186846,0.05685119841269844,3,32
2023-04-21,Comm,0.21544409090909095,0.08855183832833836,0.051429686813186846,5,20
2023-04-24,Comm,-0.05135200216450217,0.0753121045621046,0.08855183832833836,4,27
2023-04-25,Comm,-0.0547125,0.04679519980019983,0.0753121045621046,4,11
2023-04-26,Comm,0.08040166666666666,0.03577531091131094,0.04679519980019983,5,19
2023-04-27,Comm,0.1212911111111111,0.06221447330447333,0.03577531091131094,5,34
2023-04-28,Comm,0.05821240740740741,0.03076813660413662,0.06221447330447333,3,18
2023-05-01,Comm,-0.07485499999999999,0.02606753703703706,0.03076813660413662,5,17
2023-05-02,Comm,0.07901833333333333,0.05281370370370373,0.02606753703703706,5,18
2023-05-03,Comm,0.08695833333333335,0.05412503703703706,0.05281370370370373,4,7
2023-05-04,Comm,0.03626,0.03711881481481484,0.05412503703703706,5,9
2023-05-05,Comm,0.4123666666666666,0.10794966666666668,0.03711881481481484,3,4
2023-05-08,Comm,0.11407333333333333,0.14573533333333336,0.10794966666666668,5,15
2023-05-09,Comm,0.12832333333333334,0.15559633333333336,0.14573533333333336,5,14
2023-05-10,Comm,0.15095555555555557,0.16839577777777778,0.15559633333333336,5,18
2023-05-11,Comm,0.33628761904761906,0.22840130158730157,0.16839577777777778,5,14
2023-05-12,Comm,0.24245625,0.1944192182539683,0.22840130158730157,4,8
2023-05-15,Comm,0.05184233333333334,0.18197301825396828,0.1944192182539683,5,17
2023-05-16,Comm,0.08922083333333333,0.17415251825396827,0.18197301825396828,4,17
2023-05-17,Comm,0.064846875,0.15693078214285716,0.17415251825396827,4,15
2023-05-18,Comm,0.04772083333333334,0.09921742500000003,0.15693078214285716,5,30
2023-05-19,Comm,0.27870666666666666,0.10646750833333336,0.09921742500000003,5,12
2023-05-22,Comm,-0.018812380952380955,0.09233656547619049,0.10646750833333336,4,19
2023-05-23,Comm,0.056993749999999996,0.08589114880952384,0.09233656547619049,4,9
2023-05-24,Comm,0.09310833333333333,0.0915434404761905,0.08589114880952384,4,7
2023-05-25,Comm,0.3282,0.14763927380952385,0.0915434404761905,1,5
2023-05-26,Comm,0.2987266666666667,0.15164327380952383,0.14763927380952385,5,10
2023-05-30,Comm,0.004470833333333337,0.1562999166666667,0.15164327380952383,4,10
2023-05-31,Comm,0.10618124999999999,0.1661374166666667,0.1562999166666667,4,9
2023-06-01,Comm,0.16047083333333334,0.1796099166666667,0.1661374166666667,4,10
2023-06-02,Comm,-0.010278044871794872,0.1119143076923077,0.1796099166666667,4,28
2023-06-05,Comm,0.10338833333333333,0.07284664102564105,0.1119143076923077,4,15
2023-06-06,Comm,0.2320525,0.11836297435897439,0.07284664102564105,2,9
2023-06-07,Comm,0.26647,0.15042072435897438,0.11836297435897439,4,11
2023-06-08,Comm,-0.034680555555555555,0.1113904465811966,0.15042072435897438,3,9
2023-06-09,Comm,0.2900166666666667,0.17144938888888892,0.1113904465811966,4,12
2023-06-12,Comm,0.08835555555555556,0.16844283333333337,0.17144938888888892,3,9
2023-06-13,Comm,0.10744791666666667,0.1435219166666667,0.16844283333333337,4,12
2023-06-14,Comm,0.3014833333333333,0.15052458333333335,0.1435219166666667,3,8
2023-06-15,Comm,0.11344500000000002,0.18014969444444448,0.15052458333333335,3,10
2023-06-16,Comm,0.21218666666666666,0.16458369444444448,0.18014969444444448,5,15
2023-06-20,Comm,0.1075145,0.16841548333333337,0.16458369444444448,5,21
2023-06-21,Comm,0.24468333333333334,0.19586256666666668,0.16841548333333337,3,5
2023-06-22,Comm,0.32592,0.2007499,0.19586256666666668,5,8
2023-06-23,Comm,0.07922499999999999,0.19390590000000002,0.2007499,2,5
2023-06-26,Comm,0.132695,0.17800756666666667,0.19390590000000002,5,23
2023-06-27,Comm,0.223644,0.2012334666666667,0.17800756666666667,5,10
2023-06-28,Comm,0.03507500000000001,0.1593118,0.2012334666666667,4,11
2023-06-29,Comm,0.11881666666666665,0.11789113333333337,0.1593118,4,12
2023-06-30,Comm,-0.05664444444444444,0.09071724444444447,0.11789113333333337,3,7
2023-07-03,Comm,0.16746666666666668,0.09767157777777781,0.09071724444444447,3,14
2023-07-05,Comm,0.29085,0.1111127777777778,0.09767157777777781,4,13
2023-07-06,Comm,0.15442333333333333,0.13498244444444446,0.1111127777777778,5,12
2023-07-07,Comm,0.16643583333333334,0.1445062777777778,0.13498244444444446,4,11
2023-07-10,Comm,0.047412499999999996,0.1653176666666667,0.1445062777777778,4,10
2023-07-11,Comm,0.14392,0.16060833333333335,0.1653176666666667,5,12
2023-07-12,Comm,0.12698333333333334,0.12783500000000003,0.16060833333333335,5,24
2023-07-13,Comm,0.10935833333333334,0.11882200000000002,0.12783500000000003,3,14
2023-07-14,Comm,0.20272156862745097,0.12607914705882356,0.11882200000000002,4,22
2023-07-17,Comm,-0.06804162393162393,0.10298832227249877,0.12607914705882356,5,39
2023-07-18,Comm,0.18899830303030302,0.11200398287855937,0.10298832227249877,5,24
2023-07-19,Comm,0.25859754901960785,0.13832682601581428,0.11200398287855937,4,25
2023-07-20,Comm,0.015548928571428578,0.11956494506343332,0.13832682601581428,5,21
2023-07-21,Comm,0.09856333333333334,0.09873329800460981,0.11956494506343332,4,17
2023-07-24,Comm,0.10519,0.13337962279093457,0.09873329800460981,5,29
2023-07-25,Comm,-0.035016666666666675,0.08857662885154063,0.13337962279093457,5,18
2023-07-26,Comm,0.2210196666666667,0.0810610523809524,0.08857662885154063,5,31
2023-07-27,Comm,0.12935642857142857,0.1038225523809524,0.0810610523809524,5,36
2023-07-28,Comm,0.3087729166666667,0.14586446904761907,0.1038225523809524,4,14
2023-07-31,Comm,0.17370261363636363,0.1595669917748918,0.14586446904761907,4,27
2023-08-01,Comm,0.36295457142857146,0.23916123939393943,0.1595669917748918,5,21
2023-08-02,Comm,0.22286833333333336,0.23953097272727275,0.23916123939393943,5,20
2023-08-03,Comm,0.04550428571428572,0.22276054415584418,0.23953097272727275,5,17
2023-08-04,Comm,0.016595,0.16432496082251086,0.22276054415584418,5,13
2023-08-07,Comm,0.17168533333333333,0.16392150476190478,0.16432496082251086,5,14
2023-08-08,Comm,0.17886944444444444,0.12710447936507938,0.16392150476190478,3,11
2023-08-09,Comm,0.07005333333333333,0.0965414793650794,0.12710447936507938,4,16
2023-08-10,Comm,-0.0229375,0.08285312222222223,0.0965414793650794,4,9
2023-08-11,Comm,0.1258520833333333,0.1047045388888889,0.08285312222222223,4,11
2023-08-14,Comm,0.04723958333333333,0.0798153888888889,0.1047045388888889,4,10
2023-08-15,Comm,0.10116249999999999,0.06427400000000001,0.0798153888888889,4,12
2023-08-16,Comm,0.11415,0.07309333333333336,0.06427400000000001,5,9
2023-08-17,Comm,0.076775,0.09303583333333335,0.07309333333333336,5,11
2023-08-18,Comm,0.19780625,0.1074266666666667,0.09303583333333335,4,10
2023-08-21,Comm,0.08894285714285714,0.11576732142857145,0.1074266666666667,5,18
2023-08-22,Comm,0.012760000000000021,0.09808682142857145,0.11576732142857145,4,9
2023-08-23,Comm,0.15947129629629628,0.10715108068783072,0.09808682142857145,3,19
2023-08-24,Comm,0.13243555555555556,0.11828319179894183,0.10715108068783072,3,15
2023-08-25,Comm,-0.03360833333333334,0.07200027513227517,0.11828319179894183,4,12
2023-08-28,Comm,0.14445,0.08310170370370372,0.07200027513227517,3,12
2023-08-29,Comm,0.22530416666666664,0.12561053703703706,0.08310170370370372,3,19
2023-08-30,Comm,0.12519222222222223,0.11875472222222223,0.12561053703703706,3,10
2023-08-31,Comm,0.13166,0.11859961111111113,0.11875472222222223,5,18
2023-09-01,Comm,0.07665,0.1406512777777778,0.11859961111111113,4,9
2023-09-05,Comm,0.46508199999999994,0.2047776777777778,0.1406512777777778,5,11
2023-09-06,Comm,0.20095333333333337,0.19990751111111113,0.2047776777777778,5,12
2023-09-07,Comm,0.09664333333333333,0.19419773333333337,0.19990751111111113,4,13
2023-09-08,Comm,0.16629866666666668,0.2011254666666667,0.19419773333333337,5,13
2023-09-11,Comm,0.07195729166666667,0.20018692500000004,0.2011254666666667,4,13
2023-09-12,Comm,0.056425,0.11845552500000003,0.20018692500000004,4,12
2023-09-13,Comm,0.05575,0.08941485833333336,0.11845552500000003,4,12
2023-09-14,Comm,0.2595166666666667,0.12198952500000004,0.08941485833333336,3,11
2023-09-15,Comm,-0.0025125000000000147,0.08822729166666668,0.12198952500000004,2,7
2023-09-18,Comm,0.12081666666666667,0.09799916666666668,0.08822729166666668,4,13
2023-09-19,Comm,0.178,0.12231416666666668,0.09799916666666668,2,5
2023-09-20,Comm,0.3092833333333333,0.17302083333333335,0.12231416666666668,3,4
2023-09-21,Comm,0.03706333333333333,0.12853016666666667,0.17302083333333335,5,12
2023-09-22,Comm,0.06375249999999999,0.14178316666666668,0.12853016666666667,4,11
2023-09-25,Comm,-0.03276000000000002,0.11106783333333334,0.14178316666666668,4,15
2023-09-26,Comm,0.19248333333333334,0.11396450000000002,0.11106783333333334,5,13
2023-09-27,Comm,0.10606666666666666,0.07332116666666669,0.11396450000000002,3,4
2023-09-28,Comm,0.11488821428571429,0.08888614285714287,0.07332116666666669,4,15
2023-09-29,Comm,0.4710958333333333,0.17035480952380955,0.08888614285714287,4,10
2023-10-02,Comm,0.31463,0.23983280952380953,0.17035480952380955,5,12
2023-10-03,Comm,0.03751666666666668,0.20883947619047621,0.23983280952380953,3,4
2023-10-04,Comm,0.26084285714285715,0.23979471428571433,0.20883947619047621,3,11
2023-10-05,Comm,0.15725833333333333,0.2482687380952381,0.23979471428571433,2,7
2023-10-06,Comm,0.14145833333333335,0.18234123809523814,0.2482687380952381,3,14
2023-10-09,Comm,0.17122888888888887,0.15366101587301592,0.18234123809523814,5,18
2023-10-10,Comm,0.20075749999999998,0.18630918253968257,0.15366101587301592,4,9
2023-10-11,Comm,0.41876250000000004,0.21789311111111115,0.18630918253968257,2,5
2023-10-12,Comm,0.03799,0.1940394444444445,0.21789311111111115,5,13
2023-10-13,Comm,0.194025,0.2045527777777778,0.1940394444444445,4,11
2023-10-16,Comm,0.12527083333333333,0.19536116666666667,0.2045527777777778,4,11
2023-10-17,Comm,-0.042666666666666665,0.14667633333333335,0.19536116666666667,3,4
2023-10-18,Comm,0.07049444444444444,0.07702272222222224,0.14667633333333335,3,13
2023-10-19,Comm,0.308662962962963,0.13115731481481485,0.07702272222222224,4,32
2023-10-20,Comm,0.08635212121212121,0.10962273905723907,0.13115731481481485,5,20
2023-10-23,Comm,0.0277025,0.09010907239057242,0.10962273905723907,4,17
2023-10-24,Comm,0.1254246031746032,0.1237273263588264,0.09010907239057242,3,15
2023-10-25,Comm,0.2599788571428571,0.16162420889850893,0.1237273263588264,5,27
2023-10-26,Comm,0.2331405982905983,0.14651973596403597,0.16162420889850893,4,26
2023-10-27,Comm,-0.06540388888888889,0.11616853394383395,0.14651973596403597,3,12
2023-10-30,Comm,0.21686666666666668,0.15400136727716732,0.11616853394383395,5,13
2023-10-31,Comm,0.163786,0.16167364664224665,0.15400136727716732,5,11
2023-11-01,Comm,0.11843333333333335,0.1333645418803419,0.16167364664224665,5,14
2023-11-02,Comm,0.08559166666666666,0.10385475555555557,0.1333645418803419,5,18
2023-11-03,Comm,0.18924,0.15478353333333336,0.10385475555555557,3,9
2023-11-06,Comm,0.083276,0.12806540000000005,0.15478353333333336,5,17
2023-11-07,Comm,0.19368125,0.13404445000000004,0.12806540000000005,4,10
2023-11-08,Comm,0.17204933333333333,0.14476765,0.13404445000000004,5,21
2023-11-09,Comm,0.31449333333333335,0.19054798333333337,0.14476765,5,17
2023-11-10,Comm,0.11834,0.17636798333333337,0.19054798333333337,3,8
2023-11-13,Comm,0.26666666666666666,0.2130461166666667,0.17636798333333337,4,10
2023-11-14,Comm,0.08510000000000001,0.19132986666666668,0.2130461166666667,3,5
2023-11-15,Comm,0.20750000000000002,0.19842000000000004,0.19132986666666668,4,6
2023-11-16,Comm,0.007422222222222225,0.1370057777777778,0.19842000000000004,3,6
2023-11-17,Comm,0.0,0.1133377777777778,0.1370057777777778,2,3
2023-11-20,Comm,0.2404,0.10808444444444447,0.1133377777777778,5,12
2023-11-21,Comm,0.09626111111111112,0.11031666666666669,0.10808444444444447,3,8
2023-11-22,Comm,-0.004271666666666674,0.06796233333333336,0.11031666666666669,4,11
2023-11-24,Comm,0.09984933333333335,0.08644775555555559,0.06796233333333336,5,17
2023-11-27,Comm,0.14755416666666668,0.11595858888888891,0.08644775555555559,4,13
2023-11-28,Comm,0.12607666666666664,0.09309392222222224,0.11595858888888891,3,8
2023-11-29,Comm,0.025938666666666672,0.07902943333333336,0.09309392222222224,5,13
2023-11-30,Comm,0.2734833333333333,0.13458043333333336,0.07902943333333336,4,13
2023-12-01,Comm,0.13079166666666667,0.14076890000000003,0.13458043333333336,3,8
2023-12-04,Comm,0.12446166666666666,0.1361504,0.14076890000000003,4,23
2023-12-05,Comm,0.11624147435897438,0.13418336153846158,0.1361504,4,33
2023-12-06,Comm,0.1588975,0.16077512820512824,0.13418336153846158,5,16
2023-12-07,Comm,0.12226833333333334,0.13053212820512824,0.16077512820512824,5,12
2023-12-08,Comm,0.06278999999999998,0.1169317948717949,0.13053212820512824,5,14
2023-12-11,Comm,0.09235714285714286,0.11051089010989013,0.1169317948717949,5,19
2023-12-12,Comm,0.2669718253968254,0.14065696031746033,0.11051089010989013,3,20
2023-12-13,Comm,0.22484749999999998,0.1538469603174603,0.14065696031746033,4,13
2023-12-14,Comm,0.3350777777777778,0.19640884920634924,0.1538469603174603,3,9
2023-12-15,Comm,0.07106666666666667,0.19806418253968255,0.19640884920634924,4,7
2023-12-18,Comm,0.3026134285714286,0.2401154396825397,0.19806418253968255,5,22
2023-12-19,Comm,,0.23340134325396827,0.2401154396825397,0,0
2023-12-20,Comm,,0.2362526243386244,0.23340134325396827,0,0
2023-12-21,Comm,,0.18684004761904768,0.2362526243386244,0,0
2023-12-22,Comm,,0.3026134285714286,0.18684004761904768,0,0
2023-12-26,Comm,,,0.3026134285714286,0,0
2023-12-27,Comm,,,,0,0
2023-12-28,Comm,,,,0,0
2023-12-29,Comm,,,,0,0
2020-01-02,Consumer,-0.06894547619047618,-0.06894547619047618,,5,22
2020-01-03,Consumer,-0.14016666666666666,-0.10455607142857143,-0.06894547619047618,4,10
2020-01-06,Consumer,0.1195430637254902,-0.029856359710550884,-0.10455607142857143,5,44
2020-01-07,Consumer,0.15674349999999998,0.01679360521708683,-0.029856359710550884,5,22
2020-01-08,Consumer,0.06039821428571429,0.025514527030812324,0.01679360521708683,4,16
2020-01-09,Consumer,0.3652048412698413,0.11234459052287582,0.025514527030812324,5,25
2020-01-10,Consumer,0.004144000000000004,0.14120672385620917,0.11234459052287582,5,15
2020-01-13,Consumer,0.08133814285714284,0.13356573968253968,0.14120672385620917,5,29
2020-01-14,Consumer,0.09054999999999999,0.12032703968253969,0.13356573968253968,5,19
2020-01-15,Consumer,0.1392404761904762,0.13609549206349209,0.12032703968253969,4,27
2020-01-16,Consumer,0.20864678571428572,0.10478388095238096,0.13609549206349209,4,19
2020-01-17,Consumer,0.09831866666666665,0.12361881428571428,0.10478388095238096,5,23
2020-01-21,Consumer,0.08246280303030303,0.12384374632034631,0.12361881428571428,5,51
2020-01-22,Consumer,0.15068790476190477,0.13587132727272727,0.12384374632034631,5,32
2020-01-23,Consumer,0.152425,0.13850823203463203,0.13587132727272727,5,22
2020-01-24,Consumer,0.08865038461538462,0.11450895181485181,0.13850823203463203,5,23
2020-01-27,Consumer,0.053066666666666665,0.10545855181485182,0.11450895181485181,5,42
2020-01-28,Consumer,0.07051107142857144,0.10306820549450549,0.10545855181485182,4,37
2020-01-29,Consumer,0.0172937619047619,0.07638937692307693,0.10306820549450549,5,35
2020-01-30,Consumer,0.04105752380952381,0.05411588168498168,0.07638937692307693,5,40
2020-01-31,Consumer,0.0380381313131313,0.04399343102453103,0.05411588168498168,4,25
2020-02-03,Consumer,0.18188006493506492,0.06975611067821068,0.04399343102453103,5,39
2020-02-04,Consumer,0.22996651515151517,0.10164719942279943,0.06975611067821068,5,52
2020-02-05,Consumer,0.03755208333333333,0.10569886370851371,0.10164719942279943,4,43
2020-02-06,Consumer,0.16998194444444442,0.13148374783549782,0.10569886370851371,4,24
2020-02-07,Consumer,0.20968281249999998,0.16581268407287159,0.13148374783549782,4,21
2020-02-10,Consumer,-0.03186761904761905,0.12306314727633479,0.16581268407287159,5,37
2020-02-11,Consumer,0.05331741666666667,0.08773332757936508,0.12306314727633479,5,28
2020-02-12,Consumer,0.11046264705882354,0.10231544032446313,0.08773332757936508,5,26
2020-02-13,Consumer,-0.008171656862745107,0.06668472006302521,0.10231544032446313,5,37
2020-02-14,Consumer,-0.04185016666666667,0.01637812422969189,0.06668472006302521,5,23
2020-02-18,Consumer,0.19356793650793652,0.061465235340803004,0.01637812422969189,5,54
2020-02-19,Consumer,0.1834722857142857,0.08749620915032681,0.061465235340803004,5,20
2020-02-20,Consumer,0.09115014285714285,0.08363370830999067,0.08749620915032681,5,18
2020-02-21,Consumer,0.09307361111111112,0.10388276190476191,0.08363370830999067,4,22
2020-02-24,Consumer,0.033517142857142856,0.11895622380952382,0.10388276190476191,5,28
2020-02-25,Consumer,0.17535108974358976,0.11531285445665447,0.11895622380952382,5,29
2020-02-26,Consumer,0.0965897619047619,0.09793634969474971,0.11531285445665447,5,49
2020-02-27,Consumer,0.06626844444444444,0.09296001001221002,0.09793634969474971,5,30
2020-02-28,Consumer,-0.146115,0.0451222877899878,0.09296001001221002,5,26
2020-03-02,Consumer,0.08258581196581197,0.05493602161172162,0.0451222877899878,5,40
2020-03-03,Consumer,0.17925666666666668,0.055717136996337,0.05493602161172162,5,28
2020-03-04,Consumer,0.1604488888888889,0.0684889623931624,0.055717136996337,5,24
2020-03-05,Consumer,0.09922958441558441,0.07508119038739039,0.0684889623931624,5,27
2020-03-06,Consumer,-0.01952273351648351,0.10039964368409371,0.07508119038739039,4,26
2020-03-09,Consumer,0.0589147435897436,0.09566543000888003,0.10039964368409371,5,31
2020-03-10,Consumer,0.005993737373737373,0.06101284415029416,0.09566543000888003,4,26
2020-03-11,Consumer,-0.0490227380952381,0.019118518753468768,0.06101284415029416,4,23
2020-03-12,Consumer,0.005637222222222227,0.00040004631479632956,0.019118518753468768,5,47
2020-03-13,Consumer,0.05938055555555557,0.016180704129204145,0.00040004631479632956,3,31
2020-03-16,Consumer,-0.1509881231884058,-0.025799869226425732,0.016180704129204145,5,54
2020-03-17,Consumer,0.07937733333333334,-0.011123150034506538,-0.025799869226425732,5,36
2020-03-18,Consumer,-0.02845471861471861,-0.007009546138402639,-0.011123150034506538,5,35
2020-03-19,Consumer,0.02143733333333333,-0.003849523916180419,-0.007009546138402639,5,34
2020-03-20,Consumer,0.06576487337662337,-0.002572660351966857,-0.003849523916180419,5,54
2020-03-23,Consumer,0.06397997943233237,0.040420960172180775,-0.002572660351966857,5,64
2020-03-24,Consumer,0.22739521978021976,0.07002453746155805,0.040420960172180775,5,43
2020-03-25,Consumer,0.19188495238095238,0.11409247166069225,0.07002453746155805,5,41
2020-03-26,Consumer,0.11959214285714286,0.13372343356545416,0.11409247166069225,5,33
2020-03-27,Consumer,0.08963089743589744,0.13849663837730897,0.13372343356545416,5,33
2020-03-30,Consumer,0.09687585964912279,0.14507581442066705,0.13849663837730897,5,35
2020-03-31,Consumer,-0.023837333333333356,0.09482930379795643,0.14507581442066705,5,12
2020-04-01,Consumer,0.19331600000000002,0.09511551332176596,0.09482930379795643,5,30
2020-04-02,Consumer,0.05280178571428571,0.08175744189319453,0.09511551332176596,5,35
2020-04-03,Consumer,0.05515989583333333,0.07486324157268172,0.08175744189319453,4,32
2020-04-06,Consumer,0.20308775757575756,0.09610562115800866,0.07486324157268172,5,59
2020-04-07,Consumer,0.22829264646464648,0.14653161711760462,0.09610562115800866,5,33
2020-04-08,Consumer,-0.05566186842105262,0.0967360434333941,0.14653161711760462,4,54
2020-04-09,Consumer,0.2548254761904762,0.1371407815286322,0.0967360434333941,5,84
2020-04-13,Consumer,-0.004254389277389278,0.12525792450648768,0.1371407815286322,5,78
2020-04-14,Consumer,0.2302825,0.13069687299133617,0.12525792450648768,5,29
2020-04-15,Consumer,0.09478730303030304,0.10399580430446746,0.13069687299133617,5,35
2020-04-16,Consumer,0.1780588768115942,0.15073995335099682,0.10399580430446746,4,40
2020-04-17,Consumer,0.2378893333333333,0.14735272477956826,0.15073995335099682,5,28
2020-04-20,Consumer,0.08512082539682539,0.16522776771441122,0.14735272477956826,5,56
2020-04-21,Consumer,0.0041895855855855904,0.12000918483152831,0.16522776771441122,5,70
2020-04-22,Consumer,0.12717766013071893,0.1264872562516115,0.12000918483152831,5,39
2020-04-23,Consumer,0.09296472727272727,0.1094684263438381,0.1264872562516115,5,43
2020-04-24,Consumer,0.015320666666666666,0.0649546930105048,0.1094684263438381,5,29
2020-04-27,Consumer,0.12331077777777777,0.07259268348669526,0.0649546930105048,5,50
2020-04-28,Consumer,0.1010931118881119,0.09197338874720053,0.07259268348669526,4,58
2020-04-29,Consumer,0.11641237362637362,0.08982033144633146,0.09197338874720053,5,60
2020-04-30,Consumer,0.020195666666666657,0.07526651932511934,0.08982033144633146,5,33
2020-05-01,Consumer,0.2501391666666667,0.12223021932511932,0.07526651932511934,5,39
2020-05-04,Consumer,0.14134712087912088,0.12583748794538796,0.12223021932511932,5,63
2020-05-05,Consumer,0.2537022380952381,0.1563593131868132,0.12583748794538796,5,49
2020-05-06,Consumer,0.09826661764705882,0.15273016199095027,0.1563593131868132,4,51
2020-05-07,Consumer,0.1078211111111111,0.17025525087983912,0.15273016199095027,5,34
2020-05-08,Consumer,0.12415636363636365,0.14505869027377855,0.17025525087983912,5,55
2020-05-11,Consumer,0.06711795833333334,0.13021285776462105,0.14505869027377855,5,52
2020-05-12,Consumer,0.10528725,0.10052986014557339,0.13021285776462105,4,38
2020-05-13,Consumer,0.08881209523809523,0.09863895566378068,0.10052986014557339,5,36
2020-05-14,Consumer,0.14006688235294118,0.1050881099121467,0.09863895566378068,5,39
2020-05-15,Consumer,0.08045918518518519,0.096348674221911,0.1050881099121467,5,47
2020-05-18,Consumer,0.23199851282051281,0.12932478511934692,0.096348674221911,5,49
2020-05-19,Consumer,-0.04745261538461539,0.0987768120424238,0.12932478511934692,5,44
2020-05-20,Consumer,-0.05023086134453782,0.0709682207258972,0.0987768120424238,5,34
2020-05-21,Consumer,0.03923460606060606,0.050801765467430184,0.0709682207258972,5,40
2020-05-22,Consumer,0.006037777777777771,0.0359174839859487,0.050801765467430184,3,18
2020-05-26,Consumer,0.20187645238095236,0.02989307189803661,0.0359174839859487,5,46
2020-05-27,Consumer,0.1646468181818182,0.07231295861132334,0.02989307189803661,5,37
2020-05-28,Consumer,0.07836083333333334,0.09803129754689756,0.07231295861132334,5,33
2020-05-29,Consumer,0.09122742857142858,0.10842986204906206,0.09803129754689756,5,18
2020-06-01,Consumer,0.12634094098883575,0.13249049469127366,0.10842986204906206,5,47
2020-06-02,Consumer,-0.10380333333333333,0.07135453754841652,0.13249049469127366,5,20
2020-06-03,Consumer,0.20369285714285718,0.07916374534062431,0.07135453754841652,5,33
2020-06-04,Consumer,0.22430624999999998,0.10835282867395764,0.07916374534062431,4,11
2020-06-05,Consumer,0.24868666666666664,0.13984467629300526,0.10835282867395764,3,14
2020-06-08,Consumer,0.16258666666666666,0.14709382142857144,0.13984467629300526,5,20
2020-06-09,Consumer,0.0616352380952381,0.18018153571428572,0.14709382142857144,3,26
2020-06-10,Consumer,0.02570190909090909,0.1445833461038961,0.18018153571428572,5,48
2020-06-11,Consumer,0.03793906926406926,0.10730990995670994,0.1445833461038961,5,38
2020-06-12,Consumer,0.17477361904761907,0.09252730043290044,0.10730990995670994,5,20
2020-06-15,Consumer,0.03395688311688312,0.06680134372294375,0.09252730043290044,5,33
2020-06-16,Consumer,0.21815,0.09810429610389612,0.06680134372294375,4,12
2020-06-17,Consumer,0.17689083333333333,0.12834208095238098,0.09810429610389612,5,20
2020-06-18,Consumer,0.05414061904761904,0.1315823909090909,0.12834208095238098,5,29
2020-06-19,Consumer,0.018777111111111116,0.10038308932178934,0.1315823909090909,5,21
2020-06-22,Consumer,0.062295083333333334,0.10605072936507938,0.10038308932178934,5,49
2020-06-23,Consumer,0.23044866666666666,0.10851046269841272,0.10605072936507938,5,40
2020-06-24,Consumer,-0.015953499999999992,0.06994159603174605,0.10851046269841272,5,25
2020-06-25,Consumer,0.10958926666666666,0.08103132555555556,0.06994159603174605,5,44
2020-06-26,Consumer,0.1877398039215686,0.11482386411764707,0.08103132555555556,5,24
2020-06-29,Consumer,0.03561430769230768,0.10948770898944193,0.11482386411764707,5,46
2020-06-30,Consumer,0.07668333333333334,0.07873464232277527,0.10948770898944193,5,29
2020-07-01,Consumer,-0.07255840259740258,0.06741366180329475,0.07873464232277527,5,29
2020-07-02,Consumer,0.180224,0.08154060846996143,0.06741366180329475,5,23
2020-07-06,Consumer,0.05582595238095238,0.05515783816183818,0.08154060846996143,5,44
2020-07-07,Consumer,0.15780818181818182,0.07959661298701301,0.05515783816183818,4,23
2020-07-08,Consumer,0.17629583333333335,0.09951911298701299,0.07959661298701301,5,22
2020-07-09,Consumer,0.08616750000000001,0.13126429350649355,0.09951911298701299,5,24
2020-07-10,Consumer,0.0009821428571428494,0.09541592207792209,0.13126429350649355,5,15
2020-07-13,Consumer,0.1712362857142857,0.11849798874458875,0.09541592207792209,5,29
2020-07-14,Consumer,0.09325785714285714,0.10558792380952382,0.11849798874458875,5,23
2020-07-15,Consumer,0.13050428571428574,0.09642961428571431,0.10558792380952382,5,29
2020-07-16,Consumer,0.19509944444444444,0.11821600317460317,0.09642961428571431,5,25
2020-07-17,Consumer,0.1340222222222222,0.14482401904761905,0.11821600317460317,5,19
2020-07-20,Consumer,0.06176612554112554,0.122929987012987,0.14482401904761905,4,31
2020-07-21,Consumer,0.21208447204968944,0.14669530999435348,0.122929987012987,5,46
2020-07-22,Consumer,0.093925,0.13937945285149636,0.14669530999435348,5,17
2020-07-23,Consumer,0.0808946794871795,0.11653849986004335,0.13937945285149636,5,32
2020-07-24,Consumer,-0.009208333333333334,0.08789238874893224,0.11653849986004335,5,19
2020-07-27,Consumer,0.11259861111111111,0.09805888586292935,0.08789238874893224,4,21
2020-07-28,Consumer,0.12989038095238095,0.08162006764346766,0.09805888586292935,5,21
2020-07-29,Consumer,0.056800833333333335,0.07419523431013433,0.08162006764346766,5,39
2020-07-30,Consumer,0.11901466666666667,0.08181923174603176,0.07419523431013433,5,24
2020-07-31,Consumer,0.04505285714285713,0.09267146984126985,0.08181923174603176,5,19
2020-08-03,Consumer,0.06164494117647059,0.08248073585434175,0.09267146984126985,5,36
2020-08-04,Consumer,0.22842202020202018,0.1021870637042696,0.08248073585434175,5,40
2020-08-05,Consumer,0.029352352941176475,0.09669736762583822,0.1021870637042696,5,52
2020-08-06,Consumer,0.10073533333333336,0.09304150095917156,0.09669736762583822,5,17
2020-08-07,Consumer,0.20967166666666667,0.12596526286393347,0.09304150095917156,4,15
2020-08-10,Consumer,0.11722978354978357,0.13708223133859607,0.12596526286393347,5,24
2020-08-11,Consumer,0.06640854166666668,0.10467953563152536,0.13708223133859607,4,22
2020-08-12,Consumer,0.01930520833333333,0.10267010670995673,0.10467953563152536,4,14
2020-08-13,Consumer,0.0604588095238095,0.09461480194805195,0.10267010670995673,5,16
2020-08-14,Consumer,0.05256875,0.06319421861471862,0.09461480194805195,4,12
2020-08-17,Consumer,0.20188537037037038,0.08012533597883599,0.06319421861471862,5,46
2020-08-18,Consumer,0.09867473214285714,0.08657857407407409,0.08012533597883599,5,44
2020-08-19,Consumer,0.18232666666666666,0.11918286574074075,0.08657857407407409,5,32
2020-08-20,Consumer,0.2034605,0.14778320383597884,0.11918286574074075,5,19
2020-08-21,Consumer,0.24293466666666666,0.1858563871693122,0.14778320383597884,5,21
2020-08-24,Consumer,0.08934714285714286,0.16334874166666666,0.1858563871693122,5,18
2020-08-25,Consumer,0.14037083333333333,0.17168796190476193,0.16334874166666666,4,15
2020-08-26,Consumer,0.08801071428571429,0.15282477142857145,0.17168796190476193,4,15
2020-08-27,Consumer,-0.04785473684210527,0.10256172406015038,0.15282477142857145,5,27
2020-08-28,Consumer,-0.026488888888888878,0.04867701294903929,0.10256172406015038,3,23
2020-08-31,Consumer,0.03436,0.03767958437761071,0.04867701294903929,5,27
2020-09-01,Consumer,0.15537738095238096,0.04068089390142023,0.03767958437761071,4,29
2020-09-02,Consumer,0.2,0.06307875104427738,0.04068089390142023,5,17
2020-09-03,Consumer,0.21571607142857144,0.11579291269841271,0.06307875104427738,4,20
2020-09-04,Consumer,0.06562599999999999,0.13421589047619048,0.11579291269841271,5,16
2020-09-08,Consumer,0.1476168484848485,0.1568672601731602,0.13421589047619048,5,41
2020-09-09,Consumer,0.1759068181818182,0.16097314761904763,0.1568672601731602,4,22
2020-09-10,Consumer,0.213934375,0.16376002261904765,0.16097314761904763,4,15
2020-09-11,Consumer,0.14961458333333333,0.150539725,0.16376002261904765,4,14
2020-09-14,Consumer,0.07635628571428572,0.15268578214285716,0.150539725,5,33
2020-09-15,Consumer,0.17744583333333333,0.15865157911255415,0.15268578214285716,4,18
2020-09-16,Consumer,0.15074722222222223,0.15361965992063492,0.15865157911255415,3,11
2020-09-17,Consumer,0.23891375000000004,0.15861553492063493,0.15361965992063492,4,24
2020-09-18,Consumer,-0.006677207792207801,0.1273571766955267,0.15861553492063493,5,26
2020-09-21,Consumer,0.13252966666666666,0.1385918528860029,0.1273571766955267,4,35
2020-09-22,Consumer,0.2046869658119658,0.1440400793817294,0.1385918528860029,5,30
2020-09-23,Consumer,0.16021416666666669,0.1459334682706183,0.1440400793817294,4,32
2020-09-24,Consumer,0.06017261904761903,0.11018524208014209,0.1459334682706183,4,19
2020-09-25,Consumer,0.03963333333333333,0.1194473503052503,0.11018524208014209,4,14
2020-09-28,Consumer,0.07740393939393939,0.10842220485070486,0.1194473503052503,5,34
2020-09-29,Consumer,0.21552920634920633,0.11059065295815299,0.10842220485070486,5,30
2020-09-30,Consumer,0.22742675324675324,0.12403317027417027,0.11059065295815299,5,27
2020-10-01,Consumer,0.08546666666666665,0.1290919797979798,0.12403317027417027,3,16
2020-10-02,Consumer,0.09191071428571429,0.139547455988456,0.1290919797979798,4,18
2020-10-05,Consumer,0.12144752380952381,0.14835617287157288,0.139547455988456,5,24
2020-10-06,Consumer,0.17313444444444442,0.13987722049062049,0.14835617287157288,5,18
2020-10-07,Consumer,0.13382107142857144,0.12115608412698413,0.13987722049062049,4,17
2020-10-08,Consumer,0.1100625,0.1260752507936508,0.12115608412698413,5,21
2020-10-09,Consumer,0.08654571428571427,0.1250022507936508,0.1260752507936508,5,15
2020-10-12,Consumer,0.2782502564102564,0.15636279731379732,0.1250022507936508,5,33
2020-10-13,Consumer,-0.06989342105263158,0.1077572242143821,0.15636279731379732,5,31
2020-10-14,Consumer,0.15762098214285714,0.11251720635723927,0.1077572242143821,4,18
2020-10-15,Consumer,0.15086886363636362,0.12067847908451199,0.11251720635723927,4,20
2020-10-16,Consumer,0.32663333333333333,0.1686960028940358,0.12067847908451199,4,14
2020-10-19,Consumer,0.24128,0.16130195161198452,0.1686960028940358,5,23
2020-10-20,Consumer,0.25174375,0.22562938582251083,0.16130195161198452,4,11
2020-10-21,Consumer,0.24504964285714287,0.24311511796536797,0.22562938582251083,4,19
2020-10-22,Consumer,0.07927943540669856,0.22879723231943494,0.24311511796536797,5,42
2020-10-23,Consumer,0.30089333333333335,0.22364923231943495,0.22879723231943494,5,15
2020-10-26,Consumer,0.040266222222222224,0.18344647676387943,0.22364923231943495,5,27
2020-10-27,Consumer,0.06558499999999999,0.14621472676387942,0.18344647676387943,5,15
2020-10-28,Consumer,0.1101575,0.11923629819245085,0.14621472676387942,4,14
2020-10-29,Consumer,0.14420190476190475,0.13222079206349208,0.11923629819245085,4,21
2020-10-30,Consumer,0.16668822222222224,0.10537976984126987,0.13222079206349208,5,23
2020-11-02,Consumer,0.19801222222222223,0.13692896984126987,0.10537976984126987,5,24
2020-11-03,Consumer,0.20189819047619045,0.16419160793650794,0.13692896984126987,5,23
2020-11-04,Consumer,0.07713714285714285,0.15758753650793653,0.16419160793650794,3,13
2020-11-05,Consumer,0.15840928571428572,0.16042901269841273,0.15758753650793653,5,16
2020-11-06,Consumer,0.08663357142857143,0.14441808253968255,0.16042901269841273,5,22
2020-11-09,Consumer,0.03884857142857142,0.1125853523809524,0.14441808253968255,5,22
2020-11-10,Consumer,0.13063666666666665,0.09833304761904764,0.1125853523809524,4,17
2020-11-11,Consumer,0.090395,0.10098461904761906,0.09833304761904764,4,14
2020-11-12,Consumer,0.17398268398268396,0.1040992987012987,0.10098461904761906,4,43
2020-11-13,Consumer,0.3115863354037267,0.14908985149632978,0.1040992987012987,3,31
2020-11-16,Consumer,0.1974092222222222,0.18080198165505992,0.14908985149632978,5,44
2020-11-17,Consumer,0.3689998245614035,0.22847461323400733,0.18080198165505992,5,30
2020-11-18,Consumer,0.14882777777777778,0.24016116878956284,0.22847461323400733,3,19
2020-11-19,Consumer,-0.02505666666666666,0.20035329865969276,0.24016116878956284,5,16
2020-11-20,Consumer,0.11511711309523809,0.16105945419799503,0.20035329865969276,4,26
2020-11-23,Consumer,0.19003389010989008,0.15958438777552858,0.16105945419799503,5,37
2020-11-24,Consumer,0.033846875,0.09255379786324788,0.15958438777552858,4,15
2020-11-25,Consumer,0.19735833333333333,0.10225990897435899,0.09255379786324788,4,15
2020-11-27,Consumer,0.090388,0.12534884230769233,0.10225990897435899,5,32
2020-11-30,Consumer,0.14321,0.1309674196886447,0.12534884230769233,4,16
2020-12-01,Consumer,0.24098333333333333,0.14115730833333334,0.1309674196886447,3,8
2020-12-02,Consumer,0.030635777777777772,0.14051508888888892,0.14115730833333334,5,26
2020-12-03,Consumer,0.1290675,0.12685692222222222,0.14051508888888892,4,26
2020-12-04,Consumer,0.1562125,0.14002182222222226,0.12685692222222222,4,10
2020-12-07,Consumer,0.09845142857142856,0.13107010793650795,0.14002182222222226,5,39
2020-12-08,Consumer,0.08129777777777777,0.09913299682539685,0.13107010793650795,5,22
2020-12-09,Consumer,0.00034530303030301664,0.0930749018759019,0.09913299682539685,4,21
2020-12-10,Consumer,0.22931968253968255,0.1131253383838384,0.0930749018759019,5,23
2020-12-11,Consumer,0.17314336842105266,0.11651151206804893,0.1131253383838384,5,29
2020-12-14,Consumer,0.062132999999999994,0.10924782635376322,0.11651151206804893,5,35
2020-12-15,Consumer,0.2012185714285714,0.13323198508392195,0.10924782635376322,5,20
2020-12-16,Consumer,0.27887399999999996,0.18893772447786134,0.13323198508392195,5,17
2020-12-17,Consumer,0.332708,0.20961538796992482,0.18893772447786134,5,16
2020-12-18,Consumer,0.302198,0.2354263142857143,0.20961538796992482,5,26
2020-12-21,Consumer,0.14847219913419912,0.25269415411255414,0.2354263142857143,5,60
2020-12-22,Consumer,0.122888,0.23702803982683984,0.25269415411255414,5,16
2020-12-23,Consumer,0.14273183333333334,0.20979960649350654,0.23702803982683984,5,22
2020-12-24,Consumer,0.2675996428571429,0.1967779350649351,0.20979960649350654,4,21
2020-12-28,Consumer,0.286489,0.1936361350649351,0.1967779350649351,5,26
2020-12-29,Consumer,0.16181177777777778,0.19630405079365082,0.1936361350649351,5,22
2020-12-30,Consumer,0.4708625,0.2658989507936508,0.19630405079365082,4,10
2020-12-31,Consumer,0.35598,0.30854858412698416,0.2658989507936508,5,21
2021-01-04,Consumer,0.09655333333333334,0.27433932222222224,0.30854858412698416,5,27
2021-01-05,Consumer,0.09015666666666668,0.2350728555555556,0.27433932222222224,5,18
2021-01-06,Consumer,0.08842333333333334,0.22039516666666673,0.2350728555555556,5,16
2021-01-07,Consumer,0.131316,0.1524858666666667,0.22039516666666673,5,19
2021-01-08,Consumer,0.23236400000000001,0.1277626666666667,0.1524858666666667,5,15
2021-01-11,Consumer,0.22247619047619044,0.15294723809523808,0.1277626666666667,5,15
2021-01-12,Consumer,0.14030083333333335,0.16297607142857146,0.15294723809523808,5,20
2021-01-13,Consumer,0.16114749999999997,0.17752090476190477,0.16297607142857146,4,15
2021-01-14,Consumer,0.12262000000000002,0.17578170476190477,0.17752090476190477,5,17
2021-01-15,Consumer,0.14686166666666667,0.1586812380952381,0.17578170476190477,5,21
2021-01-19,Consumer,0.09258757575757576,0.13270351515151518,0.1586812380952381,5,58
2021-01-20,Consumer,-0.07928500000000001,0.0887863484848485,0.13270351515151518,4,17
2021-01-21,Consumer,0.033244375,0.06320572348484851,0.0887863484848485,4,17
2021-01-22,Consumer,0.044512499999999997,0.047584223484848504,0.06320572348484851,4,19
2021-01-25,Consumer,0.05380083333333334,0.02897205681818184,0.047584223484848504,5,25
2021-01-26,Consumer,0.16621638888888887,0.043697819444444466,0.02897205681818184,5,26
2021-01-27,Consumer,-0.00047321428571428514,0.05946017658730161,0.043697819444444466,5,22
2021-01-28,Consumer,0.15638342857142856,0.08408798730158731,0.05946017658730161,5,23
2021-01-29,Consumer,0.17727083333333332,0.11063965396825397,0.08408798730158731,4,17
2021-02-01,Consumer,0.10389083333333334,0.12065765396825398,0.11063965396825397,5,20
2021-02-02,Consumer,0.19279333333333332,0.1259730428571429,0.12065765396825398,5,14
2021-02-03,Consumer,0.011138888888888901,0.1282954634920635,0.1259730428571429,4,19
2021-02-04,Consumer,0.23951933333333333,0.14492264444444447,0.1282954634920635,5,16
2021-02-05,Consumer,-0.20700833333333332,0.06806681111111115,0.14492264444444447,5,14
2021-02-08,Consumer,0.1351168095238095,0.07431200634920636,0.06806681111111115,5,38
2021-02-09,Consumer,0.05041428571428571,0.045836196825396844,0.07431200634920636,5,19
2021-02-10,Consumer,0.23564791666666668,0.09073800238095239,0.045836196825396844,4,23
2021-02-11,Consumer,0.10139555555555557,0.06311324682539685,0.09073800238095239,5,30
2021-02-12,Consumer,0.037369,0.11198871349206352,0.06311324682539685,5,26
2021-02-16,Consumer,0.07175223809523809,0.09931579920634923,0.11198871349206352,5,39
2021-02-17,Consumer,0.10958166666666666,0.11114927539682543,0.09931579920634923,5,18
2021-02-18,Consumer,0.2700664761904762,0.11803298730158733,0.11114927539682543,5,31
2021-02-19,Consumer,0.20568333333333333,0.1388905428571429,0.11803298730158733,3,10
2021-02-22,Consumer,0.08838750000000001,0.14909424285714287,0.1388905428571429,4,20
2021-02-23,Consumer,0.13019107142857145,0.16078200952380955,0.14909424285714287,4,14
2021-02-24,Consumer,0.047046875,0.1482750511904762,0.16078200952380955,4,11
2021-02-25,Consumer,0.15974738095238097,0.12621123214285718,0.1482750511904762,5,25
2021-02-26,Consumer,0.17379050000000001,0.11983266547619051,0.12621123214285718,5,18
2021-03-01,Consumer,0.21162291666666666,0.14447974880952386,0.11983266547619051,4,17
2021-03-02,Consumer,0.0463125,0.12770403452380955,0.14447974880952386,4,10
2021-03-03,Consumer,0.03923428571428571,0.1261415166666667,0.12770403452380955,5,25
2021-03-04,Consumer,-0.13086676136363637,0.06801868820346321,0.1261415166666667,4,22
2021-03-05,Consumer,0.23755416666666665,0.08077142153679655,0.06801868820346321,3,17
2021-03-08,Consumer,0.12477222222222223,0.06340128264790766,0.08077142153679655,4,23
2021-03-09,Consumer,0.11777333333333334,0.07769344931457434,0.06340128264790766,4,23
2021-03-10,Consumer,0.16599948051948055,0.10304648827561329,0.07769344931457434,5,25
2021-03-11,Consumer,0.08264928571428572,0.14574969769119772,0.10304648827561329,5,23
2021-03-12,Consumer,0.15863714285714287,0.12996629292929296,0.14574969769119772,5,18
2021-03-15,Consumer,0.19557539682539682,0.1441269278499279,0.12996629292929296,5,35
2021-03-16,Consumer,0.2514185,0.1708559611832612,0.1441269278499279,5,22
2021-03-17,Consumer,0.09070249999999999,0.1557965650793651,0.1708559611832612,5,17
2021-03-18,Consumer,0.27285666666666664,0.19383804126984128,0.1557965650793651,5,20
2021-03-19,Consumer,0.05773238095238096,0.17365708888888892,0.19383804126984128,5,25
2021-03-22,Consumer,0.122668,0.15907560952380956,0.17365708888888892,5,17
2021-03-23,Consumer,0.31159,0.17110990952380953,0.15907560952380956,3,10
2021-03-24,Consumer,0.2022564393939394,0.19342069740259743,0.17110990952380953,4,24
2021-03-25,Consumer,0.15796685714285713,0.1704427354978355,0.19342069740259743,5,32
2021-03-26,Consumer,-0.015209226190476191,0.1558544140692641,0.1704427354978355,4,26
2021-03-29,Consumer,0.2678233116883117,0.1848854764069264,0.1558544140692641,5,31
2021-03-30,Consumer,0.109456,0.14445867640692642,0.1848854764069264,5,15
2021-03-31,Consumer,0.125685,0.12914438852813856,0.14445867640692642,5,13
2021-04-01,Consumer,0.005243333333333336,0.09859968376623378,0.12914438852813856,5,15
2021-04-05,Consumer,0.24431166666666665,0.15050386233766236,0.09859968376623378,5,27
2021-04-06,Consumer,0.22874305555555555,0.14268781111111112,0.15050386233766236,4,23
2021-04-07,Consumer,-0.021450666666666666,0.11650647777777778,0.14268781111111112,5,12
2021-04-08,Consumer,0.2991412857142858,0.15119773492063496,0.11650647777777778,5,22
2021-04-09,Consumer,0.18512142857142855,0.187173353968254,0.15119773492063496,4,14
2021-04-12,Consumer,0.19923095238095237,0.17815721111111113,0.187173353968254,5,22
2021-04-13,Consumer,0.14032833333333333,0.1604742666666667,0.17815721111111113,5,16
2021-04-14,Consumer,0.0038541666666666724,0.16553523333333336,0.1604742666666667,5,21
2021-04-15,Consumer,-0.03256071428571429,0.09919483333333334,0.16553523333333336,4,17
2021-04-16,Consumer,0.194296875,0.10102992261904764,0.09919483333333334,4,20
2021-04-19,Consumer,0.0818633660130719,0.07755640534547155,0.10102992261904764,5,40
2021-04-20,Consumer,0.04360801587301588,0.05821234185340805,0.07755640534547155,5,26
2021-04-21,Consumer,0.12116333333333333,0.08167417518674139,0.05821234185340805,5,11
2021-04-22,Consumer,0.23932291666666666,0.1360509013772176,0.08167417518674139,4,15
2021-04-23,Consumer,0.11434333333333332,0.12006019304388424,0.1360509013772176,5,22
2021-04-26,Consumer,0.1863713725490196,0.14096179435107378,0.12006019304388424,5,31
2021-04-27,Consumer,0.07493999999999999,0.14722819117647062,0.14096179435107378,4,22
2021-04-28,Consumer,0.16453299999999998,0.15590212450980395,0.14722819117647062,5,18
2021-04-29,Consumer,0.11973208333333335,0.13198395784313727,0.15590212450980395,4,13
2021-04-30,Consumer,0.11075833333333333,0.13126695784313727,0.13198395784313727,4,23
2021-05-03,Consumer,0.07383199999999998,0.10875908333333335,0.13126695784313727,5,19
2021-05-04,Consumer,0.15557729166666667,0.12488654166666668,0.10875908333333335,4,18
2021-05-05,Consumer,0.09987222222222221,0.11195438611111112,0.12488654166666668,3,18
2021-05-06,Consumer,0.10545833333333335,0.10909963611111113,0.11195438611111112,5,20
2021-05-07,Consumer,-0.08377,0.07019396944444446,0.10909963611111113,3,9
2021-05-10,Consumer,0.14137,0.08370156944444447,0.07019396944444446,5,16
2021-05-11,Consumer,0.03266299999999999,0.05911871111111113,0.08370156944444447,5,17
2021-05-12,Consumer,0.011312500000000003,0.04140676666666669,0.05911871111111113,4,11
2021-05-13,Consumer,0.44750666666666666,0.10981643333333335,0.04140676666666669,3,16
2021-05-14,Consumer,-0.008246648550724638,0.12492110362318842,0.10981643333333335,4,36
2021-05-17,Consumer,0.030266176470588237,0.10270033891730608,0.12492110362318842,4,39
2021-05-18,Consumer,0.15035223214285715,0.12623818534587752,0.10270033891730608,4,39
2021-05-19,Consumer,0.12925099999999998,0.1498258853458775,0.12623818534587752,5,23
2021-05-20,Consumer,0.23345583333333333,0.10701571867921085,0.1498258853458775,5,22
2021-05-21,Consumer,0.1184952380952381,0.13236409600840338,0.10701571867921085,4,15
2021-05-24,Consumer,0.1825652222222222,0.1628239051587302,0.13236409600840338,5,32
2021-05-25,Consumer,0.17060486111111112,0.16687443095238094,0.1628239051587302,4,15
2021-05-26,Consumer,0.11052765151515152,0.1631297612554113,0.16687443095238094,4,21
2021-05-27,Consumer,0.25051750000000006,0.16654209458874464,0.1631297612554113,5,20
2021-05-28,Consumer,0.2902066666666666,0.20088438030303032,0.16654209458874464,5,11
2021-06-01,Consumer,0.2783044871794872,0.22003223329448335,0.20088438030303032,5,27
2021-06-02,Consumer,0.15471809523809524,0.21685488011988013,0.22003223329448335,5,15
2021-06-03,Consumer,0.27291333333333334,0.24933201648351652,0.21685488011988013,5,12
2021-06-04,Consumer,0.11211533333333334,0.22165158315018316,0.24933201648351652,5,18
2021-06-07,Consumer,0.13749194444444446,0.19110863870573874,0.22165158315018316,5,24
2021-06-08,Consumer,0.07043583333333334,0.14953490793650798,0.19110863870573874,4,17
2021-06-09,Consumer,0.10841666666666665,0.14027462222222226,0.14953490793650798,3,9
2021-06-10,Consumer,0.08751033333333333,0.10319402222222225,0.14027462222222226,5,20
2021-06-11,Consumer,0.026685000000000004,0.08610795555555559,0.10319402222222225,5,13
2021-06-14,Consumer,0.27620698412698413,0.11385096349206351,0.08610795555555559,5,21
2021-06-15,Consumer,0.19505583333333332,0.1387749634920635,0.11385096349206351,4,12
2021-06-16,Consumer,0.1093537142857143,0.13896237301587305,0.1387749634920635,5,20
2021-06-17,Consumer,0.08904166666666667,0.13926863968253972,0.13896237301587305,3,10
2021-06-18,Consumer,0.268815,0.18769463968253972,0.13926863968253972,5,15
2021-06-21,Consumer,0.0415036111111111,0.1407539650793651,0.18769463968253972,5,35
2021-06-22,Consumer,0.008059000000000005,0.10335459841269845,0.1407539650793651,5,13
2021-06-23,Consumer,0.13532316666666666,0.10854848888888893,0.10335459841269845,5,20
2021-06-24,Consumer,0.18721000000000002,0.1281821555555556,0.10854848888888893,5,24
2021-06-25,Consumer,0.10774383333333333,0.09596792222222225,0.1281821555555556,5,33
2021-06-28,Consumer,0.12147492063492063,0.11196218412698415,0.09596792222222225,5,27
2021-06-29,Consumer,-0.024838571428571425,0.10538266984126984,0.11196218412698415,5,13
2021-06-30,Consumer,0.009157761904761905,0.08014958888888891,0.10538266984126984,5,20
2021-07-01,Consumer,0.15585333333333334,0.07387825555555558,0.08014958888888891,5,13
2021-07-02,Consumer,0.2601,0.10434948888888891,0.07387825555555558,4,9
2021-07-06,Consumer,0.12166666666666666,0.10438783809523813,0.10434948888888891,5,19
2021-07-07,Consumer,0.1907725,0.1475100523809524,0.10438783809523813,5,16
2021-07-08,Consumer,0.0016099999999999893,0.14600050000000003,0.1475100523809524,5,7
2021-07-09,Consumer,0.103335,0.13549683333333334,0.14600050000000003,5,14
2021-07-12,Consumer,0.13027555555555556,0.10953194444444447,0.13549683333333334,5,19
2021-07-13,Consumer,0.22239416666666667,0.12967744444444446,0.10953194444444447,5,18
2021-07-14,Consumer,0.17537166666666665,0.1265972777777778,0.12967744444444446,5,14
2021-07-15,Consumer,0.06137249999999998,0.1385497777777778,0.1265972777777778,5,21
2021-07-16,Consumer,0.15410555555555558,0.1487038888888889,0.1385497777777778,3,15
2021-07-19,Consumer,0.03215363636363636,0.12907950505050508,0.1487038888888889,5,32
2021-07-20,Consumer,0.08908000000000002,0.10241667171717173,0.12907950505050508,4,12
2021-07-21,Consumer,0.11052625,0.0894475883838384,0.10241667171717173,5,22
2021-07-22,Consumer,0.17889,0.11295108838383841,0.0894475883838384,4,18
2021-07-23,Consumer,0.09682125,0.1014942272727273,0.11295108838383841,4,13
2021-07-26,Consumer,0.07821625000000001,0.11070675000000003,0.1014942272727273,4,21
2021-07-27,Consumer,0.14994236111111112,0.12287922222222225,0.11070675000000003,4,21
2021-07-28,Consumer,0.19695,0.14016397222222224,0.12287922222222225,4,21
2021-07-29,Consumer,0.20933123809523807,0.14625221984126985,0.14016397222222224,5,25
2021-07-30,Consumer,0.041459523809523814,0.13517987460317463,0.14625221984126985,5,19
2021-08-02,Consumer,0.28372196969696967,0.17628101854256856,0.13517987460317463,4,17
2021-08-03,Consumer,0.2948357142857143,0.2052596891774892,0.17628101854256856,4,17
2021-08-04,Consumer,0.06540416666666667,0.17895052251082252,0.2052596891774892,4,14
2021-08-05,Consumer,0.31801833333333335,0.20068794155844158,0.17895052251082252,5,13
2021-08-06,Consumer,0.16566666666666668,0.22552937012987018,0.20068794155844158,4,12
2021-08-09,Consumer,0.12900181818181816,0.19458533982683984,0.22552937012987018,5,23
2021-08-10,Consumer,0.06527,0.14867219696969697,0.19458533982683984,4,13
2021-08-11,Consumer,0.0622875,0.14804886363636366,0.14867219696969697,4,10
2021-08-12,Consumer,0.13319708333333333,0.11108461363636365,0.14804886363636366,5,28
2021-08-13,Consumer,0.31562092105263156,0.14107546451355663,0.11108461363636365,5,35
2021-08-16,Consumer,0.07773342105263158,0.1308217850877193,0.14107546451355663,5,39
2021-08-17,Consumer,0.13607518518518516,0.14498282212475636,0.1308217850877193,3,32
2021-08-18,Consumer,0.11213437500000001,0.15495219712475633,0.14498282212475636,4,17
2021-08-19,Consumer,0.16972777777777778,0.16225833601364523,0.15495219712475633,3,11
2021-08-20,Consumer,0.22631,0.1443961518031189,0.16225833601364523,4,13
2021-08-23,Consumer,0.05554440476190477,0.13995834854497355,0.1443961518031189,5,24
2021-08-24,Consumer,0.023832142857142857,0.1175097400793651,0.13995834854497355,4,13
2021-08-25,Consumer,0.08050125,0.1111831150793651,0.1175097400793651,4,22
2021-08-26,Consumer,0.12436049999999998,0.10210965952380953,0.1111831150793651,5,19
2021-08-27,Consumer,0.1022,0.07728765952380953,0.10210965952380953,3,15
2021-08-30,Consumer,0.2406659523809524,0.11431196904761905,0.07728765952380953,5,21
2021-08-31,Consumer,0.06124047619047619,0.12179363571428573,0.11431196904761905,5,21
2021-09-01,Consumer,0.23976666666666668,0.15364671904761906,0.12179363571428573,5,16
2021-09-02,Consumer,-0.014074166666666672,0.12595978571428573,0.15364671904761906,4,14
2021-09-03,Consumer,0.29701666666666665,0.16492311904761908,0.12595978571428573,4,15
2021-09-07,Consumer,0.18321857142857143,0.15343364285714287,0.16492311904761908,5,26
2021-09-08,Consumer,0.1454313636363636,0.17027182034632032,0.15343364285714287,5,22
2021-09-09,Consumer,0.07277333333333333,0.1368731536796537,0.17027182034632032,5,17
2021-09-10,Consumer,0.19819416666666667,0.17932682034632036,0.1368731536796537,4,17
2021-09-13,Consumer,0.15546186147186147,0.1510158593073593,0.17932682034632036,5,27
2021-09-14,Consumer,0.15592833333333334,0.1455578116883117,0.1510158593073593,5,17
2021-09-15,Consumer,0.03748,0.12396753896103896,0.1455578116883117,5,25
2021-09-16,Consumer,-0.014121999999999996,0.10658847229437232,0.12396753896103896,5,15
2021-09-17,Consumer,0.26663166666666666,0.1202759722943723,0.10658847229437232,4,14
2021-09-20,Consumer,0.1867506153846154,0.1265337230769231,0.1202759722943723,5,33
2021-09-21,Consumer,0.12993666666666664,0.12133538974358975,0.1265337230769231,5,25
2021-09-22,Consumer,0.24981333333333336,0.1638020564102564,0.12133538974358975,5,15
2021-09-23,Consumer,0.22987380952380954,0.21260121831501833,0.1638020564102564,5,25
2021-09-24,Consumer,0.056058437499999995,0.17048657248168503,0.21260121831501833,4,30
2021-09-27,Consumer,0.12198916666666668,0.15753428273809528,0.17048657248168503,5,33
2021-09-28,Consumer,0.10505333333333333,0.1525576160714286,0.15753428273809528,5,16
2021-09-29,Consumer,0.23533625000000002,0.14966219940476191,0.1525576160714286,4,11
2021-09-30,Consumer,0.14678666666666668,0.13304477083333335,0.14966219940476191,5,18
2021-10-01,Consumer,0.18347452380952378,0.1585279880952381,0.13304477083333335,4,16
2021-10-04,Consumer,0.26625590476190475,0.18738133571428572,0.1585279880952381,5,28
2021-10-05,Consumer,0.028646666666666664,0.1721000023809524,0.18738133571428572,5,14
2021-10-06,Consumer,0.1759713333333333,0.16022701904761905,0.1721000023809524,5,27
2021-10-07,Consumer,0.026787500000000006,0.1362271857142857,0.16022701904761905,4,8
2021-10-08,Consumer,0.10422499999999998,0.12037728095238096,0.1362271857142857,4,13
2021-10-11,Consumer,0.10502971861471862,0.08813204372294373,0.12037728095238096,5,27
2021-10-12,Consumer,0.217661875,0.1259350853896104,0.08813204372294373,4,15
2021-10-13,Consumer,0.09002750000000001,0.10874631872294374,0.1259350853896104,4,13
2021-10-14,Consumer,0.30654761904761907,0.16469834253246757,0.10874631872294374,4,16
2021-10-15,Consumer,0.43391111111111114,0.23063556475468977,0.16469834253246757,3,6
2021-10-18,Consumer,0.044752462121212117,0.21858011345598846,0.23063556475468977,4,30
2021-10-19,Consumer,0.06103333333333334,0.18725440512265515,0.21858011345598846,4,29
2021-10-20,Consumer,0.228825,0.21501390512265517,0.18725440512265515,4,8
2021-10-21,Consumer,0.055221666666666655,0.16474871464646468,0.21501390512265517,5,29
2021-10-22,Consumer,0.12051333333333333,0.1020691590909091,0.16474871464646468,5,15
2021-10-25,Consumer,0.11731433333333334,0.11658153333333336,0.1020691590909091,5,23
2021-10-26,Consumer,0.039439999999999996,0.11226286666666667,0.11658153333333336,5,17
2021-10-27,Consumer,0.21487083333333334,0.10947203333333336,0.11226286666666667,5,16
2021-10-28,Consumer,0.012640972222222213,0.10095589444444446,0.10947203333333336,4,19
2021-10-29,Consumer,0.083293125,0.09351185277777779,0.10095589444444446,4,28
2021-11-01,Consumer,0.10802833333333335,0.09165465277777779,0.09351185277777779,5,17
2021-11-02,Consumer,0.185192,0.1208050527777778,0.09165465277777779,5,24
2021-11-03,Consumer,0.20253619047619048,0.11833812420634922,0.1208050527777778,5,20
2021-11-04,Consumer,0.10844666666666666,0.1374992630952381,0.11833812420634922,5,11
2021-11-05,Consumer,0.318325,0.18450563809523812,0.1374992630952381,5,13
2021-11-08,Consumer,0.12110566666666667,0.18712110476190477,0.18450563809523812,5,20
2021-11-09,Consumer,0.20031666666666667,0.19014603809523814,0.18712110476190477,4,9
2021-11-10,Consumer,0.12742410256410255,0.17512362051282054,0.19014603809523814,5,26
2021-11-11,Consumer,0.0919072,0.17181572717948718,0.17512362051282054,5,35
2021-11-12,Consumer,-0.004451428571428565,0.10726044146520149,0.17181572717948718,5,17
2021-11-15,Consumer,-0.0017425438596491206,0.08269079935993832,0.10726044146520149,5,32
2021-11-16,Consumer,0.16071616847826087,0.07477069972225717,0.08269079935993832,4,34
2021-11-17,Consumer,0.3209616190476191,0.11347820301896047,0.07477069972225717,5,30
2021-11-18,Consumer,0.1423357142857143,0.12356390587610333,0.11347820301896047,5,29
2021-11-19,Consumer,0.10470133333333334,0.14539445825705571,0.12356390587610333,5,21
2021-11-22,Consumer,0.09957485714285715,0.16565793845755697,0.14539445825705571,5,26
2021-11-23,Consumer,0.15613958333333333,0.1647426214285715,0.16565793845755697,4,13
2021-11-24,Consumer,0.06698333333333333,0.11394696428571431,0.1647426214285715,4,9
2021-11-26,Consumer,0.256114,0.13670262142857145,0.11394696428571431,5,18
2021-11-29,Consumer,0.03504393939393939,0.12277114264069267,0.13670262142857145,5,23
2021-11-30,Consumer,0.23000361111111112,0.14885689343434344,0.12277114264069267,4,17
2021-12-01,Consumer,-0.05358266666666667,0.10691244343434345,0.14885689343434344,5,21
2021-12-02,Consumer,0.2888580357142857,0.15128738391053392,0.10691244343434345,4,17
2021-12-03,Consumer,0.32804392857142856,0.16567336962481966,0.15128738391053392,4,16
2021-12-06,Consumer,0.18311809523809525,0.1952882007936508,0.16567336962481966,5,27
2021-12-07,Consumer,-0.03768666666666667,0.14175014523809526,0.1952882007936508,5,14
2021-12-08,Consumer,0.08573333333333334,0.16961334523809526,0.14175014523809526,4,14
2021-12-09,Consumer,0.149395,0.1417207380952381,0.16961334523809526,5,20
2021-12-10,Consumer,0.1849875,0.11310945238095241,0.1417207380952381,4,8
2021-12-13,Consumer,0.05103,0.08669183333333336,0.11310945238095241,5,21
2021-12-14,Consumer,0.10052066666666666,0.11433330000000001,0.08669183333333336,5,20
2021-12-15,Consumer,0.292265,0.15563963333333336,0.11433330000000001,5,18
2021-12-16,Consumer,0.3029625,0.18635313333333334,0.15563963333333336,4,10
2021-12-17,Consumer,0.11215933333333335,0.17178750000000004,0.18635313333333334,5,29
2021-12-20,Consumer,0.15225782805429863,0.19203306561085975,0.17178750000000004,5,38
2021-12-21,Consumer,0.11375751879699247,0.19468043603692492,0.19203306561085975,4,31
2021-12-22,Consumer,0.020054166666666675,0.14023826937025824,0.19468043603692492,4,14
2021-12-23,Consumer,0.0982325,0.09929226937025826,0.14023826937025824,5,16
2021-12-27,Consumer,0.07341833333333334,0.09154406937025825,0.09929226937025826,5,24
2021-12-28,Consumer,0.15711375,0.09251525375939852,0.09154406937025825,4,18
2021-12-29,Consumer,0.13661770833333334,0.0970872916666667,0.09251525375939852,4,15
2021-12-30,Consumer,0.09761333333333333,0.11259912500000002,0.0970872916666667,5,19
2021-12-31,Consumer,0.08849,0.11065062500000003,0.11259912500000002,5,12
2022-01-03,Consumer,0.0528665,0.10654025833333336,0.11065062500000003,5,22
2022-01-04,Consumer,0.04389166666666666,0.08389584166666668,0.10654025833333336,3,7
2022-01-05,Consumer,0.08670388888888889,0.07391307777777781,0.08389584166666668,5,22
2022-01-06,Consumer,0.16943466666666668,0.08827734444444447,0.07391307777777781,5,17
2022-01-07,Consumer,0.030754999999999998,0.07673034444444446,0.08827734444444447,5,18
2022-01-10,Consumer,0.095114,0.08517984444444446,0.07673034444444446,5,25
2022-01-11,Consumer,0.15197333333333335,0.1067961777777778,0.08517984444444446,5,9
2022-01-12,Consumer,0.025518000000000002,0.09455900000000003,0.1067961777777778,5,20
2022-01-13,Consumer,0.2590583333333333,0.11248373333333335,0.09455900000000003,5,12
2022-01-14,Consumer,0.01950749999999999,0.11023423333333335,0.11248373333333335,5,24
2022-01-18,Consumer,0.005370426573426573,0.09228551864801866,0.11023423333333335,5,39
2022-01-19,Consumer,0.13500783333333335,0.08889241864801865,0.09228551864801866,5,24
2022-01-20,Consumer,0.13438380952380952,0.11066558055278057,0.08889241864801865,5,27
2022-01-21,Consumer,0.16158450980392156,0.0911708158468982,0.11066558055278057,5,32
2022-01-24,Consumer,0.13118855555555556,0.11350702695800932,0.0911708158468982,5,30
2022-01-25,Consumer,0.08167266666666666,0.12876747497665736,0.11350702695800932,5,20
2022-01-26,Consumer,0.11366117647058824,0.12449814360410834,0.12876747497665736,5,26
2022-01-27,Consumer,0.037510714285714286,0.10512352455648928,0.12449814360410834,5,18
2022-01-28,Consumer,0.0005099999999999994,0.07290862259570496,0.10512352455648928,4,10
2022-01-31,Consumer,0.18219066666666667,0.08310904481792719,0.07290862259570496,5,31
2022-02-01,Consumer,-0.10377333333333334,0.04601984481792719,0.08310904481792719,5,31
2022-02-02,Consumer,-0.006160952380952386,0.022055419047619065,0.04601984481792719,5,18
2022-02-03,Consumer,0.2271516666666667,0.059983609523809545,0.022055419047619065,5,11
2022-02-04,Consumer,0.08700666666666665,0.07728294285714288,0.059983609523809545,5,15
2022-02-07,Consumer,0.15338333333333334,0.0715214761904762,0.07728294285714288,5,43
2022-02-08,Consumer,0.21009705050505048,0.13429555295815296,0.0715214761904762,5,31
2022-02-09,Consumer,0.074058,0.15033934343434346,0.13429555295815296,5,34
2022-02-10,Consumer,0.17185964596273293,0.1392809392935567,0.15033934343434346,5,49
2022-02-11,Consumer,0.028342142857142854,0.12754803453165192,0.1392809392935567,5,28
2022-02-14,Consumer,0.14182674603174603,0.1252367170713345,0.12754803453165192,5,49
2022-02-15,Consumer,0.21474472222222224,0.12616625141476884,0.1252367170713345,5,22
2022-02-16,Consumer,0.15889999999999999,0.14313465141476883,0.12616625141476884,5,24
2022-02-17,Consumer,0.0543494927536232,0.11963262077294687,0.14313465141476883,5,37
2022-02-18,Consumer,0.05929416666666667,0.12582302553485164,0.11963262077294687,5,21
2022-02-22,Consumer,0.1214120238095238,0.1217400810904072,0.12582302553485164,5,26
2022-02-23,Consumer,-0.010833333333333316,0.07662446997929609,0.1217400810904072,5,11
2022-02-24,Consumer,0.06619,0.05808246997929609,0.07662446997929609,5,23
2022-02-25,Consumer,0.05476333333333332,0.05816523809523812,0.05808246997929609,5,14
2022-02-28,Consumer,0.18898305494505493,0.08410301575091576,0.05816523809523812,5,34
2022-03-01,Consumer,0.06867071428571428,0.07355475384615387,0.08410301575091576,5,22
2022-03-02,Consumer,0.15879206349206348,0.10747983321123322,0.07355475384615387,5,22
2022-03-03,Consumer,0.05700314285714285,0.10564246178266179,0.10747983321123322,5,17
2022-03-04,Consumer,0.0911017142857143,0.11291013797313801,0.10564246178266179,5,26
2022-03-07,Consumer,0.10747785714285714,0.09660909841269844,0.11291013797313801,5,24
2022-03-08,Consumer,0.18878452380952382,0.12063186031746034,0.09660909841269844,5,20
2022-03-09,Consumer,0.046902714285714284,0.09825399047619052,0.12063186031746034,5,32
2022-03-10,Consumer,0.06368866666666666,0.09959109523809526,0.09825399047619052,5,21
2022-03-11,Consumer,0.08484466666666667,0.09833968571428572,0.09959109523809526,5,23
2022-03-14,Consumer,0.11012678571428572,0.09886947142857146,0.09833968571428572,5,28
2022-03-15,Consumer,0.14116777777777778,0.08934612222222224,0.09886947142857146,5,28
2022-03-16,Consumer,0.10848,0.10166157936507939,0.08934612222222224,5,25
2022-03-17,Consumer,0.10487777777777778,0.10989940158730163,0.10166157936507939,5,25
2022-03-18,Consumer,0.1245407619047619,0.11783862063492065,0.10989940158730163,5,19
2022-03-21,Consumer,0.31596033333333334,0.1590053301587302,0.11783862063492065,5,36
2022-03-22,Consumer,0.1969152777777778,0.17015483015873017,0.1590053301587302,4,25
2022-03-23,Consumer,0.15427604166666667,0.1793140384920635,0.17015483015873017,4,15
2022-03-24,Consumer,-0.04295523809523809,0.14974743531746035,0.1793140384920635,5,21
2022-03-25,Consumer,0.08225750000000001,0.14129078293650796,0.14974743531746035,5,22
2022-03-28,Consumer,0.14128117063492063,0.10635495039682544,0.14129078293650796,5,37
2022-03-29,Consumer,0.14006816666666666,0.09498552817460319,0.10635495039682544,5,24
2022-03-30,Consumer,0.16794642857142858,0.09771960555555559,0.09498552817460319,4,12
2022-03-31,Consumer,0.04989333333333333,0.11628931984126986,0.09771960555555559,5,26
2022-04-01,Consumer,0.02364095238095238,0.10456601031746034,0.11628931984126986,4,23
2022-04-04,Consumer,0.13982037114845938,0.10427385042016808,0.10456601031746034,5,39
2022-04-05,Consumer,0.043757619047619045,0.08501174089635857,0.10427385042016808,5,17
2022-04-06,Consumer,0.07396133333333335,0.06621472184873951,0.08501174089635857,5,15
2022-04-07,Consumer,-0.00028955555555555126,0.05617814407096174,0.06621472184873951,5,29
2022-04-08,Consumer,0.17120466666666667,0.0856908869281046,0.05617814407096174,5,17
2022-04-11,Consumer,0.19900178571428573,0.09752716984126988,0.0856908869281046,5,33
2022-04-12,Consumer,0.09016190476190478,0.10680802698412702,0.09752716984126988,3,13
2022-04-13,Consumer,0.004937999999999999,0.09300336031746036,0.10680802698412702,5,16
2022-04-14,Consumer,0.12560642857142856,0.11818255714285716,0.09300336031746036,5,21
2022-04-18,Consumer,0.180084,0.11995842380952385,0.11818255714285716,5,30
2022-04-19,Consumer,0.13641769047619046,0.10744160476190479,0.11995842380952385,5,25
2022-04-20,Consumer,0.025083333333333336,0.0944258904761905,0.10744160476190479,5,28
2022-04-21,Consumer,0.14994066666666667,0.12342642380952382,0.0944258904761905,5,25
2022-04-22,Consumer,0.18355190476190475,0.13501551904761905,0.12342642380952382,5,24
2022-04-25,Consumer,0.09563476666666666,0.1181256723809524,0.13501551904761905,5,58
2022-04-26,Consumer,0.10600799999999999,0.1120437342857143,0.1181256723809524,5,17
2022-04-27,Consumer,0.01968911111111111,0.11096488984126987,0.1120437342857143,5,28
2022-04-28,Consumer,0.19870166666666667,0.12071708984126986,0.11096488984126987,5,13
2022-04-29,Consumer,0.11148920779220779,0.10630455044733048,0.12071708984126986,5,32
2022-05-02,Consumer,0.11331309523809523,0.10984021616161618,0.10630455044733048,5,25
2022-05-03,Consumer,0.14816600000000002,0.1182718161616162,0.10984021616161618,5,25
2022-05-04,Consumer,0.08357971014492753,0.13104993596837947,0.1182718161616162,5,31
2022-05-05,Consumer,-0.09383695238095237,0.07254221215885566,0.13104993596837947,5,21
2022-05-06,Consumer,0.05604095238095239,0.06145256107660459,0.07254221215885566,5,30
2022-05-09,Consumer,0.12882402597402595,0.06455474722379073,0.06145256107660459,5,29
2022-05-10,Consumer,0.05598611111111111,0.04611876944601294,0.06455474722379073,5,24
2022-05-11,Consumer,-0.009105500000000006,0.027581727417027434,0.04611876944601294,5,26
2022-05-12,Consumer,0.09227598039215687,0.06480431397164929,0.027581727417027434,5,33
2022-05-13,Consumer,0.04160809523809522,0.061917742543077844,0.06480431397164929,5,22
2022-05-16,Consumer,-0.014327416666666665,0.03328745401493933,0.061917742543077844,5,60
2022-05-17,Consumer,0.12664338235294118,0.04741890826330534,0.03328745401493933,4,47
2022-05-18,Consumer,-0.048133064516129025,0.03961339536007954,0.04741890826330534,5,41
2022-05-19,Consumer,0.14837928571428574,0.050834056424505315,0.03961339536007954,5,39
2022-05-20,Consumer,0.13411947204968944,0.06933633178682415,0.050834056424505315,5,43
2022-05-23,Consumer,0.06543631366459628,0.08528907785307674,0.06933633178682415,5,45
2022-05-24,Consumer,0.2075074166666667,0.10146188471582185,0.08528907785307674,5,28
2022-05-25,Consumer,0.02241790476190476,0.1155720785714286,0.10146188471582185,5,28
2022-05-26,Consumer,0.14054783333333334,0.11400578809523812,0.1155720785714286,5,28
2022-05-27,Consumer,0.117617,0.11070529368530022,0.11400578809523812,5,17
2022-05-31,Consumer,0.1335288888888889,0.12432380873015876,0.11070529368530022,5,26
2022-06-01,Consumer,-0.007998333333333336,0.08122265873015874,0.12432380873015876,5,28
2022-06-02,Consumer,0.192354,0.1152098777777778,0.08122265873015874,5,16
2022-06-03,Consumer,0.036527083333333335,0.09440572777777781,0.1152098777777778,4,14
2022-06-06,Consumer,0.1567075,0.10222382777777779,0.09440572777777781,4,36
2022-06-07,Consumer,0.21516416666666666,0.11855088333333334,0.10222382777777779,5,30
2022-06-08,Consumer,0.1842892857142857,0.15700840714285716,0.11855088333333334,4,18
2022-06-09,Consumer,0.009429714285714286,0.12042355000000002,0.15700840714285716,5,23
2022-06-10,Consumer,0.07374427272727271,0.12786698787878786,0.12042355000000002,5,24
2022-06-13,Consumer,0.14208533333333334,0.12494255454545455,0.12786698787878786,5,42
2022-06-14,Consumer,0.035078125,0.08892534621212124,0.12494255454545455,4,20
2022-06-15,Consumer,-0.087205,0.03462648906926409,0.08892534621212124,5,22
2022-06-16,Consumer,0.0781988888888889,0.04838032398989901,0.03462648906926409,5,22
2022-06-17,Consumer,0.12319,0.058269469444444465,0.04838032398989901,5,17
2022-06-21,Consumer,0.05168018939393939,0.040188440656565676,0.058269469444444465,5,48
2022-06-22,Consumer,0.13691090909090908,0.0605549974747475,0.040188440656565676,5,23
2022-06-23,Consumer,0.14653721428571428,0.10730344033189035,0.0605549974747475,5,29
2022-06-24,Consumer,0.03154119047619047,0.09797190064935066,0.10730344033189035,5,24
2022-06-27,Consumer,0.15000029411764706,0.10333395947288007,0.09797190064935066,5,51
2022-06-28,Consumer,0.1767501403508772,0.12834794966426763,0.10333395947288007,5,37
2022-06-29,Consumer,0.04105955844155844,0.10917767953439753,0.12834794966426763,5,31
2022-06-30,Consumer,0.23029798534798535,0.1259298337468517,0.10917767953439753,5,30
2022-07-01,Consumer,0.0776611607142857,0.13515382779447077,0.1259298337468517,4,18
2022-07-05,Consumer,0.09584416666666667,0.12432260230427469,0.13515382779447077,5,40
2022-07-06,Consumer,0.08658133333333333,0.10628884090076593,0.12432260230427469,5,23
2022-07-07,Consumer,0.01405666666666667,0.10088826254578757,0.10628884090076593,5,17
2022-07-08,Consumer,-0.0723725,0.040354165476190494,0.10088826254578757,4,12
2022-07-11,Consumer,0.09741,0.04430393333333336,0.040354165476190494,4,27
2022-07-12,Consumer,0.18465077922077924,0.06206525584415588,0.04430393333333336,5,31
2022-07-13,Consumer,0.1536657142857143,0.07548213203463205,0.06206525584415588,5,19
2022-07-14,Consumer,0.1717807142857143,0.10702694155844159,0.07548213203463205,5,23
2022-07-15,Consumer,0.09669154545454546,0.14083975064935067,0.10702694155844159,5,24
2022-07-18,Consumer,0.1495052857142857,0.15125880779220782,0.14083975064935067,5,31
2022-07-19,Consumer,0.15832542857142856,0.14599373766233767,0.15125880779220782,5,24
2022-07-20,Consumer,0.022833571428571425,0.1198273090909091,0.14599373766233767,5,22
2022-07-21,Consumer,0.09041419047619048,0.10355400432900434,0.1198273090909091,5,19
2022-07-22,Consumer,0.15341119047619048,0.11489793333333335,0.10355400432900434,5,22
2022-07-25,Consumer,0.11423471794871795,0.1078438197802198,0.11489793333333335,5,43
2022-07-26,Consumer,0.04919837101449275,0.08601840826883264,0.1078438197802198,5,83
2022-07-27,Consumer,0.09459877450980392,0.10037144888507914,0.08601840826883264,4,30
2022-07-28,Consumer,0.07507,0.09730261078984105,0.10037144888507914,5,24
2022-07-29,Consumer,0.1335164285714286,0.09332365840888866,0.09730261078984105,5,18
2022-08-01,Consumer,0.13666271428571428,0.09780925767628794,0.09332365840888866,5,36
2022-08-02,Consumer,0.07206711111111112,0.10238300569561161,0.09780925767628794,5,21
2022-08-03,Consumer,0.13401636904761904,0.11026652460317463,0.10238300569561161,4,28
2022-08-04,Consumer,0.10640416666666666,0.11653335793650796,0.11026652460317463,4,18
2022-08-05,Consumer,0.12310833333333335,0.1144517388888889,0.11653335793650796,4,10
2022-08-08,Consumer,0.12361390476190477,0.11184197698412701,0.1144517388888889,5,35
2022-08-09,Consumer,0.06864301587301587,0.11115715793650796,0.11184197698412701,5,21
2022-08-10,Consumer,0.12899575757575757,0.11015303564213567,0.11115715793650796,4,22
2022-08-11,Consumer,0.06783833333333333,0.102439868975469,0.11015303564213567,5,41
2022-08-12,Consumer,0.22953085714285715,0.12372437373737374,0.102439868975469,5,20
2022-08-15,Consumer,0.047808190476190476,0.1085632308802309,0.12372437373737374,5,62
2022-08-16,Consumer,0.14284607142857142,0.123403841991342,0.1085632308802309,5,55
2022-08-17,Consumer,0.05534661835748791,0.10867401414768807,0.123403841991342,5,42
2022-08-18,Consumer,0.126182,0.1203427474810214,0.10867401414768807,5,24
2022-08-19,Consumer,0.04782866666666667,0.08400230938578332,0.1203427474810214,5,31
2022-08-22,Consumer,0.16202733333333333,0.10684613795721187,0.08400230938578332,5,29
2022-08-23,Consumer,0.08626914285714286,0.09553075224292618,0.10684613795721187,5,17
2022-08-24,Consumer,-0.02065133333333332,0.08033116190476193,0.09553075224292618,5,19
2022-08-25,Consumer,0.150502,0.08519516190476192,0.08033116190476193,5,13
2022-08-26,Consumer,-0.003633333333333333,0.07490276190476194,0.08519516190476192,5,16
2022-08-29,Consumer,0.12224952380952382,0.06694720000000003,0.07490276190476194,4,27
2022-08-30,Consumer,0.17097333333333334,0.08388803809523812,0.06694720000000003,5,20
2022-08-31,Consumer,0.0524675,0.0985118047619048,0.08388803809523812,5,23
2022-09-01,Consumer,0.168611,0.10213360476190478,0.0985118047619048,5,18
2022-09-02,Consumer,0.05088333333333335,0.11303693809523814,0.10213360476190478,5,20
2022-09-06,Consumer,0.18800066666666665,0.12618716666666668,0.11303693809523814,5,35
2022-09-07,Consumer,0.1750107142857143,0.1269946428571429,0.12618716666666668,4,31
2022-09-08,Consumer,0.26254333333333335,0.16900980952380956,0.1269946428571429,5,18
2022-09-09,Consumer,0.18165,0.17161760952380956,0.16900980952380956,5,18
2022-09-12,Consumer,0.22406816666666668,0.20625457619047624,0.17161760952380956,5,27
2022-09-13,Consumer,0.19877933333333334,0.20841030952380954,0.20625457619047624,5,19
2022-09-14,Consumer,0.21435202380952384,0.21627857142857146,0.20841030952380954,5,32
2022-09-15,Consumer,0.13305833333333333,0.19038157142857148,0.21627857142857146,4,15
2022-09-16,Consumer,0.12449333333333334,0.17895023809523813,0.19038157142857148,5,12
2022-09-19,Consumer,0.314892,0.1971150047619048,0.17895023809523813,5,33
2022-09-20,Consumer,-0.014024761904761901,0.15455418571428575,0.1971150047619048,5,19
2022-09-21,Consumer,0.1485,0.14138378095238097,0.15455418571428575,4,16
2022-09-22,Consumer,0.22513885714285714,0.15979988571428577,0.14138378095238097,5,25
2022-09-23,Consumer,-0.013357333333333336,0.13222975238095241,0.15979988571428577,5,19
2022-09-26,Consumer,0.23368595238095238,0.11598854285714288,0.13222975238095241,5,27
2022-09-27,Consumer,0.046175,0.12802849523809526,0.11598854285714288,5,12
2022-09-28,Consumer,0.04590285714285714,0.10750906666666668,0.12802849523809526,5,21
2022-09-29,Consumer,0.12819714285714284,0.08812072380952382,0.10750906666666668,5,36
2022-09-30,Consumer,0.15766136363636366,0.12232446320346321,0.08812072380952382,5,37
2022-10-03,Consumer,0.13943590476190476,0.10347445367965372,0.12232446320346321,5,30
2022-10-04,Consumer,-0.009171666666666667,0.09240512034632037,0.10347445367965372,5,15
2022-10-05,Consumer,0.05573066666666667,0.09437068225108228,0.09240512034632037,5,16
2022-10-06,Consumer,0.17768055555555556,0.10426736479076482,0.09437068225108228,5,24
2022-10-07,Consumer,0.062595,0.08525409206349209,0.10426736479076482,5,21
2022-10-10,Consumer,0.13629738095238095,0.08462638730158732,0.08525409206349209,5,29
2022-10-11,Consumer,0.26193333333333335,0.13884738730158733,0.08462638730158732,3,9
2022-10-12,Consumer,0.2392311904761905,0.17554749206349207,0.13884738730158733,5,20
2022-10-13,Consumer,0.03055499999999999,0.14612238095238098,0.17554749206349207,5,18
2022-10-14,Consumer,-0.012555555555555565,0.13109226984126987,0.14612238095238098,5,19
2022-10-17,Consumer,0.11949814285714286,0.12773242222222225,0.13109226984126987,5,24
2022-10-18,Consumer,0.08738333333333333,0.09282242222222224,0.12773242222222225,5,19
2022-10-19,Consumer,0.17578500000000002,0.08013318412698416,0.09282242222222224,5,19
2022-10-20,Consumer,0.22753600000000002,0.11952938412698415,0.08013318412698416,5,20
2022-10-21,Consumer,0.09325,0.14069049523809526,0.11952938412698415,3,15
2022-10-24,Consumer,0.18803449999999997,0.15439776666666666,0.14069049523809526,5,28
2022-10-25,Consumer,0.11136333333333333,0.15919376666666668,0.15439776666666666,5,33
2022-10-26,Consumer,0.06580916666666667,0.1371986,0.15919376666666668,5,18
2022-10-27,Consumer,0.07568416666666666,0.10682823333333336,0.1371986,5,20
2022-10-28,Consumer,0.06845199999999999,0.10186863333333336,0.10682823333333336,5,18
2022-10-31,Consumer,0.09120516666666667,0.08250276666666669,0.10186863333333336,5,30
2022-11-01,Consumer,0.05449928571428573,0.07112995714285716,0.08250276666666669,5,17
2022-11-02,Consumer,0.2895853333333333,0.1158851904761905,0.07112995714285716,5,19
2022-11-03,Consumer,0.11666999999999998,0.12408235714285716,0.1158851904761905,5,19
2022-11-04,Consumer,0.07482901960784313,0.1253577610644258,0.12408235714285716,5,31
2022-11-07,Consumer,0.10943821428571429,0.12900437058823533,0.1253577610644258,5,35
2022-11-08,Consumer,0.058263333333333334,0.12975718011204485,0.12900437058823533,5,31
2022-11-09,Consumer,0.13694479166666668,0.09922907177871151,0.12975718011204485,4,33
2022-11-10,Consumer,0.02801333333333334,0.08149773844537819,0.09922907177871151,5,23
2022-11-11,Consumer,0.22920733333333332,0.11237340119047623,0.08149773844537819,5,19
2022-11-14,Consumer,0.1548766488413547,0.12146108810160432,0.11237340119047623,5,37
2022-11-15,Consumer,0.08974266666666667,0.12775695476827098,0.12146108810160432,5,49
2022-11-16,Consumer,0.05116733333333333,0.1106014631016043,0.12775695476827098,5,36
2022-11-17,Consumer,0.33333650000000004,0.17166609643493763,0.1106014631016043,5,23
2022-11-18,Consumer,-0.038571428571428576,0.11811034405398527,0.17166609643493763,5,17
2022-11-21,Consumer,0.33207,0.15354901428571432,0.11811034405398527,5,48
2022-11-22,Consumer,0.018304666666666664,0.1392614142857143,0.15354901428571432,5,24
2022-11-23,Consumer,0.3487132936507937,0.19877060634920637,0.1392614142857143,4,26
2022-11-25,Consumer,0.19634244047619048,0.17137179444444448,0.19877060634920637,5,37
2022-11-28,Consumer,0.08774667582417582,0.19663541532356535,0.17137179444444448,4,27
2022-11-29,Consumer,0.15730833333333333,0.161683081990232,0.19663541532356535,4,23
2022-11-30,Consumer,0.18397249999999998,0.19481664865689868,0.161683081990232,4,20
2022-12-01,Consumer,0.25795523809523807,0.17666503754578758,0.19481664865689868,5,18
2022-12-02,Consumer,0.19773238636363635,0.17694302672327675,0.17666503754578758,4,24
2022-12-05,Consumer,0.10858037301587302,0.18110976616161617,0.17694302672327675,5,39
2022-12-06,Consumer,0.09992,0.1696320994949495,0.18110976616161617,5,19
2022-12-07,Consumer,0.16189833333333334,0.1652172661616162,0.1696320994949495,5,14
2022-12-08,Consumer,0.15494966666666665,0.1446161518759019,0.1652172661616162,5,28
2022-12-09,Consumer,0.3138672222222222,0.16784311904761906,0.1446161518759019,5,24
2022-12-12,Consumer,0.17595016666666669,0.1813170777777778,0.16784311904761906,5,20
2022-12-13,Consumer,0.14372785714285716,0.19007864920634923,0.1813170777777778,5,24
2022-12-14,Consumer,0.06858229166666666,0.17141544087301588,0.19007864920634923,4,17
2022-12-15,Consumer,0.19430714285714287,0.17928693611111113,0.17141544087301588,4,19
2022-12-16,Consumer,0.15392066666666665,0.14729762500000004,0.17928693611111113,5,21
2022-12-19,Consumer,0.18277369963369963,0.1486623315934066,0.14729762500000004,5,29
2022-12-20,Consumer,0.11221688311688312,0.14236013678821183,0.1486623315934066,4,22
2022-12-21,Consumer,-0.07572833333333334,0.1134980117882118,0.14236013678821183,5,46
2022-12-22,Consumer,0.10698888888888888,0.09603436099456102,0.1134980117882118,4,23
2022-12-23,Consumer,0.12253750000000001,0.08975772766122767,0.09603436099456102,4,13
2022-12-27,Consumer,0.2638711111111111,0.10597720995670998,0.08975772766122767,5,35
2022-12-28,Consumer,0.1126375,0.10606133333333337,0.10597720995670998,4,8
2022-12-29,Consumer,0.17550888888888888,0.1563087777777778,0.10606133333333337,5,22
2022-12-30,Consumer,0.1323608571428571,0.16138317142857145,0.1563087777777778,5,25
2023-01-03,Consumer,0.13453634920634922,0.16378294126984128,0.16138317142857145,5,34
2023-01-04,Consumer,0.079096,0.1268279190476191,0.16378294126984128,5,24
2023-01-05,Consumer,0.25070650793650795,0.15444172063492065,0.1268279190476191,5,21
2023-01-06,Consumer,0.14194583333333333,0.14772910952380955,0.15444172063492065,4,10
2023-01-09,Consumer,0.2104549603174603,0.16334793015873023,0.14772910952380955,4,25
2023-01-10,Consumer,0.10266761904761905,0.15697418412698416,0.16334793015873023,5,13
2023-01-11,Consumer,0.06504633333333334,0.15416425079365084,0.15697418412698416,5,21
2023-01-12,Consumer,0.08287146153846155,0.12059724151404154,0.15416425079365084,5,28
2023-01-13,Consumer,0.17839466666666665,0.12788700818070822,0.12059724151404154,5,17
2023-01-17,Consumer,0.25182084285714285,0.13616018468864471,0.12788700818070822,5,51
2023-01-18,Consumer,0.19337922222222223,0.15430250532356535,0.13616018468864471,5,27
2023-01-19,Consumer,0.039241476190476195,0.1491415338949939,0.15430250532356535,5,24
2023-01-20,Consumer,-0.029313333333333337,0.12670457492063494,0.1491415338949939,5,18
2023-01-23,Consumer,0.27274476190476193,0.145574593968254,0.12670457492063494,5,31
2023-01-24,Consumer,0.1397038333333333,0.1231511920634921,0.145574593968254,5,33
2023-01-25,Consumer,0.12261899999999999,0.10899914761904765,0.1231511920634921,5,21
2023-01-26,Consumer,0.128984,0.12694765238095243,0.10899914761904765,5,19
2023-01-27,Consumer,0.11466190476190477,0.15574270000000004,0.12694765238095243,5,19
2023-01-30,Consumer,0.053905555555555554,0.11197485873015875,0.15574270000000004,5,30
2023-01-31,Consumer,0.10684090476190478,0.10540227301587304,0.11197485873015875,5,21
2023-02-01,Consumer,0.11620787878787879,0.1041200487734488,0.10540227301587304,5,22
2023-02-02,Consumer,0.19584533333333334,0.11749231544011547,0.1041200487734488,5,20
2023-02-03,Consumer,0.18065971428571428,0.1306918773448774,0.11749231544011547,5,19
2023-02-06,Consumer,0.12342800000000001,0.1445963662337663,0.1306918773448774,5,38
2023-02-07,Consumer,0.17948541666666665,0.15912526861471865,0.1445963662337663,4,14
2023-02-08,Consumer,0.11799733333333333,0.15948315952380956,0.15912526861471865,5,39
2023-02-09,Consumer,0.1915179655172414,0.15861768596059117,0.15948315952380956,5,43
2023-02-10,Consumer,0.22839283333333332,0.16816430977011498,0.15861768596059117,5,18
2023-02-13,Consumer,0.2126253712121212,0.18600378401253923,0.16816430977011498,5,41
2023-02-14,Consumer,0.2801579393939394,0.20613828855799374,0.18600378401253923,5,37
2023-02-15,Consumer,0.037299166666666654,0.18999865522466045,0.20613828855799374,4,16
2023-02-16,Consumer,0.03832666666666666,0.15936039545454547,0.18999865522466045,5,24
2023-02-17,Consumer,0.21571190476190477,0.1568242097402598,0.15936039545454547,4,14
2023-02-21,Consumer,0.158023126984127,0.14590376089466095,0.1568242097402598,5,91
2023-02-22,Consumer,0.13726857142857143,0.11732588730158736,0.14590376089466095,5,29
2023-02-23,Consumer,0.08041000000000001,0.125948053968254,0.11732588730158736,5,21
2023-02-24,Consumer,0.010220833333333335,0.12032688730158736,0.125948053968254,4,14
2023-02-27,Consumer,0.11386344444444445,0.09995719523809528,0.12032688730158736,5,28
2023-02-28,Consumer,0.18826500000000002,0.1060055698412699,0.09995719523809528,4,13
2023-03-01,Consumer,0.12317700000000001,0.10318725555555561,0.1060055698412699,5,28
2023-03-02,Consumer,0.2730958658008658,0.14172442871572877,0.10318725555555561,5,26
2023-03-03,Consumer,0.0343111111111111,0.1465424842712843,0.14172442871572877,3,9
2023-03-06,Consumer,-0.026024333333333337,0.11856492871572877,0.1465424842712843,5,28
2023-03-07,Consumer,0.19428466666666666,0.11976886204906209,0.11856492871572877,5,21
2023-03-08,Consumer,0.1428283333333333,0.12369912871572875,0.11976886204906209,5,11
2023-03-09,Consumer,0.156348,0.10034955555555558,0.12369912871572875,5,21
2023-03-10,Consumer,0.12853599999999998,0.11919453333333337,0.10034955555555558,5,21
2023-03-13,Consumer,0.04674504761904762,0.13374840952380956,0.11919453333333337,5,41
2023-03-14,Consumer,-0.020867500000000004,0.09071797619047622,0.13374840952380956,5,19
2023-03-15,Consumer,0.092605,0.08067330952380956,0.09071797619047622,5,20
2023-03-16,Consumer,0.055785000000000015,0.06056070952380956,0.08067330952380956,5,15
2023-03-17,Consumer,0.002661999999999992,0.035385909523809565,0.06056070952380956,5,17
2023-03-20,Consumer,0.06064761904761904,0.038166423809523856,0.035385909523809565,5,26
2023-03-21,Consumer,0.17504999999999998,0.07734992380952385,0.038166423809523856,4,21
2023-03-22,Consumer,-0.0357848076923077,0.05167196227106231,0.07734992380952385,5,30
2023-03-23,Consumer,0.08875066666666669,0.05826509560439565,0.05167196227106231,5,20
2023-03-24,Consumer,0.25097800000000003,0.10792829560439565,0.05826509560439565,5,15
2023-03-27,Consumer,0.17469583333333333,0.13073793846153853,0.10792829560439565,5,29
2023-03-28,Consumer,0.17248685714285714,0.13022530989010994,0.13073793846153853,5,22
2023-03-29,Consumer,0.09986333333333333,0.15735493809523815,0.13022530989010994,5,24
2023-03-30,Consumer,0.18811384615384616,0.17722757399267403,0.15735493809523815,5,26
2023-03-31,Consumer,0.10454142857142858,0.14794025970695973,0.17722757399267403,4,24
2023-04-03,Consumer,0.14519717293233084,0.14204052762675926,0.14794025970695973,5,47
2023-04-04,Consumer,0.15149666666666667,0.13784248953152117,0.14204052762675926,5,13
2023-04-05,Consumer,0.12889619047619047,0.14364906096009258,0.13784248953152117,5,20
2023-04-06,Consumer,0.1264582222222222,0.1313179361737678,0.14364906096009258,5,26
2023-04-10,Consumer,0.1776724175824176,0.1459441339759656,0.1313179361737678,5,35
2023-04-11,Consumer,0.06981000000000001,0.1308666993894994,0.1459441339759656,4,18
2023-04-12,Consumer,0.07014809523809525,0.11459698510378516,0.1308666993894994,5,20
2023-04-13,Consumer,-0.05331,0.07815574700854705,0.11459698510378516,5,23
2023-04-14,Consumer,0.15132299999999999,0.08312870256410261,0.07815574700854705,5,16
2023-04-17,Consumer,0.05347924369747899,0.05829006778711489,0.08312870256410261,5,39
2023-04-18,Consumer,-0.002861190476190473,0.04375582969187679,0.05829006778711489,5,21
2023-04-19,Consumer,0.13891,0.05750821064425775,0.04375582969187679,5,28
2023-04-20,Consumer,0.14552822222222223,0.09727585508870218,0.05750821064425775,5,22
2023-04-21,Consumer,0.19429761904761905,0.105870778898226,0.09727585508870218,5,22
2023-04-24,Consumer,0.17940150000000002,0.13105523015873022,0.105870778898226,5,46
2023-04-25,Consumer,0.07272333333333333,0.14617213492063497,0.13105523015873022,5,30
2023-04-26,Consumer,0.1335224025974026,0.1450946154401155,0.14617213492063497,5,38
2023-04-27,Consumer,0.04765166666666667,0.12551930432900438,0.1450946154401155,5,25
2023-04-28,Consumer,0.2726686666666666,0.1411935138528139,0.12551930432900438,5,28
2023-05-01,Consumer,0.08780547619047621,0.12287430909090916,0.1411935138528139,5,34
2023-05-02,Consumer,0.05907633333333333,0.12014490909090914,0.12287430909090916,5,26
2023-05-03,Consumer,0.1546859375,0.12437761607142861,0.12014490909090914,4,25
2023-05-04,Consumer,-0.004541904761904759,0.11393890178571434,0.12437761607142861,5,24
2023-05-05,Consumer,0.154824,0.09036996845238102,0.11393890178571434,5,14
2023-05-08,Consumer,0.09569380952380953,0.09194763511904767,0.09036996845238102,5,31
2023-05-09,Consumer,0.14326366666666668,0.10878510178571435,0.09194763511904767,5,26
2023-05-10,Consumer,0.041512512820512826,0.0861504168498169,0.10878510178571435,5,25
2023-05-11,Consumer,0.16542416666666668,0.1201436311355312,0.0861504168498169,4,38
2023-05-12,Consumer,0.08331095454545455,0.10584102204462212,0.1201436311355312,5,30
2023-05-15,Consumer,0.0545824358974359,0.09761874731934736,0.10584102204462212,5,40
2023-05-16,Consumer,0.06290909090909091,0.08154783216783221,0.09761874731934736,5,26
2023-05-17,Consumer,0.053171893939393935,0.08387970839160844,0.08154783216783221,4,31
2023-05-18,Consumer,0.2854945833333334,0.1078937917249418,0.08387970839160844,5,45
2023-05-19,Consumer,0.1006265460030166,0.1113569100164542,0.1078937917249418,5,43
2023-05-22,Consumer,0.048684848484848484,0.1101773925339367,0.1113569100164542,5,46
2023-05-23,Consumer,0.0029947619047619002,0.0981945267330709,0.1101773925339367,5,19
2023-05-24,Consumer,0.028201333333333335,0.09320041461185878,0.0981945267330709,5,22
2023-05-25,Consumer,0.131725,0.0624464979451921,0.09320041461185878,4,14
2023-05-26,Consumer,0.11055208333333333,0.06443160541125545,0.0624464979451921,4,16
2023-05-30,Consumer,0.09589305194805195,0.07387324610389615,0.06443160541125545,5,41
2023-05-31,Consumer,0.14873309523809525,0.10302091277056283,0.07387324610389615,5,24
2023-06-01,Consumer,0.16957666666666665,0.13129597943722948,0.10302091277056283,5,25
2023-06-02,Consumer,0.05225666666666666,0.11540231277056281,0.13129597943722948,4,17
2023-06-05,Consumer,0.055104230769230766,0.1043127422577423,0.11540231277056281,5,37
2023-06-06,Consumer,0.12519833333333336,0.11017379853479858,0.1043127422577423,5,17
2023-06-07,Consumer,0.1388511111111111,0.10819740170940176,0.11017379853479858,5,28
2023-06-08,Consumer,0.15235044444444445,0.1047521572649573,0.10819740170940176,5,23
2023-06-09,Consumer,0.09427214285714285,0.11315525250305254,0.1047521572649573,5,20
2023-06-12,Consumer,0.092569,0.1206482063492064,0.11315525250305254,5,32
2023-06-13,Consumer,0.05859833333333333,0.1073282063492064,0.1206482063492064,5,15
2023-06-14,Consumer,0.05415972222222223,0.09038992857142861,0.1073282063492064,5,30
2023-06-15,Consumer,0.08343238095238095,0.07660631587301592,0.09038992857142861,5,25
2023-06-16,Consumer,0.03604333333333333,0.06496055396825401,0.07660631587301592,5,14
2023-06-20,Consumer,0.08985557142857141,0.0644178682539683,0.06496055396825401,5,42
2023-06-21,Consumer,0.13533266666666668,0.07976473492063497,0.0644178682539683,5,26
2023-06-22,Consumer,0.08533333333333333,0.08599945714285719,0.07976473492063497,5,33
2023-06-23,Consumer,0.07250666666666666,0.08381431428571433,0.08599945714285719,5,33
2023-06-26,Consumer,0.17978857142857144,0.11256336190476195,0.08381431428571433,5,35
2023-06-27,Consumer,0.09236933333333333,0.11306611428571434,0.11256336190476195,5,19
2023-06-28,Consumer,0.1578186666666667,0.11756331428571434,0.11306611428571434,5,18
2023-06-29,Consumer,0.04110266666666667,0.10871718095238099,0.11756331428571434,5,32
2023-06-30,Consumer,0.11080376373626373,0.11637660036630042,0.10871718095238099,5,49
2023-07-03,Consumer,0.10670828571428573,0.10176054322344327,0.11637660036630042,5,30
2023-07-05,Consumer,0.08729628571428572,0.10074593369963376,0.10176054322344327,5,29
2023-07-06,Consumer,0.06659809523809523,0.08250181941391946,0.10074593369963376,5,20
2023-07-07,Consumer,0.13311333333333333,0.10090395274725279,0.08250181941391946,4,17
2023-07-10,Consumer,0.03842547619047619,0.08642829523809528,0.10090395274725279,5,27
2023-07-11,Consumer,0.1636135,0.09780933809523813,0.08642829523809528,5,29
2023-07-12,Consumer,0.20473795454545457,0.12129767186147192,0.09780933809523813,4,29
2023-07-13,Consumer,0.23929407692307691,0.15583686819846823,0.12129767186147192,5,31
2023-07-14,Consumer,0.17170957575757578,0.16355611668331674,0.15583686819846823,5,23
2023-07-17,Consumer,0.08702950000000001,0.1732769214452215,0.16355611668331674,5,32
2023-07-18,Consumer,-0.006850952380952379,0.13918403096903104,0.1732769214452215,5,30
2023-07-19,Consumer,0.18409,0.1350544400599401,0.13918403096903104,5,20
2023-07-20,Consumer,0.11412657142857144,0.11002093896103901,0.1350544400599401,5,22
2023-07-21,Consumer,0.022679333333333336,0.08021489047619053,0.11002093896103901,5,19
2023-07-24,Consumer,0.07035,0.07687899047619054,0.08021489047619053,5,34
2023-07-25,Consumer,0.16778085714285712,0.11180535238095242,0.07687899047619054,5,26
2023-07-26,Consumer,0.2016314736842105,0.11531364711779453,0.11180535238095242,5,36
2023-07-27,Consumer,0.22053333333333333,0.1365949994987469,0.11531364711779453,4,22
2023-07-28,Consumer,0.12636517857142857,0.15733216854636595,0.1365949994987469,4,17
2023-07-31,Consumer,0.1467786111111111,0.1726178907685882,0.15733216854636595,5,50
2023-08-01,Consumer,0.12463133333333332,0.1639879860066834,0.1726178907685882,5,27
2023-08-02,Consumer,0.06275720238095238,0.13621313174603178,0.1639879860066834,5,31
2023-08-03,Consumer,0.07042933333333333,0.10619233174603178,0.13621313174603178,5,21
2023-08-04,Consumer,0.11021133333333336,0.10296156269841275,0.10619233174603178,5,22
2023-08-07,Consumer,0.075721,0.08875004047619052,0.10296156269841275,5,30
2023-08-08,Consumer,0.1669895238095238,0.09722167857142863,0.08875004047619052,5,29
2023-08-09,Consumer,0.08575936842105265,0.10182211177944869,0.09722167857142863,5,54
2023-08-10,Consumer,0.18793238095238096,0.12532272130325822,0.10182211177944869,5,38
2023-08-11,Consumer,0.1208391452991453,0.12744828369642058,0.12532272130325822,5,34
2023-08-14,Consumer,0.12128404761904761,0.1365608932202301,0.12744828369642058,5,52
2023-08-15,Consumer,0.06022467171717172,0.11520792280175969,0.1365608932202301,5,32
2023-08-16,Consumer,0.149669512605042,0.12798995163855756,0.11520792280175969,5,35
2023-08-17,Consumer,0.05235431818181818,0.10087433908444501,0.12798995163855756,5,51
2023-08-18,Consumer,0.02078016666666667,0.08086254335794928,0.10087433908444501,5,40
2023-08-21,Consumer,0.10670283333333333,0.07794630050080643,0.08086254335794928,5,40
2023-08-22,Consumer,0.05977059523809525,0.07785548520499114,0.07794630050080643,5,24
2023-08-23,Consumer,0.17928196428571427,0.08377797554112558,0.07785548520499114,5,35
2023-08-24,Consumer,0.08368124242424244,0.09004336038961043,0.08377797554112558,5,42
2023-08-25,Consumer,0.12326283333333335,0.11053989372294377,0.09004336038961043,5,29
2023-08-28,Consumer,0.07962342857142858,0.10512401277056282,0.11053989372294377,5,27
2023-08-29,Consumer,0.18692045454545456,0.13055398463203466,0.10512401277056282,4,26
2023-08-30,Consumer,0.10111142857142856,0.11491987748917754,0.13055398463203466,5,25
2023-08-31,Consumer,0.3141474285714286,0.16101311471861476,0.11491987748917754,5,24
2023-09-01,Consumer,0.2699866666666667,0.19035788138528145,0.16101311471861476,5,23
2023-09-05,Consumer,0.11304441336441337,0.1970420783438784,0.19035788138528145,5,38
2023-09-06,Consumer,0.0802875,0.1757154874347875,0.1970420783438784,5,27
2023-09-07,Consumer,0.10951011904761905,0.1773952255300256,0.1757154874347875,4,26
2023-09-08,Consumer,0.19593027777777777,0.1537517953712954,0.1773952255300256,5,26
2023-09-11,Consumer,0.07964305555555555,0.1156830731490732,0.1537517953712954,5,38
2023-09-12,Consumer,0.13807098214285715,0.12068838690476195,0.1156830731490732,4,25
2023-09-13,Consumer,0.14600972222222222,0.1338328313492064,0.12068838690476195,4,22
2023-09-14,Consumer,0.03408380952380953,0.11874756944444449,0.1338328313492064,5,24
2023-09-15,Consumer,0.2881171666666667,0.13718494722222227,0.11874756944444449,5,30
2023-09-18,Consumer,0.12798220779220779,0.1468527776695527,0.13718494722222227,5,31
2023-09-19,Consumer,0.10598116666666665,0.14043481457431464,0.1468527776695527,5,36
2023-09-20,Consumer,-0.099437,0.09134547012987018,0.14043481457431464,5,31
2023-09-21,Consumer,0.0490295238095238,0.09433461298701304,0.09134547012987018,5,31
2023-09-22,Consumer,0.22391100000000003,0.0814933796536797,0.09433461298701304,5,23
2023-09-25,Consumer,0.08044553571428573,0.07198604523809529,0.0814933796536797,5,60
2023-09-26,Consumer,0.16172199999999998,0.08313421190476196,0.07198604523809529,5,34
2023-09-27,Consumer,-0.06021533333333333,0.09097854523809529,0.08313421190476196,5,22
2023-09-28,Consumer,0.1635409065934066,0.11388082179487184,0.09097854523809529,4,31
2023-09-29,Consumer,0.1824718596491228,0.1055929937246964,0.11388082179487184,5,57
2023-10-02,Consumer,0.14787488311688313,0.11907886320521588,0.1055929937246964,5,47
2023-10-03,Consumer,0.4613086666666667,0.1789961965385492,0.11907886320521588,5,16
2023-10-04,Consumer,0.15687816666666668,0.22241489653854923,0.1789961965385492,5,23
2023-10-05,Consumer,0.22506833333333334,0.23472038188653457,0.22241489653854923,5,22
2023-10-06,Consumer,0.19248363636363636,0.2367227372294373,0.23472038188653457,5,34
2023-10-09,Consumer,0.06907882142857143,0.2209635248917749,0.2367227372294373,5,49
2023-10-10,Consumer,0.17631736507936507,0.16396526457431462,0.2209635248917749,5,31
2023-10-11,Consumer,0.04833683333333334,0.14225699790764795,0.16396526457431462,5,29
2023-10-12,Consumer,0.12842552380952382,0.12292843600288603,0.14225699790764795,5,26
2023-10-13,Consumer,0.14475023809523807,0.11338175634920637,0.12292843600288603,5,17
2023-10-16,Consumer,0.1664221111111111,0.1328504142857143,0.11338175634920637,5,36
2023-10-17,Consumer,0.07362222222222223,0.11231138571428576,0.1328504142857143,5,24
2023-10-18,Consumer,0.17555560606060605,0.13775514025974028,0.11231138571428576,5,26
2023-10-19,Consumer,0.1248350634920635,0.13703704819624823,0.13775514025974028,5,27
2023-10-20,Consumer,0.12070833333333333,0.13222866724386728,0.13703704819624823,4,11
2023-10-23,Consumer,0.15144456410256413,0.1292331578421579,0.13222866724386728,5,43
2023-10-24,Consumer,0.135489,0.14160651339771343,0.1292331578421579,5,50
2023-10-25,Consumer,-0.002539642857142849,0.10598746361416367,0.14160651339771343,5,35
2023-10-26,Consumer,0.11691233333333333,0.10440291758241763,0.10598746361416367,5,28
2023-10-27,Consumer,0.2559157142857143,0.13144439377289382,0.10440291758241763,5,27
2023-10-30,Consumer,0.16401897435897436,0.13395927582417588,0.13144439377289382,5,47
2023-10-31,Consumer,0.17890233333333333,0.14264194249084255,0.13395927582417588,5,19
2023-11-01,Consumer,0.1986694603174603,0.18288376312576318,0.14264194249084255,5,33
2023-11-02,Consumer,0.16658699999999999,0.1928186964590965,0.18288376312576318,5,41
2023-11-03,Consumer,0.10576333333333335,0.1627882202686203,0.1928186964590965,5,24
2023-11-06,Consumer,0.0752974126984127,0.14504390793650795,0.1627882202686203,5,47
2023-11-07,Consumer,0.22442244444444442,0.1541479301587302,0.14504390793650795,5,36
2023-11-08,Consumer,0.050394743589743586,0.12449298681318685,0.1541479301587302,5,34
2023-11-09,Consumer,0.1922344561403509,0.12962247804125704,0.12449298681318685,5,38
2023-11-10,Consumer,0.11974283333333333,0.13241837804125706,0.12962247804125704,5,29
2023-11-13,Consumer,0.18164047826086957,0.1536869911537484,0.13241837804125706,5,54
2023-11-14,Consumer,0.11052177777777779,0.13090685782041506,0.1536869911537484,5,33
2023-11-15,Consumer,0.20809854700854702,0.16244761850417574,0.13090685782041506,5,44
2023-11-16,Consumer,0.03001771428571428,0.13000427013324845,0.16244761850417574,5,50
2023-11-17,Consumer,0.09178555555555555,0.12441281457769286,0.13000427013324845,5,21
2023-11-20,Consumer,0.044826337662337665,0.0970499864579865,0.12441281457769286,5,31
2023-11-21,Consumer,0.05021177083333334,0.08498798506909762,0.0970499864579865,4,25
2023-11-22,Consumer,0.13124818181818182,0.06961791203102458,0.08498798506909762,5,23
2023-11-24,Consumer,-0.062596,0.051095169173881724,0.06961791203102458,5,34
2023-11-27,Consumer,0.15139969047619048,0.06301799615800871,0.051095169173881724,5,54
2023-11-28,Consumer,0.151163,0.08428532862554117,0.06301799615800871,5,19
2023-11-29,Consumer,0.09850321428571429,0.09394361731601736,0.08428532862554117,5,28
2023-11-30,Consumer,0.04429833333333334,0.07655364761904766,0.09394361731601736,5,27
2023-12-01,Consumer,0.24621160714285714,0.1383151690476191,0.07655364761904766,4,18
2023-12-04,Consumer,0.11808954545454545,0.1316531400432901,0.1383151690476191,5,34
2023-12-05,Consumer,0.16233333333333336,0.13388720670995674,0.1316531400432901,5,16
2023-12-06,Consumer,0.11523644444444445,0.1372338527417028,0.13388720670995674,5,26
2023-12-07,Consumer,0.28859833333333335,0.18609385274170281,0.1372338527417028,5,19
2023-12-08,Consumer,-0.009872000000000002,0.13487713131313137,0.18609385274170281,5,23
2023-12-11,Consumer,0.18779502886002888,0.14881822799422806,0.13487713131313137,5,41
2023-12-12,Consumer,-0.06446190476190475,0.10345918037518043,0.14881822799422806,5,20
2023-12-13,Consumer,0.097326,0.09987709148629156,0.10345918037518043,5,24
2023-12-14,Consumer,0.062132,0.05458382481962487,0.09987709148629156,5,22
2023-12-15,Consumer,0.13951944444444442,0.08446211370851375,0.05458382481962487,4,18
2023-12-18,Consumer,0.135656,0.07403430793650798,0.08446211370851375,5,22
2023-12-19,Consumer,,0.10865836111111116,0.07403430793650798,0,0
2023-12-20,Consumer,,0.11243581481481489,0.10865836111111116,0,0
2023-12-21,Consumer,,0.13758772222222232,0.11243581481481489,0,0
2023-12-22,Consumer,,0.135656,0.13758772222222232,0,0
2023-12-26,Consumer,,,0.135656,0,0
2023-12-27,Consumer,,,,0,0
2023-12-28,Consumer,,,,0,0
2023-12-29,Consumer,,,,0,0
2020-01-02,Energy,0.20570666666666665,0.20570666666666665,,5,21
2020-01-03,Energy,0.03296954545454546,0.11933810606060605,0.20570666666666665,5,28
2020-01-06,Energy,0.09790969696969695,0.11219530303030302,0.11933810606060605,5,34
2020-01-07,Energy,0.08436666666666666,0.10523814393939393,0.11219530303030302,3,12
2020-01-08,Energy,0.03902500000000001,0.09199551515151515,0.10523814393939393,5,17
2020-01-09,Energy,0.10351000000000002,0.07155618181818182,0.09199551515151515,4,10
2020-01-10,Energy,0.07820600000000001,0.08060347272727272,0.07155618181818182,5,15
2020-01-13,Energy,0.159055,0.09283253333333333,0.08060347272727272,5,19
2020-01-14,Energy,0.198525,0.11566420000000002,0.09283253333333333,5,23
2020-01-15,Energy,0.15658166666666667,0.13917553333333335,0.11566420000000002,5,13
2020-01-16,Energy,0.17142380952380953,0.15275829523809523,0.13917553333333335,3,13
2020-01-17,Energy,0.16078638888888888,0.169274373015873,0.15275829523809523,4,31
2020-01-21,Energy,0.18663964285714285,0.17479130158730158,0.169274373015873,4,28
2020-01-22,Energy,0.3109,0.19726630158730157,0.17479130158730158,4,11
2020-01-23,Energy,-0.03728333333333335,0.1584933015873016,0.19726630158730157,5,17
2020-01-24,Energy,0.18136166666666667,0.16048087301587302,0.1584933015873016,5,14
2020-01-27,Energy,0.06633666666666665,0.14159092857142858,0.16048087301587302,5,22
2020-01-28,Energy,0.26798333333333335,0.15785966666666668,0.14159092857142858,2,6
2020-01-29,Energy,0.0171625,0.09911216666666667,0.15785966666666668,4,13
2020-01-30,Energy,0.17852857142857143,0.14227454761904762,0.09911216666666667,4,15
2020-01-31,Energy,0.08144888888888889,0.12229199206349206,0.14227454761904762,5,31
2020-02-03,Energy,0.05105320512820512,0.11923529975579976,0.12229199206349206,5,25
2020-02-04,Energy,0.10624666666666667,0.08688796642246642,0.11923529975579976,5,20
2020-02-05,Energy,0.5480891428571428,0.19307329499389497,0.08688796642246642,5,18
2020-02-06,Energy,0.23407083333333334,0.20418174737484737,0.19307329499389497,4,11
2020-02-07,Energy,0.22275299999999998,0.2324425695970696,0.20418174737484737,5,14
2020-02-10,Energy,0.12191,0.24661392857142855,0.2324425695970696,5,11
2020-02-11,Energy,0.12545514285714285,0.2504556238095238,0.24661392857142855,5,21
2020-02-12,Energy,0.10498749999999998,0.16183529523809523,0.2504556238095238,5,17
2020-02-13,Energy,0.135275625,0.14207625357142856,0.16183529523809523,4,22
2020-02-14,Energy,0.113125,0.12015065357142855,0.14207625357142856,4,12
2020-02-18,Energy,0.141215,0.12401165357142856,0.12015065357142855,5,22
2020-02-19,Energy,0.2625770833333333,0.15143604166666663,0.12401165357142856,4,9
2020-02-20,Energy,0.296225,0.18968354166666665,0.15143604166666663,3,8
2020-02-21,Energy,0.07205833333333334,0.17704008333333332,0.18968354166666665,5,15
2020-02-24,Energy,-0.13612107142857144,0.12719086904761903,0.17704008333333332,5,24
2020-02-25,Energy,-0.08095833333333333,0.08275620238095235,0.12719086904761903,5,17
2020-02-26,Energy,0.2248625714285714,0.0752133,0.08275620238095235,5,17
2020-02-27,Energy,0.084872,0.032942699999999984,0.0752133,5,32
2020-02-28,Energy,0.11033249999999999,0.04059753333333331,0.032942699999999984,5,26
2020-03-02,Energy,0.05180625,0.0781829976190476,0.04059753333333331,4,16
2020-03-03,Energy,0.05184711111111111,0.1047440865079365,0.0781829976190476,5,23
2020-03-04,Energy,0.23066333333333336,0.10590423888888889,0.1047440865079365,5,19
2020-03-05,Energy,0.076565,0.10424283888888888,0.10590423888888889,5,20
2020-03-06,Energy,-0.0060923809523809516,0.0809578626984127,0.10424283888888888,5,29
2020-03-09,Energy,-0.16324161220358588,0.03794829025769551,0.0809578626984127,5,54
2020-03-10,Energy,0.0035118937198067635,0.028281246779434645,0.03794829025769551,5,48
2020-03-11,Energy,-0.009784047619047618,-0.01980822941104155,0.028281246779434645,5,33
2020-03-12,Energy,-0.09649315789473684,-0.054419860989988925,-0.01980822941104155,5,29
2020-03-13,Energy,0.24291492997198877,-0.0046183988051149705,-0.054419860989988925,5,30
2020-03-16,Energy,-0.04589754901960784,0.018850413831680637,-0.0046183988051149705,5,42
2020-03-17,Energy,-0.04244950000000001,0.009658135087719285,0.018850413831680637,5,18
2020-03-18,Energy,-0.0661447619047619,-0.0016140077694235728,0.009658135087719285,5,29
2020-03-19,Energy,-0.014835000000000015,0.014717623809523791,-0.0016140077694235728,4,15
2020-03-20,Energy,-0.13066082051282052,-0.05999752628743806,0.014717623809523791,5,29
2020-03-23,Energy,-0.14660222222222222,-0.08013846092796093,-0.05999752628743806,5,26
2020-03-24,Energy,0.19176644444444443,-0.03329527203907205,-0.08013846092796093,5,31
2020-03-25,Energy,0.25957222222222226,0.03184812478632478,-0.03329527203907205,3,22
2020-03-26,Energy,0.17965599999999998,0.07074632478632478,0.03184812478632478,5,17
2020-03-27,Energy,0.34352190476190475,0.16558286984126985,0.07074632478632478,5,23
2020-03-30,Energy,0.048306,0.20456451428571426,0.16558286984126985,5,20
2020-03-31,Energy,0.07459333333333334,0.18112989206349203,0.20456451428571426,5,19
2020-04-01,Energy,-0.034387619047619035,0.1223379238095238,0.18112989206349203,5,26
2020-04-02,Energy,0.07470107692307693,0.1013469391941392,0.1223379238095238,5,39
2020-04-03,Energy,-0.052798095238095234,0.02208293919413919,0.1013469391941392,5,42
2020-04-06,Energy,0.1988892857142857,0.052199596336996335,0.02208293919413919,5,27
2020-04-07,Energy,0.37504857142857145,0.11229064395604396,0.052199596336996335,5,43
2020-04-08,Energy,0.34033638095238095,0.18723544395604394,0.11229064395604396,5,35
2020-04-09,Energy,0.17798340476190475,0.2078919095238095,0.18723544395604394,5,54
2020-04-13,Energy,0.11926943956043956,0.24230541648351647,0.2078919095238095,5,44
2020-04-14,Energy,-0.012055208333333341,0.20011651767399266,0.24230541648351647,4,22
2020-04-15,Energy,0.08525076923076923,0.1421569572344322,0.20011651767399266,5,39
2020-04-16,Energy,-0.010872850649350643,0.0719151109140859,0.1421569572344322,5,35
2020-04-17,Energy,-0.08258192592592592,0.019802044776519763,0.0719151109140859,5,51
2020-04-20,Energy,-0.19282805244996548,-0.04261745362556124,0.019802044776519763,5,67
2020-04-21,Energy,-0.24419419047619048,-0.08904525005413266,-0.04261745362556124,5,43
2020-04-22,Energy,-0.054018333333333335,-0.11689907056695319,-0.08904525005413266,5,38
2020-04-23,Energy,0.22986095454545455,-0.06875230952799215,-0.11689907056695319,5,35
2020-04-24,Energy,-0.09945491071428572,-0.07212690648566411,-0.06875230952799215,4,20
2020-04-27,Energy,-0.03847166666666666,-0.04125562932900434,-0.07212690648566411,5,44
2020-04-28,Energy,0.04130972222222223,0.0158451532106782,-0.04125562932900434,4,23
2020-04-29,Energy,0.11354310317460319,0.0493574405122655,0.0158451532106782,5,38
2020-04-30,Energy,0.047368239538239536,0.012858897510822503,0.0493574405122655,5,53
2020-05-01,Energy,-0.12654277777777778,0.007441324098124091,0.012858897510822503,5,75
2020-05-04,Energy,-0.0184865034965035,0.011438356732156723,0.007441324098124091,5,40
2020-05-05,Energy,0.1662049494949495,0.036417402186702176,0.011438356732156723,5,36
2020-05-06,Energy,0.19572,0.05285278155178154,0.036417402186702176,4,36
2020-05-07,Energy,0.2677178571428571,0.09692270507270505,0.05285278155178154,5,25
2020-05-08,Energy,0.21767583333333335,0.16576642729492724,0.09692270507270505,5,22
2020-05-11,Energy,-0.08698011111111112,0.15206770577200576,0.16576642729492724,5,25
2020-05-12,Energy,0.053076,0.12944191587301584,0.15206770577200576,5,26
2020-05-13,Energy,-0.0465438961038961,0.08098913665223663,0.12944191587301584,5,25
2020-05-14,Energy,-0.05574,0.016297565223665204,0.08098913665223663,5,12
2020-05-15,Energy,0.13660500000000003,8.339855699853737e-05,0.016297565223665204,5,17
2020-05-18,Energy,0.1682003015873016,0.051119481096681074,8.339855699853737e-05,5,48
2020-05-19,Energy,0.15552,0.07160828109668108,0.051119481096681074,4,9
2020-05-20,Energy,0.07576238095238096,0.09606953650793648,0.07160828109668108,5,21
2020-05-21,Energy,-0.04973999999999999,0.09726953650793649,0.09606953650793648,5,13
2020-05-22,Energy,-0.04422533333333334,0.06110346984126982,0.09726953650793649,5,19
2020-05-26,Energy,0.12099828571428572,0.051663066666666646,0.06110346984126982,5,29
2020-05-27,Energy,-0.040395,0.012480066666666642,0.051663066666666646,4,14
2020-05-28,Energy,0.14303,0.025933590476190448,0.012480066666666642,5,10
2020-05-29,Energy,0.272824,0.09044639047619045,0.025933590476190448,5,20
2020-06-01,Energy,-0.10595662878787879,0.07810013138528135,0.09044639047619045,4,19
2020-06-02,Energy,0.18019285714285715,0.08993904567099564,0.07810013138528135,4,16
2020-06-03,Energy,0.5529145833333333,0.2086009623376623,0.08993904567099564,4,12
2020-06-04,Energy,0.11983600000000001,0.20396216233766232,0.2086009623376623,5,12
2020-06-05,Energy,0.27101000000000003,0.20359936233766232,0.20396216233766232,5,33
2020-06-08,Energy,0.17202142857142858,0.2591949738095238,0.20359936233766232,5,19
2020-06-09,Energy,0.43794733333333336,0.310745869047619,0.2591949738095238,5,20
2020-06-10,Energy,-0.10618933333333333,0.17892508571428573,0.310745869047619,5,24
2020-06-11,Energy,-0.098045,0.1353488857142857,0.17892508571428573,5,27
2020-06-12,Energy,0.08992000000000001,0.0991308857142857,0.1353488857142857,5,10
2020-06-15,Energy,0.08981037037037037,0.08268867407407407,0.0991308857142857,3,20
2020-06-16,Energy,0.123878125,0.01987483240740739,0.08268867407407407,4,15
2020-06-17,Energy,-0.0005199999999999996,0.041008699074074055,0.01987483240740739,4,10
2020-06-18,Energy,0.06834666666666667,0.07428703240740739,0.041008699074074055,4,12
2020-06-19,Energy,0.33059563492063493,0.12242215939153438,0.07428703240740739,3,17
2020-06-22,Energy,0.22134166666666666,0.14872841865079361,0.12242215939153438,4,7
2020-06-23,Energy,0.21390625000000002,0.16673404365079364,0.14872841865079361,4,8
2020-06-24,Energy,-0.02468499999999999,0.16190104365079364,0.16673404365079364,5,16
2020-06-25,Energy,0.1912152380952381,0.18647475793650792,0.16190104365079364,5,17
2020-06-26,Energy,0.10208055555555555,0.14077174206349205,0.18647475793650792,3,9
2020-06-29,Energy,0.13910000000000003,0.12432340873015872,0.14077174206349205,4,8
2020-06-30,Energy,0.13261833333333334,0.10806582539682538,0.12432340873015872,4,15
2020-07-01,Energy,0.05932916666666667,0.1248686587301587,0.10806582539682538,4,7
2020-07-02,Energy,0.20860151515151518,0.12834591414141414,0.1248686587301587,5,22
2020-07-06,Energy,0.1387552380952381,0.13568085064935065,0.12834591414141414,5,16
2020-07-07,Energy,0.030322619047619046,0.11392537445887443,0.13568085064935065,3,13
2020-07-08,Energy,0.5859,0.20458170779220777,0.11392537445887443,1,2
2020-07-09,Energy,0.3056125,0.25383837445887447,0.20458170779220777,4,11
2020-07-10,Energy,0.09901333333333334,0.23192073809523803,0.25383837445887447,5,9
2020-07-13,Energy,0.44849999999999995,0.2938696904761905,0.23192073809523803,3,4
2020-07-14,Energy,-0.0258,0.2826451666666666,0.2938696904761905,1,2
2020-07-15,Energy,-0.11165833333333335,0.14313349999999997,0.2826451666666666,3,8
2020-07-16,Energy,0.13793888888888892,0.10959877777777775,0.14313349999999997,3,10
2020-07-17,Energy,-0.13005,0.06378611111111107,0.10959877777777775,4,8
2020-07-20,Energy,0.029418333333333335,-0.02003022222222224,0.06378611111111107,5,26
2020-07-21,Energy,0.27897528693528695,0.04092483516483515,-0.02003022222222224,5,32
2020-07-22,Energy,0.21082,0.10542050183150183,0.04092483516483515,5,13
2020-07-23,Energy,0.08928749999999999,0.09569022405372403,0.10542050183150183,4,7
2020-07-24,Energy,0.2977423076923077,0.18124868559218557,0.09569022405372403,4,18
2020-07-27,Energy,0.052320000000000005,0.1858290189255189,0.18124868559218557,4,14
2020-07-28,Energy,0.2023,0.17049396153846152,0.1858290189255189,2,2
2020-07-29,Energy,0.3343625,0.1952024615384615,0.17049396153846152,4,5
2020-07-30,Energy,0.06984822222222223,0.19131460598290598,0.1952024615384615,5,29
2020-07-31,Energy,0.020398571428571433,0.1358458587301587,0.19131460598290598,2,36
2020-08-03,Energy,0.106975,0.14677685873015872,0.1358458587301587,5,16
2020-08-04,Energy,0.053391666666666684,0.11699519206349204,0.14677685873015872,2,10
2020-08-05,Energy,0.1548986111111111,0.08110241428571427,0.11699519206349204,3,15
2020-08-06,Energy,0.23991666666666667,0.11511610317460316,0.08110241428571427,2,5
2020-08-07,Energy,0.06678222222222223,0.12439283333333331,0.11511610317460316,3,9
2020-08-10,Energy,0.20814444444444447,0.14462672222222223,0.12439283333333331,5,18
2020-08-11,Energy,0.2676669642857143,0.18748178174603175,0.14462672222222223,4,14
2020-08-12,Energy,0.23410166666666665,0.20332239285714282,0.18748178174603175,5,11
2020-08-13,Energy,0.1366,0.1826590595238095,0.20332239285714282,2,3
2020-08-14,Energy,0.29510833333333336,0.22832428174603173,0.1826590595238095,3,8
2020-08-17,Energy,-0.030645833333333317,0.1805662261904762,0.22832428174603173,4,17
2020-08-18,Energy,0.022012499999999994,0.1314353333333333,0.1805662261904762,4,12
2020-08-19,Energy,0.08835555555555556,0.1022861111111111,0.1314353333333333,3,8
2020-08-20,Energy,0.070905,0.0891471111111111,0.1022861111111111,4,14
2020-08-21,Energy,0.11383333333333334,0.0528921111111111,0.0891471111111111,2,7
2020-08-24,Energy,0.14239925925925925,0.08750112962962961,0.0528921111111111,3,22
2020-08-25,Energy,0.021286666666666666,0.08735596296296294,0.08750112962962961,2,16
2020-08-26,Energy,0.2353309523809524,0.1167510423280423,0.08735596296296294,3,12
2020-08-27,Energy,0.02362514285714285,0.10729507089947088,0.1167510423280423,5,16
2020-08-28,Energy,0.003908333333333333,0.08531007089947087,0.10729507089947088,3,7
2020-08-31,Energy,-0.008145714285714284,0.05520107619047617,0.08531007089947087,5,23
2020-09-01,Energy,0.04250416666666666,0.059444576190476175,0.05520107619047617,4,13
2020-09-02,Energy,-0.0921,-0.006041614285714309,0.059444576190476175,2,7
2020-09-03,Energy,0.18861333333333333,0.026956023809523787,-0.006041614285714309,3,7
2020-09-04,Energy,0.10219375,0.046613107142857116,0.026956023809523787,4,7
2020-09-08,Energy,-0.11643257142857141,0.024955735714285693,0.046613107142857116,5,21
2020-09-09,Energy,0.2294,0.062334902380952364,0.024955735714285693,1,2
2020-09-10,Energy,0.1366,0.10807490238095237,0.062334902380952364,2,2
2020-09-11,Energy,0.11800000000000001,0.0939522357142857,0.10807490238095237,3,7
2020-09-14,Energy,-0.023628571428571422,0.06878777142857141,0.0939522357142857,2,11
2020-09-15,Energy,-0.2610166666666667,0.03987095238095236,0.06878777142857141,2,4
2020-09-16,Energy,0.18400416666666666,0.030791785714285695,0.03987095238095236,2,7
2020-09-17,Energy,0.23710833333333334,0.050893452380952366,0.030791785714285695,2,7
2020-09-18,Energy,0.12377500000000001,0.05204845238095237,0.050893452380952366,2,8
2020-09-21,Energy,-0.048977777777777794,0.04697861111111108,0.05204845238095237,3,10
2020-09-22,Energy,0.5672166666666666,0.21262527777777773,0.04697861111111108,3,4
2020-09-23,Energy,0.17716666666666667,0.2112577777777777,0.21262527777777773,3,9
2020-09-24,Energy,0.24125833333333335,0.21208777777777774,0.2112577777777777,4,7
2020-09-25,Energy,0.11940416666666664,0.21121361111111106,0.21208777777777774,4,7
2020-09-28,Energy,0.1813797619047619,0.25728511904761897,0.21121361111111106,3,13
2020-09-29,Energy,0.25221,0.19428378571428567,0.25728511904761897,5,8
2020-09-30,Energy,0.046172222222222226,0.1680848968253968,0.19428378571428567,3,12
2020-10-01,Energy,0.06945333333333334,0.1337238968253968,0.1680848968253968,5,21
2020-10-02,Energy,0.27778184523809524,0.1653994325396825,0.1337238968253968,4,16
2020-10-05,Energy,0.16732770833333332,0.16258902182539678,0.1653994325396825,4,31
2020-10-06,Energy,-0.015250000000000001,0.1090970218253968,0.16258902182539678,3,6
2020-10-07,Energy,0.05786000000000001,0.11143457738095235,0.1090970218253968,2,6
2020-10-08,Energy,0.3296626984126984,0.16347645039682537,0.11143457738095235,3,16
2020-10-09,Energy,,0.1349001016865079,0.16347645039682537,0,0
2020-10-12,Energy,0.22340937500000002,0.14892051835317457,0.1349001016865079,4,13
2020-10-13,Energy,-0.1591,0.11295801835317457,0.14892051835317457,3,5
2020-10-14,Energy,0.045533333333333335,0.1098763516865079,0.11295801835317457,3,9
2020-10-15,Energy,0.3839375,0.12344505208333331,0.1098763516865079,4,8
2020-10-16,Energy,-0.0010770833333333212,0.09854062499999998,0.12344505208333331,3,19
2020-10-19,Energy,0.0239189696969697,0.05864254393939392,0.09854062499999998,5,22
2020-10-20,Energy,0.18765555555555558,0.12799365505050503,0.05864254393939392,3,8
2020-10-21,Energy,-0.030614999999999983,0.11276398838383839,0.12799365505050503,5,12
2020-10-22,Energy,0.2000638888888889,0.07598926616161615,0.11276398838383839,3,8
2020-10-23,Energy,0.281725,0.13254968282828283,0.07598926616161615,3,6
2020-10-26,Energy,0.06980433333333333,0.14172675555555553,0.13254968282828283,5,17
2020-10-27,Energy,0.04468888888888889,0.1131334222222222,0.14172675555555553,3,6
2020-10-28,Energy,0.06873142857142855,0.1330027079365079,0.1131334222222222,5,29
2020-10-29,Energy,-0.25079821428571425,0.04283028730158728,0.1330027079365079,4,16
2020-10-30,Energy,0.1006825,0.006621787301587276,0.04283028730158728,3,23
2020-11-02,Energy,-0.08184083333333333,-0.02370724603174606,0.006621787301587276,5,18
2020-11-03,Energy,0.22312500000000002,0.011979976190476171,-0.02370724603174606,3,6
2020-11-04,Energy,0.123955,0.023024690476190456,0.011979976190476171,4,17
2020-11-05,Energy,0.16930666666666666,0.10704566666666664,0.023024690476190456,5,9
2020-11-06,Energy,0.17315,0.12153916666666664,0.10704566666666664,1,4
2020-11-09,Energy,0.18497528205128205,0.1749023897435897,0.12153916666666664,5,31
2020-11-10,Energy,0.09568900000000002,0.14941518974358972,0.1749023897435897,5,15
2020-11-11,Energy,0.3665333333333334,0.19793085641025637,0.14941518974358972,3,7
2020-11-12,Energy,0.42960666666666664,0.24999085641025637,0.19793085641025637,5,11
2020-11-13,Energy,0.36391666666666667,0.28814418974358974,0.24999085641025637,2,6
2020-11-16,Energy,0.385984375,0.3283460083333333,0.28814418974358974,4,18
2020-11-17,Energy,0.0,0.3092082083333333,0.3283460083333333,2,3
2020-11-18,Energy,0.2596277777777778,0.2878270972222222,0.3092082083333333,3,8
2020-11-19,Energy,0.13874999999999998,0.22965576388888884,0.2878270972222222,2,4
2020-11-20,Energy,0.0,0.1568724305555555,0.22965576388888884,2,2
2020-11-23,Energy,-0.030297321428571437,0.07361609126984124,0.1568724305555555,4,17
2020-11-24,Energy,-0.08594333333333333,0.056427424603174584,0.07361609126984124,5,11
2020-11-25,Energy,0.22483124999999998,0.04946811904761902,0.056427424603174584,4,13
2020-11-27,Energy,0.14935625000000002,0.05158936904761903,0.04946811904761902,2,10
2020-11-30,Energy,0.23523095238095237,0.09863555952380951,0.05158936904761903,5,27
2020-12-01,Energy,0.17647333333333334,0.13998969047619045,0.09863555952380951,5,12
2020-12-02,Energy,0.18616416666666666,0.19441119047619043,0.13998969047619045,4,13
2020-12-03,Energy,0.021483333333333337,0.15374160714285712,0.19441119047619043,3,8
2020-12-04,Energy,0.03306575757575757,0.13048350865800865,0.15374160714285712,5,30
2020-12-07,Energy,0.14435194444444444,0.11230770707070706,0.13048350865800865,4,33
2020-12-08,Energy,0.159075,0.10882804040404037,0.11230770707070706,3,7
2020-12-09,Energy,0.06654666666666667,0.08490454040404039,0.10882804040404037,3,12
2020-12-10,Energy,0.359115,0.1524308737373737,0.08490454040404039,4,14
2020-12-11,Energy,-0.233304,0.0991569222222222,0.1524308737373737,5,14
2020-12-14,Energy,0.16873749999999998,0.1040340333333333,0.0991569222222222,4,13
2020-12-15,Energy,0.33522222222222225,0.13926347777777776,0.1040340333333333,3,6
2020-12-16,Energy,0.06531666666666669,0.1390174777777778,0.13926347777777776,2,5
2020-12-17,Energy,0.21039,0.10927247777777775,0.1390174777777778,5,8
2020-12-18,Energy,0.06116666666666667,0.1681666111111111,0.10927247777777775,3,5
2020-12-21,Energy,0.148904,0.1641999111111111,0.1681666111111111,5,14
2020-12-22,Energy,-0.002427999999999997,0.09666986666666663,0.1641999111111111,5,21
2020-12-23,Energy,0.1589,0.1153865333333333,0.09666986666666663,3,4
2020-12-24,Energy,0.015566666666666664,0.07642186666666664,0.1153865333333333,3,9
2020-12-28,Energy,0.06247499999999999,0.0766835333333333,0.07642186666666664,4,13
2020-12-29,Energy,0.143175,0.0755377333333333,0.0766835333333333,2,6
2020-12-30,Energy,0.055925,0.0872083333333333,0.0755377333333333,3,6
2020-12-31,Energy,0.058391666666666675,0.06710666666666663,0.0872083333333333,4,12
2021-01-04,Energy,0.08294791666666666,0.08058291666666664,0.06710666666666663,4,14
2021-01-05,Energy,0.16978833333333332,0.10204558333333331,0.08058291666666664,5,15
2021-01-06,Energy,-0.019253333333333334,0.06955991666666664,0.10204558333333331,5,16
2021-01-07,Energy,0.11664444444444444,0.08170380555555552,0.06955991666666664,3,6
2021-01-08,Energy,0.12400089285714286,0.09482565079365077,0.08170380555555552,4,14
2021-01-11,Energy,0.12099,0.10243406746031743,0.09482565079365077,5,10
2021-01-12,Energy,0.014380833333333336,0.07135256746031743,0.10243406746031743,4,18
2021-01-13,Energy,0.1902375,0.1132507341269841,0.07135256746031743,2,9
2021-01-14,Energy,0.063925,0.10270684523809522,0.1132507341269841,3,8
2021-01-15,Energy,0.17461538461538462,0.11282974358974356,0.10270684523809522,4,18
2021-01-19,Energy,0.3318458333333334,0.15500091025641022,0.11282974358974356,4,12
2021-01-20,Energy,-0.09545,0.1330347435897436,0.15500091025641022,1,4
2021-01-21,Energy,-0.23058499999999998,0.04887024358974358,0.1330347435897436,5,8
2021-01-22,Energy,-0.08047499999999999,0.019990243589743578,0.04887024358974358,5,18
2021-01-25,Energy,0.19573333333333334,0.024213833333333323,0.019990243589743578,3,5
2021-01-26,Energy,0.40708,0.039260666666666645,0.024213833333333323,5,8
2021-01-27,Energy,0.22348888888888888,0.10304844444444441,0.039260666666666645,3,9
2021-01-28,Energy,0.12783125,0.17473169444444442,0.10304844444444441,4,13
2021-01-29,Energy,-0.35557222222222223,0.11971224999999996,0.17473169444444442,3,19
2021-02-01,Energy,0.0960918181818182,0.09978394696969692,0.11971224999999996,5,30
2021-02-02,Energy,0.007726900584795328,0.019913327086655996,0.09978394696969692,3,23
2021-02-03,Energy,0.09522833333333335,-0.00573878402445511,0.019913327086655996,3,11
2021-02-04,Energy,0.1618,0.001054965975544886,-0.00573878402445511,4,8
2021-02-05,Energy,0.08035166666666667,0.08823974375332266,0.001054965975544886,4,11
2021-02-08,Energy,0.11955750000000001,0.09293288011695902,0.08823974375332266,5,25
2021-02-09,Energy,0.07955,0.10729749999999996,0.09293288011695902,1,4
2021-02-10,Energy,-0.10966666666666668,0.06631849999999996,0.10729749999999996,3,3
2021-02-11,Energy,0.11831875,0.05762224999999995,0.06631849999999996,4,9
2021-02-12,Energy,-0.06028199999999999,0.029495516666666628,0.05762224999999995,5,14
2021-02-16,Energy,0.12436562500000001,0.03045714166666662,0.029495516666666628,4,18
2021-02-17,Energy,-0.05817454545454546,0.0029122325757575326,0.03045714166666662,2,16
2021-02-18,Energy,0.22756666666666667,0.0703588992424242,0.0029122325757575326,3,7
2021-02-19,Energy,0.32935,0.1125651492424242,0.0703588992424242,4,9
2021-02-22,Energy,0.16310972222222223,0.15724349368686863,0.1125651492424242,4,18
2021-02-23,Energy,0.2972541666666667,0.19182120202020198,0.15724349368686863,4,12
2021-02-24,Energy,0.14534366666666668,0.2325248444444444,0.19182120202020198,5,17
2021-02-25,Energy,0.2151625,0.23004401111111106,0.2325248444444444,4,6
2021-02-26,Energy,0.022766666666666668,0.16872734444444443,0.23004401111111106,3,8
2021-03-01,Energy,0.265402,0.18918579999999996,0.16872734444444443,5,28
2021-03-02,Energy,-0.13297666666666666,0.10313963333333329,0.18918579999999996,2,8
2021-03-03,Energy,0.0069909090909090876,0.07546908181818178,0.10313963333333329,2,15
2021-03-04,Energy,0.10244500000000001,0.05292558181818178,0.07546908181818178,5,12
2021-03-05,Energy,0.28139083333333337,0.10465041515151512,0.05292558181818178,5,17
2021-03-08,Energy,0.13008583333333334,0.07758718181818178,0.10465041515151512,4,14
2021-03-09,Energy,-0.1568746031746032,0.07280759451659446,0.07758718181818178,3,11
2021-03-10,Energy,0.15730624999999998,0.10287066269841265,0.07280759451659446,4,10
2021-03-11,Energy,0.3056222222222222,0.1435061071428571,0.10287066269841265,3,7
2021-03-12,Energy,0.4767,0.18256794047619043,0.1435061071428571,1,1
2021-03-15,Energy,0.11092916666666666,0.17873660714285708,0.18256794047619043,4,13
2021-03-16,Energy,-0.14980833333333332,0.18014986111111106,0.17873660714285708,2,5
2021-03-17,Energy,0.017116666666666665,0.1521119444444444,0.18014986111111106,2,6
2021-03-18,Energy,-0.06109166666666665,0.07876916666666663,0.1521119444444444,4,9
2021-03-19,Energy,0.42644444444444446,0.06871805555555552,0.07876916666666663,3,6
2021-03-22,Energy,0.000900000000000005,0.0467122222222222,0.06871805555555552,4,13
2021-03-23,Energy,-0.10971500000000001,0.054730888888888864,0.0467122222222222,5,27
2021-03-24,Energy,0.21522166666666664,0.09435188888888886,0.054730888888888864,4,11
2021-03-25,Energy,0.20396666666666668,0.14736355555555553,0.09435188888888886,4,9
2021-03-26,Energy,0.3830533333333333,0.13868533333333327,0.14736355555555553,3,12
2021-03-29,Energy,0.26694,0.1918933333333333,0.13868533333333327,4,8
2021-03-30,Energy,0.33471666666666666,0.2807796666666666,0.1918933333333333,4,7
2021-03-31,Energy,0.2687875,0.2914928333333333,0.2807796666666666,4,12
2021-04-01,Energy,-0.2929,0.19211949999999994,0.2914928333333333,5,9
2021-04-05,Energy,0.10044666666666668,0.13559816666666663,0.19211949999999994,4,12
2021-04-06,Energy,0.08025749999999998,0.09826166666666662,0.13559816666666663,4,13
2021-04-07,Energy,-0.06846666666666666,0.01762499999999996,0.09826166666666662,3,5
2021-04-08,Energy,0.07392,-0.021348500000000045,0.01762499999999996,5,6
2021-04-09,Energy,-0.06465,0.02430149999999995,-0.021348500000000045,4,5
2021-04-12,Energy,0.370425,0.07829716666666661,0.02430149999999995,2,3
2021-04-13,Energy,0.24647777777777777,0.11154122222222218,0.07829716666666661,3,8
2021-04-14,Energy,0.06220416666666667,0.13767538888888883,0.11154122222222218,4,10
2021-04-15,Energy,0.04936,0.13276338888888886,0.13767538888888883,5,6
2021-04-16,Energy,0.15892499999999998,0.17747838888888884,0.13276338888888886,4,10
2021-04-19,Energy,0.08836388888888887,0.12106616666666661,0.17747838888888884,3,11
2021-04-20,Energy,0.3413833333333333,0.1400472777777777,0.12106616666666661,3,6
2021-04-21,Energy,0.064775,0.14056144444444438,0.1400472777777777,4,11
2021-04-22,Energy,0.054933333333333334,0.14167611111111106,0.14056144444444438,3,10
2021-04-23,Energy,-0.0418,0.10153111111111106,0.14167611111111106,5,16
2021-04-26,Energy,-0.015539999999999993,0.08075033333333329,0.10153111111111106,5,13
2021-04-27,Energy,0.06577777777777777,0.025629222222222182,0.08075033333333329,3,5
2021-04-28,Energy,0.41758333333333336,0.09619088888888885,0.025629222222222182,3,8
2021-04-29,Energy,0.21482222222222222,0.12816866666666665,0.09619088888888885,3,8
2021-04-30,Energy,0.21996607142857144,0.18052188095238092,0.12816866666666665,5,33
2021-05-03,Energy,0.13649375,0.21092863095238093,0.18052188095238092,4,12
2021-05-04,Energy,0.12642642857142858,0.22305836111111108,0.21092863095238093,3,16
2021-05-05,Energy,0.14501874999999997,0.1685454444444444,0.22305836111111108,4,12
2021-05-06,Energy,0.2504125,0.17566349999999997,0.1685454444444444,4,10
2021-05-07,Energy,-0.033287500000000005,0.12501278571428567,0.17566349999999997,2,6
2021-05-10,Energy,0.15737371428571428,0.12918877857142855,0.12501278571428567,5,28
2021-05-11,Energy,-0.04156000000000001,0.09559149285714282,0.12918877857142855,4,17
2021-05-12,Energy,0.11035833333333334,0.08865940952380949,0.09559149285714282,4,13
2021-05-13,Energy,0.03535555555555555,0.045648020634920614,0.08865940952380949,3,6
2021-05-14,Energy,-0.02838888888888889,0.04662774285714283,0.045648020634920614,3,6
2021-05-17,Energy,0.25062083333333335,0.06527716666666664,0.04662774285714283,4,14
2021-05-18,Energy,-0.0294375,0.06770166666666663,0.06527716666666664,2,8
2021-05-19,Energy,-0.1192125,0.021787499999999977,0.06770166666666663,2,6
2021-05-20,Energy,0.10115,0.03494638888888887,0.021787499999999977,2,2
2021-05-21,Energy,0.0468675,0.04999766666666665,0.03494638888888887,4,10
2021-05-24,Energy,0.20809333333333338,0.04149216666666665,0.04999766666666665,5,13
2021-05-25,Energy,0.16087291666666667,0.07955424999999998,0.04149216666666665,4,15
2021-05-26,Energy,0.317368,0.16687034999999997,0.07955424999999998,5,19
2021-05-27,Energy,0.1108022222222222,0.16880079444444443,0.16687034999999997,3,14
2021-05-28,Energy,-0.032290000000000006,0.15296929444444443,0.16880079444444443,4,12
2021-06-01,Energy,0.09724295238095237,0.1307992182539682,0.15296929444444443,5,35
2021-06-02,Energy,0.2491225,0.14844913492063488,0.1307992182539682,4,21
2021-06-03,Energy,0.22661000000000003,0.1302975349206349,0.14844913492063488,5,12
2021-06-04,Energy,0.0,0.10813709047619044,0.1302975349206349,3,6
2021-06-07,Energy,-0.2298,0.06863509047619046,0.10813709047619044,5,13
2021-06-08,Energy,0.27435000000000004,0.1040565,0.06863509047619046,3,4
2021-06-09,Energy,0.186885,0.09160899999999998,0.1040565,2,11
2021-06-10,Energy,0.12267000000000002,0.070821,0.09160899999999998,5,9
2021-06-11,Energy,0.056425,0.08210599999999998,0.070821,3,7
2021-06-14,Energy,0.24578799999999998,0.17722359999999998,0.08210599999999998,5,16
2021-06-15,Energy,0.2811533333333333,0.17858426666666666,0.17722359999999998,4,13
2021-06-16,Energy,0.229142,0.18703566666666666,0.17858426666666666,5,14
2021-06-17,Energy,0.04000833333333333,0.1705033333333333,0.18703566666666666,4,11
2021-06-18,Energy,0.116425,0.1825033333333333,0.1705033333333333,4,7
2021-06-21,Energy,0.19620849999999998,0.17258743333333332,0.1825033333333333,5,25
2021-06-22,Energy,0.08956249999999999,0.13426926666666666,0.17258743333333332,2,5
2021-06-23,Energy,0.17463,0.12336686666666666,0.13426926666666666,4,12
2021-06-24,Energy,0.14267166666666667,0.14389953333333333,0.12336686666666666,5,11
2021-06-25,Energy,0.24453333333333332,0.16952119999999998,0.14389953333333333,2,7
2021-06-28,Energy,-0.058321666666666674,0.11861516666666665,0.16952119999999998,5,11
2021-06-29,Energy,0.5285200000000001,0.20640666666666668,0.11861516666666665,5,9
2021-06-30,Energy,0.1565125,0.20278316666666668,0.20640666666666668,4,13
2021-07-01,Energy,0.114228,0.19709443333333332,0.20278316666666668,5,18
2021-07-02,Energy,0.286435,0.20547476666666667,0.19709443333333332,5,10
2021-07-06,Energy,-0.09065555555555556,0.19900798888888888,0.20547476666666667,3,7
2021-07-07,Energy,0.03140166666666667,0.0995843222222222,0.19900798888888888,5,11
2021-07-08,Energy,0.09955333333333334,0.08819248888888886,0.0995843222222222,5,14
2021-07-09,Energy,0.273276,0.12000208888888886,0.08819248888888886,5,13
2021-07-12,Energy,0.48131666666666667,0.1589784222222222,0.12000208888888886,3,8
2021-07-13,Energy,0.056275,0.1883645333333333,0.1589784222222222,4,4
2021-07-14,Energy,0.2049,0.2230642,0.1883645333333333,2,3
2021-07-15,Energy,0.0035033333333333375,0.20385419999999996,0.2230642,2,8
2021-07-16,Energy,0.28119,0.20543699999999995,0.20385419999999996,5,16
2021-07-19,Energy,-0.025585999999999998,0.10405646666666665,0.20543699999999995,5,21
2021-07-20,Energy,0.3406133333333333,0.1609241333333333,0.10405646666666665,5,12
2021-07-21,Energy,0.33924666666666664,0.18779346666666666,0.1609241333333333,5,16
2021-07-22,Energy,0.17653666666666668,0.22240013333333333,0.18779346666666666,5,19
2021-07-23,Energy,0.40348805555555556,0.24685974444444442,0.22240013333333333,4,18
2021-07-26,Energy,0.07230666666666669,0.26643827777777773,0.24685974444444442,2,11
2021-07-27,Energy,0.0,0.1983156111111111,0.26643827777777773,1,1
2021-07-28,Energy,0.15649166666666667,0.16176461111111112,0.1983156111111111,3,9
2021-07-29,Energy,0.074795,0.14141627777777774,0.16176461111111112,4,14
2021-07-30,Energy,0.2431005681818182,0.10933878030303028,0.14141627777777774,2,19
2021-08-02,Energy,0.05235066666666667,0.10534758030303029,0.10933878030303028,5,14
2021-08-03,Energy,0.36707500000000004,0.1787625803030303,0.10534758030303029,4,13
2021-08-04,Energy,0.0,0.14746424696969695,0.1787625803030303,3,8
2021-08-05,Energy,0.09456166666666667,0.1514175803030303,0.14746424696969695,2,11
2021-08-06,Energy,0.03108333333333335,0.10901413333333332,0.1514175803030303,4,8
2021-08-09,Energy,0.0004291666666666749,0.09862983333333333,0.10901413333333332,4,15
2021-08-10,Energy,-0.07048333333333334,0.011118166666666648,0.09862983333333333,3,11
2021-08-11,Energy,0.18087583333333335,0.04729333333333332,0.011118166666666648,4,11
2021-08-12,Energy,-0.10236,0.007908999999999989,0.04729333333333332,5,8
2021-08-13,Energy,0.19543333333333332,0.040778999999999975,0.007908999999999989,3,7
2021-08-16,Energy,-0.007776190476190464,0.03913792857142855,0.040778999999999975,5,18
2021-08-17,Energy,-0.22417000000000004,0.00840059523809521,0.03913792857142855,5,14
2021-08-18,Energy,0.017855,-0.024203571428571456,0.00840059523809521,5,16
2021-08-19,Energy,0.07780952380952381,0.011830333333333309,-0.024203571428571456,4,17
2021-08-20,Energy,-0.28958,-0.08517233333333336,0.011830333333333309,3,8
2021-08-23,Energy,0.19379924242424243,-0.04485724675324677,-0.08517233333333336,5,32
2021-08-24,Energy,0.0869875,0.017374253246753235,-0.04485724675324677,4,12
2021-08-25,Energy,0.0683,0.02746325324675324,0.017374253246753235,2,3
2021-08-26,Energy,0.055644000000000006,0.023030148484848474,0.02746325324675324,5,14
2021-08-27,Energy,0.12198124999999999,0.10534239848484846,0.023030148484848474,4,16
2021-08-30,Energy,-0.1371757142857143,0.039147407142857124,0.10534239848484846,5,14
2021-08-31,Energy,0.08014733333333332,0.0377793738095238,0.039147407142857124,5,18
2021-09-01,Energy,-0.04012797619047619,0.016093778571428557,0.0377793738095238,4,18
2021-09-02,Energy,0.24827684615384613,0.05462034780219778,0.016093778571428557,5,35
2021-09-03,Energy,0.14988973214285714,0.06020204423076921,0.05462034780219778,4,17
2021-09-07,Energy,0.20011433333333334,0.12766005375457873,0.06020204423076921,5,19
2021-09-08,Energy,0.12153928571428572,0.13593844423076923,0.12766005375457873,4,19
2021-09-09,Energy,0.31262942857142856,0.20648992518315018,0.13593844423076923,5,20
2021-09-10,Energy,0.07842291666666666,0.17251913928571427,0.20648992518315018,4,14
2021-09-13,Energy,0.22433169642857143,0.18740753214285713,0.17251913928571427,4,17
2021-09-14,Energy,-0.0366875,0.14004716547619048,0.18740753214285713,4,9
2021-09-15,Energy,-0.04296333333333333,0.10714664166666668,0.14004716547619048,4,11
2021-09-16,Energy,-0.13744,0.01713275595238095,0.10714664166666668,3,7
2021-09-17,Energy,0.15253333333333333,0.031954839285714284,0.01713275595238095,1,3
2021-09-20,Energy,0.08587625,0.004263749999999997,0.031954839285714284,4,14
2021-09-21,Energy,0.12421,0.036443249999999996,0.004263749999999997,5,9
2021-09-22,Energy,0.10980833333333333,0.06699758333333332,0.036443249999999996,5,14
2021-09-23,Energy,0.22563166666666667,0.13961191666666667,0.06699758333333332,5,11
2021-09-24,Energy,0.04195555555555556,0.11749636111111113,0.13961191666666667,3,11
2021-09-27,Energy,0.09568444444444443,0.119458,0.11749636111111113,5,21
2021-09-28,Energy,0.0075466666666666685,0.09612533333333333,0.119458,5,13
2021-09-29,Energy,0.10503928571428571,0.0951715238095238,0.09612533333333333,3,12
2021-09-30,Energy,0.13937833333333333,0.07792085714285714,0.0951715238095238,5,15
2021-10-01,Energy,0.2894875,0.12742724603174602,0.07792085714285714,2,6
2021-10-04,Energy,0.2657875,0.16144785714285717,0.12742724603174602,3,14
2021-10-05,Energy,0.2506,0.21005852380952383,0.16144785714285717,5,10
2021-10-06,Energy,0.23756666666666668,0.236564,0.21005852380952383,3,8
2021-10-07,Energy,0.11381857142857141,0.23145204761904764,0.236564,5,14
2021-10-08,Energy,0.11291527777777778,0.1961376031746032,0.23145204761904764,4,19
2021-10-11,Energy,0.04338333333333334,0.15165676984126986,0.1961376031746032,4,15
2021-10-12,Energy,0.24378055555555556,0.15029288095238097,0.15165676984126986,3,9
2021-10-13,Energy,0.24619583333333334,0.15201871428571428,0.15029288095238097,4,8
2021-10-14,Energy,0.22777499999999998,0.17481,0.15201871428571428,3,9
2021-10-15,Energy,0.333051,0.21883714444444444,0.17481,5,13
2021-10-18,Energy,0.08918499999999999,0.22799747777777774,0.21883714444444444,5,18
2021-10-19,Energy,0.244306,0.22810256666666665,0.22799747777777774,5,10
2021-10-20,Energy,0.1280361111111111,0.2044706222222222,0.22810256666666665,3,9
2021-10-21,Energy,0.09862708333333334,0.17864103888888888,0.2044706222222222,4,10
2021-10-22,Energy,0.19197314285714287,0.15042546746031743,0.17864103888888888,5,19
2021-10-25,Energy,0.25395625,0.18337971746031745,0.15042546746031743,4,18
2021-10-26,Energy,0.25594285714285714,0.18570708888888887,0.18337971746031745,3,12
2021-10-27,Energy,0.004904285714285713,0.16108072380952382,0.18570708888888887,5,16
2021-10-28,Energy,0.14771875,0.17089905714285714,0.16108072380952382,4,19
2021-10-29,Energy,0.3586772222222222,0.20423987301587304,0.17089905714285714,5,24
2021-11-01,Energy,0.13449583333333331,0.18034778968253967,0.20423987301587304,4,20
2021-11-02,Energy,0.04596296296296296,0.13835181084656084,0.18034778968253967,3,21
2021-11-03,Energy,0.033133333333333334,0.14399762037037037,0.13835181084656084,2,8
2021-11-04,Energy,0.2488529166666667,0.1642244537037037,0.14399762037037037,4,13
2021-11-05,Energy,0.28753055555555557,0.14999512037037038,0.1642244537037037,3,10
2021-11-08,Energy,0.14157866666666669,0.15141168703703706,0.14999512037037038,5,17
2021-11-09,Energy,0.07572999999999999,0.15736509444444446,0.15141168703703706,4,11
2021-11-10,Energy,-0.030725000000000006,0.14459342777777778,0.15736509444444446,3,11
2021-11-11,Energy,0.045579999999999996,0.10393884444444443,0.14459342777777778,5,8
2021-11-12,Energy,,0.058040916666666664,0.10393884444444443,0,0
2021-11-15,Energy,0.02198958333333334,0.02814364583333333,0.058040916666666664,4,12
2021-11-16,Energy,-0.016352500000000013,0.00512302083333333,0.02814364583333333,2,9
2021-11-17,Energy,0.026964285714285715,0.019545342261904762,0.00512302083333333,2,13
2021-11-18,Energy,0.004953333333333326,0.009388675595238094,0.019545342261904762,5,8
2021-11-19,Energy,-0.03768015873015874,-2.5091269841272246e-05,0.009388675595238094,3,14
2021-11-22,Energy,0.007587499999999997,-0.002905507936507941,-2.5091269841272246e-05,2,7
2021-11-23,Energy,0.291305,0.05862599206349206,-0.002905507936507941,4,13
2021-11-24,Energy,0.12142222222222222,0.07751757936507936,0.05862599206349206,3,5
2021-11-26,Energy,-0.07701083333333333,0.06112474603174604,0.07751757936507936,4,14
2021-11-29,Energy,-0.03630833333333334,0.06139911111111111,0.06112474603174604,4,10
2021-11-30,Energy,-0.050612500000000005,0.0497591111111111,0.06139911111111111,4,11
2021-12-01,Energy,0.2569133333333333,0.042880777777777775,0.0497591111111111,5,11
2021-12-02,Energy,0.1475704761904762,0.04811042857142857,0.042880777777777775,5,25
2021-12-03,Energy,-0.009045833333333333,0.06170342857142856,0.04811042857142857,2,7
2021-12-06,Energy,0.04758488095238095,0.07848207142857141,0.06170342857142856,5,24
2021-12-07,Energy,0.15778791666666667,0.12016215476190477,0.07848207142857141,4,14
2021-12-08,Energy,0.16977083333333332,0.10273365476190474,0.12016215476190477,4,16
2021-12-09,Energy,0.006031250000000002,0.07442580952380952,0.10273365476190474,4,11
2021-12-10,Energy,0.26400666666666667,0.1290363095238095,0.07442580952380952,3,8
2021-12-13,Energy,0.08014047619047619,0.13554742857142857,0.1290363095238095,4,12
2021-12-14,Energy,0.3198666666666667,0.16796317857142856,0.13554742857142857,3,4
2021-12-15,Energy,0.17346666666666666,0.16870234523809524,0.16796317857142856,3,5
2021-12-16,Energy,0.11608749999999998,0.19071359523809522,0.16870234523809524,4,5
2021-12-17,Energy,0.1881866666666667,0.17554959523809527,0.19071359523809522,3,11
2021-12-20,Energy,-0.019699999999999995,0.1555815,0.17554959523809527,3,7
2021-12-21,Energy,0.0,0.09160816666666667,0.1555815,1,1
2021-12-22,Energy,0.09765,0.07644483333333334,0.09160816666666667,3,4
2021-12-23,Energy,-0.015326666666666669,0.050162,0.07644483333333334,5,11
2021-12-27,Energy,0.2529020833333333,0.06310508333333333,0.050162,4,11
2021-12-28,Energy,-0.05641111111111111,0.055762861111111096,0.06310508333333333,3,8
2021-12-29,Energy,0.22915,0.1015928611111111,0.055762861111111096,4,6
2021-12-30,Energy,0.03451875,0.0889666111111111,0.1015928611111111,4,7
2021-12-31,Energy,0.3846333333333334,0.1689586111111111,0.0889666111111111,3,8
2022-01-03,Energy,0.08555714285714286,0.13548962301587303,0.1689586111111111,5,20
2022-01-04,Energy,0.04521666666666667,0.15581517857142857,0.13548962301587303,4,6
2022-01-05,Energy,0.15812222222222222,0.14160962301587302,0.15581517857142857,3,14
2022-01-06,Energy,0.049940000000000005,0.144693873015873,0.14160962301587302,5,14
2022-01-07,Energy,0.30373666666666665,0.12851453968253965,0.144693873015873,5,12
2022-01-10,Energy,0.255558253968254,0.16251476190476188,0.12851453968253965,3,18
2022-01-11,Energy,0.21895079365079365,0.19726158730158727,0.16251476190476188,3,11
2022-01-12,Energy,0.17303385416666667,0.20024391369047617,0.19726158730158727,4,23
2022-01-13,Energy,0.17470566666666668,0.22519704702380952,0.20024391369047617,5,25
2022-01-14,Energy,0.237545,0.2119587136904762,0.22519704702380952,4,20
2022-01-18,Energy,0.2380992857142857,0.20846692003968254,0.2119587136904762,5,35
2022-01-19,Energy,0.19259333333333334,0.20319542797619045,0.20846692003968254,5,11
2022-01-20,Energy,0.17383958333333333,0.20335657380952382,0.20319542797619045,4,17
2022-01-21,Energy,0.07702375,0.18382019047619047,0.20335657380952382,4,25
2022-01-24,Energy,0.10695916666666665,0.15770302380952378,0.18382019047619047,5,22
2022-01-25,Energy,0.186195,0.14732216666666664,0.15770302380952378,4,16
2022-01-26,Energy,0.17380861111111112,0.1435652222222222,0.14732216666666664,5,27
2022-01-27,Energy,0.13668346153846153,0.13613399786324784,0.1435652222222222,5,35
2022-01-28,Energy,0.18910243055555556,0.15854973397435895,0.13613399786324784,4,42
2022-01-31,Energy,0.1602575,0.16920940064102563,0.15854973397435895,5,19
2022-02-01,Energy,0.14298695652173915,0.16056779194537346,0.16920940064102563,4,30
2022-02-02,Energy,0.19463899999999998,0.16473386972315124,0.16056779194537346,5,29
2022-02-03,Energy,0.1506375,0.16752467741545893,0.16473386972315124,5,28
2022-02-04,Energy,0.19693166666666667,0.16909052463768115,0.16752467741545893,5,11
2022-02-07,Energy,0.14007611111111112,0.16505424685990336,0.16909052463768115,5,24
2022-02-08,Energy,0.29232749999999996,0.19492235555555554,0.16505424685990336,4,30
2022-02-09,Energy,0.22502999999999998,0.20100055555555554,0.19492235555555554,5,17
2022-02-10,Energy,-0.04675928571428572,0.16152119841269838,0.20100055555555554,5,15
2022-02-11,Energy,0.21850999999999998,0.16583686507936504,0.16152119841269838,3,17
2022-02-14,Energy,0.20363174603174605,0.17854799206349203,0.16583686507936504,5,38
2022-02-15,Energy,0.10221,0.14052449206349205,0.17854799206349203,5,20
2022-02-16,Energy,0.12756666666666666,0.1210318253968254,0.14052449206349205,5,22
2022-02-17,Energy,0.18737875,0.16785943253968252,0.1210318253968254,4,18
2022-02-18,Energy,0.06011749999999999,0.13618093253968253,0.16785943253968252,4,11
2022-02-22,Energy,0.046744375,0.10480345833333331,0.13618093253968253,4,31
2022-02-23,Energy,0.12101883333333334,0.10856522499999999,0.10480345833333331,5,23
2022-02-24,Energy,-0.08765066666666667,0.06552175833333332,0.10856522499999999,5,27
2022-02-25,Energy,0.21952435897435899,0.07195088012820512,0.06552175833333332,4,35
2022-02-28,Energy,0.13164266666666666,0.08625591346153845,0.07195088012820512,5,38
2022-03-01,Energy,0.10974351817042607,0.09885574209562367,0.08625591346153845,5,49
2022-03-02,Energy,0.2083592857142857,0.11632383257181414,0.09885574209562367,5,42
2022-03-03,Energy,0.15937919413919416,0.16572980473298632,0.11632383257181414,5,31
2022-03-04,Energy,0.15937708333333334,0.15370034960478118,0.16572980473298632,4,26
2022-03-07,Energy,0.0510247032967033,0.1375767569307885,0.15370034960478118,5,52
2022-03-08,Energy,0.14811355555555555,0.1452507644078144,0.1375767569307885,5,39
2022-03-09,Energy,0.174746,0.13852810726495726,0.1452507644078144,5,35
2022-03-10,Energy,0.10458214285714285,0.12756869700854698,0.13852810726495726,5,30
2022-03-11,Energy,0.14197305555555556,0.12408789145299144,0.12756869700854698,5,27
2022-03-14,Energy,0.22173483333333333,0.15822991746031745,0.12408789145299144,5,32
2022-03-15,Energy,0.20280509523809523,0.16916822539682536,0.15822991746031745,5,33
2022-03-16,Energy,0.17290487012987013,0.1687999994227994,0.16916822539682536,5,29
2022-03-17,Energy,0.2126965909090909,0.19042288903318902,0.1687999994227994,4,32
2022-03-18,Energy,0.08903666666666667,0.17983561125541123,0.19042288903318902,5,11
2022-03-21,Energy,0.11529110389610389,0.15854686536796533,0.17983561125541123,5,35
2022-03-22,Energy,0.14313522077922078,0.14661289047619047,0.15854686536796533,5,35
2022-03-23,Energy,0.03190833333333334,0.1184135831168831,0.14661289047619047,5,24
2022-03-24,Energy,0.1721353846153846,0.11030134185814185,0.1184135831168831,5,33
2022-03-25,Energy,0.32768433333333336,0.15803087519147518,0.11030134185814185,5,31
2022-03-28,Energy,0.29769,0.1945106544122544,0.15803087519147518,5,29
2022-03-29,Energy,0.1882490909090909,0.20353342843822841,0.1945106544122544,5,28
2022-03-30,Energy,0.36841666666666667,0.2708350951048951,0.20353342843822841,4,13
2022-03-31,Energy,0.01515666666666667,0.23943935151515153,0.2708350951048951,5,23
2022-04-01,Energy,0.37057799999999996,0.2480180848484848,0.23943935151515153,5,14
2022-04-04,Energy,0.18857288888888887,0.2261946626262626,0.2480180848484848,5,26
2022-04-05,Energy,0.077352,0.20401524444444444,0.2261946626262626,5,16
2022-04-06,Energy,0.20361875000000002,0.1710556611111111,0.20401524444444444,4,11
2022-04-07,Energy,0.2597425,0.2199728277777777,0.1710556611111111,4,17
2022-04-08,Energy,0.31156392857142856,0.2081700134920635,0.2199728277777777,4,20
2022-04-11,Energy,0.38735833333333336,0.2479271023809524,0.2081700134920635,4,20
2022-04-12,Energy,0.18135844444444443,0.2687283912698412,0.2479271023809524,5,21
2022-04-13,Energy,0.24765756944444445,0.27753615515873015,0.2687283912698412,4,28
2022-04-14,Energy,0.3010875,0.2858051551587301,0.27753615515873015,4,8
2022-04-18,Energy,0.25555416666666664,0.2746032027777778,0.2858051551587301,4,15
2022-04-19,Energy,0.027514999999999994,0.2026345361111111,0.2746032027777778,5,13
2022-04-20,Energy,0.27030000000000004,0.2204228472222222,0.2026345361111111,5,10
2022-04-21,Energy,0.23724541666666665,0.21834041666666665,0.2204228472222222,4,23
2022-04-22,Energy,0.219725,0.20206791666666665,0.21834041666666665,5,28
2022-04-25,Energy,0.19504356132756134,0.18996579559884558,0.20206791666666665,5,48
2022-04-26,Energy,0.14528065476190477,0.21351892655122656,0.18996579559884558,4,25
2022-04-27,Energy,0.33572622222222226,0.22660417099567098,0.21351892655122656,5,28
2022-04-28,Energy,0.2785363095238095,0.23486234956709956,0.22660417099567098,5,33
2022-04-29,Energy,0.013394740740740744,0.1935962977152477,0.23486234956709956,5,58
2022-05-02,Energy,0.20175653846153846,0.19493889314204313,0.1935962977152477,4,35
2022-05-03,Energy,0.24751933333333334,0.21538662885632887,0.19493889314204313,5,31
2022-05-04,Energy,0.13857166666666668,0.1759557177452177,0.21538662885632887,4,20
2022-05-05,Energy,0.3962931904761905,0.19950709393569394,0.1759557177452177,5,40
2022-05-06,Energy,0.20133978571428574,0.23709610293040292,0.19950709393569394,5,27
2022-05-09,Energy,0.19199488095238096,0.2351437714285714,0.23709610293040292,4,34
2022-05-10,Energy,0.16733809523809523,0.21910752380952378,0.2351437714285714,5,19
2022-05-11,Energy,0.3227909722222222,0.25595138492063485,0.21910752380952378,4,23
2022-05-12,Energy,0.11385869047619049,0.1994644849206349,0.25595138492063485,5,31
2022-05-13,Energy,0.10860722222222223,0.1809179722222222,0.1994644849206349,4,34
2022-05-16,Energy,0.11252448351648352,0.1650238927350427,0.1809179722222222,5,48
2022-05-17,Energy,0.15219128787878788,0.16199453126318125,0.1650238927350427,4,24
2022-05-18,Energy,0.1338839487179487,0.12421312656232655,0.16199453126318125,5,29
2022-05-19,Energy,0.2606836904761905,0.15357812656232656,0.12421312656232655,4,21
2022-05-20,Energy,0.28437250000000003,0.1887311821178821,0.15357812656232656,4,19
2022-05-23,Energy,0.15552133333333334,0.19733055208125205,0.1887311821178821,5,19
2022-05-24,Energy,0.22370866666666664,0.21163402783882784,0.19733055208125205,5,22
2022-05-25,Energy,0.22537916666666669,0.2299330714285714,0.21163402783882784,4,26
2022-05-26,Energy,0.19516099999999997,0.2168285333333333,0.2299330714285714,5,23
2022-05-27,Energy,0.24958904761904765,0.20987184285714283,0.2168285333333333,5,20
2022-05-31,Energy,0.29973393772893775,0.23871436373626373,0.20987184285714283,5,31
2022-06-01,Energy,0.22032595238095237,0.23803782087912087,0.23871436373626373,5,21
2022-06-02,Energy,0.219428,0.23684758754578752,0.23803782087912087,5,21
2022-06-03,Energy,0.27841899999999997,0.25349918754578754,0.23684758754578752,5,18
2022-06-06,Energy,0.223535347985348,0.2482884476190476,0.25349918754578754,4,24
2022-06-07,Energy,0.12873600000000002,0.21408886007326006,0.2482884476190476,5,23
2022-06-08,Energy,0.2053785714285714,0.21109938388278385,0.21408886007326006,5,27
2022-06-09,Energy,0.16317500000000001,0.19984878388278388,0.21109938388278385,4,10
2022-06-10,Energy,0.16269266666666665,0.17670351721611718,0.19984878388278388,5,19
2022-06-13,Energy,0.1800244318181818,0.16800133398268396,0.17670351721611718,4,28
2022-06-14,Energy,0.22720625,0.18769538398268396,0.16800133398268396,4,19
2022-06-15,Energy,0.139485,0.1745166696969697,0.18769538398268396,5,16
2022-06-16,Energy,0.03791,0.14946366969696967,0.1745166696969697,5,10
2022-06-17,Energy,0.16421,0.14976713636363634,0.14946366969696967,5,24
2022-06-21,Energy,0.07677244061085974,0.12911673812217192,0.14976713636363634,4,39
2022-06-22,Energy,0.037582222222222225,0.09119193256661637,0.12911673812217192,5,38
2022-06-23,Energy,0.17927472222222224,0.09914987701106082,0.09119193256661637,5,40
2022-06-24,Energy,-0.09776916666666666,0.07201404367772749,0.09914987701106082,5,18
2022-06-27,Energy,0.12372766666666668,0.06391757701106082,0.07201404367772749,5,26
2022-06-28,Energy,0.281553081232493,0.10487370513538748,0.06391757701106082,5,32
2022-06-29,Energy,0.275291978021978,0.15241565629533865,0.10487370513538748,4,27
2022-06-30,Energy,-0.04387049999999999,0.10778661185089418,0.15241565629533865,5,20
2022-07-01,Energy,0.24273499999999998,0.17588744518422753,0.10778661185089418,5,21
2022-07-05,Energy,0.08629794580419581,0.16840150101173335,0.17588744518422753,5,55
2022-07-06,Energy,0.25635971428571425,0.16336282762237758,0.16840150101173335,5,28
2022-07-07,Energy,0.2782966666666667,0.16396376535131535,0.16336282762237758,5,21
2022-07-08,Energy,0.15276250000000002,0.20329036535131534,0.16396376535131535,4,17
2022-07-11,Energy,-0.03647038461538461,0.1474492884282384,0.20329036535131534,4,30
2022-07-12,Energy,0.23591047619047617,0.1773717945054945,0.1474492884282384,5,20
2022-07-13,Energy,0.197575,0.16561485164835163,0.1773717945054945,5,23
2022-07-14,Energy,0.19388242424242424,0.14873200316350316,0.16561485164835163,5,31
2022-07-15,Energy,0.30952233333333334,0.1800839698301698,0.14873200316350316,5,19
2022-07-18,Energy,0.30095023809523813,0.24756809437229435,0.1800839698301698,5,25
2022-07-19,Energy,0.36102,0.2725899991341991,0.24756809437229435,5,17
2022-07-20,Energy,0.25450690476190474,0.2839763800865801,0.2725899991341991,5,23
2022-07-21,Energy,0.14263266666666666,0.27372642857142854,0.2839763800865801,5,21
2022-07-22,Energy,0.29658181818181817,0.27113832554112555,0.27372642857142854,5,22
2022-07-25,Energy,0.40763738528138527,0.29247575497835493,0.27113832554112555,5,35
2022-07-26,Energy,0.09634666666666666,0.23954108831168827,0.29247575497835493,5,16
2022-07-27,Energy,0.1556918095238095,0.21977806926406923,0.23954108831168827,5,27
2022-07-28,Energy,0.2867622121212121,0.24860397835497833,0.21977806926406923,5,34
2022-07-29,Energy,0.3911798717948718,0.267523589077589,0.24860397835497833,5,61
2022-08-01,Energy,0.2195960606060606,0.2299153241425241,0.267523589077589,5,35
2022-08-02,Energy,0.20957946428571428,0.25256188366633364,0.2299153241425241,4,31
2022-08-03,Energy,0.2985669732620321,0.2811369164139782,0.25256188366633364,5,39
2022-08-04,Energy,0.2360102380952381,0.27098652160878334,0.2811369164139782,5,27
2022-08-05,Energy,0.330465,0.258843547249809,0.27098652160878334,4,21
2022-08-08,Energy,0.21987087301587302,0.2588985097317715,0.258843547249809,3,29
2022-08-09,Energy,0.10812878306878305,0.23860837348838526,0.2588985097317715,3,21
2022-08-10,Energy,0.1633232380952381,0.21155962645502643,0.23860837348838526,5,23
2022-08-11,Energy,0.18401466666666666,0.20116051216931216,0.21155962645502643,5,15
2022-08-12,Energy,0.23858875000000002,0.18278526216931215,0.20116051216931216,4,15
2022-08-15,Energy,0.16195773737373736,0.171202635040885,0.18278526216931215,5,44
2022-08-16,Energy,0.23806666666666668,0.19719021176046175,0.171202635040885,4,18
2022-08-17,Energy,0.3706645833333333,0.23865848080808078,0.19719021176046175,4,15
2022-08-18,Energy,-0.038434333333333334,0.19416868080808078,0.23865848080808078,5,22
2022-08-19,Energy,0.23779444444444445,0.19400981969696968,0.19416868080808078,3,16
2022-08-22,Energy,0.2215626666666667,0.20593080555555554,0.19400981969696968,5,23
2022-08-23,Energy,0.14488444444444443,0.18729436111111109,0.20593080555555554,5,25
2022-08-24,Energy,0.022864000000000002,0.11773424444444443,0.18729436111111109,5,26
2022-08-25,Energy,0.2106960714285714,0.16756032539682536,0.11773424444444443,5,25
2022-08-26,Energy,0.18656555555555557,0.15731454761904762,0.16756032539682536,3,10
2022-08-29,Energy,0.2395343253968254,0.16090887936507933,0.15731454761904762,4,21
2022-08-30,Energy,0.09114714285714286,0.15016141904761904,0.16090887936507933,5,24
2022-08-31,Energy,0.34993727272727276,0.21557607359307357,0.15016141904761904,4,19
2022-09-01,Energy,0.141517,0.20174025930735925,0.21557607359307357,5,21
2022-09-02,Energy,0.2035054761904762,0.2051282434343434,0.20174025930735925,5,29
2022-09-06,Energy,0.135925,0.18440637835497833,0.2051282434343434,4,23
2022-09-07,Energy,0.17690333333333336,0.20155761645021641,0.18440637835497833,5,22
2022-09-08,Energy,0.27439,0.1864481619047619,0.20155761645021641,5,16
2022-09-09,Energy,0.05215733333333332,0.16857622857142857,0.1864481619047619,5,15
2022-09-12,Energy,0.27449270833333334,0.182773675,0.16857622857142857,4,21
2022-09-13,Energy,0.30422461904761905,0.2164335988095238,0.182773675,5,20
2022-09-14,Energy,0.06940625,0.19493418214285713,0.2164335988095238,4,26
2022-09-15,Energy,0.27264730158730155,0.19458564246031745,0.19493418214285713,5,24
2022-09-16,Energy,0.5168575,0.28752567579365074,0.19458564246031745,5,15
2022-09-19,Energy,0.10209957142857143,0.2530470484126984,0.28752567579365074,5,22
2022-09-20,Energy,0.22823333333333334,0.2378487912698412,0.2530470484126984,5,9
2022-09-21,Energy,0.30465625,0.28489879126984125,0.2378487912698412,4,14
2022-09-22,Energy,0.13821666666666665,0.25801266428571423,0.28489879126984125,4,10
2022-09-23,Energy,-0.07897625,0.13884591428571427,0.25801266428571423,4,18
2022-09-26,Energy,0.09699166666666667,0.13782433333333333,0.13884591428571427,4,17
2022-09-27,Energy,-0.04327142857142857,0.08352338095238092,0.13782433333333333,3,10
2022-09-28,Energy,0.23882916666666668,0.07035796428571425,0.08352338095238092,4,20
2022-09-29,Energy,0.17589500000000002,0.07789363095238093,0.07035796428571425,4,16
2022-09-30,Energy,0.23440238095238095,0.14056935714285712,0.07789363095238093,3,12
2022-10-03,Energy,0.15353666666666665,0.1518783571428571,0.14056935714285712,5,33
2022-10-04,Energy,0.21681666666666669,0.20389597619047617,0.1518783571428571,4,14
2022-10-05,Energy,0.2360666666666667,0.20334347619047616,0.20389597619047617,5,29
2022-10-06,Energy,0.171663,0.20249707619047616,0.20334347619047616,5,28
2022-10-07,Energy,0.26992971428571433,0.20960254285714286,0.20249707619047616,5,20
2022-10-10,Energy,0.1854107142857143,0.21597735238095236,0.20960254285714286,5,26
2022-10-11,Energy,0.19622166666666666,0.21185835238095238,0.21597735238095236,3,11
2022-10-12,Energy,0.24450884615384616,0.21354678827838827,0.21185835238095238,4,20
2022-10-13,Energy,0.10111555555555556,0.19943729938949936,0.21354678827838827,5,19
2022-10-14,Energy,0.11390866666666666,0.16823308986568983,0.19943729938949936,5,28
2022-10-17,Energy,0.08212883333333335,0.14757671367521366,0.16823308986568983,5,20
2022-10-18,Energy,0.04511875,0.11735613034188033,0.14757671367521366,4,17
2022-10-19,Energy,0.19055,0.10656436111111109,0.11735613034188033,5,16
2022-10-20,Energy,0.114432,0.10922764999999997,0.10656436111111109,5,19
2022-10-21,Energy,0.157215873015873,0.11788909126984123,0.10922764999999997,5,33
2022-10-24,Energy,0.10628127777777778,0.12271958015873015,0.11788909126984123,5,32
2022-10-25,Energy,0.15352000000000002,0.14439983015873015,0.12271958015873015,4,9
2022-10-26,Energy,0.09298083333333333,0.1248859968253968,0.14439983015873015,4,16
2022-10-27,Energy,0.10896254545454545,0.12379210591630589,0.1248859968253968,5,26
2022-10-28,Energy,0.26202522222222224,0.14475397575757576,0.12379210591630589,5,47
2022-10-31,Energy,0.17191516666666667,0.15788075353535352,0.14475397575757576,5,40
2022-11-01,Energy,0.1357512987012987,0.15432701327561324,0.15788075353535352,4,21
2022-11-02,Energy,0.30602261904761907,0.19693537041847042,0.15432701327561324,5,24
2022-11-03,Energy,0.3744733333333333,0.25003752799422796,0.19693537041847042,5,20
2022-11-04,Energy,0.13004333333333334,0.22364115021645023,0.25003752799422796,5,14
2022-11-07,Energy,0.10269418181818182,0.20979695324675324,0.22364115021645023,5,34
2022-11-08,Energy,0.19639791666666667,0.22192627683982682,0.20979695324675324,4,21
2022-11-09,Energy,-0.02168125,0.15638550303030302,0.22192627683982682,4,14
2022-11-10,Energy,0.14441733333333331,0.110374303030303,0.15638550303030302,5,15
2022-11-11,Energy,0.16149914285714287,0.11666546493506491,0.110374303030303,5,16
2022-11-14,Energy,0.2696691491841492,0.15006045840825838,0.11666546493506491,5,36
2022-11-15,Energy,0.3694128571428571,0.18466344650349648,0.15006045840825838,5,16
2022-11-16,Energy,0.322699,0.25353949650349644,0.18466344650349648,5,12
2022-11-17,Energy,0.10608625,0.2458732798368298,0.25353949650349644,4,19
2022-11-18,Energy,0.13762888888888888,0.241099229043179,0.2458732798368298,3,12
2022-11-21,Energy,0.146784,0.21652219920634916,0.241099229043179,5,25
2022-11-22,Energy,-0.09503166666666667,0.12363329444444442,0.21652219920634916,4,12
2022-11-23,Energy,0.2450977619047619,0.1081130468253968,0.12363329444444442,5,23
2022-11-25,Energy,0.21078200000000002,0.12905219682539681,0.1081130468253968,5,13
2022-11-28,Energy,0.022269750000000005,0.10598036904761902,0.12905219682539681,5,32
2022-11-29,Energy,0.061206136363636365,0.0888647963203463,0.10598036904761902,5,29
2022-11-30,Energy,0.2795704761904762,0.16378522489177488,0.0888647963203463,4,19
2022-12-01,Energy,0.22915000000000002,0.1605956725108225,0.16378522489177488,5,12
2022-12-02,Energy,0.46043749999999994,0.2105267725108225,0.1605956725108225,4,8
2022-12-05,Energy,0.18527371031746032,0.24312756457431456,0.2105267725108225,4,21
2022-12-06,Energy,0.2895876666666667,0.28880387063492063,0.24312756457431456,5,14
2022-12-07,Energy,0.11960595238095237,0.25681096587301583,0.28880387063492063,5,19
2022-12-08,Energy,0.24872897435897437,0.2607267607448107,0.25681096587301583,5,28
2022-12-09,Energy,0.11138896825396824,0.19091705439560439,0.2607267607448107,5,24
2022-12-12,Energy,0.2761288095238095,0.2090880742368742,0.19091705439560439,5,19
2022-12-13,Energy,0.149775,0.18112554090354088,0.2090880742368742,5,12
2022-12-14,Energy,-0.048950666666666656,0.14741421709401709,0.18112554090354088,5,17
2022-12-15,Energy,0.03632,0.10493242222222221,0.14741421709401709,5,20
2022-12-16,Energy,0.14259,0.11117262857142855,0.10493242222222221,4,9
2022-12-19,Energy,0.073446,0.07063606666666665,0.11117262857142855,5,21
2022-12-20,Energy,0.2606875,0.09281856666666666,0.07063606666666665,5,17
2022-12-21,Energy,0.07602916666666668,0.11781453333333333,0.09281856666666666,4,10
2022-12-22,Energy,0.30711499999999997,0.17197353333333332,0.11781453333333333,5,12
2022-12-23,Energy,0.13379000000000002,0.1702135333333333,0.17197353333333332,4,9
2022-12-27,Energy,0.27963266666666664,0.21145086666666665,0.1702135333333333,5,37
2022-12-28,Energy,0.17433333333333334,0.1941800333333333,0.21145086666666665,3,13
2022-12-29,Energy,0.04917589285714286,0.18880937857142857,0.1941800333333333,4,16
2022-12-30,Energy,0.188315,0.16504937857142857,0.18880937857142857,5,14
2023-01-03,Energy,0.3907773015873016,0.21644683888888885,0.16504937857142857,5,32
2023-01-04,Energy,0.24473316666666664,0.20946693888888887,0.21644683888888885,5,27
2023-01-05,Energy,0.23038630952380953,0.22067753412698413,0.20946693888888887,5,22
2023-01-06,Energy,0.23413104761904763,0.2576685650793651,0.22067753412698413,5,22
2023-01-09,Energy,0.30372190476190475,0.280749946031746,0.2576685650793651,5,22
2023-01-10,Energy,0.050358285714285723,0.2126661428571428,0.280749946031746,5,16
2023-01-11,Energy,0.06831666666666666,0.17738284285714284,0.2126661428571428,3,9
2023-01-12,Energy,0.011627678571428577,0.13363111666666666,0.17738284285714284,4,20
2023-01-13,Energy,0.20323660714285716,0.12745222857142854,0.13363111666666666,4,14
2023-01-17,Energy,0.09145003921568627,0.08499785546218486,0.12745222857142854,5,40
2023-01-18,Energy,0.2619761111111111,0.1273214205415499,0.08499785546218486,5,21
2023-01-19,Energy,0.11615,0.1368880872082166,0.1273214205415499,4,14
2023-01-20,Energy,0.2348583653846154,0.18153422457085394,0.1368880872082166,4,31
2023-01-23,Energy,0.255655,0.19201790314228256,0.18153422457085394,5,31
2023-01-24,Energy,0.26565642857142857,0.226859181013431,0.19201790314228256,5,21
2023-01-25,Energy,0.27841499999999997,0.23014695879120878,0.226859181013431,5,29
2023-01-26,Energy,0.25621773504273504,0.25816050579975575,0.23014695879120878,3,39
2023-01-27,Energy,0.17275485714285715,0.24573980415140412,0.25816050579975575,5,46
2023-01-30,Energy,0.18032203463203464,0.23067321107781105,0.24573980415140412,5,29
2023-01-31,Energy,0.16794292307692307,0.21113050997890995,0.23067321107781105,5,36
2023-02-01,Energy,-0.059311777777777776,0.1435851544233544,0.21113050997890995,5,22
2023-02-02,Energy,0.27313095238095236,0.14696779789099787,0.1435851544233544,5,23
2023-02-03,Energy,-0.03712166666666665,0.10499249312909309,0.14696779789099787,5,13
2023-02-06,Energy,0.04259888888888889,0.07744786398046397,0.10499249312909309,5,22
2023-02-07,Energy,0.05033428571428572,0.053926136507936484,0.07744786398046397,5,17
2023-02-08,Energy,0.12144111111111111,0.09007671428571426,0.053926136507936484,5,19
2023-02-09,Energy,0.11222638095238095,0.05789579999999998,0.09007671428571426,5,23
2023-02-10,Energy,0.22817958333333335,0.11095604999999997,0.05789579999999998,4,24
2023-02-13,Energy,0.23932833333333337,0.15030193888888888,0.11095604999999997,5,31
2023-02-14,Energy,-0.06863,0.12650908174603173,0.15030193888888888,5,12
2023-02-15,Energy,0.12434444444444444,0.1270897484126984,0.12650908174603173,3,10
2023-02-16,Energy,0.1769808888888889,0.14004065,0.1270897484126984,5,21
2023-02-17,Energy,0.17086874999999999,0.12857848333333333,0.14004065,4,14
2023-02-21,Energy,0.14711949494949494,0.11013671565656565,0.12857848333333333,5,34
2023-02-22,Energy,0.12949866666666665,0.14976244898989896,0.11013671565656565,5,17
2023-02-23,Energy,0.18164642857142857,0.1612228458152958,0.14976244898989896,4,19
2023-02-24,Energy,0.07350999999999999,0.140528668037518,0.1612228458152958,5,10
2023-02-27,Energy,-0.033231904761904754,0.09970853708513705,0.140528668037518,5,28
2023-02-28,Energy,0.21296111111111113,0.11287686031746029,0.09970853708513705,3,18
2023-03-01,Energy,0.09804375,0.10658587698412696,0.11287686031746029,4,14
2023-03-02,Energy,0.27628833333333336,0.12551425793650792,0.10658587698412696,5,17
2023-03-03,Energy,0.13852291666666666,0.13851684126984126,0.12551425793650792,4,11
2023-03-06,Energy,0.04672344444444444,0.15450791111111112,0.13851684126984126,5,40
2023-03-07,Energy,0.16955933333333334,0.14582755555555554,0.15450791111111112,5,25
2023-03-08,Energy,0.17723714285714287,0.1616662341269841,0.14582755555555554,5,31
2023-03-09,Energy,0.2777895,0.16196646746031745,0.1616662341269841,5,21
2023-03-10,Energy,0.16797833333333334,0.16785755079365078,0.16196646746031745,4,18
2023-03-13,Energy,0.171105,0.19273386190476188,0.16785755079365078,5,30
2023-03-14,Energy,0.22482166666666664,0.2037863285714286,0.19273386190476188,5,24
2023-03-15,Energy,0.13820357142857143,0.19597961428571425,0.2037863285714286,5,28
2023-03-16,Energy,-0.027086999999999993,0.13500431428571427,0.19597961428571425,5,15
2023-03-17,Energy,0.06299166666666667,0.11400698095238093,0.13500431428571427,4,11
2023-03-20,Energy,0.2822186666666667,0.13622971428571423,0.11400698095238093,5,29
2023-03-21,Energy,-0.009715833333333333,0.08932221428571427,0.13622971428571423,4,16
2023-03-22,Energy,0.168488,0.09537909999999997,0.08932221428571427,5,22
2023-03-23,Energy,0.08521033333333333,0.11783856666666663,0.09537909999999997,5,17
2023-03-24,Energy,0.20219399999999998,0.14567903333333332,0.11783856666666663,5,11
2023-03-27,Energy,0.0933925,0.10791379999999998,0.14567903333333332,5,25
2023-03-28,Energy,0.1889566666666667,0.14764829999999998,0.10791379999999998,5,15
2023-03-29,Energy,0.01283988888888889,0.11651867777777773,0.14764829999999998,5,29
2023-03-30,Energy,0.08313666666666666,0.11610394444444441,0.11651867777777773,5,16
2023-03-31,Energy,0.186311,0.11292734444444444,0.11610394444444441,5,14
2023-04-03,Energy,0.05030309210526316,0.10430946286549705,0.11292734444444444,5,64
2023-04-04,Energy,0.38858000000000004,0.14423412953216372,0.10430946286549705,5,33
2023-04-05,Energy,0.0854918181818182,0.1587645153907496,0.14423412953216372,5,28
2023-04-06,Energy,0.17463653846153845,0.17706448974972394,0.1587645153907496,4,20
2023-04-10,Energy,0.13739716261998872,0.16728172227372168,0.17706448974972394,5,49
2023-04-11,Energy,0.12779444444444443,0.18277999274155793,0.16728172227372168,4,18
2023-04-12,Energy,0.07876333333333334,0.12081665940822461,0.18277999274155793,5,19
2023-04-13,Energy,0.1658575,0.13688979577186094,0.12081665940822461,4,20
2023-04-14,Energy,0.20039,0.14204048807955325,0.13688979577186094,5,24
2023-04-17,Energy,0.08557533333333332,0.1316761222222222,0.14204048807955325,5,28
2023-04-18,Energy,0.024821060606060603,0.11108144545454542,0.1316761222222222,5,28
2023-04-19,Energy,0.24244000000000004,0.14381677878787874,0.11108144545454542,5,25
2023-04-20,Energy,0.11528916666666666,0.13370311212121208,0.14381677878787874,5,20
2023-04-21,Energy,0.19584756043956048,0.1327946242091242,0.13370311212121208,5,30
2023-04-24,Energy,0.17749924242424242,0.151179406027306,0.1327946242091242,5,31
2023-04-25,Energy,0.1978830357142857,0.18579180104895104,0.151179406027306,4,16
2023-04-26,Energy,0.1813025,0.17356430104895101,0.18579180104895104,4,16
2023-04-27,Energy,0.1581035,0.1821271677156177,0.17356430104895101,5,27
2023-04-28,Energy,0.3505429007820137,0.21306623578410835,0.1821271677156177,4,57
2023-05-01,Energy,0.13058173684210528,0.20368273466768091,0.21306623578410835,5,44
2023-05-02,Energy,0.0880855357142857,0.18172323466768092,0.20368273466768091,4,25
2023-05-03,Energy,0.06640404761904761,0.15874354419149045,0.18172323466768092,4,18
2023-05-04,Energy,0.2010097619047619,0.16732479657244284,0.15874354419149045,4,21
2023-05-05,Energy,0.128955,0.12300721641604007,0.16732479657244284,4,19
2023-05-08,Energy,0.1578241792717087,0.12845570490196073,0.12300721641604007,5,41
2023-05-09,Energy,0.29919380952380953,0.17067735966386552,0.12845570490196073,5,20
2023-05-10,Energy,0.13625874999999998,0.184648300140056,0.17067735966386552,4,26
2023-05-11,Energy,0.3236404761904762,0.20917444299719884,0.184648300140056,5,19
2023-05-12,Energy,0.03678166666666667,0.1907397763305322,0.20917444299719884,4,19
2023-05-15,Energy,0.11541075757575758,0.18225709199134196,0.1907397763305322,5,35
2023-05-16,Energy,0.08063333333333333,0.13854499675324675,0.18225709199134196,4,12
2023-05-17,Energy,-0.03963311111111111,0.10336662453102452,0.13854499675324675,5,19
2023-05-18,Energy,0.07178541666666666,0.0529956126262626,0.10336662453102452,4,17
2023-05-19,Energy,0.05865833333333335,0.057370945959595944,0.0529956126262626,5,18
2023-05-22,Energy,0.1990751388888889,0.0741038222222222,0.057370945959595944,4,38
2023-05-23,Energy,0.1015119642857143,0.0782795484126984,0.0741038222222222,4,17
2023-05-24,Energy,0.003916964285714281,0.08698956349206348,0.0782795484126984,4,16
2023-05-25,Energy,0.0655561111111111,0.08574370238095236,0.08698956349206348,5,30
2023-05-26,Energy,0.19714222222222222,0.11344048015873014,0.08574370238095236,5,24
2023-05-30,Energy,0.20697047619047618,0.1150195476190476,0.11344048015873014,5,31
2023-05-31,Energy,0.23885499999999998,0.14248815476190474,0.1150195476190476,4,12
2023-06-01,Energy,0.20532833333333333,0.18277042857142853,0.14248815476190474,5,22
2023-06-02,Energy,0.008691161616161616,0.17139743867243867,0.18277042857142853,4,24
2023-06-05,Energy,0.107667,0.1535023942279942,0.17139743867243867,5,31
2023-06-06,Energy,0.023925333333333326,0.11689336565656563,0.1535023942279942,5,25
2023-06-07,Energy,0.12205416666666666,0.09353319898989897,0.11689336565656563,4,10
2023-06-08,Energy,0.03468952380952381,0.059405437085137056,0.09353319898989897,5,17
2023-06-09,Energy,0.05224690476190476,0.0681165857142857,0.059405437085137056,4,18
2023-06-12,Energy,0.02064,0.05071118571428569,0.0681165857142857,5,23
2023-06-13,Energy,0.06381333333333335,0.058688785714285686,0.05071118571428569,5,16
2023-06-14,Energy,0.03523666666666667,0.04132528571428569,0.058688785714285686,5,14
2023-06-15,Energy,0.07012933333333334,0.0484132476190476,0.04132528571428569,5,16
2023-06-16,Energy,0.16557333333333335,0.07107853333333332,0.0484132476190476,5,12
2023-06-20,Energy,0.1097622857142857,0.08890299047619046,0.07107853333333332,5,30
2023-06-21,Energy,0.138555,0.1038513238095238,0.08890299047619046,5,20
2023-06-22,Energy,0.042907828282828284,0.1053855561327561,0.1038513238095238,5,29
2023-06-23,Energy,0.09908333333333334,0.11117635613275612,0.1053855561327561,5,16
2023-06-26,Energy,0.09423933333333331,0.09690955613275612,0.11117635613275612,5,18
2023-06-27,Energy,0.04032555555555556,0.08302221010101007,0.09690955613275612,5,17
2023-06-28,Energy,0.15916,0.08714321010101009,0.08302221010101007,4,14
2023-06-29,Energy,0.14531875,0.10762539444444444,0.08714321010101009,4,21
2023-06-30,Energy,0.017703000000000003,0.09134932777777775,0.10762539444444444,5,16
2023-07-03,Energy,0.2578996666666667,0.12408139444444441,0.09134932777777775,5,32
2023-07-05,Energy,0.06634697802197803,0.12928567893772894,0.12408139444444441,4,29
2023-07-06,Energy,0.17630666666666667,0.13271501227106225,0.12928567893772894,5,27
2023-07-07,Energy,0.06703285714285714,0.1170578336996337,0.13271501227106225,5,22
2023-07-10,Energy,0.165138,0.1465448336996337,0.1170578336996337,5,21
2023-07-11,Energy,-0.04340309523809523,0.0862842813186813,0.1465448336996337,5,20
2023-07-12,Energy,0.098431,0.0927010857142857,0.0862842813186813,5,27
2023-07-13,Energy,0.21690452380952382,0.10082065714285712,0.0927010857142857,5,25
2023-07-14,Energy,0.07394733333333334,0.10220355238095238,0.10082065714285712,5,27
2023-07-17,Energy,0.17178216666666665,0.10353238571428572,0.10220355238095238,5,25
2023-07-18,Energy,-0.034008333333333335,0.10541133809523806,0.10353238571428572,5,20
2023-07-19,Energy,0.0264,0.09100513809523808,0.10541133809523806,5,13
2023-07-20,Energy,0.14520166666666667,0.07666456666666664,0.09100513809523808,5,20
2023-07-21,Energy,0.056096275362318836,0.07309435507246374,0.07666456666666664,5,38
2023-07-24,Energy,0.247819,0.08830172173913042,0.07309435507246374,5,50
2023-07-25,Energy,0.13250933333333334,0.12160525507246374,0.08830172173913042,5,26
2023-07-26,Energy,0.132986,0.14292245507246376,0.12160525507246374,5,13
2023-07-27,Energy,0.11571444444444445,0.1370250106280193,0.14292245507246376,4,22
2023-07-28,Energy,0.3633475,0.1984752555555555,0.1370250106280193,4,63
2023-07-31,Energy,0.34151304761904766,0.21721406507936508,0.1984752555555555,5,45
2023-08-01,Energy,0.186396,0.2279913984126984,0.21721406507936508,5,20
2023-08-02,Energy,0.11299499999999998,0.22399319841269844,0.2279913984126984,5,15
2023-08-03,Energy,0.06428228571428571,0.21370676666666663,0.22399319841269844,5,33
2023-08-04,Energy,-0.022299999999999997,0.13657726666666664,0.21370676666666663,4,13
2023-08-07,Energy,0.13587349999999998,0.09544935714285711,0.13657726666666664,5,26
2023-08-08,Energy,0.33528541666666667,0.12522724047619044,0.09544935714285711,4,9
2023-08-09,Energy,-0.019293333333333336,0.0987695738095238,0.12522724047619044,5,21
2023-08-10,Energy,0.2728333333333333,0.1404797833333333,0.0987695738095238,4,18
2023-08-11,Energy,0.15722865934065935,0.17638551520146517,0.1404797833333333,5,36
2023-08-14,Energy,0.24706,0.19862281520146519,0.17638551520146517,5,29
2023-08-15,Energy,0.04446738095238094,0.14045920805860804,0.19862281520146519,5,20
2023-08-16,Energy,0.13469166666666668,0.17125620805860806,0.14045920805860804,4,28
2023-08-17,Energy,0.09704323076923077,0.13609818754578754,0.17125620805860806,5,36
2023-08-18,Energy,0.17700514285714286,0.14005348424908423,0.13609818754578754,5,28
2023-08-21,Energy,0.2129134375,0.13322417174908424,0.14005348424908423,4,27
2023-08-22,Energy,0.009210357142857145,0.12617276698717947,0.13322417174908424,4,23
2023-08-23,Energy,0.20552242063492063,0.14033891778083024,0.12617276698717947,4,23
2023-08-24,Energy,0.07649466666666667,0.13622920496031743,0.14033891778083024,5,14
2023-08-25,Energy,0.065490625,0.11392630138888889,0.13622920496031743,4,12
2023-08-28,Energy,0.23580795454545456,0.11850520479797977,0.11392630138888889,5,25
2023-08-29,Energy,-0.023734090909090903,0.11191631518759015,0.11850520479797977,5,19
2023-08-30,Energy,0.27504021164021164,0.12581987338864836,0.11191631518759015,3,17
2023-08-31,Energy,0.11997500000000001,0.13451594005531503,0.12581987338864836,4,13
2023-09-01,Energy,0.3412333333333333,0.1896644817219817,0.13451594005531503,3,8
2023-09-05,Energy,-0.011786369047619056,0.14014561700336697,0.1896644817219817,5,36
2023-09-06,Energy,0.2502890476190476,0.19495024470899466,0.14014561700336697,5,15
2023-09-07,Energy,0.222679375,0.18447807738095234,0.19495024470899466,4,16
2023-09-08,Energy,0.19587619047619048,0.19965831547619045,0.18447807738095234,5,27
2023-09-11,Energy,0.09019333333333333,0.14945031547619042,0.19965831547619045,5,29
2023-09-12,Energy,-0.014622000000000001,0.14888318928571426,0.14945031547619042,5,35
2023-09-13,Energy,0.10642083333333334,0.12010954642857141,0.14888318928571426,5,23
2023-09-14,Energy,0.12812733333333332,0.10119913809523809,0.12010954642857141,5,16
2023-09-15,Energy,-0.018210000000000004,0.05838189999999997,0.10119913809523809,4,16
2023-09-18,Energy,0.04660311111111112,0.04966385555555553,0.05838189999999997,5,38
2023-09-19,Energy,0.048839192307692306,0.06235609401709399,0.04966385555555553,5,29
2023-09-20,Energy,0.013742207792207792,0.04382036890886888,0.06235609401709399,4,21
2023-09-21,Energy,0.1943625,0.05706740224220221,0.04382036890886888,4,25
2023-09-22,Energy,0.212033,0.10311600224220223,0.05706740224220221,5,24
2023-09-25,Energy,0.20480580357142858,0.1347565407342657,0.10311600224220223,4,32
2023-09-26,Energy,0.20544619047619048,0.16607794036796536,0.1347565407342657,5,19
2023-09-27,Energy,0.16438133333333335,0.19620576547619045,0.16607794036796536,5,19
2023-09-28,Energy,0.20652777777777778,0.19863882103174602,0.19620576547619045,5,21
2023-09-29,Energy,0.23786800000000002,0.20380582103174602,0.19863882103174602,5,23
2023-10-02,Energy,0.2295333333333333,0.20875132698412696,0.20380582103174602,5,27
2023-10-03,Energy,0.327902,0.23324248888888888,0.20875132698412696,5,13
2023-10-04,Energy,0.21606751515151515,0.24357972525252528,0.23324248888888888,5,33
2023-10-05,Energy,0.23270707692307693,0.24881558508158505,0.24357972525252528,5,39
2023-10-06,Energy,0.10978230769230769,0.2231984466200466,0.24881558508158505,4,42
2023-10-09,Energy,-0.09716584415584414,0.1578586111222111,0.2231984466200466,5,62
2023-10-10,Energy,0.126352,0.11754861112221109,0.1578586111222111,5,32
2023-10-11,Energy,0.11258719806763284,0.09685254770543464,0.11754861112221109,3,31
2023-10-12,Energy,0.292578,0.10882673232081926,0.09685254770543464,5,21
2023-10-13,Energy,-0.0017950000000000119,0.08651127078235772,0.10882673232081926,4,26
2023-10-16,Energy,0.21299444444444446,0.14854332850241544,0.08651127078235772,3,12
2023-10-17,Energy,0.20294238095238093,0.16386140469289162,0.14854332850241544,3,22
2023-10-18,Energy,-0.06458002564102565,0.1284279599511599,0.16386140469289162,5,39
2023-10-19,Energy,0.2218963636363636,0.11429163267843263,0.1284279599511599,5,27
2023-10-20,Energy,0.12631798245614034,0.13991422916966073,0.11429163267843263,4,36
2023-10-23,Energy,0.027970606060606067,0.10290946149289304,0.13991422916966073,5,67
2023-10-24,Energy,0.22021042857142858,0.10636307101670257,0.10290946149289304,5,37
2023-10-25,Energy,0.25519141414141416,0.1703173589731905,0.10636307101670257,3,25
2023-10-26,Energy,0.10146041025641026,0.14623016829719987,0.1703173589731905,5,41
2023-10-27,Energy,0.15293218390804597,0.15155300858758097,0.14623016829719987,4,62
2023-10-30,Energy,0.10356567460317462,0.16667202229609468,0.15155300858758097,4,33
2023-10-31,Energy,0.29264671428571426,0.18115927943895183,0.16667202229609468,5,22
2023-11-01,Energy,0.17355166666666666,0.16483132994400235,0.18115927943895183,5,27
2023-11-02,Energy,0.0913724705882353,0.16281374201036733,0.16483132994400235,5,40
2023-11-03,Energy,0.17216874999999998,0.16666105522875813,0.16281374201036733,4,10
2023-11-06,Energy,0.16892809523809524,0.17973353935574227,0.16666105522875813,5,27
2023-11-07,Energy,0.2261575,0.1664356964985994,0.17973353935574227,5,29
2023-11-08,Energy,0.11233625,0.15419261316526608,0.1664356964985994,4,22
2023-11-09,Energy,0.10635351515151514,0.15718882207792206,0.15419261316526608,5,25
2023-11-10,Energy,0.16349619047619046,0.15545431017316017,0.15718882207792206,5,19
2023-11-13,Energy,0.20456044444444443,0.16258078001443,0.15545431017316017,5,30
2023-11-14,Energy,0.3087958333333334,0.17910844668109666,0.16258078001443,4,27
2023-11-15,Energy,0.1020125,0.17704369668109665,0.17910844668109666,4,13
2023-11-16,Energy,-0.06385,0.14300299365079364,0.17704369668109665,4,15
2023-11-17,Energy,0.20214166666666666,0.15073208888888887,0.14300299365079364,4,14
2023-11-20,Energy,0.04679375,0.11917874999999997,0.15073208888888887,4,11
2023-11-21,Energy,0.14852642857142856,0.08712486904761903,0.11917874999999997,5,20
2023-11-22,Energy,0.18049285714285715,0.10282094047619043,0.08712486904761903,4,12
2023-11-24,Energy,0.16552142857142857,0.14869522619047615,0.10282094047619043,4,18
2023-11-27,Energy,0.16366166666666665,0.14099922619047617,0.14869522619047615,4,15
2023-11-28,Energy,-0.025393,0.12656187619047615,0.14099922619047617,5,18
2023-11-29,Energy,0.06160694444444444,0.10917797936507934,0.12656187619047615,5,24
2023-11-30,Energy,0.15258166666666667,0.10359574126984125,0.10917797936507934,4,18
2023-12-01,Energy,0.0,0.07049145555555553,0.10359574126984125,3,9
2023-12-04,Energy,0.04164666666666668,0.04608845555555554,0.07049145555555553,5,17
2023-12-05,Energy,-0.002125555555555559,0.05074194444444443,0.04608845555555554,3,17
2023-12-06,Energy,0.24691802197802196,0.08780415995115994,0.05074194444444443,5,30
2023-12-07,Energy,-0.04639200000000001,0.04800942661782659,0.08780415995115994,5,21
2023-12-08,Energy,0.12283000000000002,0.0725754266178266,0.04800942661782659,5,32
2023-12-11,Energy,0.16908824193061842,0.09806374167061695,0.0725754266178266,5,65
2023-12-12,Energy,0.06769423076923077,0.11202769893557421,0.09806374167061695,4,40
2023-12-13,Energy,0.2142366666666667,0.10549142787330315,0.11202769893557421,5,26
2023-12-14,Energy,0.1441875,0.14360732787330316,0.10549142787330315,4,12
2023-12-15,Energy,0.08582923076923077,0.1362071740271493,0.14360732787330316,5,18
2023-12-18,Energy,0.2138964285714286,0.14516881135531134,0.1362071740271493,4,34
2023-12-19,Energy,,0.1645374565018315,0.14516881135531134,0,0
2023-12-20,Energy,,0.1479710531135531,0.1645374565018315,0,0
2023-12-21,Energy,,0.14986282967032966,0.1479710531135531,0,0
2023-12-22,Energy,,0.2138964285714286,0.14986282967032966,0,0
2023-12-26,Energy,,,0.2138964285714286,0,0
2023-12-27,Energy,,,,0,0
2023-12-28,Energy,,,,0,0
2023-12-29,Energy,,,,0,0
2020-01-02,Financials,0.10302133333333334,0.10302133333333334,,5,12
2020-01-03,Financials,0.08409166666666668,0.09355650000000001,0.10302133333333334,3,8
2020-01-06,Financials,0.26300599999999996,0.15003966666666665,0.09355650000000001,5,12
2020-01-07,Financials,0.140525,0.147661,0.15003966666666665,4,11
2020-01-08,Financials,0.4676833333333333,0.21166546666666664,0.147661,3,4
2020-01-09,Financials,0.2832533333333333,0.24771186666666667,0.21166546666666664,5,11
2020-01-10,Financials,0.21935833333333332,0.2747652,0.24771186666666667,3,7
2020-01-13,Financials,0.17992714285714287,0.25814942857142853,0.2747652,5,33
2020-01-14,Financials,0.05042880952380953,0.24013019047619047,0.25814942857142853,5,38
2020-01-15,Financials,0.09665914285714286,0.16592535238095238,0.24013019047619047,5,36
2020-01-16,Financials,0.1437920170940171,0.13803308913308912,0.16592535238095238,5,46
2020-01-17,Financials,0.138788,0.12191902246642247,0.13803308913308912,5,17
2020-01-21,Financials,0.16748888888888888,0.1194313716727717,0.12191902246642247,5,29
2020-01-22,Financials,0.02551666666666667,0.1144489431013431,0.1194313716727717,3,4
2020-01-23,Financials,0.03808666666666667,0.10273444786324788,0.1144489431013431,5,14
2020-01-24,Financials,-0.09515,0.05494604444444444,0.10273444786324788,3,6
2020-01-27,Financials,0.14677777777777778,0.056544,0.05494604444444444,3,5
2020-01-28,Financials,0.1758964285714286,0.058225507936507936,0.056544,4,10
2020-01-29,Financials,0.19043125000000002,0.0912084246031746,0.058225507936507936,4,7
2020-01-30,Financials,0.03456111111111111,0.0905033134920635,0.0912084246031746,3,9
2020-01-31,Financials,0.09066785714285713,0.12766688492063494,0.0905033134920635,4,12
2020-02-03,Financials,0.07154999999999999,0.11262132936507938,0.12766688492063494,4,6
2020-02-04,Financials,0.3997875,0.15739954365079364,0.11262132936507938,4,6
2020-02-05,Financials,-0.24533333333333332,0.07024662698412698,0.15739954365079364,3,4
2020-02-06,Financials,0.2713986666666667,0.1176141380952381,0.07024662698412698,5,11
2020-02-07,Financials,0.06998333333333333,0.11347723333333334,0.1176141380952381,3,9
2020-02-10,Financials,0.2404611111111111,0.14725945555555559,0.11347723333333334,3,6
2020-02-11,Financials,0.3328214285714286,0.13386624126984129,0.14725945555555559,4,11
2020-02-12,Financials,0.19069166666666665,0.2210712412698413,0.13386624126984129,4,6
2020-02-13,Financials,0.13025,0.19284150793650795,0.2210712412698413,5,12
2020-02-14,Financials,0.2034,0.21952484126984126,0.19284150793650795,3,7
2020-02-18,Financials,-0.017695714285714287,0.16789347619047618,0.21952484126984126,5,20
2020-02-19,Financials,0.07646666666666667,0.1166225238095238,0.16789347619047618,4,8
2020-02-20,Financials,0.24181805555555555,0.12684780158730158,0.1166225238095238,4,43
2020-02-21,Financials,0.2633555,0.1534689015873016,0.12684780158730158,5,19
2020-02-24,Financials,-0.001976666666666663,0.11239356825396826,0.1534689015873016,4,15
2020-02-25,Financials,0.2667453333333333,0.16928177777777775,0.11239356825396826,5,15
2020-02-26,Financials,0.18184266666666665,0.19035697777777777,0.16928177777777775,5,15
2020-02-27,Financials,0.09089666666666667,0.1601727,0.19035697777777777,5,16
2020-02-28,Financials,-0.0016656250000000074,0.10716847499999997,0.1601727,4,16
2020-03-02,Financials,0.22038333333333335,0.15164047499999997,0.10716847499999997,4,11
2020-03-03,Financials,-0.06421833333333334,0.08544774166666666,0.15164047499999997,5,16
2020-03-04,Financials,0.15867366666666666,0.08081394166666667,0.08544774166666666,5,14
2020-03-05,Financials,0.06305416666666666,0.07524544166666666,0.08081394166666667,5,17
2020-03-06,Financials,-0.0004887499999999961,0.07548081666666666,0.07524544166666666,4,17
2020-03-09,Financials,0.219698,0.07534375,0.07548081666666666,5,25
2020-03-10,Financials,0.14736944444444444,0.11766130555555554,0.07534375,5,21
2020-03-11,Financials,0.16818,0.11956257222222222,0.11766130555555554,5,10
2020-03-12,Financials,-0.03405314285714286,0.10014111031746031,0.11956257222222222,5,22
2020-03-13,Financials,-0.12241500000000001,0.07575586031746032,0.10014111031746031,5,15
2020-03-16,Financials,0.01404095238095238,0.03462445079365079,0.07575586031746032,5,25
2020-03-17,Financials,-0.03624999999999999,-0.002099438095238096,0.03462445079365079,5,15
2020-03-18,Financials,0.033416666666666664,-0.029052104761904764,-0.002099438095238096,5,13
2020-03-19,Financials,-0.28024166666666667,-0.07828980952380953,-0.029052104761904764,4,10
2020-03-20,Financials,-0.07217333333333334,-0.06824147619047619,-0.07828980952380953,5,12
2020-03-23,Financials,0.07861,-0.055327666666666664,-0.06824147619047619,5,18
2020-03-24,Financials,0.43544,0.039010333333333334,-0.055327666666666664,5,7
2020-03-25,Financials,0.024716666666666658,0.037270333333333336,0.039010333333333334,4,13
2020-03-26,Financials,0.20991900000000002,0.13530246666666668,0.037270333333333336,5,17
2020-03-27,Financials,0.13644866666666666,0.1770268666666667,0.13530246666666668,5,18
2020-03-30,Financials,-0.25216333333333335,0.1108722,0.1770268666666667,5,14
2020-03-31,Financials,0.030061111111111108,0.02979642222222223,0.1108722,3,7
2020-04-01,Financials,0.019260761904761885,0.028705241269841274,0.02979642222222223,5,20
2020-04-02,Financials,0.07030133333333334,0.0007817079365079416,0.028705241269841274,5,16
2020-04-03,Financials,0.09363642857142858,-0.007780739682539675,0.0007817079365079416,5,17
2020-04-06,Financials,0.21011974747474751,0.08467587647907651,-0.007780739682539675,5,62
2020-04-07,Financials,0.15269566666666667,0.10920278759018762,0.08467587647907651,5,27
2020-04-08,Financials,0.10403883116883117,0.12615840144300147,0.10920278759018762,5,24
2020-04-09,Financials,0.2166853333333333,0.15543520144300146,0.12615840144300147,5,26
2020-04-13,Financials,0.08202251515151514,0.15311241875901876,0.15543520144300146,5,40
2020-04-14,Financials,0.09633941433566434,0.13035635213120214,0.15311241875901876,4,63
2020-04-15,Financials,0.11398798076923078,0.12261481495171496,0.13035635213120214,5,62
2020-04-16,Financials,0.07504216666666666,0.11681548205128207,0.12261481495171496,5,67
2020-04-17,Financials,0.07777813636363637,0.08903404265734269,0.11681548205128207,5,35
2020-04-20,Financials,0.17861904761904762,0.10835334915084918,0.08903404265734269,5,19
2020-04-21,Financials,-0.04780999999999999,0.07952346628371632,0.10835334915084918,5,18
2020-04-22,Financials,0.14454875,0.08563562012987017,0.07952346628371632,4,15
2020-04-23,Financials,0.174,0.10542718679653681,0.08563562012987017,5,10
2020-04-24,Financials,-0.19708541666666665,0.050454476190476216,0.10542718679653681,4,9
2020-04-27,Financials,0.1211217142857143,0.03895500952380955,0.050454476190476216,5,25
2020-04-28,Financials,0.220845,0.09268600952380955,0.03895500952380955,5,12
2020-04-29,Financials,0.13576266666666667,0.09092879285714288,0.09268600952380955,5,22
2020-04-30,Financials,0.07258361904761905,0.0706455166666667,0.09092879285714288,5,23
2020-05-01,Financials,-0.049598333333333335,0.10014293333333338,0.0706455166666667,5,18
2020-05-04,Financials,0.11645999999999998,0.09921059047619049,0.10014293333333338,5,23
2020-05-05,Financials,0.02097933333333333,0.059237457142857164,0.09921059047619049,5,22
2020-05-06,Financials,0.04762500000000001,0.04160992380952383,0.059237457142857164,5,19
2020-05-07,Financials,-0.05690333333333334,0.015712533333333344,0.04160992380952383,5,14
2020-05-08,Financials,0.12639466666666668,0.050911133333333344,0.015712533333333344,5,15
2020-05-11,Financials,0.17387699999999998,0.062394533333333356,0.050911133333333344,5,18
2020-05-12,Financials,-0.16997828571428572,0.02420300952380954,0.062394533333333356,5,20
2020-05-13,Financials,0.13850048051948052,0.042378105627705644,0.02420300952380954,5,34
2020-05-14,Financials,0.10986666666666667,0.07573210562770565,0.042378105627705644,5,30
2020-05-15,Financials,0.20552214285714285,0.09155760086580088,0.07573210562770565,5,35
2020-05-18,Financials,0.06702601587301588,0.07018740404040405,0.09155760086580088,5,35
2020-05-19,Financials,0.058661285714285714,0.11591531832611837,0.07018740404040405,5,20
2020-05-20,Financials,0.3889222222222222,0.16599966666666668,0.11591531832611837,5,18
2020-05-21,Financials,0.08162500000000002,0.16035133333333335,0.16599966666666668,5,22
2020-05-22,Financials,0.19921666666666668,0.1590902380952381,0.16035133333333335,4,8
2020-05-26,Financials,0.20967738095238095,0.18762051111111114,0.1590902380952381,5,28
2020-05-27,Financials,0.29449107142857145,0.2347864682539683,0.18762051111111114,5,25
2020-05-28,Financials,0.0055394999999999976,0.15810992380952385,0.2347864682539683,5,24
2020-05-29,Financials,-0.014973999999999998,0.13879012380952382,0.15810992380952385,5,25
2020-06-01,Financials,0.167841,0.13251499047619048,0.13879012380952382,5,23
2020-06-02,Financials,0.091686,0.1089167142857143,0.13251499047619048,5,26
2020-06-03,Financials,0.24105190476190477,0.09822888095238096,0.1089167142857143,5,26
2020-06-04,Financials,0.204615,0.13804398095238096,0.09822888095238096,5,20
2020-06-05,Financials,0.39872766666666665,0.22078431428571427,0.13804398095238096,5,20
2020-06-08,Financials,0.22288571428571427,0.23179325714285715,0.22078431428571427,5,13
2020-06-09,Financials,0.1826052380952381,0.24997710476190477,0.23179325714285715,5,21
2020-06-10,Financials,0.1861172619047619,0.2389901761904762,0.24997710476190477,4,19
2020-06-11,Financials,0.09428422222222221,0.21692402063492064,0.2389901761904762,5,28
2020-06-12,Financials,0.15115000000000003,0.16740848730158733,0.21692402063492064,3,6
2020-06-15,Financials,0.14783125,0.15239759444444445,0.16740848730158733,4,14
2020-06-16,Financials,0.10154166666666667,0.13618488015873015,0.15239759444444445,4,10
2020-06-17,Financials,0.03594,0.1061494277777778,0.13618488015873015,4,10
2020-06-18,Financials,-0.09981999999999999,0.06732858333333336,0.1061494277777778,5,9
2020-06-19,Financials,-0.071125,0.022873583333333346,0.06732858333333336,4,8
2020-06-22,Financials,-0.030475000000000002,-0.012787666666666652,0.022873583333333346,4,9
2020-06-23,Financials,0.1573125,-0.0016334999999999878,-0.012787666666666652,4,12
2020-06-24,Financials,0.06527000000000001,0.004232500000000014,-0.0016334999999999878,3,10
2020-06-25,Financials,0.09099942857142858,0.04239638571428573,0.004232500000000014,5,22
2020-06-26,Financials,0.013000595238095242,0.05922150476190478,0.04239638571428573,4,15
2020-06-29,Financials,0.22118333333333334,0.10955317142857143,0.05922150476190478,4,18
2020-06-30,Financials,0.08174261904761906,0.09443919523809527,0.10955317142857143,5,22
2020-07-01,Financials,-0.28205833333333336,0.024973528571428583,0.09443919523809527,3,7
2020-07-02,Financials,0.1495166666666667,0.036676976190476204,0.024973528571428583,5,24
2020-07-06,Financials,0.11668250000000001,0.057413357142857155,0.036676976190476204,4,15
2020-07-07,Financials,0.06437500000000002,0.026051690476190492,0.057413357142857155,2,3
2020-07-08,Financials,0.25695,0.061093166666666684,0.026051690476190492,4,8
2020-07-09,Financials,0.07716388888888889,0.13293761111111116,0.061093166666666684,4,18
2020-07-10,Financials,0.1498688888888889,0.1330080555555556,0.13293761111111116,5,19
2020-07-13,Financials,0.083446,0.12636075555555557,0.1330080555555556,5,18
2020-07-14,Financials,0.054330624999999994,0.1243518805555556,0.12636075555555557,4,47
2020-07-15,Financials,0.3301770434782609,0.13899728925120775,0.1243518805555556,5,44
2020-07-16,Financials,-0.016569696969696995,0.12025057207949057,0.13899728925120775,3,19
2020-07-17,Financials,-0.002234761904761899,0.0898298419207604,0.12025057207949057,4,18
2020-07-20,Financials,0.08700000000000001,0.0905406419207604,0.0898298419207604,3,13
2020-07-21,Financials,0.17711904761904762,0.11509832644456992,0.0905406419207604,4,12
2020-07-22,Financials,0.04424791666666666,0.057912501082251086,0.11509832644456992,4,15
2020-07-23,Financials,0.06515833333333335,0.07425810714285716,0.057912501082251086,5,10
2020-07-24,Financials,-0.0429575,0.06611355952380954,0.07425810714285716,4,16
2020-07-27,Financials,0.14503541666666667,0.07772064285714286,0.06611355952380954,4,14
2020-07-28,Financials,0.08495803571428572,0.05928844047619049,0.07772064285714286,4,17
2020-07-29,Financials,0.1024154761904762,0.07092195238095239,0.05928844047619049,4,13
2020-07-30,Financials,0.3064733333333333,0.11918495238095236,0.07092195238095239,3,9
2020-07-31,Financials,0.0018499999999999999,0.12814645238095237,0.11918495238095236,3,6
2020-08-03,Financials,0.12428999999999998,0.12399736904761904,0.12814645238095237,5,13
2020-08-04,Financials,0.028711666666666656,0.11274809523809523,0.12399736904761904,5,11
2020-08-05,Financials,0.10578833333333333,0.11342266666666667,0.11274809523809523,3,13
2020-08-06,Financials,0.0031250000000000062,0.05275300000000001,0.11342266666666667,4,8
2020-08-07,Financials,0.05669166666666667,0.06372133333333334,0.05275300000000001,3,7
2020-08-10,Financials,0.26968333333333333,0.09280000000000002,0.06372133333333334,5,10
2020-08-11,Financials,0.1705875,0.12117516666666668,0.09280000000000002,4,21
2020-08-12,Financials,0.035188888888888895,0.10705527777777779,0.12117516666666668,4,22
2020-08-13,Financials,-0.09380333333333332,0.08766961111111113,0.10705527777777779,5,12
2020-08-14,Financials,0.10020833333333333,0.09637294444444447,0.08766961111111113,4,12
2020-08-17,Financials,0.13540833333333332,0.06951794444444445,0.09637294444444447,4,12
2020-08-18,Financials,0.14152708333333333,0.06370586111111112,0.06951794444444445,4,12
2020-08-19,Financials,0.09297,0.07526208333333335,0.06370586111111112,3,8
2020-08-20,Financials,0.1723692857142857,0.12849660714285713,0.07526208333333335,5,16
2020-08-21,Financials,0.15083333333333335,0.13862160714285715,0.12849660714285713,4,15
2020-08-24,Financials,0.36158666666666667,0.18385727380952382,0.13862160714285715,5,9
2020-08-25,Financials,0.05229999999999999,0.16601185714285716,0.18385727380952382,3,6
2020-08-26,Financials,0.14823124999999998,0.17706410714285714,0.16601185714285716,4,11
2020-08-27,Financials,-0.06466666666666666,0.12965691666666668,0.17706410714285714,3,4
2020-08-28,Financials,-0.16841666666666666,0.06580691666666667,0.12965691666666668,5,12
2020-08-31,Financials,0.14140999999999998,0.021771583333333344,0.06580691666666667,5,8
2020-09-01,Financials,0.13754666666666665,0.03882091666666668,0.021771583333333344,5,9
2020-09-02,Financials,0.12542444444444442,0.034259555555555564,0.03882091666666668,3,10
2020-09-03,Financials,0.13491666666666666,0.07417622222222223,0.034259555555555564,5,12
2020-09-04,Financials,-0.07285333333333334,0.0932888888888889,0.07417622222222223,5,16
2020-09-08,Financials,0.11230499999999999,0.08746788888888889,0.0932888888888889,5,16
2020-09-09,Financials,-0.141225,0.031713555555555564,0.08746788888888889,4,6
2020-09-10,Financials,-0.003908333333333333,0.00584700000000001,0.031713555555555564,4,8
2020-09-11,Financials,-0.12115,-0.04536633333333332,0.00584700000000001,3,6
2020-09-14,Financials,-0.0279625,-0.03638816666666665,-0.04536633333333332,4,10
2020-09-15,Financials,0.31862500000000005,0.004875833333333357,-0.03638816666666665,2,5
2020-09-16,Financials,-0.019540000000000002,0.029212833333333355,0.004875833333333357,5,10
2020-09-17,Financials,0.12793,0.05558050000000002,0.029212833333333355,5,10
2020-09-18,Financials,0.26587500000000003,0.13298550000000003,0.05558050000000002,4,8
2020-09-21,Financials,-0.0514775,0.12828250000000002,0.13298550000000003,4,15
2020-09-22,Financials,0.27890000000000004,0.12033750000000003,0.12828250000000002,4,6
2020-09-23,Financials,0.168595,0.1579645,0.12033750000000003,4,9
2020-09-24,Financials,0.24616875000000002,0.18161225000000003,0.1579645,4,14
2020-09-25,Financials,0.13396666666666665,0.15523058333333334,0.18161225000000003,3,5
2020-09-28,Financials,0.3206866666666667,0.22966341666666668,0.15523058333333334,5,17
2020-09-29,Financials,-0.07576250000000001,0.15873091666666667,0.22966341666666668,4,12
2020-09-30,Financials,0.007016428571428567,0.1264152023809524,0.15873091666666667,3,21
2020-10-01,Financials,0.12850083333333334,0.10288161904761906,0.1264152023809524,4,17
2020-10-02,Financials,0.1695925925925926,0.11000680423280425,0.10288161904761906,3,18
2020-10-05,Financials,0.20678666666666667,0.08722680423280424,0.11000680423280425,5,14
2020-10-06,Financials,0.25777083333333334,0.1539334708994709,0.08722680423280424,4,8
2020-10-07,Financials,0.16040666666666667,0.18461151851851854,0.1539334708994709,3,12
2020-10-08,Financials,0.18560052083333334,0.1960314560185185,0.18461151851851854,4,22
2020-10-09,Financials,0.2735033333333333,0.2168136041666667,0.1960314560185185,5,13
2020-10-12,Financials,0.2585330280830281,0.227162876449939,0.2168136041666667,4,32
2020-10-13,Financials,0.054717499999999995,0.1865522097832723,0.227162876449939,5,32
2020-10-14,Financials,0.2605638586956522,0.20658364818906935,0.1865522097832723,4,52
2020-10-15,Financials,0.17219966666666667,0.20390347735573605,0.20658364818906935,5,25
2020-10-16,Financials,0.56552,0.26230681068906936,0.20390347735573605,5,7
2020-10-19,Financials,0.2720516666666667,0.26501053840579714,0.26230681068906936,5,13
2020-10-20,Financials,0.17468958333333334,0.28900495507246377,0.26501053840579714,4,14
2020-10-21,Financials,0.028722499999999998,0.24263668333333333,0.28900495507246377,4,14
2020-10-22,Financials,0.13011666666666666,0.2342200833333333,0.24263668333333333,4,14
2020-10-23,Financials,0.45730000000000004,0.21257608333333336,0.2342200833333333,2,3
2020-10-26,Financials,0.005045000000000001,0.15917475,0.21257608333333336,4,17
2020-10-27,Financials,0.012831250000000002,0.12680308333333332,0.15917475,4,7
2020-10-28,Financials,0.019786190476190478,0.12501582142857143,0.12680308333333332,5,29
2020-10-29,Financials,0.0408125,0.10715498809523812,0.12501582142857143,4,9
2020-10-30,Financials,0.08553200000000001,0.032801388095238096,0.10715498809523812,5,16
2020-11-02,Financials,0.12391666666666666,0.05657572142857144,0.032801388095238096,4,13
2020-11-03,Financials,0.10079345238095239,0.07416816190476191,0.05657572142857144,4,19
2020-11-04,Financials,0.18899749999999998,0.10801042380952382,0.07416816190476191,5,24
2020-11-05,Financials,0.12442,0.1247319238095238,0.10801042380952382,5,10
2020-11-06,Financials,0.17475000000000002,0.14257552380952382,0.1247319238095238,4,9
2020-11-09,Financials,0.11620535714285715,0.14103326190476193,0.14257552380952382,4,24
2020-11-10,Financials,0.17024999999999998,0.15492457142857144,0.14103326190476193,4,9
2020-11-11,Financials,0.20866690476190475,0.15885845238095236,0.15492457142857144,4,16
2020-11-12,Financials,0.20200147435897436,0.17437474725274726,0.15885845238095236,4,26
2020-11-13,Financials,0.11005416666666666,0.1614355805860806,0.17437474725274726,4,11
2020-11-16,Financials,0.21804,0.18180250915750915,0.1614355805860806,4,19
2020-11-17,Financials,-0.03925,0.13990250915750918,0.18180250915750915,4,11
2020-11-18,Financials,0.17656666666666665,0.13348246153846155,0.13990250915750918,4,11
2020-11-19,Financials,0.25866,0.14481416666666663,0.13348246153846155,5,13
2020-11-20,Financials,0.13102,0.14900733333333332,0.14481416666666663,5,15
2020-11-23,Financials,0.0361675,0.11263283333333332,0.14900733333333332,4,23
2020-11-24,Financials,0.17499,0.15548083333333332,0.11263283333333332,5,16
2020-11-25,Financials,-0.012855833333333337,0.11759633333333333,0.15548083333333332,4,13
2020-11-27,Financials,0.3555333333333333,0.136971,0.11759633333333333,3,7
2020-11-30,Financials,0.04012625000000001,0.11879225,0.136971,4,12
2020-12-01,Financials,0.5256166666666666,0.21668208333333333,0.11879225,3,4
2020-12-02,Financials,0.1470625,0.2110965833333333,0.21668208333333333,4,9
2020-12-03,Financials,0.13435833333333333,0.24053941666666664,0.2110965833333333,4,11
2020-12-04,Financials,-0.026450000000000008,0.16414275,0.24053941666666664,4,10
2020-12-07,Financials,0.09359458333333331,0.17483641666666666,0.16414275,4,24
2020-12-08,Financials,0.09985266666666666,0.08968361666666666,0.17483641666666666,5,17
2020-12-09,Financials,0.09875666666666666,0.08002245,0.08968361666666666,5,11
2020-12-10,Financials,0.168095,0.08676978333333332,0.08002245,5,15
2020-12-11,Financials,0.07247666666666666,0.10655511666666666,0.08676978333333332,5,16
2020-12-14,Financials,0.12175000000000001,0.11218619999999999,0.10655511666666666,4,7
2020-12-15,Financials,0.26395625,0.14500691666666668,0.11218619999999999,4,12
2020-12-16,Financials,0.3207966666666667,0.18941491666666668,0.14500691666666668,5,9
2020-12-17,Financials,0.36748000000000003,0.22929191666666665,0.18941491666666668,4,20
2020-12-18,Financials,0.20679999999999998,0.25615658333333335,0.22929191666666665,3,3
2020-12-21,Financials,-0.014562210526315799,0.2288941412280702,0.25615658333333335,5,50
2020-12-22,Financials,0.2888,0.23386289122807016,0.2288941412280702,3,5
2020-12-23,Financials,0.24445,0.21859355789473683,0.23386289122807016,4,10
2020-12-24,Financials,0.059908333333333334,0.1570792245614035,0.21859355789473683,4,6
2020-12-28,Financials,0.10080111111111112,0.13587944678362573,0.1570792245614035,5,21
2020-12-29,Financials,-0.41355,0.056081888888888896,0.13587944678362573,4,5
2020-12-30,Financials,0.043899999999999995,0.007101888888888896,0.056081888888888896,4,4
2020-12-31,Financials,0.39183,0.036577888888888896,0.007101888888888896,4,12
2021-01-04,Financials,0.2911625,0.08282872222222223,0.036577888888888896,4,13
2021-01-05,Financials,0.25751666666666667,0.11417183333333333,0.08282872222222223,3,13
2021-01-06,Financials,0.2542447916666667,0.24773079166666667,0.11417183333333333,4,18
2021-01-07,Financials,0.07307142857142856,0.25356507738095235,0.24773079166666667,4,17
2021-01-08,Financials,0.17535,0.2102690773809524,0.25356507738095235,3,10
2021-01-11,Financials,-0.001812560386473432,0.1516740653036577,0.2102690773809524,3,30
2021-01-12,Financials,0.11671659722222222,0.12351405141476882,0.1516740653036577,4,25
2021-01-13,Financials,0.1684125,0.10634759308143546,0.12351405141476882,4,15
2021-01-14,Financials,-0.007408928571428566,0.09025152165286404,0.10634759308143546,4,20
2021-01-15,Financials,0.28003043831168833,0.1111876093152017,0.09025152165286404,4,35
2021-01-19,Financials,0.22556194444444444,0.15666251028138528,0.1111876093152017,4,31
2021-01-20,Financials,0.14748890756302518,0.1628169723495459,0.15666251028138528,5,35
2021-01-21,Financials,0.102745,0.14968347234954588,0.1628169723495459,5,14
2021-01-22,Financials,0.072645,0.1656942580638316,0.14968347234954588,4,10
2021-01-25,Financials,0.2666604166666667,0.16302025373482726,0.1656942580638316,4,17
2021-01-26,Financials,0.24745625,0.16739911484593836,0.16302025373482726,4,16
2021-01-27,Financials,0.05071666666666667,0.14804466666666666,0.16739911484593836,5,9
2021-01-28,Financials,0.04830347222222223,0.13715636111111112,0.14804466666666666,4,16
2021-01-29,Financials,0.08783125,0.14019361111111112,0.13715636111111112,4,16
2021-02-01,Financials,0.0899175,0.10484502777777778,0.14019361111111112,4,18
2021-02-02,Financials,0.30022916666666666,0.11539961111111112,0.10484502777777778,4,16
2021-02-03,Financials,0.29971916666666665,0.16520011111111113,0.11539961111111112,4,13
2021-02-04,Financials,-0.026214999999999995,0.15029641666666665,0.16520011111111113,4,11
2021-02-05,Financials,0.07165833333333332,0.14706183333333334,0.15029641666666665,4,9
2021-02-08,Financials,-0.009517619047619042,0.12717480952380952,0.14706183333333334,4,16
2021-02-09,Financials,0.012599999999999993,0.06964897619047619,0.12717480952380952,4,7
2021-02-10,Financials,0.05789999999999999,0.021285142857142857,0.06964897619047619,4,11
2021-02-11,Financials,0.27710833333333335,0.08194980952380952,0.021285142857142857,3,6
2021-02-12,Financials,0.0,0.06761814285714286,0.08194980952380952,3,5
2021-02-16,Financials,0.1003685,0.08959536666666668,0.06761814285714286,5,24
2021-02-17,Financials,0.22020964285714287,0.13111729523809523,0.08959536666666668,4,17
2021-02-18,Financials,0.09780000000000001,0.13909729523809528,0.13111729523809523,4,11
2021-02-19,Financials,0.155975,0.11487062857142857,0.13909729523809528,4,7
2021-02-22,Financials,-0.0595875,0.10295312857142858,0.11487062857142857,4,12
2021-02-23,Financials,-0.031506944444444435,0.0765780396825397,0.10295312857142858,4,16
2021-02-24,Financials,0.04871875,0.042279861111111115,0.0765780396825397,4,14
2021-02-25,Financials,0.13176416666666668,0.049072694444444453,0.042279861111111115,4,16
2021-02-26,Financials,0.1303,0.04393769444444445,0.049072694444444453,4,8
2021-03-01,Financials,0.055296,0.06691439444444446,0.04393769444444445,5,17
2021-03-02,Financials,0.3759,0.14839578333333334,0.06691439444444446,4,12
2021-03-03,Financials,0.011080476190476191,0.14086812857142855,0.14839578333333334,5,19
2021-03-04,Financials,0.17301499999999997,0.14911829523809522,0.14086812857142855,4,13
2021-03-05,Financials,0.22962333333333335,0.1689829619047619,0.14911829523809522,4,12
2021-03-08,Financials,0.21169166666666667,0.2002620952380952,0.1689829619047619,4,10
2021-03-09,Financials,0.03995166666666666,0.1330724285714286,0.2002620952380952,4,11
2021-03-10,Financials,0.5049277777777778,0.2318418888888889,0.1330724285714286,3,6
2021-03-11,Financials,0.10205,0.21764888888888892,0.2318418888888889,4,11
2021-03-12,Financials,0.07102333333333335,0.1859288888888889,0.21764888888888892,5,9
2021-03-15,Financials,0.24360624999999997,0.19231180555555555,0.1859288888888889,4,12
2021-03-16,Financials,0.07153499999999999,0.1986284722222222,0.19231180555555555,5,12
2021-03-17,Financials,0.17988999999999997,0.13362091666666664,0.1986284722222222,5,10
2021-03-18,Financials,0.04670833333333333,0.12255258333333333,0.13362091666666664,3,13
2021-03-19,Financials,0.010504999999999987,0.11044891666666663,0.12255258333333333,4,18
2021-03-22,Financials,0.262805,0.11428866666666666,0.11044891666666663,5,12
2021-03-23,Financials,0.29426874999999997,0.15883541666666665,0.11428866666666666,4,14
2021-03-24,Financials,0.16337222222222222,0.1555318611111111,0.15883541666666665,3,11
2021-03-25,Financials,0.044856428571428575,0.15516148015873016,0.1555318611111111,4,19
2021-03-26,Financials,0.20744533333333334,0.19454954682539682,0.15516148015873016,5,14
2021-03-29,Financials,-0.04826914285714286,0.13233471825396825,0.19454954682539682,5,30
2021-03-30,Financials,0.007156025641025647,0.07491217338217339,0.13233471825396825,5,30
2021-03-31,Financials,0.147905,0.07181872893772893,0.07491217338217339,5,14
2021-04-01,Financials,0.18828199999999998,0.10050384322344322,0.07181872893772893,5,12
2021-04-05,Financials,0.2698248917748918,0.11297975491175491,0.10050384322344322,4,23
2021-04-06,Financials,0.030908750000000013,0.12881533348318347,0.11297975491175491,4,21
2021-04-07,Financials,0.14760625,0.15690537835497836,0.12881533348318347,4,9
2021-04-08,Financials,0.017041666666666667,0.1307327116883117,0.15690537835497836,4,15
2021-04-09,Financials,0.1283797619047619,0.11875226406926406,0.1307327116883117,4,21
2021-04-12,Financials,0.19945612698412699,0.10467851111111112,0.11875226406926406,5,40
2021-04-13,Financials,0.2608492307692308,0.15066660726495726,0.10467851111111112,5,31
2021-04-14,Financials,0.27571390029325515,0.17628813732360832,0.15066660726495726,5,60
2021-04-15,Financials,0.1581311111111111,0.2045060262124972,0.17628813732360832,4,29
2021-04-16,Financials,0.23225619047619048,0.2252813119267829,0.2045060262124972,5,36
2021-04-19,Financials,0.2155392857142857,0.22849794367281465,0.2252813119267829,5,22
2021-04-20,Financials,0.26226,0.2287800975189685,0.22849794367281465,5,16
2021-04-21,Financials,0.08612916666666667,0.1908631507936508,0.2287800975189685,4,13
2021-04-22,Financials,0.1440125,0.18803942857142858,0.1908631507936508,4,17
2021-04-23,Financials,0.2371916666666667,0.1890265238095238,0.18803942857142858,4,10
2021-04-26,Financials,0.23554833333333333,0.1930283333333333,0.1890265238095238,5,21
2021-04-27,Financials,0.20472607142857147,0.18152154761904762,0.1930283333333333,4,16
2021-04-28,Financials,0.14646333333333333,0.19358838095238096,0.18152154761904762,4,15
2021-04-29,Financials,0.29863333333333336,0.22451254761904763,0.19358838095238096,3,11
2021-04-30,Financials,0.13531666666666667,0.20413754761904762,0.22451254761904763,3,12
2021-05-03,Financials,0.22597499999999998,0.202222880952381,0.20413754761904762,5,14
2021-05-04,Financials,0.15774642857142857,0.1928269523809524,0.202222880952381,5,20
2021-05-05,Financials,0.06909249999999999,0.17735278571428573,0.1928269523809524,4,10
2021-05-06,Financials,0.08234125,0.13409436904761904,0.17735278571428573,4,11
2021-05-07,Financials,0.07131666666666667,0.12129436904761903,0.13409436904761904,4,10
2021-05-10,Financials,0.07307000000000001,0.09071336904761905,0.12129436904761903,3,9
2021-05-11,Financials,0.10144999999999998,0.07945408333333334,0.09071336904761905,3,5
2021-05-12,Financials,0.04162916666666667,0.07396141666666667,0.07945408333333334,4,15
2021-05-13,Financials,0.1847083333333333,0.09443483333333333,0.07396141666666667,4,9
2021-05-14,Financials,0.08116041666666668,0.09640358333333333,0.09443483333333333,4,15
2021-05-17,Financials,0.3034366666666667,0.14247691666666668,0.09640358333333333,5,18
2021-05-18,Financials,0.3347194444444444,0.18913080555555553,0.14247691666666668,3,8
2021-05-19,Financials,0.2585611111111111,0.23251719444444446,0.18913080555555553,3,10
2021-05-20,Financials,0.12280555555555556,0.22013663888888887,0.23251719444444446,3,11
2021-05-21,Financials,-0.0019708333333333366,0.20351038888888887,0.22013663888888887,4,11
2021-05-24,Financials,0.0389875,0.15062055555555554,0.20351038888888887,4,16
2021-05-25,Financials,0.22798888888888888,0.12927444444444441,0.15062055555555554,3,14
2021-05-26,Financials,-0.09068541666666668,0.05942513888888888,0.12927444444444441,4,10
2021-05-27,Financials,0.011815624999999996,0.03722715277777777,0.05942513888888888,4,14
2021-05-28,Financials,0.20167666666666667,0.07795665277777777,0.03722715277777777,5,11
2021-06-01,Financials,0.09804944444444444,0.08976904166666666,0.07795665277777777,4,18
2021-06-02,Financials,0.1829906666666667,0.08076939722222223,0.08976904166666666,5,17
2021-06-03,Financials,0.007705000000000001,0.10044748055555557,0.08076939722222223,5,12
2021-06-04,Financials,0.3451875,0.16712185555555553,0.10044748055555557,4,8
2021-06-07,Financials,0.24009809523809525,0.17480614126984126,0.16712185555555553,5,16
2021-06-08,Financials,0.23695833333333333,0.20258791904761905,0.17480614126984126,4,8
2021-06-09,Financials,0.4155333333333333,0.24909645238095238,0.20258791904761905,3,11
2021-06-10,Financials,0.16139166666666666,0.2798337857142857,0.24909645238095238,4,13
2021-06-11,Financials,0.41891666666666666,0.294579619047619,0.2798337857142857,2,5
2021-06-14,Financials,0.004049999999999998,0.24737,0.294579619047619,4,11
2021-06-15,Financials,0.16989,0.23395633333333335,0.24737,5,10
2021-06-16,Financials,0.01782333333333333,0.15441433333333335,0.23395633333333335,5,12
2021-06-17,Financials,0.068551,0.1358462,0.15441433333333335,5,19
2021-06-18,Financials,0.12734791666666667,0.07753245,0.1358462,4,14
2021-06-21,Financials,0.02615,0.08195245,0.07753245,5,12
2021-06-22,Financials,0.03308125,0.054590700000000006,0.08195245,4,12
2021-06-23,Financials,0.1990875,0.09084353333333332,0.054590700000000006,4,13
2021-06-24,Financials,0.15608119047619046,0.10834957142857142,0.09084353333333332,5,30
2021-06-25,Financials,-0.07781428571428571,0.06731713095238094,0.10834957142857142,4,17
2021-06-28,Financials,0.07551733333333333,0.0771905976190476,0.06731713095238094,5,17
2021-06-29,Financials,0.2969333333333333,0.12996101428571427,0.0771905976190476,4,28
2021-06-30,Financials,0.09986622222222222,0.11011675873015872,0.12996101428571427,5,23
2021-07-01,Financials,0.19416515151515154,0.11773355093795095,0.11011675873015872,3,22
2021-07-02,Financials,0.11339583333333332,0.15597557474747475,0.11773355093795095,4,14
2021-07-06,Financials,-0.022268125,0.1364184830808081,0.15597557474747475,4,19
2021-07-07,Financials,0.014179761904761917,0.0798677687950938,0.1364184830808081,4,13
2021-07-08,Financials,0.07173333333333333,0.07424119101731601,0.0798677687950938,4,27
2021-07-09,Financials,0.22466238095238097,0.08034063690476191,0.07424119101731601,5,24
2021-07-12,Financials,0.24623380952380955,0.10690823214285716,0.08034063690476191,5,24
2021-07-13,Financials,0.23079134615384617,0.1575201263736264,0.10690823214285716,4,43
2021-07-14,Financials,0.21889038461538463,0.19846225091575093,0.1575201263736264,4,34
2021-07-15,Financials,0.027846222222222217,0.1896848286935287,0.19846225091575093,5,35
2021-07-16,Financials,0.27934,0.2006203525030525,0.1896848286935287,4,16
2021-07-19,Financials,0.08304175324675325,0.16798194124764124,0.2006203525030525,4,26
2021-07-20,Financials,0.2110021212121212,0.16402409625929626,0.16798194124764124,5,24
2021-07-21,Financials,0.39940297619047616,0.20012661457431458,0.16402409625929626,4,17
2021-07-22,Financials,0.24903999999999998,0.2443653701298701,0.20012661457431458,5,9
2021-07-23,Financials,0.13338333333333335,0.21517403679653677,0.2443653701298701,5,14
2021-07-26,Financials,0.028339285714285706,0.20423354329004328,0.21517403679653677,4,16
2021-07-27,Financials,0.23381488095238095,0.20879609523809523,0.20423354329004328,4,17
2021-07-28,Financials,0.08399116666666667,0.14571373333333332,0.20879609523809523,5,21
2021-07-29,Financials,0.3149875,0.15890323333333334,0.14571373333333332,4,6
2021-07-30,Financials,0.16972500000000001,0.16617156666666663,0.15890323333333334,2,3
2021-08-02,Financials,0.39863666666666664,0.24023104285714286,0.16617156666666663,5,18
2021-08-03,Financials,0.23161833333333334,0.23979173333333334,0.24023104285714286,3,10
2021-08-04,Financials,0.086152,0.24022390000000002,0.23979173333333334,5,13
2021-08-05,Financials,-0.017082666666666666,0.17380986666666665,0.24022390000000002,5,20
2021-08-06,Financials,0.011077777777777775,0.14208042222222222,0.17380986666666665,3,6
2021-08-09,Financials,0.23031145833333333,0.10841538055555555,0.14208042222222222,4,15
2021-08-10,Financials,0.12328833333333333,0.08674938055555555,0.10841538055555555,5,13
2021-08-11,Financials,0.118575,0.09323398055555554,0.08674938055555555,4,12
2021-08-12,Financials,0.17793285714285714,0.1322370853174603,0.09323398055555554,5,18
2021-08-13,Financials,0.07833541666666666,0.1456886130952381,0.1322370853174603,4,12
2021-08-16,Financials,0.024579166666666673,0.10454215476190476,0.1456886130952381,4,16
2021-08-17,Financials,0.020522142857142864,0.08398891666666666,0.10454215476190476,4,18
2021-08-18,Financials,0.12736875,0.08574766666666664,0.08398891666666666,4,13
2021-08-19,Financials,0.19498749999999998,0.08915859523809522,0.08574766666666664,4,13
2021-08-20,Financials,-0.07781111111111112,0.057929289682539666,0.08915859523809522,3,6
2021-08-23,Financials,0.16131333333333334,0.085276123015873,0.057929289682539666,5,14
2021-08-24,Financials,0.12511250000000002,0.10619419444444445,0.085276123015873,4,13
2021-08-25,Financials,0.2689333333333333,0.13450711111111108,0.10619419444444445,3,6
2021-08-26,Financials,0.00027599999999999847,0.09556481111111109,0.13450711111111108,5,10
2021-08-27,Financials,0.160655,0.1432580333333333,0.09556481111111109,4,13
2021-08-30,Financials,0.10115,0.13122536666666665,0.1432580333333333,2,2
2021-08-31,Financials,0.19934107142857144,0.14607108095238094,0.13122536666666665,4,11
2021-09-01,Financials,0.11859375,0.11600316428571426,0.14607108095238094,4,11
2021-09-02,Financials,0.20153844444444444,0.15625565317460316,0.11600316428571426,5,20
2021-09-03,Financials,0.06840833333333333,0.13780631984126984,0.15625565317460316,4,10
2021-09-07,Financials,-0.05902,0.10577231984126982,0.13780631984126984,5,19
2021-09-08,Financials,0.1864,0.10318410555555554,0.10577231984126982,5,13
2021-09-09,Financials,-0.05165285714285715,0.06913478412698412,0.10318410555555554,5,22
2021-09-10,Financials,-0.1629125,-0.0037554047619047736,0.06913478412698412,4,11
2021-09-13,Financials,0.064825,-0.0044720714285714416,-0.0037554047619047736,4,18
2021-09-14,Financials,0.133525,0.03403692857142856,-0.0044720714285714416,5,11
2021-09-15,Financials,0.2652716666666667,0.04981126190476189,0.03403692857142856,5,19
2021-09-16,Financials,0.12200000000000001,0.08454183333333333,0.04981126190476189,4,8
2021-09-17,Financials,0.14489666666666667,0.14610366666666666,0.08454183333333333,5,12
2021-09-20,Financials,-0.07209952380952381,0.1187187619047619,0.14610366666666666,5,20
2021-09-21,Financials,0.021757000000000006,0.09636516190476188,0.1187187619047619,5,18
2021-09-22,Financials,0.12809880952380953,0.06893059047619046,0.09636516190476188,4,12
2021-09-23,Financials,0.08781,0.06209259047619046,0.06893059047619046,4,9
2021-09-24,Financials,0.23586000000000001,0.08028525714285713,0.06209259047619046,5,6
2021-09-27,Financials,0.194615,0.13362816190476187,0.08028525714285713,5,26
2021-09-28,Financials,0.26155809523809526,0.18158838095238092,0.13362816190476187,5,17
2021-09-29,Financials,-0.017675000000000003,0.15243361904761904,0.18158838095238092,2,6
2021-09-30,Financials,0.08604799999999999,0.15208121904761904,0.15243361904761904,5,20
2021-10-01,Financials,0.23951000000000003,0.15281121904761902,0.15208121904761904,3,10
2021-10-04,Financials,0.04550125,0.12298846904761904,0.15281121904761902,4,12
2021-10-05,Financials,0.09888000000000001,0.09045284999999999,0.12298846904761904,5,18
2021-10-06,Financials,0.16208333333333333,0.12640451666666666,0.09045284999999999,4,16
2021-10-07,Financials,0.062368,0.12166851666666664,0.12640451666666666,5,16
2021-10-08,Financials,0.25329,0.12442451666666665,0.12166851666666664,5,7
2021-10-11,Financials,0.18352054945054946,0.15202837655677653,0.12442451666666665,5,33
2021-10-12,Financials,0.014389583333333334,0.13513029322344322,0.15202837655677653,4,11
2021-10-13,Financials,0.18258966666666665,0.13923155989010988,0.13513029322344322,5,29
2021-10-14,Financials,0.37045490476190474,0.2008489408424908,0.13923155989010988,5,55
2021-10-15,Financials,0.3587738492063492,0.22194571068376065,0.2008489408424908,5,36
2021-10-18,Financials,0.03196966666666666,0.19163553412698411,0.22194571068376065,5,29
2021-10-19,Financials,-0.07650000000000001,0.17345761746031743,0.19163553412698411,3,4
2021-10-20,Financials,-0.03245833333333334,0.13044801746031742,0.17345761746031743,4,9
2021-10-21,Financials,0.024579285714285713,0.06127289365079362,0.13044801746031742,5,16
2021-10-22,Financials,-0.14095,-0.03867187619047622,0.06127289365079362,4,10
2021-10-25,Financials,0.03903166666666665,-0.03725947619047622,-0.03867187619047622,5,18
2021-10-26,Financials,0.18820416666666667,0.01568135714285712,-0.03725947619047622,4,15
2021-10-27,Financials,0.11236964285714286,0.04464695238095236,0.01568135714285712,4,23
2021-10-28,Financials,0.2464625,0.08902359523809522,0.04464695238095236,2,6
2021-10-29,Financials,0.24280416666666665,0.16577442857142854,0.08902359523809522,4,14
2021-11-01,Financials,0.23003625,0.20397534523809518,0.16577442857142854,4,14
2021-11-02,Financials,0.028524107142857143,0.1720393333333333,0.20397534523809518,4,15
2021-11-03,Financials,0.21755833333333333,0.1930770714285714,0.1720393333333333,3,9
2021-11-04,Financials,0.22290000000000001,0.18836457142857138,0.1930770714285714,5,13
2021-11-05,Financials,0.09514444444444443,0.15883262698412698,0.18836457142857138,3,7
2021-11-08,Financials,0.00989125,0.11480362698412697,0.15883262698412698,4,23
2021-11-09,Financials,0.040725,0.11724380555555554,0.11480362698412697,4,13
2021-11-10,Financials,-0.004824166666666671,0.07276730555555552,0.11724380555555554,3,17
2021-11-11,Financials,0.075923,0.04337190555555552,0.07276730555555552,5,14
2021-11-12,Financials,0.29396666666666665,0.08313634999999997,0.04337190555555552,1,3
2021-11-15,Financials,0.27257857142857145,0.13567381428571426,0.08313634999999997,4,15
2021-11-16,Financials,0.144544,0.15643761428571426,0.13567381428571426,5,13
2021-11-17,Financials,0.03546511278195488,0.16449547017543859,0.15643761428571426,5,30
2021-11-18,Financials,0.2992,0.20915087017543854,0.16449547017543859,5,14
2021-11-19,Financials,0.19980066666666665,0.19031767017543857,0.20915087017543854,5,21
2021-11-22,Financials,0.3564178571428571,0.20708552731829571,0.19031767017543857,4,18
2021-11-23,Financials,0.03496125,0.1851689773182957,0.20708552731829571,4,17
2021-11-24,Financials,0.08745,0.19556595476190472,0.1851689773182957,4,13
2021-11-26,Financials,-0.20735333333333336,0.09425528809523806,0.19556595476190472,5,15
2021-11-29,Financials,0.05616041666666667,0.06552723809523806,0.09425528809523806,4,16
2021-11-30,Financials,0.18396833333333334,0.031037333333333295,0.06552723809523806,4,13
2021-12-01,Financials,-0.029818749999999998,0.018081333333333293,0.031037333333333295,4,8
2021-12-02,Financials,0.07212333333333334,0.015015999999999963,0.018081333333333293,5,17
2021-12-03,Financials,0.04282833333333334,0.06505233333333331,0.015015999999999963,4,10
2021-12-06,Financials,0.042364166666666675,0.0622930833333333,0.06505233333333331,4,21
2021-12-07,Financials,0.162535,0.05800641666666664,0.0622930833333333,5,21
2021-12-08,Financials,-0.05701199999999999,0.05256776666666664,0.05800641666666664,5,13
2021-12-09,Financials,0.21950666666666668,0.0820444333333333,0.05256776666666664,5,19
2021-12-10,Financials,0.0696775,0.08741426666666663,0.0820444333333333,4,10
2021-12-13,Financials,0.292502,0.13744183333333332,0.08741426666666663,5,19
2021-12-14,Financials,0.060083333333333336,0.11695149999999999,0.13744183333333332,4,11
2021-12-15,Financials,0.06062,0.1404779,0.11695149999999999,4,14
2021-12-16,Financials,-0.03175374999999998,0.09022581666666664,0.1404779,4,24
2021-12-17,Financials,0.12486466666666667,0.10126324999999996,0.09022581666666664,5,13
2021-12-20,Financials,-0.07525454545454545,0.027711940909090883,0.10126324999999996,3,19
2021-12-21,Financials,0.25588,0.06687127424242421,0.027711940909090883,5,12
2021-12-22,Financials,0.16549999999999998,0.08784727424242421,0.06687127424242421,4,7
2021-12-23,Financials,0.09492999999999999,0.1131840242424242,0.08784727424242421,5,16
2021-12-27,Financials,0.23155,0.13452109090909087,0.1131840242424242,5,15
2021-12-28,Financials,0.12040000000000001,0.17365199999999997,0.13452109090909087,3,3
2021-12-29,Financials,-0.07840666666666667,0.10679466666666662,0.17365199999999997,5,9
2021-12-30,Financials,0.347375,0.14316966666666664,0.10679466666666662,4,11
2021-12-31,Financials,0.197853,0.16375426666666665,0.14316966666666664,5,15
2022-01-03,Financials,0.09427357142857143,0.1362989809523809,0.16375426666666665,4,16
2022-01-04,Financials,0.1848668888888889,0.14919235873015868,0.1362989809523809,5,22
2022-01-05,Financials,0.14545833333333336,0.1939653587301587,0.14919235873015868,4,12
2022-01-06,Financials,0.15926999999999997,0.15634435873015867,0.1939653587301587,5,15
2022-01-07,Financials,0.06702916666666667,0.130179592063492,0.15634435873015867,4,15
2022-01-10,Financials,0.1935778214285714,0.15004044206349204,0.130179592063492,5,37
2022-01-11,Financials,0.21089666666666665,0.15524639761904757,0.15004044206349204,5,12
2022-01-12,Financials,0.23441954545454546,0.17303864004329,0.15524639761904757,5,33
2022-01-13,Financials,0.1470432380952381,0.17059328766233764,0.17303864004329,5,44
2022-01-14,Financials,0.18866591575091576,0.19492063747918745,0.17059328766233764,5,52
2022-01-18,Financials,0.11848239071566731,0.17990155133660662,0.19492063747918745,5,94
2022-01-19,Financials,0.22661421288515404,0.1830450605803041,0.17990155133660662,5,62
2022-01-20,Financials,0.16039095238095238,0.1682393419655855,0.1830450605803041,5,22
2022-01-21,Financials,0.3075228571428571,0.20033526577510932,0.1682393419655855,5,27
2022-01-24,Financials,0.23467083333333336,0.2095362492915928,0.20033526577510932,4,19
2022-01-25,Financials,0.2333294285714286,0.2325056568627451,0.2095362492915928,5,25
2022-01-26,Financials,0.0791,0.20300281428571426,0.2325056568627451,5,16
2022-01-27,Financials,0.28734714285714286,0.22839405238095237,0.20300281428571426,5,26
2022-01-28,Financials,0.12118959706959706,0.19112740036630035,0.22839405238095237,5,43
2022-01-31,Financials,0.08057333333333334,0.16030790036630033,0.19112740036630035,5,15
2022-02-01,Financials,0.07133476190476189,0.127908967032967,0.16030790036630033,5,21
2022-02-02,Financials,0.290944,0.170277767032967,0.127908967032967,5,13
2022-02-03,Financials,0.2408233333333333,0.1609730051282051,0.170277767032967,5,12
2022-02-04,Financials,0.16370714285714286,0.16947651428571425,0.1609730051282051,4,17
2022-02-07,Financials,0.0036433333333333352,0.15409051428571427,0.16947651428571425,4,16
2022-02-08,Financials,0.23013466666666665,0.18585049523809521,0.15409051428571427,5,17
2022-02-09,Financials,0.19199583333333334,0.16606086190476188,0.18585049523809521,4,14
2022-02-10,Financials,0.011964583333333337,0.12028911190476188,0.16606086190476188,4,16
2022-02-11,Financials,0.05312133333333333,0.09817194999999998,0.12028911190476188,5,12
2022-02-14,Financials,-0.05891126984126984,0.08566102936507934,0.09817194999999998,5,25
2022-02-15,Financials,0.19385266666666667,0.07840462936507935,0.08566102936507934,5,15
2022-02-16,Financials,0.03401111111111111,0.046807684920634904,0.07840462936507935,3,21
2022-02-17,Financials,-0.0387790909090909,0.03665895007215005,0.046807684920634904,5,28
2022-02-18,Financials,0.05961333333333334,0.03795735007215005,0.03665895007215005,5,18
2022-02-22,Financials,0.09161250000000001,0.06806210404040403,0.03795735007215005,4,18
2022-02-23,Financials,0.00365833333333334,0.03002323737373736,0.06806210404040403,4,17
2022-02-24,Financials,-0.05722238095238097,0.011776538961038944,0.03002323737373736,5,19
2022-02-25,Financials,-0.01859833333333334,0.015812690476190456,0.011776538961038944,4,16
2022-02-28,Financials,0.003333928571428572,0.004556809523809502,0.015812690476190456,4,35
2022-03-01,Financials,-0.13603589285714285,-0.04097286904761907,0.004556809523809502,4,29
2022-03-02,Financials,0.0910452380952381,-0.02349548809523812,-0.04097286904761907,4,13
2022-03-03,Financials,0.2712375,0.04219648809523808,-0.02349548809523812,4,11
2022-03-04,Financials,0.12038333333333334,0.06999282142857141,0.04219648809523808,4,14
2022-03-07,Financials,-0.013098846153846155,0.06670626648351646,0.06999282142857141,4,30
2022-03-08,Financials,0.08512499999999999,0.11093844505494503,0.06670626648351646,4,13
2022-03-09,Financials,0.1489593333333333,0.12252126410256407,0.11093844505494503,5,16
2022-03-10,Financials,-0.025554285714285724,0.06316290695970692,0.12252126410256407,5,21
2022-03-11,Financials,0.10621785714285713,0.060329811721611684,0.06316290695970692,4,11
2022-03-14,Financials,0.29853999999999997,0.12265758095238091,0.060329811721611684,5,23
2022-03-15,Financials,-0.0075213333333333295,0.10412831428571423,0.12265758095238091,5,20
2022-03-16,Financials,0.22958380952380952,0.1202532095238095,0.10412831428571423,3,14
2022-03-17,Financials,0.1948044642857143,0.1643249595238095,0.1202532095238095,4,16
2022-03-18,Financials,0.13341333333333333,0.16976405476190473,0.1643249595238095,5,8
2022-03-21,Financials,0.06483466666666667,0.12302298809523807,0.16976405476190473,5,17
2022-03-22,Financials,0.1938375,0.16329475476190475,0.12302298809523807,2,8
2022-03-23,Financials,0.37477916666666666,0.19233382619047618,0.16329475476190475,4,9
2022-03-24,Financials,0.06628500000000001,0.1666299333333333,0.19233382619047618,4,19
2022-03-25,Financials,0.261726,0.19229246666666666,0.1666299333333333,5,16
2022-03-28,Financials,0.010676428571428576,0.18146081904761904,0.19229246666666666,5,25
2022-03-29,Financials,0.000714999999999999,0.14283631904761904,0.18146081904761904,5,15
2022-03-30,Financials,-0.020977777777777762,0.06368493015873014,0.14283631904761904,3,12
2022-03-31,Financials,0.01479166666666666,0.05338626349206349,0.06368493015873014,4,15
2022-04-01,Financials,0.18756361111111108,0.0385537857142857,0.05338626349206349,4,29
2022-04-04,Financials,-0.000812307692307692,0.036256038461538444,0.0385537857142857,4,24
2022-04-05,Financials,0.189116,0.07393623846153845,0.036256038461538444,5,18
2022-04-06,Financials,0.10738124999999998,0.099608044017094,0.07393623846153845,4,13
2022-04-07,Financials,0.06890433333333333,0.11043057735042734,0.099608044017094,5,22
2022-04-08,Financials,0.04963215686274509,0.08284428650075412,0.11043057735042734,5,31
2022-04-11,Financials,0.01544814285714285,0.08609637661064423,0.08284428650075412,5,40
2022-04-12,Financials,0.06592875000000001,0.06145892661064424,0.08609637661064423,4,26
2022-04-13,Financials,0.20188088888888886,0.08035885438842202,0.06145892661064424,5,36
2022-04-14,Financials,0.22117712857142857,0.11081341343604105,0.08035885438842202,5,83
2022-04-18,Financials,0.32757493506493507,0.16640196907647908,0.11081341343604105,5,27
2022-04-19,Financials,0.252228,0.21375794050505048,0.16640196907647908,5,23
2022-04-20,Financials,0.04679,0.2099301905050505,0.21375794050505048,5,11
2022-04-21,Financials,-0.09881833333333334,0.14979034606060604,0.2099301905050505,5,14
2022-04-22,Financials,0.220355,0.14962592034632033,0.14979034606060604,5,19
2022-04-25,Financials,0.197231,0.12355713333333332,0.14962592034632033,5,30
2022-04-26,Financials,0.16481244444444446,0.1060740222222222,0.12355713333333332,5,28
2022-04-27,Financials,-0.039520555555555545,0.0888119111111111,0.1060740222222222,4,26
2022-04-28,Financials,0.05407666666666668,0.11939091111111108,0.0888119111111111,5,18
2022-04-29,Financials,0.26130000000000003,0.1275799111111111,0.11939091111111108,3,5
2022-05-02,Financials,0.1368,0.11549371111111113,0.1275799111111111,4,14
2022-05-03,Financials,0.21465666666666666,0.12546255555555558,0.11549371111111113,5,13
2022-05-04,Financials,0.09866666666666667,0.1531,0.12546255555555558,3,7
2022-05-05,Financials,0.127162,0.16771706666666666,0.1531,5,13
2022-05-06,Financials,-0.1140866666666667,0.09263973333333331,0.16771706666666666,5,20
2022-05-09,Financials,0.04521666666666667,0.07432306666666663,0.09263973333333331,4,13
2022-05-10,Financials,0.20530729166666667,0.07245319166666664,0.07432306666666663,4,13
2022-05-11,Financials,0.152605,0.0832408583333333,0.07245319166666664,5,14
2022-05-12,Financials,0.11983541666666667,0.08177554166666665,0.0832408583333333,4,11
2022-05-13,Financials,0.10921599999999998,0.12643607499999998,0.08177554166666665,5,21
2022-05-16,Financials,0.03664714285714284,0.12472217023809522,0.12643607499999998,5,22
2022-05-17,Financials,0.03767366666666668,0.09119544523809522,0.12472217023809522,5,19
2022-05-18,Financials,0.12499333333333333,0.08567311190476187,0.09119544523809522,5,12
2022-05-19,Financials,0.12805,0.08731602857142855,0.08567311190476187,5,18
2022-05-20,Financials,0.28287083333333335,0.12204699523809523,0.08731602857142855,4,10
2022-05-23,Financials,-0.135201,0.08767736666666666,0.12204699523809523,5,21
2022-05-24,Financials,0.42847999999999997,0.16583863333333332,0.08767736666666666,5,13
2022-05-25,Financials,0.0767111111111111,0.15618218888888888,0.16583863333333332,3,5
2022-05-26,Financials,0.20185500000000003,0.17094318888888888,0.15618218888888888,5,17
2022-05-27,Financials,0.11309,0.1369870222222222,0.17094318888888888,5,7
2022-05-31,Financials,0.06108333333333334,0.17624388888888887,0.1369870222222222,5,17
2022-06-01,Financials,0.14388499999999999,0.11932488888888888,0.17624388888888887,4,15
2022-06-02,Financials,0.07839999999999998,0.11966266666666667,0.11932488888888888,4,11
2022-06-03,Financials,-0.041575,0.07097666666666666,0.11966266666666667,4,9
2022-06-06,Financials,0.28135166666666667,0.104629,0.07097666666666666,5,14
2022-06-07,Financials,0.17585333333333333,0.127583,0.104629,5,13
2022-06-08,Financials,0.0652,0.111846,0.127583,3,10
2022-06-09,Financials,-0.01651111111111112,0.09286377777777778,0.111846,3,11
2022-06-10,Financials,0.09077333333333333,0.11933344444444445,0.09286377777777778,4,14
2022-06-13,Financials,0.14683833333333335,0.09243077777777778,0.11933344444444445,5,14
2022-06-14,Financials,-0.08784076190476192,0.03969195873015873,0.09243077777777778,5,23
2022-06-15,Financials,0.11552666666666667,0.04975729206349207,0.03969195873015873,5,15
2022-06-16,Financials,-0.014014999999999996,0.05025651428571428,0.04975729206349207,5,18
2022-06-17,Financials,0.10921,0.05394384761904762,0.05025651428571428,5,13
2022-06-21,Financials,-0.007923333333333338,0.022991514285714283,0.05394384761904762,5,26
2022-06-22,Financials,0.17926666666666669,0.076413,0.022991514285714283,3,8
2022-06-23,Financials,0.0068091666666666665,0.0546695,0.076413,5,25
2022-06-24,Financials,0.29705783333333335,0.11688406666666666,0.0546695,5,22
2022-06-27,Financials,0.05444416666666668,0.10593090000000001,0.11688406666666666,5,27
2022-06-28,Financials,0.10797202380952381,0.12910997142857145,0.10593090000000001,4,26
2022-06-29,Financials,0.07729375,0.1087153880952381,0.12910997142857145,4,15
2022-06-30,Financials,0.1933092857142857,0.14601541190476192,0.1087153880952381,5,18
2022-07-01,Financials,0.10860999999999998,0.10832584523809523,0.14601541190476192,5,10
2022-07-05,Financials,0.1206452380952381,0.12156605952380953,0.10832584523809523,4,16
2022-07-06,Financials,0.034421999999999994,0.10685605476190477,0.12156605952380953,5,11
2022-07-07,Financials,0.22327266666666667,0.13605183809523808,0.10685605476190477,5,17
2022-07-08,Financials,0.02326333333333334,0.10204264761904762,0.13605183809523808,5,13
2022-07-11,Financials,0.10387012820512823,0.10109467326007326,0.10204264761904762,5,36
2022-07-12,Financials,0.015560952380952384,0.08007781611721612,0.10109467326007326,4,22
2022-07-13,Financials,-0.03601423076923077,0.06599056996336998,0.08007781611721612,5,23
2022-07-14,Financials,-0.11085598214285713,-0.0008351597985347903,0.06599056996336998,4,50
2022-07-15,Financials,0.07467666666666667,0.009447506868131875,-0.0008351597985347903,5,55
2022-07-18,Financials,0.16791518907563024,0.02225651904223228,0.009447506868131875,5,55
2022-07-19,Financials,0.192672,0.0576787285660418,0.02225651904223228,5,16
2022-07-20,Financials,0.05167000000000001,0.07521557471988796,0.0576787285660418,5,10
2022-07-21,Financials,0.20520624999999998,0.13842802114845937,0.07521557471988796,4,8
2022-07-22,Financials,0.08832333333333334,0.1411573544817927,0.13842802114845937,5,16
2022-07-25,Financials,0.108612,0.12929671666666667,0.1411573544817927,5,18
2022-07-26,Financials,0.06204444444444444,0.10317120555555555,0.12929671666666667,3,10
2022-07-27,Financials,0.27435,0.14770720555555555,0.10317120555555555,5,10
2022-07-28,Financials,0.002920666666666666,0.10725008888888887,0.14770720555555555,5,22
2022-07-29,Financials,0.07974666666666666,0.10553475555555554,0.10725008888888887,5,11
2022-08-01,Financials,0.18658000000000002,0.12112835555555554,0.10553475555555554,5,9
2022-08-02,Financials,0.08909500000000001,0.12653846666666665,0.12112835555555554,4,12
2022-08-03,Financials,0.13398125,0.09846471666666667,0.12653846666666665,4,8
2022-08-04,Financials,0.08941749999999998,0.11576408333333332,0.09846471666666667,2,9
2022-08-05,Financials,0.2755722222222222,0.15492919444444445,0.11576408333333332,3,6
2022-08-08,Financials,0.18729857142857143,0.15507290873015872,0.15492919444444445,5,16
2022-08-09,Financials,0.31303333333333333,0.1998605753968254,0.15507290873015872,3,6
2022-08-10,Financials,0.36307125,0.24567857539682542,0.1998605753968254,4,16
2022-08-11,Financials,-0.0360625,0.2205825753968254,0.24567857539682542,4,8
2022-08-12,Financials,0.2590925,0.21728663095238096,0.2205825753968254,4,10
2022-08-15,Financials,0.11370333333333334,0.20256758333333336,0.21728663095238096,5,11
2022-08-16,Financials,0.033716666666666666,0.14670425000000004,0.20256758333333336,3,6
2022-08-17,Financials,0.14677500000000002,0.10344500000000001,0.14670425000000004,4,9
2022-08-18,Financials,0.20482266666666665,0.15162203333333332,0.10344500000000001,5,14
2022-08-19,Financials,0.06436666666666667,0.11267686666666668,0.15162203333333332,4,10
2022-08-22,Financials,0.043713,0.0986788,0.11267686666666668,5,16
2022-08-23,Financials,0.3550533333333334,0.16294613333333335,0.0986788,3,7
2022-08-24,Financials,0.08435333333333332,0.1504618,0.16294613333333335,5,10
2022-08-25,Financials,0.11266100000000001,0.13202946666666665,0.1504618,5,14
2022-08-26,Financials,0.21712708333333333,0.16258155,0.13202946666666665,4,9
2022-08-29,Financials,0.09048541666666667,0.17193603333333335,0.16258155,4,13
2022-08-30,Financials,-0.0204625,0.09683286666666666,0.17193603333333335,4,10
2022-08-31,Financials,0.061616666666666674,0.09228553333333334,0.09683286666666666,5,13
2022-09-01,Financials,0.239805,0.11771433333333332,0.09228553333333334,5,13
2022-09-02,Financials,0.108294,0.09594771666666665,0.11771433333333332,5,15
2022-09-06,Financials,0.06450333333333333,0.09075130000000001,0.09594771666666665,5,19
2022-09-07,Financials,0.04556000000000001,0.1039558,0.09075130000000001,5,9
2022-09-08,Financials,0.379715,0.16757546666666667,0.1039558,4,8
2022-09-09,Financials,0.2872516666666667,0.1770648,0.16757546666666667,3,10
2022-09-12,Financials,0.05502750000000001,0.1664115,0.1770648,4,16
2022-09-13,Financials,0.14936249999999998,0.18338333333333334,0.1664115,4,11
2022-09-14,Financials,0.06103500000000002,0.18647833333333336,0.18338333333333334,5,21
2022-09-15,Financials,0.2824767857142857,0.16703069047619049,0.18647833333333336,4,14
2022-09-16,Financials,0.06284533333333334,0.1221494238095238,0.16703069047619049,5,13
2022-09-19,Financials,0.06000166666666666,0.12314425714285715,0.1221494238095238,5,14
2022-09-20,Financials,0.010870416666666674,0.0954458404761905,0.12314425714285715,4,14
2022-09-21,Financials,0.032334999999999996,0.08970584047619047,0.0954458404761905,5,10
2022-09-22,Financials,-0.05302166666666667,0.02260615,0.08970584047619047,5,15
2022-09-23,Financials,0.09322666666666665,0.028682416666666665,0.02260615,5,12
2022-09-26,Financials,0.18393866666666664,0.053469816666666656,0.028682416666666665,5,16
2022-09-27,Financials,0.05599125000000001,0.06249398333333332,0.053469816666666656,4,20
2022-09-28,Financials,0.15558888888888892,0.08714476111111111,0.06249398333333332,5,17
2022-09-29,Financials,0.11496055555555555,0.12074120555555554,0.08714476111111111,5,23
2022-09-30,Financials,0.1988777777777778,0.14187142777777778,0.12074120555555554,3,7
2022-10-03,Financials,0.29288749999999997,0.16366119444444444,0.14187142777777778,4,12
2022-10-04,Financials,0.3568116071428572,0.22382526587301585,0.16366119444444444,4,21
2022-10-05,Financials,0.15582916666666666,0.22387332142857144,0.22382526587301585,4,11
2022-10-06,Financials,0.14153904761904762,0.22918901984126988,0.22387332142857144,5,19
2022-10-07,Financials,0.061485,0.2017104642857143,0.22918901984126988,5,15
2022-10-10,Financials,0.07713733333333332,0.15856043095238098,0.2017104642857143,5,26
2022-10-11,Financials,-0.17826500000000003,0.05154510952380951,0.15856043095238098,5,21
2022-10-12,Financials,0.060375,0.03245427619047618,0.05154510952380951,4,12
2022-10-13,Financials,0.06693066666666667,0.01753259999999999,0.03245427619047618,5,17
2022-10-14,Financials,0.1606501699150425,0.03736563398300849,0.01753259999999999,5,66
2022-10-17,Financials,0.2676434166666667,0.07546685064967516,0.03736563398300849,5,33
2022-10-18,Financials,0.1317609195402299,0.13747203455772117,0.07546685064967516,5,40
2022-10-19,Financials,0.13286333333333333,0.15196970122438783,0.13747203455772117,5,27
2022-10-20,Financials,0.03981249999999999,0.14654606789105448,0.15196970122438783,4,11
2022-10-21,Financials,-0.00891666666666667,0.11263270057471264,0.14654606789105448,4,14
2022-10-24,Financials,-0.08111666666666667,0.042880683908045975,0.11263270057471264,4,14
2022-10-25,Financials,0.20434354166666666,0.057397208333333324,0.042880683908045975,4,18
2022-10-26,Financials,0.20196666666666666,0.07121787499999999,0.057397208333333324,3,17
2022-10-27,Financials,0.2141773333333333,0.10609084166666664,0.07121787499999999,5,17
2022-10-28,Financials,0.07763,0.123400175,0.10609084166666664,5,9
2022-10-31,Financials,0.2608483333333333,0.19179317499999998,0.123400175,5,15
2022-11-01,Financials,0.06737083333333335,0.16439863333333332,0.19179317499999998,4,9
2022-11-02,Financials,0.16895833333333335,0.15779696666666665,0.16439863333333332,4,11
2022-11-03,Financials,-0.14945624999999998,0.08507024999999999,0.15779696666666665,4,9
2022-11-04,Financials,0.07342499999999999,0.08422924999999999,0.08507024999999999,4,7
2022-11-07,Financials,0.12250000000000001,0.056559583333333344,0.08422924999999999,5,10
2022-11-08,Financials,0.06197777777777778,0.05548097222222222,0.056559583333333344,3,7
2022-11-09,Financials,0.170525,0.055794305555555555,0.05548097222222222,4,6
2022-11-10,Financials,0.057420000000000006,0.09716955555555555,0.055794305555555555,5,9
2022-11-11,Financials,0.09736333333333333,0.10195722222222223,0.09716955555555555,5,8
2022-11-14,Financials,0.17021333333333333,0.11149988888888888,0.10195722222222223,5,16
2022-11-15,Financials,0.10554166666666664,0.12021266666666666,0.11149988888888888,3,7
2022-11-16,Financials,0.12034,0.11017566666666664,0.12021266666666666,5,15
2022-11-17,Financials,0.22806500000000002,0.14430466666666666,0.11017566666666664,5,13
2022-11-18,Financials,0.18104166666666668,0.1610403333333333,0.14430466666666666,3,8
2022-11-21,Financials,0.12710821428571428,0.1524193095238095,0.1610403333333333,4,19
2022-11-22,Financials,0.24757,0.1808249761904762,0.1524193095238095,4,10
2022-11-23,Financials,0.06633333333333334,0.17002364285714286,0.1808249761904762,3,7
2022-11-25,Financials,0.18411733333333333,0.16123410952380954,0.17002364285714286,5,13
2022-11-28,Financials,0.10012499999999999,0.14505077619047618,0.16123410952380954,4,12
2022-11-29,Financials,0.44982777777777777,0.20959468888888894,0.14505077619047618,3,8
2022-11-30,Financials,-0.046411111111111104,0.1507984666666667,0.20959468888888894,3,10
2022-12-01,Financials,-0.024905666666666666,0.13255066666666665,0.1507984666666667,5,16
2022-12-02,Financials,0.17621916666666665,0.13097103333333332,0.13255066666666665,4,16
2022-12-05,Financials,0.203775,0.15170103333333335,0.13097103333333332,4,11
2022-12-06,Financials,-0.09375575757575756,0.04298432626262627,0.15170103333333335,3,18
2022-12-07,Financials,-0.040510000000000004,0.0441645484848485,0.04298432626262627,5,28
2022-12-08,Financials,0.125868,0.07431928181818184,0.0441645484848485,5,13
2022-12-09,Financials,0.0,0.0390754484848485,0.07431928181818184,5,11
2022-12-12,Financials,0.14728611111111112,0.027777670707070722,0.0390754484848485,5,23
2022-12-13,Financials,0.1896,0.08444882222222223,0.027777670707070722,4,8
2022-12-14,Financials,-0.03742166666666667,0.0850664888888889,0.08444882222222223,4,11
2022-12-15,Financials,0.3844791666666667,0.13678872222222224,0.0850664888888889,4,14
2022-12-16,Financials,-0.1620625,0.10437622222222225,0.13678872222222224,4,8
2022-12-19,Financials,0.01820038095238095,0.07855907619047621,0.10437622222222225,5,20
2022-12-20,Financials,0.2693842424242424,0.09451592467532469,0.07855907619047621,5,17
2022-12-21,Financials,0.029906250000000006,0.10798150800865802,0.09451592467532469,4,14
2022-12-22,Financials,0.32842133333333334,0.09676994134199136,0.10798150800865802,5,12
2022-12-23,Financials,0.29373,0.18792844134199135,0.09676994134199136,4,10
2022-12-27,Financials,0.18522,0.2213323651515152,0.18792844134199135,5,12
2022-12-28,Financials,0.11471666666666668,0.19039885,0.2213323651515152,3,11
2022-12-29,Financials,0.08489,0.20139560000000004,0.19039885,5,12
2022-12-30,Financials,0.12765,0.16124133333333335,0.20139560000000004,2,3
2023-01-03,Financials,0.121215,0.12673833333333334,0.16124133333333335,5,18
2023-01-04,Financials,0.20671166666666665,0.1310366666666667,0.12673833333333334,4,14
2023-01-05,Financials,0.09813666666666668,0.12772066666666668,0.1310366666666667,5,15
2023-01-06,Financials,0.09241666666666669,0.129226,0.12772066666666668,4,13
2023-01-09,Financials,0.11964857142857141,0.1276257142857143,0.129226,5,25
2023-01-10,Financials,0.11984226190476191,0.12735116666666668,0.1276257142857143,4,25
2023-01-11,Financials,0.16251309523809523,0.1185114523809524,0.12735116666666668,4,24
2023-01-12,Financials,0.12059857142857142,0.12300383333333335,0.1185114523809524,5,23
2023-01-13,Financials,0.06367894771894772,0.11725628954378955,0.12300383333333335,5,48
2023-01-17,Financials,0.16635181113488634,0.12659693748505255,0.11725628954378955,5,100
2023-01-18,Financials,0.21997333333333335,0.14662315177076685,0.12659693748505255,5,26
2023-01-19,Financials,0.09114216666666666,0.1323489660564811,0.14662315177076685,5,22
2023-01-20,Financials,0.15196644444444446,0.13862254065965574,0.1323489660564811,5,24
2023-01-23,Financials,-0.0004910000000000025,0.12578855111586618,0.13862254065965574,5,21
2023-01-24,Financials,0.165375,0.1255931888888889,0.12578855111586618,5,10
2023-01-25,Financials,0.09847333333333333,0.10129318888888891,0.1255931888888889,4,22
2023-01-26,Financials,0.20089377777777778,0.12324351111111112,0.10129318888888891,5,35
2023-01-27,Financials,0.19774624999999998,0.13239947222222223,0.12324351111111112,4,29
2023-01-30,Financials,0.27422619047619046,0.18734291031746034,0.13239947222222223,5,20
2023-01-31,Financials,0.10100416666666667,0.17446874365079365,0.18734291031746034,4,12
2023-02-01,Financials,0.0,0.15477407698412698,0.17446874365079365,3,6
2023-02-02,Financials,0.2137288888888889,0.15734109920634923,0.15477407698412698,5,21
2023-02-03,Financials,0.06284791666666666,0.13036143253968255,0.15734109920634923,4,15
2023-02-06,Financials,0.046983333333333335,0.08491286111111114,0.13036143253968255,4,19
2023-02-07,Financials,0.27423333333333333,0.11955869444444447,0.08491286111111114,5,19
2023-02-08,Financials,-0.0385,0.11185869444444448,0.11955869444444447,5,16
2023-02-09,Financials,-0.03314999999999998,0.06248291666666669,0.11185869444444448,5,15
2023-02-10,Financials,0.13965,0.07784333333333335,0.06248291666666669,2,6
2023-02-13,Financials,0.17913333333333334,0.10427333333333336,0.07784333333333335,4,9
2023-02-14,Financials,-0.012340666666666666,0.04695853333333336,0.10427333333333336,5,20
2023-02-15,Financials,-0.16725,0.021208533333333356,0.04695853333333336,4,15
2023-02-16,Financials,0.03496666666666667,0.03483186666666668,0.021208533333333356,5,15
2023-02-17,Financials,0.212254,0.049352666666666684,0.03483186666666668,5,14
2023-02-21,Financials,0.026147999999999998,0.018755600000000018,0.049352666666666684,5,18
2023-02-22,Financials,0.07277375,0.03577848333333335,0.018755600000000018,4,16
2023-02-23,Financials,0.13172166666666668,0.0955728166666667,0.03577848333333335,5,14
2023-02-24,Financials,0.09657399999999998,0.10789428333333335,0.0955728166666667,5,15
2023-02-27,Financials,-0.011213928571428566,0.06320069761904765,0.10789428333333335,5,21
2023-02-28,Financials,0.23112474747474746,0.10419604711399713,0.06320069761904765,3,16
2023-03-01,Financials,0.10372999999999999,0.11038729711399713,0.10419604711399713,5,19
2023-03-02,Financials,0.124306,0.10890416378066378,0.11038729711399713,5,14
2023-03-03,Financials,0.04420666666666666,0.09843069711399713,0.10890416378066378,5,15
2023-03-06,Financials,0.12027083333333333,0.1247276494949495,0.09843069711399713,3,17
2023-03-07,Financials,0.23693333333333336,0.12588936666666667,0.1247276494949495,5,15
2023-03-08,Financials,-0.020024603174603174,0.10113844603174607,0.12588936666666667,5,23
2023-03-09,Financials,0.078622,0.09200164603174606,0.10113844603174607,5,15
2023-03-10,Financials,0.02678633333333333,0.08851757936507938,0.09200164603174606,5,23
2023-03-13,Financials,-0.11560054545454546,0.04134330360750363,0.08851757936507938,5,45
2023-03-14,Financials,0.19604976190476192,0.03316658932178935,0.04134330360750363,5,27
2023-03-15,Financials,-0.018882888888888887,0.033394932178932205,0.03316658932178935,5,26
2023-03-16,Financials,-0.10253138888888888,-0.0028357455988455736,0.033394932178932205,5,26
2023-03-17,Financials,-0.03313352380952381,-0.014819717027417,-0.0028357455988455736,5,28
2023-03-20,Financials,0.07560571428571429,0.023421534920634948,-0.014819717027417,5,40
2023-03-21,Financials,0.1727557142857143,0.01876272539682542,0.023421534920634948,5,19
2023-03-22,Financials,0.08992071428571427,0.040523446031746055,0.01876272539682542,5,21
2023-03-23,Financials,-0.048418333333333334,0.05134605714285716,0.040523446031746055,5,21
2023-03-24,Financials,-0.10901212121212123,0.03617033766233768,0.05134605714285716,5,24
2023-03-27,Financials,0.07501317460317461,0.036051829725829744,0.03617033766233768,5,29
2023-03-28,Financials,0.2291166666666667,0.04732402020202022,0.036051829725829744,5,16
2023-03-29,Financials,0.02355783333333334,0.03405144401154404,0.04732402020202022,5,20
2023-03-30,Financials,0.2768630952380952,0.09910772972582975,0.03405144401154404,4,17
2023-03-31,Financials,0.15019133333333332,0.15094842063492064,0.09910772972582975,5,13
2023-04-03,Financials,0.13726952380952379,0.1633996904761905,0.15094842063492064,5,28
2023-04-04,Financials,-0.066133,0.10434975714285714,0.1633996904761905,5,29
2023-04-05,Financials,0.013102142857142859,0.10225861904761904,0.10434975714285714,5,19
2023-04-06,Financials,0.18461666666666665,0.08380933333333333,0.10225861904761904,5,15
2023-04-10,Financials,0.03567590909090909,0.06090624848484849,0.08380933333333333,4,43
2023-04-11,Financials,0.08584126373626373,0.050620596470196476,0.06090624848484849,5,28
2023-04-12,Financials,0.17714228571428572,0.09927565361305363,0.050620596470196476,5,29
2023-04-13,Financials,0.09122905263157896,0.11490103556794085,0.09927565361305363,5,36
2023-04-14,Financials,0.1278231515151515,0.10354233253763782,0.11490103556794085,5,55
2023-04-17,Financials,0.1289148350877193,0.12219011773699986,0.10354233253763782,5,71
2023-04-18,Financials,0.1857189523809524,0.14216565546593757,0.12219011773699986,5,46
2023-04-19,Financials,0.30940936834733895,0.16861907199254825,0.14216565546593757,5,62
2023-04-20,Financials,0.1045102380952381,0.17127530908528005,0.16861907199254825,5,43
2023-04-21,Financials,0.091875,0.16408567878224978,0.17127530908528005,4,8
2023-04-24,Financials,0.09262933766233765,0.15682857929717342,0.16408567878224978,5,34
2023-04-25,Financials,-0.11510712121212122,0.0966633645785587,0.15682857929717342,5,27
2023-04-26,Financials,0.3037037777777778,0.09552224646464649,0.0966633645785587,5,33
2023-04-27,Financials,0.3255425,0.13972869884559888,0.09552224646464649,4,18
2023-04-28,Financials,0.01517809523809523,0.12438931789321792,0.13972869884559888,5,17
2023-05-01,Financials,-0.08027599999999999,0.0898082503607504,0.12438931789321792,5,25
2023-05-02,Financials,0.06448761904761904,0.12572719841269844,0.0898082503607504,5,22
2023-05-03,Financials,0.09957714285714286,0.08490187142857145,0.12572719841269844,5,14
2023-05-04,Financials,0.11151333333333335,0.04209603809523812,0.08490187142857145,5,22
2023-05-05,Financials,0.41575416666666665,0.1222112523809524,0.04209603809523812,4,11
2023-05-08,Financials,0.06370666666666666,0.15100778571428575,0.1222112523809524,5,18
2023-05-09,Financials,-0.14740777777777775,0.10862870634920638,0.15100778571428575,5,18
2023-05-10,Financials,0.05279619047619048,0.0992725158730159,0.10862870634920638,5,15
2023-05-11,Financials,-0.07973833333333333,0.06102218253968257,0.0992725158730159,5,11
2023-05-12,Financials,0.007249999999999995,-0.020678650793650766,0.06102218253968257,5,15
2023-05-15,Financials,-0.11976466666666666,-0.05737291746031743,-0.020678650793650766,5,28
2023-05-16,Financials,0.01665123809523809,-0.02456111428571426,-0.05737291746031743,5,24
2023-05-17,Financials,0.08857,-0.01740635238095236,-0.02456111428571426,5,21
2023-05-18,Financials,0.08257800000000001,0.01505691428571431,-0.01740635238095236,5,12
2023-05-19,Financials,0.038474230769230774,0.021301760439560467,0.01505691428571431,5,24
2023-05-22,Financials,0.06162642857142857,0.05757997948717951,0.021301760439560467,5,23
2023-05-23,Financials,0.21873666666666666,0.09799706520146523,0.05757997948717951,5,14
2023-05-24,Financials,0.07337866666666668,0.09495879853479856,0.09799706520146523,5,16
2023-05-25,Financials,0.128775,0.10419819853479857,0.09495879853479856,5,15
2023-05-26,Financials,0.055648333333333334,0.10763301904761906,0.10419819853479857,5,13
2023-05-30,Financials,0.008492380952380956,0.09700620952380953,0.10763301904761906,5,32
2023-05-31,Financials,0.06460466666666669,0.06617980952380956,0.09700620952380953,5,24
2023-06-01,Financials,0.006907272727272729,0.052885530735930754,0.06617980952380956,5,22
2023-06-02,Financials,0.007696785714285713,0.0286698878787879,0.052885530735930754,5,22
2023-06-05,Financials,0.029380000000000007,0.02341622121212124,0.0286698878787879,5,29
2023-06-06,Financials,0.19516866666666668,0.060751478354978385,0.02341622121212124,5,18
2023-06-07,Financials,0.190125,0.08585554502164505,0.060751478354978385,5,20
2023-06-08,Financials,0.114615,0.1073970904761905,0.08585554502164505,5,21
2023-06-09,Financials,-0.019571590909090903,0.1019434151515152,0.1073970904761905,4,21
2023-06-12,Financials,0.10162888888888888,0.11639319292929295,0.1019434151515152,5,36
2023-06-13,Financials,0.24524090909090906,0.12640764141414143,0.11639319292929295,5,27
2023-06-14,Financials,0.07548222222222221,0.10347908585858587,0.12640764141414143,5,25
2023-06-15,Financials,0.2583466666666667,0.1322254191919192,0.10347908585858587,5,15
2023-06-16,Financials,0.12568380952380953,0.16127649927849932,0.1322254191919192,5,20
2023-06-20,Financials,0.11447210606060607,0.16384514271284273,0.16127649927849932,5,34
2023-06-21,Financials,0.16509625,0.14781621089466096,0.16384514271284273,4,25
2023-06-22,Financials,0.0644095238095238,0.14560167121212125,0.14781621089466096,4,15
2023-06-23,Financials,-0.027369999999999995,0.08845833787878792,0.14560167121212125,5,13
2023-06-26,Financials,0.1320569696969697,0.08973296991341995,0.08845833787878792,5,37
2023-06-27,Financials,0.25034666666666666,0.11690788203463205,0.08973296991341995,4,18
2023-06-28,Financials,-0.10559784848484847,0.06276906233766237,0.11690788203463205,5,25
2023-06-29,Financials,0.20381692307692306,0.09065054219114221,0.06276906233766237,5,46
2023-06-30,Financials,0.0041799999999999945,0.09696054219114222,0.09065054219114221,5,21
2023-07-03,Financials,0.14225004906204905,0.09899915806415809,0.09696054219114222,5,34
2023-07-05,Financials,0.16544916666666667,0.08201965806415809,0.09899915806415809,5,36
2023-07-06,Financials,0.04342523809523809,0.1118242753801754,0.08201965806415809,5,26
2023-07-07,Financials,0.022314666666666663,0.07552382409812414,0.1118242753801754,5,29
2023-07-10,Financials,0.053815333333333326,0.0854508907647908,0.07552382409812414,5,43
2023-07-11,Financials,0.1837956666666667,0.09376001428571432,0.0854508907647908,5,31
2023-07-12,Financials,0.09103533333333333,0.07887724761904766,0.09376001428571432,5,29
2023-07-13,Financials,0.040698611111111116,0.07833192222222227,0.07887724761904766,5,33
2023-07-14,Financials,0.045107444444444436,0.08289047777777782,0.07833192222222227,5,60
2023-07-17,Financials,0.10547230409356727,0.0932218719298246,0.08289047777777782,5,66
2023-07-18,Financials,0.21068652597402598,0.09860004379129647,0.0932218719298246,5,72
2023-07-19,Financials,0.148275496031746,0.11004807633097902,0.09860004379129647,5,71
2023-07-20,Financials,0.2575883181818182,0.1534260177451204,0.11004807633097902,5,37
2023-07-21,Financials,0.15364666666666665,0.1751338621895649,0.1534260177451204,5,24
2023-07-24,Financials,0.142812,0.1826018013708514,0.1751338621895649,5,30
2023-07-25,Financials,0.15149666666666667,0.17076382950937954,0.1826018013708514,5,31
2023-07-26,Financials,0.12199199999999999,0.16550713030303035,0.17076382950937954,5,40
2023-07-27,Financials,0.18012285714285717,0.15001403809523814,0.16550713030303035,5,26
2023-07-28,Financials,0.08400565476190476,0.13608583571428576,0.15001403809523814,4,18
2023-07-31,Financials,0.04733277056277056,0.11698998982683988,0.13608583571428576,5,30
2023-08-01,Financials,0.099525,0.10659565649350652,0.11698998982683988,5,22
2023-08-02,Financials,0.03275142857142858,0.08874754220779227,0.10659565649350652,5,16
2023-08-03,Financials,0.08226,0.06917497077922083,0.08874754220779227,5,13
2023-08-04,Financials,0.09302666666666666,0.0709791731601732,0.06917497077922083,5,12
2023-08-07,Financials,-0.08599799999999999,0.044313019047619084,0.0709791731601732,5,25
2023-08-08,Financials,-0.16148366666666666,-0.007888714285714239,0.044313019047619084,5,38
2023-08-09,Financials,0.06673695238095238,-0.0010916095238094753,-0.007888714285714239,5,19
2023-08-10,Financials,0.130885,0.008633390476190526,-0.0010916095238094753,5,14
2023-08-11,Financials,0.21529166666666666,0.033086390476190525,0.008633390476190526,4,10
2023-08-14,Financials,0.0828046153846154,0.0668469135531136,0.033086390476190525,5,27
2023-08-15,Financials,-0.10179217948717949,0.07878521098901105,0.0668469135531136,5,27
2023-08-16,Financials,-0.03066095238095239,0.059305630036630086,0.07878521098901105,5,16
2023-08-17,Financials,0.0812525,0.04937913003663008,0.059305630036630086,5,18
2023-08-18,Financials,0.18222466666666667,0.04276573003663008,0.04937913003663008,5,20
2023-08-21,Financials,0.055134761904761895,0.037231759340659386,0.04276573003663008,5,32
2023-08-22,Financials,-0.0071299999999999975,0.05616419523809528,0.037231759340659386,5,18
2023-08-23,Financials,0.1927492857142857,0.10084624285714291,0.05616419523809528,5,31
2023-08-24,Financials,0.028003333333333342,0.09019640952380956,0.10084624285714291,5,15
2023-08-25,Financials,0.023236,0.05839867619047624,0.09019640952380956,5,18
2023-08-28,Financials,0.16106700000000002,0.07958512380952384,0.05839867619047624,5,34
2023-08-29,Financials,-0.04174666666666667,0.07266179047619052,0.07958512380952384,5,13
2023-08-30,Financials,-0.009234000000000001,0.032265133333333376,0.07266179047619052,5,17
2023-08-31,Financials,0.10953809523809524,0.048572085714285756,0.032265133333333376,5,20
2023-09-01,Financials,0.14597916666666666,0.0731207190476191,0.048572085714285756,4,13
2023-09-05,Financials,0.10029987179487179,0.060967293406593445,0.0731207190476191,4,37
2023-09-06,Financials,0.3876952380952381,0.1468556743589744,0.060967293406593445,4,16
2023-09-07,Financials,0.2701097777777778,0.20272442991452994,0.1468556743589744,5,25
2023-09-08,Financials,0.08047261904761904,0.1969113346764347,0.20272442991452994,5,22
2023-09-11,Financials,0.13601724053724054,0.1949189494505495,0.1969113346764347,5,32
2023-09-12,Financials,0.18423019047619046,0.21170501318681323,0.1949189494505495,5,20
2023-09-13,Financials,0.07579233333333332,0.14932443223443229,0.21170501318681323,5,21
2023-09-14,Financials,0.24167772727272727,0.1436380221334222,0.14932443223443229,4,41
2023-09-15,Financials,0.06387619047619046,0.14031873641913645,0.1436380221334222,5,21
2023-09-18,Financials,0.13807555555555556,0.14073039942279947,0.14031873641913645,5,21
2023-09-19,Financials,-0.03437202380952381,0.09700995656565661,0.14073039942279947,4,16
2023-09-20,Financials,0.08931333333333333,0.0997141565656566,0.09700995656565661,5,18
2023-09-21,Financials,0.10119733333333332,0.07161807777777782,0.0997141565656566,5,21
2023-09-22,Financials,0.001866000000000001,0.059216039682539724,0.07161807777777782,5,14
2023-09-25,Financials,-0.02920933333333332,0.02575906190476195,0.059216039682539724,5,21
2023-09-26,Financials,0.13541095238095238,0.05971565714285718,0.02575906190476195,5,27
2023-09-27,Financials,-0.02189166666666667,0.037474657142857186,0.05971565714285718,5,19
2023-09-28,Financials,0.09489285714285714,0.03621376190476196,0.037474657142857186,5,21
2023-09-29,Financials,0.20885166666666666,0.07761089523809528,0.03621376190476196,5,12
2023-10-02,Financials,0.25565333333333334,0.13458342857142863,0.07761089523809528,5,31
2023-10-03,Financials,0.19631118055555558,0.14676347420634928,0.13458342857142863,4,25
2023-10-04,Financials,0.13839444444444446,0.17882069642857149,0.14676347420634928,3,10
2023-10-05,Financials,0.118614,0.18356492500000005,0.17882069642857149,5,20
2023-10-06,Financials,0.23236833333333334,0.1882682583333334,0.18356492500000005,5,20
2023-10-09,Financials,0.1741067032967033,0.1719589323260074,0.1882682583333334,5,28
2023-10-10,Financials,0.09472976190476193,0.15164264859584867,0.1719589323260074,4,21
2023-10-11,Financials,0.07049799999999999,0.13806335970695977,0.15164264859584867,5,21
2023-10-12,Financials,0.12809774747474748,0.13996010920190924,0.13806335970695977,5,38
2023-10-13,Financials,-0.00911966666666667,0.09166250920190926,0.13996010920190924,5,51
2023-10-16,Financials,0.18988291666666668,0.09481775187590194,0.09166250920190926,5,54
2023-10-17,Financials,0.21254666666666666,0.11838113282828289,0.09481775187590194,5,45
2023-10-18,Financials,0.05473368558860494,0.11522826994600388,0.11838113282828289,5,64
2023-10-19,Financials,0.26183466666666666,0.1419756537843877,0.11522826994600388,5,33
2023-10-20,Financials,0.13582466666666665,0.17096452045105437,0.1419756537843877,5,20
2023-10-23,Financials,0.03906339285714286,0.14080061568914962,0.17096452045105437,4,21
2023-10-24,Financials,0.22002666666666668,0.14229661568914959,0.14080061568914962,3,16
2023-10-25,Financials,0.23824545454545454,0.17899896948051955,0.14229661568914959,4,20
2023-10-26,Financials,0.20087900000000003,0.16680783614718622,0.17899896948051955,5,16
2023-10-27,Financials,0.094475,0.15853790281385288,0.16680783614718622,4,13
2023-10-30,Financials,0.21970416666666667,0.19466605757575764,0.15853790281385288,4,15
2023-10-31,Financials,0.11511874999999999,0.1736844742424243,0.19466605757575764,4,15
2023-11-01,Financials,0.13405333333333333,0.15284605000000007,0.1736844742424243,3,11
2023-11-02,Financials,0.185784,0.14982705000000004,0.15284605000000007,5,17
2023-11-03,Financials,0.20951,0.17283405000000007,0.14982705000000004,5,9
2023-11-06,Financials,0.052875555555555565,0.13946832777777782,0.17283405000000007,5,23
2023-11-07,Financials,0.15867222222222221,0.1481790222222223,0.13946832777777782,3,8
2023-11-08,Financials,0.07461607142857143,0.13629156984126992,0.1481790222222223,2,11
2023-11-09,Financials,0.029442222222222224,0.10502321428571433,0.13629156984126992,5,24
2023-11-10,Financials,0.12510833333333332,0.08814288095238101,0.10502321428571433,5,11
2023-11-13,Financials,-0.13192877922077922,0.05118201399711405,0.08814288095238101,5,27
2023-11-14,Financials,0.09372428571428572,0.03819242669552675,0.05118201399711405,5,24
2023-11-15,Financials,0.16519444444444445,0.05630810129870136,0.03819242669552675,3,9
2023-11-16,Financials,0.06321166666666667,0.06306199018759025,0.05630810129870136,5,14
2023-11-17,Financials,0.117218,0.06148392352092358,0.06306199018759025,5,13
2023-11-20,Financials,0.019143333333333328,0.09169834603174609,0.06148392352092358,5,21
2023-11-21,Financials,0.12197250000000001,0.09734798888888896,0.09169834603174609,4,12
2023-11-22,Financials,-0.09424266666666667,0.04546056666666672,0.09734798888888896,5,19
2023-11-24,Financials,0.06938347222222223,0.04669492777777784,0.04546056666666672,4,25
2023-11-27,Financials,0.08225249999999999,0.03970182777777783,0.04669492777777784,5,24
2023-11-28,Financials,0.08314888888888888,0.05250293888888895,0.03970182777777783,3,11
2023-11-29,Financials,0.0975975,0.04762793888888894,0.05250293888888895,4,18
2023-11-30,Financials,0.16217133333333336,0.09891073888888895,0.04762793888888894,5,16
2023-12-01,Financials,-0.0013481250000000056,0.0847644194444445,0.09891073888888895,4,18
2023-12-04,Financials,0.15170465277777778,0.09865485000000004,0.0847644194444445,4,28
2023-12-05,Financials,0.16345416666666668,0.11471590555555562,0.09865485000000004,4,20
2023-12-06,Financials,-0.01888958333333333,0.09141848888888895,0.11471590555555562,4,16
2023-12-07,Financials,0.11827777777777777,0.08263977777777784,0.09141848888888895,3,10
2023-12-08,Financials,0.096775,0.10226440277777785,0.08263977777777784,5,12
2023-12-11,Financials,0.11498291666666667,0.0949200555555556,0.10226440277777785,5,42
2023-12-12,Financials,0.2728108484848485,0.11679139191919197,0.0949200555555556,5,28
2023-12-13,Financials,0.1863711111111111,0.15784353080808086,0.11679139191919197,5,22
2023-12-14,Financials,0.04132444444444445,0.1424528641414142,0.15784353080808086,3,9
2023-12-15,Financials,0.2353304761904762,0.17016395937950943,0.1424528641414142,3,17
2023-12-18,Financials,0.19228035714285713,0.18562344747474752,0.17016395937950943,4,25
2023-12-19,Financials,,0.16382659722222231,0.18562344747474752,0,0
2023-12-20,Financials,,0.15631175925925936,0.16382659722222231,0,0
2023-12-21,Financials,,0.21380541666666683,0.15631175925925936,0,0
2023-12-22,Financials,,0.19228035714285713,0.21380541666666683,0,0
2023-12-26,Financials,,,0.19228035714285713,0,0
2023-12-27,Financials,,,,0,0
2023-12-28,Financials,,,,0,0
2023-12-29,Financials,,,,0,0
2020-01-02,Healthcare,0.21902714285714286,0.21902714285714286,,5,23
2020-01-03,Healthcare,0.1670875,0.19305732142857143,0.21902714285714286,2,6
2020-01-06,Healthcare,0.35099,0.2457015476190476,0.19305732142857143,5,12
2020-01-07,Healthcare,0.10927333333333333,0.21159449404761904,0.2457015476190476,5,15
2020-01-08,Healthcare,0.2808555555555556,0.22544670634920635,0.21159449404761904,3,13
2020-01-09,Healthcare,0.32495555555555555,0.2466323888888889,0.22544670634920635,3,8
2020-01-10,Healthcare,0.24778000000000003,0.2627708888888889,0.2466323888888889,5,12
2020-01-13,Healthcare,0.144075,0.22138788888888888,0.2627708888888889,5,24
2020-01-14,Healthcare,0.2999583333333333,0.2595248888888889,0.22138788888888888,4,9
2020-01-15,Healthcare,0.22993333333333332,0.24934044444444448,0.2595248888888889,3,12
2020-01-16,Healthcare,0.18846875000000002,0.22204308333333334,0.24934044444444448,4,8
2020-01-17,Healthcare,0.20040555555555553,0.21256819444444447,0.22204308333333334,3,11
2020-01-21,Healthcare,0.1539511904761905,0.21454343253968253,0.21256819444444447,5,21
2020-01-22,Healthcare,0.103275,0.17520676587301587,0.21454343253968253,4,13
2020-01-23,Healthcare,0.020309999999999998,0.1332820992063492,0.17520676587301587,5,20
2020-01-24,Healthcare,0.2246453333333333,0.14051741587301586,0.1332820992063492,5,14
2020-01-27,Healthcare,0.2760371111111111,0.15564372698412698,0.14051741587301586,5,23
2020-01-28,Healthcare,0.24394166666666667,0.1736418222222222,0.15564372698412698,5,12
2020-01-29,Healthcare,0.16405666666666668,0.18579815555555554,0.1736418222222222,5,12
2020-01-30,Healthcare,0.20811666666666664,0.22335948888888887,0.18579815555555554,3,16
2020-01-31,Healthcare,0.25601583333333333,0.22963358888888888,0.22335948888888887,4,25
2020-02-03,Healthcare,0.169529777265745,0.20833212211981564,0.22963358888888888,5,51
2020-02-04,Healthcare,0.2504994047619048,0.20964366973886328,0.20833212211981564,4,26
2020-02-05,Healthcare,0.18398385714285714,0.21362910783410136,0.20964366973886328,5,50
2020-02-06,Healthcare,0.2900816153846154,0.23002209757769113,0.21362910783410136,5,25
2020-02-07,Healthcare,0.30983838383838386,0.24078660767870125,0.23002209757769113,5,25
2020-02-10,Healthcare,0.05572916666666667,0.2180264855588856,0.24078660767870125,4,25
2020-02-11,Healthcare,-0.014822222222222209,0.16496216016206017,0.2180264855588856,3,17
2020-02-12,Healthcare,0.291584375,0.18648226373348875,0.16496216016206017,4,15
2020-02-13,Healthcare,0.2529766666666667,0.179061273989899,0.18648226373348875,5,14
2020-02-14,Healthcare,0.3236875,0.18183109722222227,0.179061273989899,4,7
2020-02-18,Healthcare,0.12702726715686274,0.19609071732026145,0.18183109722222227,4,30
2020-02-19,Healthcare,0.24066722222222223,0.24718860620915034,0.19609071732026145,5,19
2020-02-20,Healthcare,0.11158999999999998,0.21118973120915033,0.24718860620915034,3,11
2020-02-21,Healthcare,0.155309375,0.19165627287581702,0.21118973120915033,4,14
2020-02-24,Healthcare,0.11503495798319327,0.14992576447245562,0.19165627287581702,5,28
2020-02-25,Healthcare,0.17281222222222223,0.15908275548552753,0.14992576447245562,5,24
2020-02-26,Healthcare,0.06813754901960785,0.12457682084500468,0.15908275548552753,5,32
2020-02-27,Healthcare,0.09656719999999999,0.12157226084500468,0.12457682084500468,5,37
2020-02-28,Healthcare,0.08125000000000002,0.10676038584500466,0.12157226084500468,5,27
2020-03-02,Healthcare,0.2805492857142857,0.13986325139122316,0.10676038584500466,5,46
2020-03-03,Healthcare,0.37418615384615384,0.1801380377160095,0.13986325139122316,5,19
2020-03-04,Healthcare,0.426652,0.2518409279120879,0.1801380377160095,5,23
2020-03-05,Healthcare,0.16945785256410256,0.26641905842490843,0.2518409279120879,4,22
2020-03-06,Healthcare,0.11765454545454546,0.2736999675158175,0.26641905842490843,3,19
2020-03-09,Healthcare,0.1926904210526316,0.2561281945834867,0.2736999675158175,5,34
2020-03-10,Healthcare,0.25038125,0.2313672138142559,0.2561281945834867,3,19
2020-03-11,Healthcare,0.20315833333333333,0.18666848048092258,0.2313672138142559,5,22
2020-03-12,Healthcare,-0.107774,0.13122210996810207,0.18666848048092258,5,21
2020-03-13,Healthcare,0.06781250000000001,0.12125370087719298,0.13122210996810207,4,15
2020-03-16,Healthcare,0.044064166666666675,0.09152845000000001,0.12125370087719298,4,21
2020-03-17,Healthcare,0.32858333333333334,0.10716886666666667,0.09152845000000001,5,20
2020-03-18,Healthcare,0.13436666666666666,0.09341053333333334,0.10716886666666667,3,25
2020-03-19,Healthcare,0.18581000000000003,0.15212733333333334,0.09341053333333334,2,24
2020-03-20,Healthcare,0.10746121794871795,0.16005707692307694,0.15212733333333334,4,19
2020-03-23,Healthcare,0.04361948051948054,0.1599681396936397,0.16005707692307694,4,30
2020-03-24,Healthcare,0.2770361904761905,0.14965871112221113,0.1599681396936397,5,15
2020-03-25,Healthcare,0.19475809523809523,0.16173699683649684,0.14965871112221113,5,24
2020-03-26,Healthcare,0.32913060606060607,0.19040111804861806,0.16173699683649684,5,19
2020-03-27,Healthcare,0.32396833333333336,0.23370254112554112,0.19040111804861806,3,11
2020-03-30,Healthcare,0.21058428571428572,0.2670955021645022,0.23370254112554112,5,34
2020-03-31,Healthcare,0.03422738095238095,0.21853374025974026,0.2670955021645022,4,18
2020-04-01,Healthcare,0.05775833333333334,0.1911337878787879,0.21853374025974026,4,13
2020-04-02,Healthcare,0.12590761904761905,0.15048919047619047,0.1911337878787879,5,27
2020-04-03,Healthcare,0.3206638888888889,0.1498283015873016,0.15048919047619047,3,14
2020-04-06,Healthcare,0.35360770114942525,0.1784329846743295,0.1498283015873016,5,46
2020-04-07,Healthcare,0.055535087719298236,0.18269452602771297,0.1784329846743295,5,32
2020-04-08,Healthcare,0.18863611111111112,0.20887008158326853,0.18269452602771297,4,19
2020-04-09,Healthcare,-0.002047916666666663,0.18327897444041136,0.20887008158326853,4,16
2020-04-13,Healthcare,0.008810666666666678,0.12090832999596693,0.18327897444041136,5,50
2020-04-14,Healthcare,0.2640595238095238,0.10299869452798664,0.12090832999596693,4,14
2020-04-15,Healthcare,-0.0423347619047619,0.0834247246031746,0.10299869452798664,5,26
2020-04-16,Healthcare,0.36409389724310776,0.11851628182957394,0.0834247246031746,5,58
2020-04-17,Healthcare,0.3067156103074141,0.1802689872243901,0.11851628182957394,5,97
2020-04-20,Healthcare,-0.03809336170212766,0.17088818155063124,0.1802689872243901,5,67
2020-04-21,Healthcare,0.02423752380952382,0.12292378155063124,0.17088818155063124,5,21
2020-04-22,Healthcare,0.2666480769230769,0.184720349316199,0.12292378155063124,5,30
2020-04-23,Healthcare,0.19576166666666667,0.15105390320091078,0.184720349316199,5,59
2020-04-24,Healthcare,0.03909821428571428,0.09753042399657079,0.15105390320091078,4,50
2020-04-27,Healthcare,0.012691714285714289,0.10768743919413919,0.09753042399657079,5,58
2020-04-28,Healthcare,0.2221414307692308,0.14726822058608058,0.10768743919413919,5,44
2020-04-29,Healthcare,0.07375652298850574,0.10868990979916635,0.14726822058608058,4,104
2020-04-30,Healthcare,0.2026682051282051,0.11007121749147404,0.10868990979916635,5,83
2020-05-01,Healthcare,0.07780545183714002,0.1178126650017592,0.11007121749147404,5,84
2020-05-04,Healthcare,0.05576846153846153,0.1264280144523086,0.1178126650017592,5,51
2020-05-05,Healthcare,0.22478745098039213,0.1269572184945409,0.1264280144523086,5,35
2020-05-06,Healthcare,0.2084144444444444,0.15388880278572864,0.1269572184945409,5,32
2020-05-07,Healthcare,0.13613055555555556,0.14058127287119873,0.15388880278572864,3,24
2020-05-08,Healthcare,-0.02031513888888889,0.12095715472599293,0.14058127287119873,5,32
2020-05-11,Healthcare,0.07665342995169082,0.12513414840863882,0.12095715472599293,5,56
2020-05-12,Healthcare,-0.03001333333333332,0.07417399154589371,0.12513414840863882,3,23
2020-05-13,Healthcare,0.10988190986790987,0.0544674846305868,0.07417399154589371,5,52
2020-05-14,Healthcare,0.12298833333333332,0.05183904018614236,0.0544674846305868,5,29
2020-05-15,Healthcare,-0.0024795454545454565,0.055406158873011056,0.05183904018614236,5,39
2020-05-18,Healthcare,0.11904400000000001,0.06388427288267289,0.055406158873011056,5,32
2020-05-19,Healthcare,0.251163,0.12011953954933956,0.06388427288267289,5,16
2020-05-20,Healthcare,0.05711782661782661,0.1095667228993229,0.12011953954933956,3,30
2020-05-21,Healthcare,0.14137866666666668,0.11324478956598957,0.1095667228993229,5,21
2020-05-22,Healthcare,0.16069166666666668,0.145879031990232,0.11324478956598957,5,22
2020-05-26,Healthcare,0.07005780952380952,0.1360817938949939,0.145879031990232,5,61
2020-05-27,Healthcare,0.007609444444444453,0.0873710827838828,0.1360817938949939,4,24
2020-05-28,Healthcare,-0.09076666666666666,0.05779418412698414,0.0873710827838828,5,20
2020-05-29,Healthcare,0.21528124999999998,0.07257470079365079,0.05779418412698414,4,25
2020-06-01,Healthcare,0.18157638888888888,0.07675164523809523,0.07257470079365079,4,60
2020-06-02,Healthcare,0.03819515151515152,0.07037911363636364,0.07675164523809523,5,25
2020-06-03,Healthcare,0.26295761904761905,0.12144874855699857,0.07037911363636364,5,20
2020-06-04,Healthcare,0.16523095238095237,0.17264827236652236,0.12144874855699857,5,21
2020-06-05,Healthcare,0.16145833333333334,0.16188368903318903,0.17264827236652236,3,8
2020-06-08,Healthcare,0.06129605263157896,0.13782762178172706,0.16188368903318903,5,33
2020-06-09,Healthcare,0.0015680555555555493,0.13050220258980785,0.13782762178172706,3,12
2020-06-10,Healthcare,0.10232722222222222,0.09837612322472848,0.13050220258980785,4,24
2020-06-11,Healthcare,0.21064,0.10745793274853802,0.09837612322472848,5,8
2020-06-12,Healthcare,0.0922975,0.09362576608187134,0.10745793274853802,4,10
2020-06-15,Healthcare,0.1842577142857143,0.11821809841269841,0.09362576608187134,5,19
2020-06-16,Healthcare,0.10079583333333332,0.13806365396825399,0.11821809841269841,4,11
2020-06-17,Healthcare,-0.05916250000000001,0.10576570952380952,0.13806365396825399,4,9
2020-06-18,Healthcare,0.3568875,0.13501520952380952,0.10576570952380952,4,8
2020-06-19,Healthcare,0.26212083333333336,0.16897987619047622,0.13501520952380952,4,9
2020-06-22,Healthcare,0.3400083333333333,0.20013,0.16897987619047622,4,12
2020-06-23,Healthcare,0.003990625000000001,0.18076895833333334,0.20013,4,14
2020-06-24,Healthcare,0.060308333333333325,0.204663125,0.18076895833333334,4,8
2020-06-25,Healthcare,0.10633750000000002,0.154553125,0.204663125,3,12
2020-06-26,Healthcare,-0.061418333333333325,0.08984529166666665,0.154553125,3,10
2020-06-29,Healthcare,0.1783725,0.057518124999999996,0.08984529166666665,5,26
2020-06-30,Healthcare,0.24004999999999999,0.10472999999999999,0.057518124999999996,3,8
2020-07-01,Healthcare,0.3303388888888889,0.1587361111111111,0.10472999999999999,4,16
2020-07-02,Healthcare,0.16365833333333332,0.17020027777777777,0.1587361111111111,3,8
2020-07-06,Healthcare,0.18001657142857144,0.21848725873015873,0.17020027777777777,5,28
2020-07-07,Healthcare,0.21123333333333333,0.22505942539682539,0.21848725873015873,4,11
2020-07-08,Healthcare,0.1952184523809524,0.21609311587301588,0.22505942539682539,4,17
2020-07-09,Healthcare,-0.004694444444444441,0.1490864492063492,0.21609311587301588,3,7
2020-07-10,Healthcare,0.23344545454545457,0.16304387344877347,0.1490864492063492,5,28
2020-07-13,Healthcare,0.05238,0.1375165591630592,0.16304387344877347,5,14
2020-07-14,Healthcare,0.22698999999999997,0.1406678924963925,0.1375165591630592,5,8
2020-07-15,Healthcare,0.399875,0.18159920202020202,0.1406678924963925,2,5
2020-07-16,Healthcare,0.241035,0.2307450909090909,0.18159920202020202,4,13
2020-07-17,Healthcare,-0.013791666666666678,0.18129766666666663,0.2307450909090909,4,11
2020-07-20,Healthcare,0.304225,0.23166666666666663,0.18129766666666663,3,7
2020-07-21,Healthcare,0.2485,0.23596866666666666,0.23166666666666663,4,15
2020-07-22,Healthcare,0.6830666666666666,0.29260699999999995,0.23596866666666666,3,5
2020-07-23,Healthcare,-0.04636999999999999,0.235126,0.29260699999999995,5,7
2020-07-24,Healthcare,0.189055,0.2756953333333333,0.235126,5,10
2020-07-27,Healthcare,0.08079285714285714,0.23100890476190475,0.2756953333333333,4,14
2020-07-28,Healthcare,0.059777083333333314,0.19326432142857142,0.23100890476190475,4,14
2020-07-29,Healthcare,0.192928,0.09523658809523809,0.19326432142857142,5,11
2020-07-30,Healthcare,-0.014190625,0.1016724630952381,0.09523658809523809,4,11
2020-07-31,Healthcare,0.1713207977207977,0.09812562263939763,0.1016724630952381,3,35
2020-08-03,Healthcare,0.020426190476190476,0.08605228930606429,0.09812562263939763,5,24
2020-08-04,Healthcare,0.02171666666666667,0.07844020597273096,0.08605228930606429,4,11
2020-08-05,Healthcare,-0.023299999999999987,0.03519460597273097,0.07844020597273096,3,3
2020-08-06,Healthcare,0.33014166666666667,0.1040610643060643,0.03519460597273097,3,11
2020-08-07,Healthcare,0.2918557142857143,0.1281680476190476,0.1040610643060643,5,13
2020-08-10,Healthcare,0.2077,0.16562280952380953,0.1281680476190476,3,8
2020-08-11,Healthcare,0.2301,0.2072994761904762,0.16562280952380953,3,6
2020-08-12,Healthcare,0.06743333333333333,0.22544614285714282,0.2072994761904762,3,4
2020-08-13,Healthcare,-0.13394,0.1326298095238095,0.22544614285714282,5,5
2020-08-14,Healthcare,0.0,0.07425866666666667,0.1326298095238095,2,3
2020-08-17,Healthcare,0.33193,0.09910466666666666,0.07425866666666667,5,8
2020-08-18,Healthcare,-0.15523333333333336,0.022037999999999995,0.09910466666666666,3,6
2020-08-19,Healthcare,0.18892291666666666,0.04633591666666666,0.022037999999999995,4,17
2020-08-20,Healthcare,0.044259999999999994,0.08197591666666666,0.04633591666666666,5,7
2020-08-21,Healthcare,0.192025,0.12038091666666666,0.08197591666666666,2,5
2020-08-24,Healthcare,0.18855,0.09170491666666665,0.12038091666666666,4,6
2020-08-25,Healthcare,-0.029751851851851852,0.11680121296296295,0.09170491666666665,3,20
2020-08-26,Healthcare,0.117564,0.10252942962962963,0.11680121296296295,5,10
2020-08-27,Healthcare,0.19412666666666664,0.13250276296296296,0.10252942962962963,5,36
2020-08-28,Healthcare,0.05527733333333333,0.10515322962962961,0.13250276296296296,5,14
2020-08-31,Healthcare,0.2518722222222222,0.11781767407407406,0.10515322962962961,4,16
2020-09-01,Healthcare,0.15961309523809525,0.15569066349206348,0.11781767407407406,4,21
2020-09-02,Healthcare,-0.20051875,0.09207411349206347,0.15569066349206348,4,8
2020-09-03,Healthcare,0.0424,0.06172878015873016,0.09207411349206347,3,10
2020-09-04,Healthcare,-0.017583928571428563,0.04715652777777777,0.06172878015873016,2,11
2020-09-08,Healthcare,0.047805,0.006343083333333327,0.04715652777777777,5,15
2020-09-09,Healthcare,0.22290833333333335,0.019002130952380947,0.006343083333333327,3,9
2020-09-10,Healthcare,0.6369,0.18648588095238094,0.019002130952380947,1,1
2020-09-11,Healthcare,-0.025310000000000006,0.17294388095238095,0.18648588095238094,5,14
2020-09-14,Healthcare,0.1494383768115942,0.2063483420289855,0.17294388095238095,5,39
2020-09-15,Healthcare,0.21231166666666668,0.23924967536231884,0.2063483420289855,5,14
2020-09-16,Healthcare,0.0,0.19466800869565218,0.23924967536231884,3,3
2020-09-17,Healthcare,0.120175,0.09132300869565217,0.19466800869565218,5,13
2020-09-18,Healthcare,-0.0907625,0.07823250869565217,0.09132300869565217,4,13
2020-09-21,Healthcare,-0.1894575,0.010453333333333337,0.07823250869565217,4,9
2020-09-22,Healthcare,0.5032375,0.0686385,0.010453333333333337,4,5
2020-09-23,Healthcare,0.04295000000000001,0.0772285,0.0686385,2,5
2020-09-24,Healthcare,-0.23751666666666668,0.005690166666666674,0.0772285,3,4
2020-09-25,Healthcare,0.34248333333333336,0.09233933333333334,0.005690166666666674,2,5
2020-09-28,Healthcare,0.08019208333333333,0.14626925000000002,0.09233933333333334,4,14
2020-09-29,Healthcare,0.264775,0.09857675,0.14626925000000002,4,11
2020-09-30,Healthcare,0.31233125,0.152453,0.09857675,4,8
2020-10-01,Healthcare,0.04147458333333334,0.20825125,0.152453,4,13
2020-10-02,Healthcare,-0.10145000000000001,0.11946458333333335,0.20825125,4,6
2020-10-05,Healthcare,0.04900333333333333,0.11322683333333332,0.11946458333333335,5,20
2020-10-06,Healthcare,0.09261666666666667,0.07879516666666667,0.11322683333333332,4,8
2020-10-07,Healthcare,0.24006845238095237,0.06434260714285714,0.07879516666666667,4,15
2020-10-08,Healthcare,0.01854791666666667,0.059757273809523816,0.06434260714285714,4,18
2020-10-09,Healthcare,-0.15622666666666665,0.04880194047619048,0.059757273809523816,3,7
2020-10-12,Healthcare,0.054193750000000006,0.049840023809523806,0.04880194047619048,4,17
2020-10-13,Healthcare,-0.091375,0.013041690476190476,0.049840023809523806,4,8
2020-10-14,Healthcare,0.206905,0.006409000000000003,0.013041690476190476,4,11
2020-10-15,Healthcare,0.20283333333333334,0.04326608333333334,0.006409000000000003,5,10
2020-10-16,Healthcare,0.10106923076923076,0.09472526282051283,0.04326608333333334,3,16
2020-10-19,Healthcare,0.16084666666666667,0.11605584615384616,0.09472526282051283,5,20
2020-10-20,Healthcare,0.3113375,0.19659834615384614,0.11605584615384616,4,9
2020-10-21,Healthcare,0.31028666666666666,0.21727467948717946,0.19659834615384614,3,9
2020-10-22,Healthcare,-0.024814999999999976,0.17174501282051283,0.21727467948717946,2,7
2020-10-23,Healthcare,0.06436666666666667,0.1644045,0.17174501282051283,3,23
2020-10-26,Healthcare,0.043838888888888886,0.14100294444444444,0.1644045,4,16
2020-10-27,Healthcare,0.0932742857142857,0.09739030158730158,0.14100294444444444,5,12
2020-10-28,Healthcare,0.039712666666666674,0.04327550158730159,0.09739030158730158,5,23
2020-10-29,Healthcare,0.26102366666666665,0.10044323492063492,0.04327550158730159,5,19
2020-10-30,Healthcare,0.20570113636363635,0.12871012886002883,0.10044323492063492,4,15
2020-11-02,Healthcare,0.1296688492063492,0.14587612092352092,0.12871012886002883,4,22
2020-11-03,Healthcare,0.19814666666666664,0.16685059711399713,0.14587612092352092,4,10
2020-11-04,Healthcare,0.37075185185185183,0.23305843415103414,0.16685059711399713,3,13
2020-11-05,Healthcare,0.04427500000000001,0.1897087008177008,0.23305843415103414,4,11
2020-11-06,Healthcare,0.131675,0.17490347354497354,0.1897087008177008,2,3
2020-11-09,Healthcare,0.20935333333333334,0.19084037037037035,0.17490347354497354,5,11
2020-11-10,Healthcare,0.270672,0.20534543703703703,0.19084037037037035,5,10
2020-11-11,Healthcare,0.05303333333333333,0.14180173333333335,0.20534543703703703,3,4
2020-11-12,Healthcare,0.030024999999999996,0.13895173333333335,0.14180173333333335,2,3
2020-11-13,Healthcare,0.34936666666666666,0.18249006666666667,0.13895173333333335,3,4
2020-11-16,Healthcare,0.086639,0.1579472,0.18249006666666667,5,21
2020-11-17,Healthcare,0.032456250000000006,0.11030405000000001,0.1579472,4,10
2020-11-18,Healthcare,0.18796666666666667,0.13729071666666667,0.11030405000000001,4,9
2020-11-19,Healthcare,0.09312916666666667,0.14991155,0.13729071666666667,4,8
2020-11-20,Healthcare,0.043996875,0.08883759166666666,0.14991155,4,13
2020-11-23,Healthcare,0.23165490476190476,0.11784077261904762,0.08883759166666666,5,20
2020-11-24,Healthcare,0.36612500000000003,0.1845745226190476,0.11784077261904762,2,3
2020-11-25,Healthcare,0.0502375,0.15702868928571428,0.1845745226190476,4,6
2020-11-27,Healthcare,-0.052155555555555566,0.12797174484126983,0.15702868928571428,3,7
2020-11-30,Healthcare,0.18664999999999998,0.15650236984126983,0.12797174484126983,5,11
2020-12-01,Healthcare,0.06698333333333333,0.12356805555555554,0.15650236984126983,3,5
2020-12-02,Healthcare,0.20703125,0.09174930555555555,0.12356805555555554,4,12
2020-12-03,Healthcare,0.44282499999999997,0.17026680555555554,0.09174930555555555,2,3
2020-12-04,Healthcare,0.12577222222222223,0.2058523611111111,0.17026680555555554,3,8
2020-12-07,Healthcare,-0.1004,0.1484423611111111,0.2058523611111111,3,7
2020-12-08,Healthcare,0.07665555555555555,0.15037680555555555,0.1484423611111111,3,6
2020-12-09,Healthcare,0.0,0.10897055555555554,0.15037680555555555,2,3
2020-12-10,Healthcare,0.16429375000000002,0.05326430555555556,0.10897055555555554,4,12
2020-12-11,Healthcare,0.349313,0.0979724611111111,0.05326430555555556,5,13
2020-12-14,Healthcare,0.23312500000000003,0.16467746111111112,0.0979724611111111,5,12
2020-12-15,Healthcare,0.3846333333333333,0.22627301666666666,0.16467746111111112,3,7
2020-12-16,Healthcare,0.3015875,0.2865905166666667,0.22627301666666666,2,9
2020-12-17,Healthcare,0.17291866666666666,0.2883155,0.2865905166666667,5,13
2020-12-18,Healthcare,0.29175,0.2768029,0.2883155,3,4
2020-12-21,Healthcare,0.29829999999999995,0.2898379,0.2768029,5,6
2020-12-22,Healthcare,0.0487325,0.22265773333333333,0.2898379,4,18
2020-12-23,Healthcare,0.13453518518518517,0.18924727037037034,0.22265773333333333,3,15
2020-12-24,Healthcare,0.35910000000000003,0.226483537037037,0.18924727037037034,3,3
2020-12-28,Healthcare,0.18648749999999997,0.205431037037037,0.226483537037037,4,10
2020-12-29,Healthcare,0.022477777777777777,0.1502665925925926,0.205431037037037,3,7
2020-12-30,Healthcare,0.3021,0.20094009259259255,0.1502665925925926,2,2
2020-12-31,Healthcare,0.26030555555555557,0.22609416666666665,0.20094009259259255,3,8
2021-01-04,Healthcare,0.20905,0.19608416666666667,0.22609416666666665,4,12
2021-01-05,Healthcare,0.3070833333333333,0.22020333333333336,0.19608416666666667,3,6
2021-01-06,Healthcare,0.22116249999999998,0.2599402777777778,0.22020333333333336,4,6
2021-01-07,Healthcare,-3.0000000000002247e-05,0.19951427777777778,0.2599402777777778,5,12
2021-01-08,Healthcare,0.0,0.14745316666666666,0.19951427777777778,2,2
2021-01-11,Healthcare,-0.09664142857142857,0.08631488095238096,0.14745316666666666,5,15
2021-01-12,Healthcare,0.24208958333333333,0.07331613095238095,0.08631488095238096,4,12
2021-01-13,Healthcare,0.23249166666666668,0.07558196428571429,0.07331613095238095,4,10
2021-01-14,Healthcare,0.19784374999999998,0.11515671428571428,0.07558196428571429,4,7
2021-01-15,Healthcare,0.20066666666666666,0.1552900476190476,0.11515671428571428,3,5
2021-01-19,Healthcare,0.14137000000000002,0.2028923333333333,0.1552900476190476,5,12
2021-01-20,Healthcare,0.5762833333333334,0.26973108333333334,0.2028923333333333,3,4
2021-01-21,Healthcare,0.033716666666666666,0.22997608333333336,0.26973108333333334,3,4
2021-01-22,Healthcare,0.1366,0.21772733333333333,0.22997608333333336,2,2
2021-01-25,Healthcare,0.19698725,0.21699145,0.21772733333333333,5,25
2021-01-26,Healthcare,0.08456416666666666,0.20563028333333336,0.21699145,4,16
2021-01-27,Healthcare,0.15132738095238096,0.12063909285714285,0.20563028333333336,4,12
2021-01-28,Healthcare,0.27404,0.16870375952380953,0.12063909285714285,4,8
2021-01-29,Healthcare,0.04711666666666666,0.15080709285714286,0.16870375952380953,4,6
2021-02-01,Healthcare,0.2683,0.16506964285714285,0.15080709285714286,5,11
2021-02-02,Healthcare,0.11733333333333335,0.1716234761904762,0.16506964285714285,3,16
2021-02-03,Healthcare,0.2372275,0.1888035,0.1716234761904762,4,24
2021-02-04,Healthcare,0.1627631818181818,0.16654813636363636,0.1888035,5,19
2021-02-05,Healthcare,0.42811166666666667,0.24274713636363635,0.16654813636363636,4,10
2021-02-08,Healthcare,0.009625000000000009,0.19101213636363637,0.24274713636363635,4,4
2021-02-09,Healthcare,0.24752916666666666,0.21705130303030304,0.19101213636363637,4,7
2021-02-10,Healthcare,0.19983599999999999,0.20957300303030305,0.21705130303030304,5,14
2021-02-11,Healthcare,0.1373375,0.20448786666666666,0.20957300303030305,4,8
2021-02-12,Healthcare,0.17753750000000001,0.15437303333333333,0.20448786666666666,4,7
2021-02-16,Healthcare,0.06663333333333332,0.1657747,0.15437303333333333,3,5
2021-02-17,Healthcare,0.19291111111111112,0.15485108888888888,0.1657747,3,14
2021-02-18,Healthcare,0.14174,0.14323188888888888,0.15485108888888888,5,9
2021-02-19,Healthcare,0.25628333333333336,0.16702105555555558,0.14323188888888888,2,4
2021-02-22,Healthcare,0.22258199999999997,0.17602995555555556,0.16702105555555558,5,10
2021-02-23,Healthcare,0.0717,0.1770432888888889,0.17602995555555556,4,9
2021-02-24,Healthcare,0.18738333333333335,0.17593773333333335,0.1770432888888889,3,5
2021-02-25,Healthcare,0.49005625,0.24560098333333338,0.17593773333333335,2,9
2021-02-26,Healthcare,-0.10725833333333333,0.17289265,0.24560098333333338,3,6
2021-03-01,Healthcare,0.1589375,0.16016375000000002,0.17289265,4,7
2021-03-02,Healthcare,0.12242222222222221,0.17030819444444445,0.16016375000000002,3,8
2021-03-03,Healthcare,0.3547,0.20377152777777777,0.17030819444444445,3,6
2021-03-04,Healthcare,-0.010809374999999996,0.10359840277777779,0.20377152777777777,4,12
2021-03-05,Healthcare,-0.024987500000000003,0.12005256944444445,0.10359840277777779,4,6
2021-03-08,Healthcare,0.22074999999999997,0.13241506944444442,0.12005256944444445,4,9
2021-03-09,Healthcare,0.030355555555555556,0.11400173611111111,0.13241506944444442,3,6
2021-03-10,Healthcare,0.14186666666666667,0.07143506944444444,0.11400173611111111,3,5
2021-03-11,Healthcare,0.041772,0.08195134444444444,0.07143506944444444,5,18
2021-03-12,Healthcare,-0.12040000000000001,0.06286884444444443,0.08195134444444444,1,3
2021-03-15,Healthcare,0.21742114285714287,0.06220307301587302,0.06286884444444443,5,19
2021-03-16,Healthcare,0.17435,0.09100196190476191,0.06220307301587302,4,6
2021-03-17,Healthcare,0.12701666666666667,0.0880319619047619,0.09100196190476191,3,9
2021-03-18,Healthcare,0.14851666666666666,0.10938089523809524,0.0880319619047619,4,7
2021-03-19,Healthcare,0.2987,0.19320089523809525,0.10938089523809524,3,6
2021-03-22,Healthcare,0.04925666666666667,0.159568,0.19320089523809525,3,9
2021-03-23,Healthcare,0.12751666666666664,0.15020133333333333,0.159568,3,4
2021-03-24,Healthcare,0.224925,0.169783,0.15020133333333333,4,6
2021-03-25,Healthcare,0.18635000000000002,0.17734966666666668,0.169783,4,4
2021-03-26,Healthcare,0.020763888888888887,0.12176244444444444,0.17734966666666668,3,8
2021-03-29,Healthcare,0.2936766666666667,0.17064644444444446,0.12176244444444444,5,12
2021-03-30,Healthcare,-0.0599375,0.13315561111111113,0.17064644444444446,4,7
2021-03-31,Healthcare,0.050409999999999996,0.09825261111111112,0.13315561111111113,5,9
2021-04-01,Healthcare,0.02037000000000001,0.06505661111111113,0.09825261111111112,5,7
2021-04-05,Healthcare,0.17352916666666668,0.09560966666666668,0.06505661111111113,4,13
2021-04-06,Healthcare,0.09146666666666665,0.055167666666666684,0.09560966666666668,3,6
2021-04-07,Healthcare,0.3327,0.13369516666666667,0.055167666666666684,3,4
2021-04-08,Healthcare,0.23209749999999998,0.17003266666666667,0.13369516666666667,4,10
2021-04-09,Healthcare,0.27715,0.22138866666666668,0.17003266666666667,3,4
2021-04-12,Healthcare,0.12099166666666668,0.21088116666666665,0.22138866666666668,5,12
2021-04-13,Healthcare,-0.003495833333333337,0.19188866666666668,0.21088116666666665,4,12
2021-04-14,Healthcare,-0.01144666666666666,0.12305933333333334,0.19188866666666668,5,12
2021-04-15,Healthcare,0.13393,0.10342583333333333,0.12305933333333334,5,9
2021-04-16,Healthcare,-0.125,0.022995833333333337,0.10342583333333333,2,2
2021-04-19,Healthcare,0.05247,0.009291500000000003,0.022995833333333337,5,15
2021-04-20,Healthcare,0.19180694444444446,0.048352055555555565,0.009291500000000003,4,13
2021-04-21,Healthcare,0.34909,0.1204593888888889,0.048352055555555565,5,8
2021-04-22,Healthcare,0.06288,0.10624938888888891,0.1204593888888889,5,9
2021-04-23,Healthcare,0.2787,0.18698938888888889,0.10624938888888891,2,2
2021-04-26,Healthcare,0.28468,0.2334313888888889,0.18698938888888889,5,15
2021-04-27,Healthcare,0.21108500000000002,0.23728699999999997,0.2334313888888889,5,14
2021-04-28,Healthcare,0.1909947619047619,0.20566795238095237,0.23728699999999997,5,32
2021-04-29,Healthcare,0.22539009523809522,0.23816997142857144,0.20566795238095237,5,35
2021-04-30,Healthcare,0.177424,0.2179147714285714,0.23816997142857144,5,23
2021-05-03,Healthcare,0.23566266666666666,0.20811130476190476,0.2179147714285714,5,17
2021-05-04,Healthcare,0.21965500000000002,0.20982530476190475,0.20811130476190476,5,11
2021-05-05,Healthcare,0.27196333333333333,0.22601901904761906,0.20982530476190475,5,8
2021-05-06,Healthcare,0.0,0.180941,0.22601901904761906,2,5
2021-05-07,Healthcare,0.17,0.1794562,0.180941,2,2
2021-05-10,Healthcare,0.09041466666666667,0.1504066,0.1794562,5,13
2021-05-11,Healthcare,0.13396666666666665,0.13326893333333334,0.1504066,3,3
2021-05-12,Healthcare,0.5164500000000001,0.1821662666666667,0.13326893333333334,4,5
2021-05-13,Healthcare,-0.02864444444444444,0.1764373777777778,0.1821662666666667,3,9
2021-05-14,Healthcare,0.236375,0.18971237777777777,0.1764373777777778,4,6
2021-05-17,Healthcare,0.18876199999999999,0.20938184444444446,0.18971237777777777,5,13
2021-05-18,Healthcare,0.06578333333333335,0.1957451777777778,0.20938184444444446,3,6
2021-05-19,Healthcare,-0.17,0.05845517777777778,0.1957451777777778,2,2
2021-05-20,Healthcare,0.3246833333333333,0.12912073333333335,0.05845517777777778,2,6
2021-05-21,Healthcare,0.21406999999999998,0.12465973333333333,0.12912073333333335,5,7
2021-05-24,Healthcare,0.32092833333333337,0.151093,0.12465973333333333,4,13
2021-05-25,Healthcare,0.2535,0.18863633333333335,0.151093,4,6
2021-05-26,Healthcare,-0.02194444444444445,0.21824744444444444,0.18863633333333335,3,6
2021-05-27,Healthcare,0.2013625,0.19358327777777778,0.21824744444444444,4,10
2021-05-28,Healthcare,0.16181666666666666,0.1831326111111111,0.19358327777777778,2,4
2021-06-01,Healthcare,0.19184,0.15731494444444444,0.1831326111111111,5,28
2021-06-02,Healthcare,0.1459875,0.13581244444444446,0.15731494444444444,4,6
2021-06-03,Healthcare,0.19816,0.17983333333333335,0.13581244444444446,5,14
2021-06-04,Healthcare,-0.03005,0.13355083333333334,0.17983333333333335,2,2
2021-06-07,Healthcare,0.08859999999999998,0.11890750000000001,0.13355083333333334,5,7
2021-06-08,Healthcare,0.123475,0.10523450000000001,0.11890750000000001,4,4
2021-06-09,Healthcare,0.10345681818181818,0.09672836363636364,0.10523450000000001,4,16
2021-06-10,Healthcare,0.20699999999999996,0.09849636363636363,0.09672836363636364,4,10
2021-06-11,Healthcare,0.10362291666666666,0.12523094696969697,0.09849636363636363,4,9
2021-06-14,Healthcare,0.2604783333333333,0.1596066136363636,0.12523094696969697,5,14
2021-06-15,Healthcare,0.2914666666666667,0.19320494696969695,0.1596066136363636,3,5
2021-06-16,Healthcare,0.0,0.17251358333333333,0.19320494696969695,2,3
2021-06-17,Healthcare,0.20911666666666667,0.17293691666666666,0.17251358333333333,4,6
2021-06-18,Healthcare,0.2511,0.20243233333333333,0.17293691666666666,3,6
2021-06-21,Healthcare,0.37277499999999997,0.22489166666666666,0.20243233333333333,4,12
2021-06-22,Healthcare,0.28459999999999996,0.22351833333333332,0.22489166666666666,2,2
2021-06-23,Healthcare,0.23046666666666668,0.26961166666666664,0.22351833333333332,3,3
2021-06-24,Healthcare,0.16406666666666667,0.2606016666666667,0.26961166666666664,3,6
2021-06-25,Healthcare,0.156526,0.24168686666666667,0.2606016666666667,5,10
2021-06-28,Healthcare,0.30598333333333333,0.2283285333333333,0.24168686666666667,3,5
2021-06-29,Healthcare,0.084725,0.18835353333333332,0.2283285333333333,4,8
2021-06-30,Healthcare,0.16991666666666663,0.1762435333333333,0.18835353333333332,3,7
2021-07-01,Healthcare,0.148,0.17303019999999997,0.1762435333333333,1,2
2021-07-02,Healthcare,0.630625,0.26785,0.17303019999999997,4,5
2021-07-06,Healthcare,0.058550000000000005,0.21836333333333333,0.26785,2,6
2021-07-07,Healthcare,0.33286666666666664,0.2679916666666667,0.21836333333333333,4,6
2021-07-08,Healthcare,0.08737500000000001,0.25148333333333334,0.2679916666666667,4,14
2021-07-09,Healthcare,0.09444999999999999,0.24077333333333334,0.25148333333333334,4,7
2021-07-12,Healthcare,0.19129166666666667,0.15290666666666666,0.24077333333333334,4,9
2021-07-13,Healthcare,0.09486666666666665,0.16016999999999998,0.15290666666666666,3,5
2021-07-14,Healthcare,0.4006625,0.17372916666666666,0.16016999999999998,4,7
2021-07-15,Healthcare,-0.07655,0.14094416666666665,0.17372916666666666,1,2
2021-07-16,Healthcare,0.6597,0.25399416666666663,0.14094416666666665,1,1
2021-07-19,Healthcare,0.02661666666666666,0.22105916666666664,0.25399416666666663,4,10
2021-07-20,Healthcare,-0.0128375,0.1995183333333333,0.22105916666666664,4,7
2021-07-21,Healthcare,0.0,0.1193858333333333,0.1995183333333333,4,4
2021-07-22,Healthcare,0.001042857142857137,0.13490440476190474,0.1193858333333333,4,11
2021-07-23,Healthcare,0.13003333333333336,0.028971071428571433,0.13490440476190474,3,6
2021-07-26,Healthcare,0.3117611111111111,0.08599996031746032,0.028971071428571433,3,6
2021-07-27,Healthcare,-0.06793749999999998,0.07497996031746032,0.08599996031746032,4,8
2021-07-28,Healthcare,0.14199583333333335,0.10337912698412699,0.07497996031746032,4,7
2021-07-29,Healthcare,0.11474266666666666,0.1261190888888889,0.10337912698412699,5,30
2021-07-30,Healthcare,0.17461333333333337,0.1350350888888889,0.1261190888888889,3,10
2021-08-02,Healthcare,0.2991663333333333,0.13251613333333334,0.1350350888888889,5,14
2021-08-03,Healthcare,0.2801777777777778,0.2021391888888889,0.13251613333333334,3,10
2021-08-04,Healthcare,0.14999500000000002,0.20373902222222223,0.2021391888888889,5,10
2021-08-05,Healthcare,0.13216666666666665,0.20722382222222224,0.20373902222222223,3,8
2021-08-06,Healthcare,0.23779166666666665,0.21985948888888887,0.20722382222222224,4,6
2021-08-09,Healthcare,0.19666875,0.1993599722222222,0.21985948888888887,4,8
2021-08-10,Healthcare,0.05863333333333333,0.15505108333333334,0.1993599722222222,4,7
2021-08-11,Healthcare,0.29233333333333333,0.18351875,0.15505108333333334,3,4
2021-08-12,Healthcare,0.2388375,0.20485291666666666,0.18351875,4,5
2021-08-13,Healthcare,0.1858,0.19445458333333332,0.20485291666666666,3,4
2021-08-16,Healthcare,0.09712799999999999,0.17454643333333336,0.19445458333333332,5,13
2021-08-17,Healthcare,0.25926,0.21467176666666665,0.17454643333333336,5,6
2021-08-18,Healthcare,0.31467500000000004,0.2191401,0.21467176666666665,4,7
2021-08-19,Healthcare,0.07144999999999999,0.1856626,0.2191401,2,2
2021-08-20,Healthcare,0.2787,0.2042426,0.1856626,2,2
2021-08-23,Healthcare,-0.0293125,0.17895450000000002,0.2042426,4,5
2021-08-24,Healthcare,0.18510000000000001,0.1641225,0.17895450000000002,2,5
2021-08-25,Healthcare,0.08038,0.11726349999999999,0.1641225,5,8
2021-08-26,Healthcare,0.043125000000000024,0.1115985,0.11726349999999999,4,5
2021-08-27,Healthcare,0.3375458333333333,0.12336766666666668,0.1115985,4,9
2021-08-30,Healthcare,0.2567666666666667,0.1805835,0.12336766666666668,4,9
2021-08-31,Healthcare,-0.01909,0.1397455,0.1805835,5,9
2021-09-01,Healthcare,0.09974583333333334,0.1436186666666667,0.1397455,4,16
2021-09-02,Healthcare,0.13973333333333332,0.16294033333333333,0.1436186666666667,4,11
2021-09-03,Healthcare,,0.11928895833333333,0.16294033333333333,0,0
2021-09-07,Healthcare,0.21341333333333337,0.10845062500000001,0.11928895833333333,5,14
2021-09-08,Healthcare,-0.09098999999999999,0.090475625,0.10845062500000001,5,12
2021-09-09,Healthcare,0.12035785714285714,0.09562863095238097,0.090475625,5,17
2021-09-10,Healthcare,0.03693333333333333,0.06992863095238097,0.09562863095238097,2,4
2021-09-13,Healthcare,0.3039511111111111,0.116733126984127,0.06992863095238097,5,23
2021-09-14,Healthcare,0.31535,0.13712046031746034,0.116733126984127,2,3
2021-09-15,Healthcare,0.20668541666666668,0.19665554365079366,0.13712046031746034,4,12
2021-09-16,Healthcare,0.25803333333333334,0.22419063888888888,0.19665554365079366,4,10
2021-09-17,Healthcare,-0.024915,0.21182097222222224,0.22419063888888888,5,9
2021-09-20,Healthcare,0.08554200000000002,0.16813915000000001,0.21182097222222224,5,21
2021-09-21,Healthcare,0.15253333333333333,0.13557581666666668,0.16813915000000001,3,3
2021-09-22,Healthcare,-0.06726,0.08078673333333333,0.13557581666666668,5,6
2021-09-23,Healthcare,0.273905,0.08396106666666667,0.08078673333333333,4,8
2021-09-24,Healthcare,0.06941666666666667,0.10282740000000001,0.08396106666666667,4,6
2021-09-27,Healthcare,0.270015,0.139722,0.10282740000000001,5,11
2021-09-28,Healthcare,0.15718533333333334,0.1406524,0.139722,5,17
2021-09-29,Healthcare,0.27834166666666665,0.20977273333333332,0.1406524,5,11
2021-09-30,Healthcare,0.03425,0.16184173333333335,0.20977273333333332,4,12
2021-10-01,Healthcare,0.10616913580246913,0.1691922271604938,0.16184173333333335,3,29
2021-10-04,Healthcare,0.162857,0.14776062716049382,0.1691922271604938,4,32
2021-10-05,Healthcare,0.14665916666666667,0.1456553938271605,0.14776062716049382,4,16
2021-10-06,Healthcare,0.1489,0.11976706049382717,0.1456553938271605,3,13
2021-10-07,Healthcare,0.15157777777777778,0.14323261604938273,0.11976706049382717,3,13
2021-10-08,Healthcare,0.10536666666666666,0.14307212222222224,0.14323261604938273,3,10
2021-10-11,Healthcare,0.14823653846153845,0.1401480299145299,0.14307212222222224,4,18
2021-10-12,Healthcare,0.21698,0.1542121965811966,0.1401480299145299,5,15
2021-10-13,Healthcare,-0.06929,0.11057419658119658,0.1542121965811966,4,9
2021-10-14,Healthcare,0.0,0.08025864102564102,0.11057419658119658,4,6
2021-10-15,Healthcare,0.13325,0.0858353076923077,0.08025864102564102,4,9
2021-10-18,Healthcare,0.24935285714285715,0.10605857142857142,0.0858353076923077,5,22
2021-10-19,Healthcare,0.005779464285714284,0.06381846428571429,0.10605857142857142,4,14
2021-10-20,Healthcare,0.09556266666666666,0.09678899761904762,0.06381846428571429,5,21
2021-10-21,Healthcare,0.25301,0.14739099761904764,0.09678899761904762,5,11
2021-10-22,Healthcare,0.112395,0.1432199976190476,0.14739099761904764,4,8
2021-10-25,Healthcare,0.004537500000000003,0.09425692619047618,0.1432199976190476,4,16
2021-10-26,Healthcare,-0.07435833333333335,0.07822936666666666,0.09425692619047618,3,6
2021-10-27,Healthcare,0.15604107142857143,0.09032504761904761,0.07822936666666666,4,12
2021-10-28,Healthcare,0.14246630769230767,0.06821630915750915,0.09032504761904761,5,26
2021-10-29,Healthcare,0.0557125525210084,0.05687981966171083,0.06821630915750915,4,30
2021-11-01,Healthcare,0.2941253333333333,0.11479738632837748,0.05687981966171083,5,11
2021-11-02,Healthcare,0.2691572916666667,0.1835005113283775,0.11479738632837748,4,14
2021-11-03,Healthcare,0.27536666666666665,0.20736563037599653,0.1835005113283775,4,10
2021-11-04,Healthcare,0.13043257575757575,0.20495888398905016,0.20736563037599653,4,16
2021-11-05,Healthcare,0.35456666666666664,0.2647297068181818,0.20495888398905016,3,21
2021-11-08,Healthcare,0.20592584615384615,0.24708980938228436,0.2647297068181818,5,23
2021-11-09,Healthcare,0.14020416666666666,0.22129918438228438,0.24708980938228436,3,11
2021-11-10,Healthcare,-0.0219125,0.16184335104895103,0.22129918438228438,4,8
2021-11-11,Healthcare,0.22580666666666666,0.18091816923076923,0.16184335104895103,5,10
2021-11-12,Healthcare,0.14674375,0.1393535858974359,0.18091816923076923,4,8
2021-11-15,Healthcare,0.14240083333333337,0.12664858333333334,0.1393535858974359,4,14
2021-11-16,Healthcare,0.22459333333333334,0.14352641666666668,0.12664858333333334,3,8
2021-11-17,Healthcare,0.3890027777777778,0.22570947222222223,0.14352641666666668,3,10
2021-11-18,Healthcare,-0.06034166666666666,0.16847980555555558,0.22570947222222223,4,10
2021-11-19,Healthcare,0.2991125,0.19895355555555558,0.16847980555555558,4,7
2021-11-22,Healthcare,-0.06510982142857141,0.15745142460317463,0.19895355555555558,4,14
2021-11-23,Healthcare,0.23457499999999998,0.15944775793650795,0.15745142460317463,4,10
2021-11-24,Healthcare,-0.1931333333333333,0.04302053571428572,0.15944775793650795,3,4
2021-11-26,Healthcare,-0.03005555555555556,0.04907775793650794,0.04302053571428572,3,5
2021-11-29,Healthcare,0.13315608974358975,0.015886475885225886,0.04907775793650794,4,19
2021-11-30,Healthcare,0.09612380952380954,0.048133202075702076,0.015886475885225886,3,10
2021-12-01,Healthcare,-0.08686666666666666,-0.01615513125763125,0.048133202075702076,4,17
2021-12-02,Healthcare,-0.15028333333333332,-0.007585131257631256,-0.01615513125763125,4,12
2021-12-03,Healthcare,0.2506125,0.04854847985347986,-0.007585131257631256,4,8
2021-12-06,Healthcare,0.2433911111111111,0.07059548412698413,0.04854847985347986,5,19
2021-12-07,Healthcare,0.04834444444444445,0.061039611111111114,0.07059548412698413,3,13
2021-12-08,Healthcare,0.11153333333333333,0.1007196111111111,0.061039611111111114,3,5
2021-12-09,Healthcare,0.0771125,0.14619877777777776,0.1007196111111111,4,6
2021-12-10,Healthcare,0.07033166666666665,0.1101426111111111,0.14619877777777776,5,13
2021-12-13,Healthcare,0.26578500000000005,0.11462138888888888,0.1101426111111111,5,18
2021-12-14,Healthcare,0.07292499999999999,0.1195375,0.11462138888888888,5,12
2021-12-15,Healthcare,0.077225,0.11267583333333334,0.1195375,4,9
2021-12-16,Healthcare,0.07283999999999999,0.11182133333333333,0.11267583333333334,5,14
2021-12-17,Healthcare,0.34994,0.16774299999999998,0.11182133333333333,3,8
2021-12-20,Healthcare,0.11151933333333333,0.13688986666666664,0.16774299999999998,5,14
2021-12-21,Healthcare,0.18655904761904762,0.15961667619047618,0.13688986666666664,5,16
2021-12-22,Healthcare,0.07341875,0.15885542619047616,0.15961667619047618,4,14
2021-12-23,Healthcare,0.2201749019607843,0.18832240658263302,0.15885542619047616,5,23
2021-12-27,Healthcare,0.3033529166666667,0.1790049899159664,0.18832240658263302,4,18
2021-12-28,Healthcare,0.1724888888888889,0.1911989010270775,0.1790049899159664,3,8
2021-12-29,Healthcare,0.36819999999999997,0.22752709150326797,0.1911989010270775,1,2
2021-12-30,Healthcare,0.24089940476190475,0.2610232224556489,0.22752709150326797,4,15
2021-12-31,Healthcare,0.15055,0.2470982420634921,0.2610232224556489,4,5
2022-01-03,Healthcare,0.2511271428571429,0.2366530873015873,0.2470982420634921,5,20
2022-01-04,Healthcare,0.12164333333333333,0.22648397619047617,0.2366530873015873,4,10
2022-01-05,Healthcare,0.03408750000000001,0.1596614761904762,0.22648397619047617,4,6
2022-01-06,Healthcare,0.31234,0.17394959523809522,0.1596614761904762,5,8
2022-01-07,Healthcare,0.16749999999999998,0.17733959523809523,0.17394959523809522,3,9
2022-01-10,Healthcare,0.2460166666666667,0.1763175,0.17733959523809523,5,16
2022-01-11,Healthcare,0.10112222222222222,0.17221327777777778,0.1763175,3,7
2022-01-12,Healthcare,0.08437,0.18226977777777778,0.17221327777777778,5,16
2022-01-13,Healthcare,0.178946,0.15559097777777778,0.18226977777777778,5,14
2022-01-14,Healthcare,0.22698333333333331,0.16748764444444444,0.15559097777777778,5,13
2022-01-18,Healthcare,0.19421733333333333,0.15712777777777778,0.16748764444444444,5,29
2022-01-19,Healthcare,0.129114,0.16272613333333333,0.15712777777777778,5,16
2022-01-20,Healthcare,0.073442,0.16054053333333332,0.16272613333333333,5,15
2022-01-21,Healthcare,-0.08427200000000001,0.10789693333333332,0.16054053333333332,5,13
2022-01-24,Healthcare,0.024622222222222226,0.06742471111111112,0.10789693333333332,5,28
2022-01-25,Healthcare,-0.0275,0.023081244444444444,0.06742471111111112,4,18
2022-01-26,Healthcare,0.13380714285714285,0.024019873015873012,0.023081244444444444,4,20
2022-01-27,Healthcare,0.21296833333333334,0.05192513968253968,0.024019873015873012,5,19
2022-01-28,Healthcare,0.2984866666666667,0.12847687301587302,0.05192513968253968,5,17
2022-01-31,Healthcare,0.17491104761904763,0.1585346380952381,0.12847687301587302,5,26
2022-02-01,Healthcare,0.0914276923076923,0.18232017655677654,0.1585346380952381,5,26
2022-02-02,Healthcare,0.06558838095238095,0.16867642417582418,0.18232017655677654,5,31
2022-02-03,Healthcare,0.13298,0.15267875750915752,0.16867642417582418,5,17
2022-02-04,Healthcare,-0.09664333333333333,0.07365275750915751,0.15267875750915752,5,10
2022-02-07,Healthcare,0.3429210317460317,0.10725475433455434,0.07365275750915751,4,21
2022-02-08,Healthcare,0.23447321428571427,0.13586385873015872,0.10725475433455434,4,22
2022-02-09,Healthcare,0.29340333333333335,0.1814268492063492,0.13586385873015872,5,18
2022-02-10,Healthcare,0.07832466666666667,0.17049578253968253,0.1814268492063492,5,16
2022-02-11,Healthcare,0.37819,0.2654624492063492,0.17049578253968253,5,10
2022-02-14,Healthcare,0.006725238095238094,0.19822329047619047,0.2654624492063492,5,16
2022-02-15,Healthcare,0.02982916666666667,0.15729448095238097,0.19822329047619047,4,10
2022-02-16,Healthcare,0.21103333333333332,0.14082048095238095,0.15729448095238097,4,14
2022-02-17,Healthcare,0.17844642857142856,0.16084483333333333,0.14082048095238095,4,14
2022-02-18,Healthcare,0.24836833333333336,0.13488050000000001,0.16084483333333333,5,16
2022-02-22,Healthcare,0.12617190476190476,0.15876983333333333,0.13488050000000001,5,21
2022-02-23,Healthcare,0.1341375,0.1796315,0.15876983333333333,4,6
2022-02-24,Healthcare,0.34627500000000005,0.20667983333333337,0.1796315,3,6
2022-02-25,Healthcare,0.015496666666666664,0.17408988095238095,0.20667983333333337,5,10
2022-02-28,Healthcare,0.17100555555555555,0.1586173253968254,0.17408988095238095,3,14
2022-03-01,Healthcare,0.11967333333333334,0.15731761111111112,0.1586173253968254,5,11
2022-03-02,Healthcare,0.11136249999999999,0.1527626111111111,0.15731761111111112,4,10
2022-03-03,Healthcare,0.040375,0.09158261111111111,0.1527626111111111,4,10
2022-03-04,Healthcare,0.12006999999999998,0.11249727777777778,0.09158261111111111,5,8
2022-03-07,Healthcare,0.21229166666666668,0.12075450000000001,0.11249727777777778,5,14
2022-03-08,Healthcare,-0.100095,0.07680083333333333,0.12075450000000001,5,11
2022-03-09,Healthcare,0.203108,0.09514993333333334,0.07680083333333333,5,13
2022-03-10,Healthcare,-0.034262499999999994,0.08022243333333333,0.09514993333333334,3,15
2022-03-11,Healthcare,0.1718875,0.09058593333333334,0.08022243333333333,5,16
2022-03-14,Healthcare,0.23347083333333335,0.09482176666666667,0.09058593333333334,4,8
2022-03-15,Healthcare,-0.081702,0.09850036666666669,0.09482176666666667,5,10
2022-03-16,Healthcare,-0.03299642857142857,0.051279480952380954,0.09850036666666669,5,16
2022-03-17,Healthcare,0.0002077777777777882,0.05817353650793651,0.051279480952380954,3,13
2022-03-18,Healthcare,0.19258888888888892,0.062313814285714295,0.05817353650793651,3,6
2022-03-21,Healthcare,0.27153333333333335,0.06992631428571429,0.062313814285714295,5,16
2022-03-22,Healthcare,-0.1606583333333333,0.054135047619047624,0.06992631428571429,5,11
2022-03-23,Healthcare,0.01369999999999999,0.06347433333333334,0.054135047619047624,3,7
2022-03-24,Healthcare,0.19036875,0.10150652777777777,0.06347433333333334,4,10
2022-03-25,Healthcare,0.09155,0.08129875,0.10150652777777777,3,7
2022-03-28,Healthcare,-0.11226249999999999,0.004539583333333333,0.08129875,4,12
2022-03-29,Healthcare,0.051412,0.04695364999999999,0.004539583333333333,5,10
2022-03-30,Healthcare,0.028324999999999996,0.04987864999999999,0.04695364999999999,4,8
2022-03-31,Healthcare,0.17881875000000003,0.04756865,0.04987864999999999,4,9
2022-04-01,Healthcare,0.344225,0.09810365,0.04756865,4,6
2022-04-04,Healthcare,0.065392,0.13363455,0.09810365,5,20
2022-04-05,Healthcare,0.161048,0.15556175,0.13363455,5,13
2022-04-06,Healthcare,0.050575,0.16001174999999998,0.15556175,3,7
2022-04-07,Healthcare,0.1045,0.145148,0.16001174999999998,4,5
2022-04-08,Healthcare,0.360298,0.14836259999999998,0.145148,5,14
2022-04-11,Healthcare,0.11403466666666666,0.1580911333333333,0.14836259999999998,5,14
2022-04-12,Healthcare,0.09319999999999999,0.14452153333333334,0.1580911333333333,5,16
2022-04-13,Healthcare,0.05421166666666668,0.14524886666666664,0.14452153333333334,5,12
2022-04-14,Healthcare,0.14273642857142854,0.15289615238095236,0.14524886666666664,4,15
2022-04-18,Healthcare,0.1526888888888889,0.11137433015873015,0.15289615238095236,3,9
2022-04-19,Healthcare,0.023800285714285718,0.09332745396825395,0.11137433015873015,5,19
2022-04-20,Healthcare,0.29668125,0.13402370396825397,0.09332745396825395,4,16
2022-04-21,Healthcare,0.22245499999999999,0.16767237063492063,0.13402370396825397,5,17
2022-04-22,Healthcare,0.2941625,0.19795758492063492,0.16767237063492063,4,9
2022-04-25,Healthcare,0.36123666666666665,0.23966714047619045,0.19795758492063492,5,26
2022-04-26,Healthcare,-0.010824642857142857,0.23274215476190477,0.23966714047619045,5,25
2022-04-27,Healthcare,0.09589333333333333,0.19258457142857138,0.23274215476190477,5,20
2022-04-28,Healthcare,0.18965761904761905,0.1860250952380952,0.19258457142857138,5,31
2022-04-29,Healthcare,0.177761,0.1627447952380952,0.1860250952380952,5,23
2022-05-02,Healthcare,0.31406900000000004,0.1533112619047619,0.1627447952380952,5,13
2022-05-03,Healthcare,0.14060000000000003,0.1835961904761905,0.1533112619047619,2,3
2022-05-04,Healthcare,0.233575,0.2111325238095238,0.1835961904761905,4,6
2022-05-05,Healthcare,0.26795,0.22679100000000002,0.2111325238095238,5,14
2022-05-06,Healthcare,0.06254583333333333,0.20374796666666667,0.22679100000000002,4,8
2022-05-09,Healthcare,0.1701,0.17495416666666666,0.20374796666666667,2,4
2022-05-10,Healthcare,0.14197200000000001,0.17522856666666664,0.17495416666666666,5,13
2022-05-11,Healthcare,0.04729666666666666,0.13797289999999998,0.17522856666666664,5,15
2022-05-12,Healthcare,0.01814,0.08801089999999998,0.13797289999999998,5,14
2022-05-13,Healthcare,0.021004166666666668,0.07970256666666665,0.08801089999999998,4,12
2022-05-16,Healthcare,0.10520833333333332,0.0667242333333333,0.07970256666666665,5,20
2022-05-17,Healthcare,-0.036021875,0.031125458333333307,0.0667242333333333,4,14
2022-05-18,Healthcare,0.17670999999999998,0.057008124999999965,0.031125458333333307,5,11
2022-05-19,Healthcare,0.15300625,0.08398137499999998,0.057008124999999965,4,11
2022-05-20,Healthcare,-0.058963333333333326,0.06798787499999996,0.08398137499999998,5,13
2022-05-23,Healthcare,0.26354,0.0996542083333333,0.06798787499999996,5,17
2022-05-24,Healthcare,0.04571333333333334,0.11600124999999999,0.0996542083333333,4,12
2022-05-25,Healthcare,-0.09235416666666667,0.062188416666666635,0.11600124999999999,4,16
2022-05-26,Healthcare,0.24078371428571427,0.0797439095238095,0.062188416666666635,5,24
2022-05-27,Healthcare,0.004270416666666675,0.0923906595238095,0.0797439095238095,4,14
2022-05-31,Healthcare,0.3761358333333334,0.11490982619047618,0.0923906595238095,5,18
2022-06-01,Healthcare,0.006093750000000023,0.10698590952380951,0.11490982619047618,4,9
2022-06-02,Healthcare,-0.16962000000000002,0.09153274285714284,0.10698590952380951,5,11
2022-06-03,Healthcare,0.08858333333333335,0.06109266666666666,0.09153274285714284,4,10
2022-06-06,Healthcare,0.09572209523809525,0.07938300238095237,0.06109266666666666,5,22
2022-06-07,Healthcare,0.38340833333333335,0.08083750238095236,0.07938300238095237,2,5
2022-06-08,Healthcare,0.34175,0.14796875238095236,0.08083750238095236,4,6
2022-06-09,Healthcare,0.016858333333333333,0.18526441904761903,0.14796875238095236,4,7
2022-06-10,Healthcare,0.04740833333333332,0.177029419047619,0.18526441904761903,4,12
2022-06-13,Healthcare,0.3455544642857143,0.2269958928571428,0.177029419047619,4,15
2022-06-14,Healthcare,-0.030830000000000003,0.14414822619047615,0.2269958928571428,5,11
2022-06-15,Healthcare,0.10513900000000001,0.09682602619047616,0.14414822619047615,5,15
2022-06-16,Healthcare,0.30465,0.1543843595238095,0.09682602619047616,4,4
2022-06-17,Healthcare,0.31379166666666664,0.20766102619047616,0.1543843595238095,4,11
2022-06-21,Healthcare,0.3203604166666667,0.20262221666666663,0.20766102619047616,4,18
2022-06-22,Healthcare,0.021233333333333337,0.21303488333333326,0.20262221666666663,5,20
2022-06-23,Healthcare,-0.002297999999999983,0.19154748333333332,0.21303488333333326,5,15
2022-06-24,Healthcare,0.44076428571428566,0.21877034047619043,0.19154748333333332,4,11
2022-06-27,Healthcare,0.31670160714285717,0.21935232857142856,0.21877034047619043,4,22
2022-06-28,Healthcare,-0.049111111111111105,0.145458023015873,0.21935232857142856,3,7
2022-06-29,Healthcare,0.4222464285714286,0.22566064206349204,0.145458023015873,4,16
2022-06-30,Healthcare,0.07456666666666667,0.24103357539682535,0.22566064206349204,3,8
2022-07-01,Healthcare,0.06555875,0.16599246825396824,0.24103357539682535,4,12
2022-07-05,Healthcare,0.11308500000000002,0.12526914682539678,0.16599246825396824,5,24
2022-07-06,Healthcare,0.15511,0.16611336904761903,0.12526914682539678,5,13
2022-07-07,Healthcare,-0.04022767857142856,0.0736185476190476,0.16611336904761903,4,13
2022-07-08,Healthcare,0.36206,0.13111721428571427,0.0736185476190476,5,9
2022-07-11,Healthcare,0.07025523809523809,0.13205651190476186,0.13111721428571427,5,25
2022-07-12,Healthcare,0.013692619047619047,0.11217803571428568,0.13205651190476186,5,17
2022-07-13,Healthcare,0.22334380952380956,0.12582479761904758,0.11217803571428568,5,25
2022-07-14,Healthcare,-0.1970575,0.09445883333333331,0.12582479761904758,4,13
2022-07-15,Healthcare,0.059167500000000005,0.033880333333333304,0.09445883333333331,5,17
2022-07-18,Healthcare,0.15846285714285713,0.051521857142857105,0.033880333333333304,5,21
2022-07-19,Healthcare,0.10250428571428571,0.06928419047619046,0.051521857142857105,5,20
2022-07-20,Healthcare,0.20124903030303032,0.0648652346320346,0.06928419047619046,5,32
2022-07-21,Healthcare,-0.03973333333333332,0.09633006796536794,0.0648652346320346,3,14
2022-07-22,Healthcare,0.278042,0.14010496796536795,0.09633006796536794,5,13
2022-07-25,Healthcare,0.09919599999999999,0.12825159653679652,0.14010496796536795,5,15
2022-07-26,Healthcare,0.16757333333333332,0.14126540606060606,0.12825159653679652,5,10
2022-07-27,Healthcare,0.13091066666666668,0.1271977333333333,0.14126540606060606,5,22
2022-07-28,Healthcare,0.222007,0.17954579999999995,0.1271977333333333,5,23
2022-07-29,Healthcare,0.20571916666666668,0.1650812333333333,0.17954579999999995,4,15
2022-08-01,Healthcare,0.16751766666666668,0.17874556666666663,0.1650812333333333,5,18
2022-08-02,Healthcare,0.17892000000000002,0.18101489999999998,0.17874556666666663,5,16
2022-08-03,Healthcare,0.27491833333333326,0.2098164333333333,0.18101489999999998,5,18
2022-08-04,Healthcare,0.00449055555555556,0.1663131444444444,0.2098164333333333,4,17
2022-08-05,Healthcare,0.23627916666666665,0.1724251444444444,0.1663131444444444,4,10
2022-08-08,Healthcare,-0.013464444444444446,0.13622872222222218,0.1724251444444444,3,9
2022-08-09,Healthcare,0.02231111111111111,0.1049069444444444,0.13622872222222218,3,10
2022-08-10,Healthcare,0.24619166666666667,0.09916161111111108,0.1049069444444444,3,6
2022-08-11,Healthcare,0.019971999999999997,0.10225789999999997,0.09916161111111108,5,14
2022-08-12,Healthcare,-0.0030733333333333277,0.05438739999999996,0.10225789999999997,3,10
2022-08-15,Healthcare,0.11700666666666666,0.08048162222222219,0.05438739999999996,3,12
2022-08-16,Healthcare,0.08835833333333333,0.09369106666666663,0.08048162222222219,4,10
2022-08-17,Healthcare,0.03181666666666667,0.05081606666666664,0.09369106666666663,3,6
2022-08-18,Healthcare,0.089978,0.06481726666666662,0.05081606666666664,5,12
2022-08-19,Healthcare,-0.028240000000000008,0.059783933333333296,0.06481726666666662,5,9
2022-08-22,Healthcare,0.2167933333333333,0.07974126666666663,0.059783933333333296,5,12
2022-08-23,Healthcare,0.25494333333333336,0.11305826666666663,0.07974126666666663,5,12
2022-08-24,Healthcare,0.15959375,0.1386136833333333,0.11305826666666663,4,8
2022-08-25,Healthcare,0.1084011904761905,0.1422983214285714,0.1386136833333333,4,15
2022-08-26,Healthcare,0.21379583333333332,0.19070548809523807,0.1422983214285714,4,10
2022-08-29,Healthcare,0.28845,0.20503682142857144,0.19070548809523807,5,11
2022-08-30,Healthcare,0.040912500000000004,0.16223065476190474,0.20503682142857144,4,6
2022-08-31,Healthcare,-0.20458499999999996,0.08939490476190473,0.16223065476190474,5,11
2022-09-01,Healthcare,0.15031666666666665,0.09777799999999996,0.08939490476190473,5,14
2022-09-02,Healthcare,0.19096666666666667,0.09321216666666662,0.09777799999999996,2,5
2022-09-06,Healthcare,0.35175749999999995,0.10587366666666662,0.09321216666666662,4,13
2022-09-07,Healthcare,0.08229833333333333,0.11415083333333328,0.10587366666666662,4,13
2022-09-08,Healthcare,0.2258633333333333,0.20024049999999996,0.11415083333333328,5,22
2022-09-09,Healthcare,0.009940000000000004,0.17216516666666662,0.20024049999999996,5,11
2022-09-12,Healthcare,0.30638966666666667,0.1952497666666666,0.17216516666666662,5,33
2022-09-13,Healthcare,0.10719333333333333,0.14633693333333328,0.1952497666666666,5,13
2022-09-14,Healthcare,0.0394625,0.1377697666666666,0.14633693333333328,4,8
2022-09-15,Healthcare,-0.008235000000000003,0.09095009999999995,0.1377697666666666,5,15
2022-09-16,Healthcare,0.16179416666666668,0.1213209333333333,0.09095009999999995,4,13
2022-09-19,Healthcare,0.0003295238095238101,0.060108904761904725,0.1213209333333333,5,21
2022-09-20,Healthcare,0.06102380952380953,0.05087499999999996,0.060108904761904725,4,12
2022-09-21,Healthcare,-0.08621999999999999,0.02573849999999996,0.05087499999999996,5,7
2022-09-22,Healthcare,0.18678333333333333,0.06474216666666663,0.02573849999999996,5,15
2022-09-23,Healthcare,0.1109,0.0545633333333333,0.06474216666666663,4,11
2022-09-26,Healthcare,-0.03133666666666666,0.0482300952380952,0.0545633333333333,5,13
2022-09-27,Healthcare,0.193575,0.0747403333333333,0.0482300952380952,5,11
2022-09-28,Healthcare,0.14650000000000002,0.12128433333333329,0.0747403333333333,5,11
2022-09-29,Healthcare,0.292825,0.14249266666666663,0.12128433333333329,4,5
2022-09-30,Healthcare,0.18328888888888892,0.1569704444444444,0.14249266666666663,3,6
2022-10-03,Healthcare,0.06166333333333335,0.17557044444444442,0.1569704444444444,5,16
2022-10-04,Healthcare,0.01753000000000001,0.1403614444444444,0.17557044444444442,5,6
2022-10-05,Healthcare,0.19015555555555555,0.1490925555555555,0.1403614444444444,3,7
2022-10-06,Healthcare,-0.4449,0.0015475555555555243,0.1490925555555555,2,4
2022-10-07,Healthcare,0.09895,-0.01532022222222226,0.0015475555555555243,4,6
2022-10-10,Healthcare,0.34865199999999996,0.04207751111111106,-0.01532022222222226,5,18
2022-10-11,Healthcare,0.233979,0.08536731111111107,0.04207751111111106,5,26
2022-10-12,Healthcare,0.163953125,0.08012682499999994,0.08536731111111107,4,21
2022-10-13,Healthcare,-0.1867875,0.13174932499999994,0.08012682499999994,4,9
2022-10-14,Healthcare,0.17491333333333334,0.1469419916666666,0.13174932499999994,5,11
2022-10-17,Healthcare,0.198795,0.11697059166666664,0.1469419916666666,5,13
2022-10-18,Healthcare,0.01958500000000001,0.07409179166666664,0.11697059166666664,5,13
2022-10-19,Healthcare,0.07104142857142856,0.055509452380952354,0.07409179166666664,5,22
2022-10-20,Healthcare,0.04403133333333333,0.10167321904761902,0.055509452380952354,5,16
2022-10-21,Healthcare,0.167174,0.10012535238095235,0.10167321904761902,5,11
2022-10-24,Healthcare,0.06295666666666667,0.07295768571428568,0.10012535238095235,5,11
2022-10-25,Healthcare,0.07941666666666666,0.08492401904761901,0.07295768571428568,5,14
2022-10-26,Healthcare,0.1886888888888889,0.10845351111111108,0.08492401904761901,3,12
2022-10-27,Healthcare,0.24455892857142855,0.14855903015873012,0.10845351111111108,4,23
2022-10-28,Healthcare,0.14314222222222223,0.14375267460317456,0.14855903015873012,5,24
2022-10-31,Healthcare,0.17338333333333333,0.16583800793650788,0.14375267460317456,3,5
2022-11-01,Healthcare,0.39524333333333334,0.22900334126984126,0.16583800793650788,5,13
2022-11-02,Healthcare,0.01990333333333334,0.19524623015873016,0.22900334126984126,5,13
2022-11-03,Healthcare,-0.13414874999999998,0.11950469444444442,0.19524623015873016,4,11
2022-11-04,Healthcare,0.28064833333333333,0.14700591666666663,0.11950469444444442,5,15
2022-11-07,Healthcare,0.03647,0.11962324999999999,0.14700591666666663,5,16
2022-11-08,Healthcare,0.046792222222222235,0.049933027777777764,0.11962324999999999,5,20
2022-11-09,Healthcare,0.16826916666666666,0.07960619444444443,0.049933027777777764,4,17
2022-11-10,Healthcare,0.26481000000000005,0.15939794444444444,0.07960619444444443,5,8
2022-11-11,Healthcare,0.3767444444444445,0.17861716666666666,0.15939794444444444,3,5
2022-11-14,Healthcare,0.204473,0.21221776666666664,0.17861716666666666,5,18
2022-11-15,Healthcare,0.20067000000000004,0.2429933222222222,0.21221776666666664,5,15
2022-11-16,Healthcare,0.19940833333333333,0.24922115555555555,0.2429933222222222,4,8
2022-11-17,Healthcare,-0.008533333333333334,0.19455248888888887,0.24922115555555555,5,10
2022-11-18,Healthcare,0.20733666666666664,0.16067093333333332,0.19455248888888887,5,13
2022-11-21,Healthcare,0.26416944444444446,0.1726102222222222,0.16067093333333332,4,17
2022-11-22,Healthcare,0.1763837619047619,0.16775297460317456,0.1726102222222222,5,26
2022-11-23,Healthcare,0.23043303571428572,0.17395791507936503,0.16775297460317456,4,16
2022-11-25,Healthcare,0.14032178571428572,0.20372893888888885,0.17395791507936503,4,15
2022-11-28,Healthcare,0.28091619047619043,0.2184448436507936,0.20372893888888885,5,24
2022-11-29,Healthcare,0.20644999999999997,0.20690095476190473,0.2184448436507936,5,13
2022-11-30,Healthcare,0.286549,0.22893400238095235,0.20690095476190473,5,17
2022-12-01,Healthcare,0.14424333333333333,0.21169606190476187,0.22893400238095235,5,15
2022-12-02,Healthcare,-0.09792999999999999,0.16404570476190472,0.21169606190476187,5,10
2022-12-05,Healthcare,0.100355,0.12793346666666663,0.16404570476190472,4,16
2022-12-06,Healthcare,0.060177,0.09867886666666664,0.12793346666666663,5,15
2022-12-07,Healthcare,-0.06419345238095238,0.02853037619047617,0.09867886666666664,4,16
2022-12-08,Healthcare,0.07566999999999999,0.0148157095238095,0.02853037619047617,5,12
2022-12-09,Healthcare,0.20741666666666667,0.07588504285714284,0.0148157095238095,4,17
2022-12-12,Healthcare,0.11345047619047618,0.07850413809523807,0.07588504285714284,5,33
2022-12-13,Healthcare,0.16714628571428572,0.09989799523809521,0.07850413809523807,5,28
2022-12-14,Healthcare,0.3347791666666667,0.17969251904761901,0.09989799523809521,4,10
2022-12-15,Healthcare,0.2011415,0.20478681904761903,0.17969251904761901,5,19
2022-12-16,Healthcare,0.20977666666666667,0.205258819047619,0.20478681904761903,5,15
2022-12-19,Healthcare,0.05440266666666667,0.1934492571428571,0.205258819047619,5,20
2022-12-20,Healthcare,0.2443877777777778,0.20889755555555553,0.1934492571428571,5,18
2022-12-21,Healthcare,0.124335,0.1668087222222222,0.20889755555555553,5,16
2022-12-22,Healthcare,0.07342916666666666,0.14126625555555555,0.1668087222222222,4,13
2022-12-23,Healthcare,-0.13645833333333332,0.07201925555555552,0.14126625555555555,3,7
2022-12-27,Healthcare,0.148846,0.09090792222222219,0.07201925555555552,5,20
2022-12-28,Healthcare,0.186818,0.07939396666666665,0.09090792222222219,5,12
2022-12-29,Healthcare,0.28355874999999997,0.11123871666666665,0.07939396666666665,4,12
2022-12-30,Healthcare,0.08896,0.11434488333333333,0.11123871666666665,3,7
2023-01-03,Healthcare,0.37792,0.21722054999999996,0.11434488333333333,5,14
2023-01-04,Healthcare,0.1830125,0.22405384999999994,0.21722054999999996,4,13
2023-01-05,Healthcare,0.162225,0.21913524999999998,0.22405384999999994,5,12
2023-01-06,Healthcare,0.06390333333333334,0.17520416666666666,0.21913524999999998,5,9
2023-01-09,Healthcare,0.2633833333333333,0.21008883333333328,0.17520416666666666,4,14
2023-01-10,Healthcare,0.027943749999999996,0.1400935833333333,0.21008883333333328,4,13
2023-01-11,Healthcare,0.13144,0.1297790833333333,0.1400935833333333,5,13
2023-01-12,Healthcare,0.024949999999999996,0.10232408333333332,0.1297790833333333,4,7
2023-01-13,Healthcare,0.23456666666666667,0.13645674999999996,0.10232408333333332,4,8
2023-01-17,Healthcare,0.28634444444444446,0.1410489722222222,0.13645674999999996,5,33
2023-01-18,Healthcare,0.11511249999999999,0.1584827222222222,0.1410489722222222,4,10
2023-01-19,Healthcare,-0.056079166666666666,0.12097888888888889,0.1584827222222222,4,10
2023-01-20,Healthcare,0.10169733333333333,0.13632835555555553,0.12097888888888889,5,14
2023-01-23,Healthcare,0.22208,0.1338310222222222,0.13632835555555553,5,18
2023-01-24,Healthcare,0.12762916666666668,0.10208796666666664,0.1338310222222222,4,8
2023-01-25,Healthcare,-0.01941049019607844,0.07518336862745095,0.10208796666666664,4,29
2023-01-26,Healthcare,0.15250499999999997,0.11690020196078428,0.07518336862745095,5,18
2023-01-27,Healthcare,0.19659166666666666,0.13587906862745097,0.11690020196078428,4,8
2023-01-30,Healthcare,0.24435133333333336,0.14033333529411762,0.13587906862745097,5,19
2023-01-31,Healthcare,0.04246683333333333,0.12330086862745096,0.14033333529411762,5,23
2023-02-01,Healthcare,0.24876103174603173,0.17693517301587297,0.12330086862745096,5,26
2023-02-02,Healthcare,0.31752395833333336,0.20993896468253967,0.17693517301587297,4,29
2023-02-03,Healthcare,-0.044692499999999996,0.16168213134920634,0.20993896468253967,3,17
2023-02-06,Healthcare,0.06640733333333335,0.12609333134920633,0.16168213134920634,5,22
2023-02-07,Healthcare,0.21047666666666665,0.15969529801587298,0.12609333134920633,5,13
2023-02-08,Healthcare,0.224201,0.15478329166666666,0.15969529801587298,5,15
2023-02-09,Healthcare,0.1565548095238095,0.12258946190476187,0.15478329166666666,5,29
2023-02-10,Healthcare,0.24253333333333335,0.18003462857142855,0.12258946190476187,3,5
2023-02-13,Healthcare,0.187805,0.20431416190476187,0.18003462857142855,5,12
2023-02-14,Healthcare,0.28172875,0.21856457857142858,0.20431416190476187,4,12
2023-02-15,Healthcare,0.06080555555555556,0.18588548968253965,0.21856457857142858,3,7
2023-02-16,Healthcare,0.18459244444444445,0.19149301666666665,0.18588548968253965,5,22
2023-02-17,Healthcare,0.16716266666666665,0.1764188833333333,0.19149301666666665,5,14
2023-02-21,Healthcare,0.110308,0.1609194833333333,0.1764188833333333,5,26
2023-02-22,Healthcare,0.20024066666666665,0.14462186666666663,0.1609194833333333,5,20
2023-02-23,Healthcare,-0.04365,0.12373075555555553,0.14462186666666663,3,5
2023-02-24,Healthcare,0.14276666666666668,0.11536559999999998,0.12373075555555553,3,9
2023-02-27,Healthcare,0.14573857142857144,0.11108078095238091,0.11536559999999998,5,23
2023-02-28,Healthcare,0.08597555555555554,0.10621429206349205,0.11108078095238091,3,11
2023-03-01,Healthcare,0.049134000000000004,0.07599295873015871,0.10621429206349205,5,15
2023-03-02,Healthcare,0.03692833333333336,0.09210862539682538,0.07599295873015871,5,13
2023-03-03,Healthcare,0.3448833333333334,0.13253195873015872,0.09210862539682538,3,6
2023-03-06,Healthcare,0.13879366666666665,0.13114297777777778,0.13253195873015872,5,23
2023-03-07,Healthcare,0.2168375,0.15731536666666665,0.13114297777777778,4,8
2023-03-08,Healthcare,0.05706100000000001,0.15890076666666667,0.15731536666666665,5,17
2023-03-09,Healthcare,0.24049199999999998,0.19961349999999997,0.15890076666666667,5,17
2023-03-10,Healthcare,0.21540416666666665,0.17371766666666663,0.19961349999999997,4,9
2023-03-13,Healthcare,0.1774614285714286,0.18145121904761902,0.17371766666666663,5,18
2023-03-14,Healthcare,0.04848266666666667,0.14778025238095235,0.18145121904761902,5,15
2023-03-15,Healthcare,0.08162666666666667,0.15269338571428567,0.14778025238095235,5,14
2023-03-16,Healthcare,0.05186000000000002,0.1149669857142857,0.15269338571428567,5,9
2023-03-17,Healthcare,0.11496666666666666,0.0948794857142857,0.1149669857142857,3,8
2023-03-20,Healthcare,0.10107333333333332,0.07960186666666665,0.0948794857142857,5,20
2023-03-21,Healthcare,0.17180833333333334,0.10426699999999997,0.07960186666666665,5,13
2023-03-22,Healthcare,0.024696,0.09288086666666664,0.10426699999999997,5,20
2023-03-23,Healthcare,0.26348333333333335,0.13520553333333332,0.09288086666666664,3,11
2023-03-24,Healthcare,0.05461833333333333,0.12313586666666665,0.13520553333333332,4,11
2023-03-27,Healthcare,0.11899,0.12671919999999998,0.12313586666666665,5,22
2023-03-28,Healthcare,0.25751333333333337,0.1438602,0.12671919999999998,5,13
2023-03-29,Healthcare,0.06323666666666666,0.15156833333333336,0.1438602,5,12
2023-03-30,Healthcare,0.09652916666666668,0.1181775,0.15156833333333336,4,13
2023-03-31,Healthcare,0.12758750000000002,0.13277133333333332,0.1181775,4,11
2023-04-03,Healthcare,0.020967333333333327,0.11316679999999998,0.13277133333333332,5,16
2023-04-04,Healthcare,0.27837083333333335,0.11733829999999998,0.11316679999999998,4,15
2023-04-05,Healthcare,0.04668333333333334,0.11402763333333332,0.11733829999999998,5,15
2023-04-06,Healthcare,0.091073,0.11293639999999998,0.11402763333333332,5,18
2023-04-10,Healthcare,0.14642787878787877,0.11670447575757574,0.11293639999999998,5,28
2023-04-11,Healthcare,0.016239999999999997,0.11575900909090905,0.11670447575757574,5,13
2023-04-12,Healthcare,0.08249166666666666,0.07658317575757574,0.11575900909090905,5,20
2023-04-13,Healthcare,-0.09782857142857142,0.047680794805194784,0.07658317575757574,4,11
2023-04-14,Healthcare,0.169469,0.06335999480519479,0.047680794805194784,5,17
2023-04-17,Healthcare,0.23394875,0.08086416904761903,0.06335999480519479,5,30
2023-04-18,Healthcare,0.10833666666666666,0.09928350238095236,0.08086416904761903,5,13
2023-04-19,Healthcare,0.15593190196078432,0.1139715494397759,0.09928350238095236,5,33
2023-04-20,Healthcare,0.26625499999999996,0.18678826372549015,0.1139715494397759,4,14
2023-04-21,Healthcare,0.222424,0.19737926372549017,0.18678826372549015,5,12
2023-04-24,Healthcare,0.20444444444444448,0.19147840261437904,0.19737926372549017,5,25
2023-04-25,Healthcare,0.2825825,0.22632756928104572,0.19147840261437904,5,24
2023-04-26,Healthcare,0.13941166666666666,0.2230235222222222,0.22632756928104572,5,17
2023-04-27,Healthcare,0.10282369047619047,0.1903372603174603,0.2230235222222222,5,46
2023-04-28,Healthcare,0.057080952380952385,0.15726865079365077,0.1903372603174603,5,21
2023-05-01,Healthcare,0.1730952857142857,0.150998819047619,0.15726865079365077,5,21
2023-05-02,Healthcare,0.02064733333333335,0.09861178571428568,0.150998819047619,5,14
2023-05-03,Healthcare,-0.029762499999999997,0.06477695238095235,0.09861178571428568,4,9
2023-05-04,Healthcare,0.09186666666666667,0.06258554761904758,0.06477695238095235,5,13
2023-05-05,Healthcare,0.22716000000000003,0.09660135714285711,0.06258554761904758,5,7
2023-05-08,Healthcare,0.12807333333333334,0.08759696666666665,0.09660135714285711,4,14
2023-05-09,Healthcare,0.15639166666666668,0.11474583333333332,0.08759696666666665,4,7
2023-05-10,Healthcare,0.09139166666666668,0.13897666666666667,0.11474583333333332,5,18
2023-05-11,Healthcare,0.4104777777777778,0.2026988888888889,0.13897666666666667,3,6
2023-05-12,Healthcare,0.12021333333333334,0.18130955555555556,0.2026988888888889,3,9
2023-05-15,Healthcare,0.11951523809523809,0.17959793650793648,0.18130955555555556,5,17
2023-05-16,Healthcare,0.04629375,0.15757835317460314,0.17959793650793648,5,25
2023-05-17,Healthcare,-0.08247833333333332,0.12280435317460314,0.15757835317460314,5,18
2023-05-18,Healthcare,0.12698166666666666,0.06610513095238091,0.12280435317460314,5,19
2023-05-19,Healthcare,0.05226166666666667,0.05251479761904757,0.06610513095238091,5,15
2023-05-22,Healthcare,0.09138642857142856,0.04688903571428567,0.05251479761904757,5,19
2023-05-23,Healthcare,0.1724541666666667,0.072121119047619,0.04688903571428567,4,11
2023-05-24,Healthcare,0.016693333333333327,0.09195545238095235,0.072121119047619,5,14
2023-05-25,Healthcare,0.143085,0.095176119047619,0.09195545238095235,5,10
2023-05-26,Healthcare,0.12116500000000001,0.10895678571428569,0.095176119047619,5,14
2023-05-30,Healthcare,0.299445,0.15056849999999997,0.10895678571428569,5,18
2023-05-31,Healthcare,0.121,0.1402776666666666,0.15056849999999997,5,16
2023-06-01,Healthcare,-0.051789523809523806,0.1265810952380952,0.1402776666666666,5,18
2023-06-02,Healthcare,0.11968571428571428,0.12190123809523805,0.1265810952380952,4,10
2023-06-05,Healthcare,0.09226800000000002,0.11612183809523806,0.12190123809523805,5,16
2023-06-06,Healthcare,0.26341095238095236,0.10891502857142851,0.11612183809523806,5,14
2023-06-07,Healthcare,0.2336916666666667,0.13145336190476187,0.10891502857142851,5,14
2023-06-08,Healthcare,0.31686099999999995,0.20518346666666662,0.13145336190476187,5,15
2023-06-09,Healthcare,0.053851666666666666,0.1920166571428571,0.20518346666666662,5,13
2023-06-12,Healthcare,0.19611,0.21278505714285711,0.1920166571428571,5,20
2023-06-13,Healthcare,0.07085833333333333,0.1742745333333333,0.21278505714285711,4,8
2023-06-14,Healthcare,0.2401777777777778,0.17557175555555551,0.1742745333333333,3,5
2023-06-15,Healthcare,-0.06827777777777777,0.09854399999999999,0.17557175555555551,3,7
2023-06-16,Healthcare,0.05470166666666667,0.09871399999999997,0.09854399999999999,3,13
2023-06-20,Healthcare,0.10160857142857142,0.07981371428571424,0.09871399999999997,5,21
2023-06-21,Healthcare,0.17827733333333332,0.10129751428571425,0.07981371428571424,5,17
2023-06-22,Healthcare,0.09004999999999999,0.07127195873015868,0.10129751428571425,5,13
2023-06-23,Healthcare,0.19944333333333333,0.1248161809523809,0.07127195873015868,5,11
2023-06-26,Healthcare,0.12653116666666667,0.1391820809523809,0.1248161809523809,5,26
2023-06-27,Healthcare,0.14128541666666666,0.14711744999999996,0.1391820809523809,4,14
2023-06-28,Healthcare,0.12248,0.13595798333333328,0.14711744999999996,5,8
2023-06-29,Healthcare,0.29308,0.17656398333333329,0.13595798333333328,4,17
2023-06-30,Healthcare,-0.013102499999999998,0.13405481666666663,0.17656398333333329,5,18
2023-07-03,Healthcare,0.103716,0.1294917833333333,0.13405481666666663,5,25
2023-07-05,Healthcare,0.25222,0.15167869999999997,0.1294917833333333,5,16
2023-07-06,Healthcare,0.36219583333333333,0.19962186666666662,0.15167869999999997,3,13
2023-07-07,Healthcare,0.14315,0.16963586666666663,0.19962186666666662,5,12
2023-07-10,Healthcare,0.09408571428571429,0.19107350952380947,0.16963586666666663,5,20
2023-07-11,Healthcare,-0.046415000000000005,0.1610473095238095,0.19107350952380947,5,15
2023-07-12,Healthcare,0.29379833333333333,0.16936297619047616,0.1610473095238095,5,14
2023-07-13,Healthcare,0.12512833333333334,0.12194947619047616,0.16936297619047616,5,14
2023-07-14,Healthcare,0.11648666666666667,0.11661680952380948,0.12194947619047616,5,14
2023-07-17,Healthcare,0.07873866666666667,0.11354739999999997,0.11661680952380948,5,15
2023-07-18,Healthcare,0.10870000000000002,0.14457039999999996,0.11354739999999997,5,13
2023-07-19,Healthcare,0.015476666666666672,0.08890606666666664,0.14457039999999996,5,12
2023-07-20,Healthcare,0.0737866666666667,0.0786377333333333,0.08890606666666664,5,29
2023-07-21,Healthcare,-0.02522545454545454,0.05029530909090907,0.0786377333333333,5,20
2023-07-24,Healthcare,0.157287,0.06600497575757573,0.05029530909090907,5,28
2023-07-25,Healthcare,0.09477833333333333,0.06322064242424238,0.06600497575757573,5,21
2023-07-26,Healthcare,-0.005530000000000002,0.05901930909090906,0.06322064242424238,5,24
2023-07-27,Healthcare,0.3287273214285714,0.11000744004329,0.05901930909090906,4,30
2023-07-28,Healthcare,0.09603633333333332,0.13425979761904758,0.11000744004329,5,20
2023-07-31,Healthcare,0.21818666666666667,0.1464397309523809,0.13425979761904758,5,26
2023-08-01,Healthcare,0.4092822916666667,0.2093405226190476,0.1464397309523809,4,30
2023-08-02,Healthcare,0.2351669642857143,0.2574799154761904,0.2093405226190476,4,16
2023-08-03,Healthcare,0.2154012777777778,0.23481470674603172,0.2574799154761904,5,37
2023-08-04,Healthcare,0.06301333333333334,0.22821010674603173,0.23481470674603172,5,31
2023-08-07,Healthcare,0.16367533333333334,0.21730784007936504,0.22821010674603173,5,13
2023-08-08,Healthcare,0.32999333333333336,0.20145004841269837,0.21730784007936504,4,13
2023-08-09,Healthcare,0.3464506666666667,0.2237067888888889,0.20145004841269837,5,18
2023-08-10,Healthcare,0.2509533333333333,0.2308172,0.2237067888888889,4,10
2023-08-11,Healthcare,0.061933,0.23060113333333326,0.2308172,5,13
2023-08-14,Healthcare,0.29000291666666667,0.25586665,0.23060113333333326,4,20
2023-08-15,Healthcare,0.039476666666666674,0.19776331666666663,0.25586665,5,15
2023-08-16,Healthcare,-0.030112499999999993,0.12245068333333331,0.19776331666666663,4,7
2023-08-17,Healthcare,-0.07242,0.05777601666666664,0.12245068333333331,5,9
2023-08-18,Healthcare,0.1804375,0.08147691666666664,0.05777601666666664,2,7
2023-08-21,Healthcare,0.11910638095238095,0.04729760952380949,0.08147691666666664,5,25
2023-08-22,Healthcare,-0.05647916666666667,0.028106442857142828,0.04729760952380949,4,8
2023-08-23,Healthcare,0.21182780952380953,0.07649450476190474,0.028106442857142828,5,24
2023-08-24,Healthcare,0.14806000000000002,0.12059050476190473,0.07649450476190474,5,9
2023-08-25,Healthcare,0.14934699999999998,0.11437240476190472,0.12059050476190473,5,15
2023-08-28,Healthcare,0.15340160256410257,0.12123144908424906,0.11437240476190472,4,23
2023-08-29,Healthcare,0.11434833333333332,0.15539694908424903,0.12123144908424906,5,25
2023-08-30,Healthcare,0.09503125000000001,0.13203763717948713,0.15539694908424903,4,10
2023-08-31,Healthcare,0.15754791666666668,0.1339352205128205,0.13203763717948713,4,13
2023-09-01,Healthcare,0.11121800000000001,0.12630942051282049,0.1339352205128205,5,19
2023-09-05,Healthcare,0.0016812857142857046,0.09596535714285712,0.12630942051282049,5,26
2023-09-06,Healthcare,0.1935,0.11179569047619045,0.09596535714285712,5,10
2023-09-07,Healthcare,-0.17362,0.058065440476190444,0.11179569047619045,5,7
2023-09-08,Healthcare,0.298468,0.08624945714285712,0.058065440476190444,5,18
2023-09-11,Healthcare,0.18915099999999999,0.10183605714285711,0.08624945714285712,5,19
2023-09-12,Healthcare,-0.013934999999999986,0.09871279999999996,0.10183605714285711,5,13
2023-09-13,Healthcare,0.1124,0.08249279999999996,0.09871279999999996,3,8
2023-09-14,Healthcare,0.18919333333333332,0.15505546666666664,0.08249279999999996,5,12
2023-09-15,Healthcare,0.04417083333333334,0.1041960333333333,0.15505546666666664,4,16
2023-09-18,Healthcare,0.089236,0.0842130333333333,0.1041960333333333,5,14
2023-09-19,Healthcare,0.09536,0.1060720333333333,0.0842130333333333,5,8
2023-09-20,Healthcare,-0.086695,0.0662530333333333,0.1060720333333333,5,14
2023-09-21,Healthcare,0.16087333333333334,0.0605890333333333,0.0662530333333333,5,10
2023-09-22,Healthcare,-0.045690625000000006,0.04261674166666664,0.0605890333333333,4,12
2023-09-25,Healthcare,0.12421666666666667,0.049612874999999966,0.04261674166666664,4,15
2023-09-26,Healthcare,0.19809880952380954,0.07016063690476187,0.049612874999999966,4,14
2023-09-27,Healthcare,-0.0008277777777777792,0.08733408134920632,0.07016063690476187,3,7
2023-09-28,Healthcare,0.20262000000000002,0.09568341468253964,0.08733408134920632,5,11
2023-09-29,Healthcare,0.20711,0.14624353968253964,0.09568341468253964,5,16
2023-10-02,Healthcare,0.07195066666666666,0.13579033968253965,0.14624353968253964,5,28
2023-10-03,Healthcare,0.2887375,0.15391807777777772,0.13579033968253965,4,7
2023-10-04,Healthcare,0.16915000000000002,0.18791363333333327,0.15391807777777772,4,9
2023-10-05,Healthcare,0.02732,0.1528536333333333,0.18791363333333327,5,8
2023-10-06,Healthcare,0.20273666666666665,0.15197896666666663,0.1528536333333333,4,12
2023-10-09,Healthcare,0.42709,0.22300683333333332,0.15197896666666663,5,13
2023-10-10,Healthcare,0.060307999999999994,0.17732093333333332,0.22300683333333332,5,15
2023-10-11,Healthcare,0.07735785714285714,0.15896250476190474,0.17732093333333332,5,19
2023-10-12,Healthcare,0.18895714285714288,0.1912899333333333,0.15896250476190474,4,13
2023-10-13,Healthcare,0.11376666666666665,0.1734959333333333,0.1912899333333333,4,14
2023-10-16,Healthcare,0.15550200000000003,0.11917833333333332,0.1734959333333333,5,16
2023-10-17,Healthcare,0.16451,0.1400187333333333,0.11917833333333332,5,19
2023-10-18,Healthcare,0.09889409090909092,0.14432598008658007,0.1400187333333333,5,33
2023-10-19,Healthcare,0.24105657142857143,0.1547458658008658,0.14432598008658007,5,25
2023-10-20,Healthcare,0.14257214285714287,0.16050696103896103,0.1547458658008658,5,18
2023-10-23,Healthcare,0.09089900000000001,0.14758636103896103,0.16050696103896103,5,24
2023-10-24,Healthcare,0.159754,0.14663516103896104,0.14758636103896103,5,17
2023-10-25,Healthcare,0.09422190476190476,0.14570072380952379,0.14663516103896104,5,22
2023-10-26,Healthcare,0.24626533333333334,0.14674247619047617,0.14570072380952379,5,25
2023-10-27,Healthcare,0.2291310909090909,0.16405426580086577,0.14674247619047617,5,23
2023-10-30,Healthcare,0.07375666666666666,0.1606257991341991,0.16405426580086577,5,21
2023-10-31,Healthcare,0.17583818421052633,0.16384263597630438,0.1606257991341991,5,38
2023-11-01,Healthcare,-0.0014077777777777624,0.14471669946836788,0.16384263597630438,3,10
2023-11-02,Healthcare,0.3242697115384615,0.16031757510939348,0.14471669946836788,4,25
2023-11-03,Healthcare,0.17929761904761907,0.15035088073709912,0.16031757510939348,3,10
2023-11-06,Healthcare,0.15845266666666666,0.16729008073709914,0.15035088073709912,5,21
2023-11-07,Healthcare,0.1273677777777778,0.15759599945054942,0.16729008073709914,5,20
2023-11-08,Healthcare,0.0638635,0.17065025500610498,0.15759599945054942,5,17
2023-11-09,Healthcare,0.1740488484848485,0.14060608239538236,0.17065025500610498,5,23
2023-11-10,Healthcare,0.16258333333333336,0.13726322525252527,0.14060608239538236,4,13
2023-11-13,Healthcare,0.15594,0.1367606919191919,0.13726322525252527,5,19
2023-11-14,Healthcare,0.1375825,0.13880363636363632,0.1367606919191919,4,15
2023-11-15,Healthcare,0.13342,0.15271493636363634,0.13880363636363632,5,10
2023-11-16,Healthcare,0.044373333333333334,0.1267798333333333,0.15271493636363634,5,9
2023-11-17,Healthcare,0.08282916666666668,0.11082899999999998,0.1267798333333333,4,13
2023-11-20,Healthcare,0.19019999999999998,0.11768099999999997,0.11082899999999998,5,13
2023-11-21,Healthcare,0.12119250000000001,0.11440299999999996,0.11768099999999997,4,12
2023-11-22,Healthcare,0.17385,0.12248899999999999,0.11440299999999996,5,8
2023-11-24,Healthcare,0.08471,0.1305563333333333,0.12248899999999999,5,13
2023-11-27,Healthcare,0.2489333333333333,0.16377716666666664,0.1305563333333333,5,11
2023-11-28,Healthcare,0.19904166666666667,0.16554549999999996,0.16377716666666664,4,9
2023-11-29,Healthcare,0.11763166666666666,0.16483333333333333,0.16554549999999996,5,15
2023-11-30,Healthcare,0.196575,0.1693783333333333,0.16483333333333333,5,22
2023-12-01,Healthcare,0.0,0.1524363333333333,0.1693783333333333,5,8
2023-12-04,Healthcare,0.10420100000000002,0.12348986666666666,0.1524363333333333,5,15
2023-12-05,Healthcare,0.28523333333333334,0.1407282,0.12348986666666666,3,7
2023-12-06,Healthcare,0.20820833333333333,0.1588435333333333,0.1407282,4,15
2023-12-07,Healthcare,0.22148454545454546,0.1638254424242424,0.1588435333333333,4,27
2023-12-08,Healthcare,0.03687066666666666,0.17119957575757574,0.1638254424242424,5,16
2023-12-11,Healthcare,0.20957696969696968,0.19227476969696966,0.17119957575757574,5,35
2023-12-12,Healthcare,0.135271,0.162282303030303,0.19227476969696966,5,22
2023-12-13,Healthcare,0.038956666666666674,0.12843196969696968,0.162282303030303,5,17
2023-12-14,Healthcare,0.18835000000000002,0.12180506060606058,0.12843196969696968,3,4
2023-12-15,Healthcare,0.0,0.11443092727272726,0.12180506060606058,1,1
2023-12-18,Healthcare,0.2335632051282051,0.11922817435897434,0.11443092727272726,5,34
2023-12-19,Healthcare,,0.11521746794871793,0.11922817435897434,0,0
2023-12-20,Healthcare,,0.14063773504273502,0.11521746794871793,0,0
2023-12-21,Healthcare,,0.11678160256410253,0.14063773504273502,0,0
2023-12-22,Healthcare,,0.2335632051282051,0.11678160256410253,0,0
2023-12-26,Healthcare,,,0.2335632051282051,0,0
2023-12-27,Healthcare,,,,0,0
2023-12-28,Healthcare,,,,0,0
2023-12-29,Healthcare,,,,0,0
2020-01-02,Industrials,0.1061,0.1061,,5,13
2020-01-03,Industrials,-0.1448125,-0.019356250000000005,0.1061,4,7
2020-01-06,Industrials,0.0735287037037037,0.011605401234567894,-0.019356250000000005,3,14
2020-01-07,Industrials,0.04099285714285715,0.018952265211640208,0.011605401234567894,4,13
2020-01-08,Industrials,0.03513333333333333,0.022188478835978832,0.018952265211640208,3,12
2020-01-09,Industrials,0.06775666666666667,0.014519812169312168,0.022188478835978832,5,9
2020-01-10,Industrials,0.09254999999999998,0.06199231216931217,0.014519812169312168,3,8
2020-01-13,Industrials,0.07404583333333334,0.06209573809523809,0.06199231216931217,4,10
2020-01-14,Industrials,0.17368499999999998,0.08863416666666665,0.06209573809523809,3,10
2020-01-15,Industrials,-0.09173124999999997,0.06326124999999999,0.08863416666666665,4,10
2020-01-16,Industrials,0.25995,0.10169991666666667,0.06326124999999999,2,4
2020-01-17,Industrials,0.2740666666666667,0.13800325,0.10169991666666667,4,12
2020-01-21,Industrials,0.13440628571428573,0.15007534047619048,0.13800325,5,16
2020-01-22,Industrials,0.08924285714285714,0.1331869119047619,0.15007534047619048,3,12
2020-01-23,Industrials,0.05791904761904762,0.16311697142857143,0.1331869119047619,4,14
2020-01-24,Industrials,0.11160222222222223,0.13344741587301587,0.16311697142857143,3,11
2020-01-27,Industrials,0.10354666666666668,0.09934341587301587,0.13344741587301587,5,18
2020-01-28,Industrials,0.0056562500000000016,0.07359340873015874,0.09934341587301587,4,34
2020-01-29,Industrials,0.00022666666666666929,0.05579017063492063,0.07359340873015874,4,28
2020-01-30,Industrials,0.16957916666666667,0.07812219444444446,0.05579017063492063,4,13
2020-01-31,Industrials,0.078996,0.07160095,0.07812219444444446,5,26
2020-02-03,Industrials,0.10257799999999999,0.07140721666666666,0.07160095,5,14
2020-02-04,Industrials,0.24124583333333333,0.11852513333333334,0.07140721666666666,4,11
2020-02-05,Industrials,0.11416916666666668,0.14131363333333333,0.11852513333333334,4,12
2020-02-06,Industrials,-0.012866666666666667,0.10482446666666667,0.14131363333333333,2,6
2020-02-07,Industrials,0.039420000000000004,0.09690926666666667,0.10482446666666667,2,6
2020-02-10,Industrials,0.11257916666666667,0.09890950000000001,0.09690926666666667,4,19
2020-02-11,Industrials,0.08477083333333334,0.06761450000000001,0.09890950000000001,4,7
2020-02-12,Industrials,0.14385333333333333,0.07355133333333334,0.06761450000000001,5,7
2020-02-13,Industrials,0.05547,0.08721866666666668,0.07355133333333334,5,14
2020-02-14,Industrials,0.219265,0.12318766666666667,0.08721866666666668,5,13
2020-02-18,Industrials,0.006366666666666666,0.10194516666666667,0.12318766666666667,3,5
2020-02-19,Industrials,0.22269166666666668,0.12952933333333333,0.10194516666666667,4,6
2020-02-20,Industrials,0.11717083333333334,0.12419283333333334,0.12952933333333333,4,10
2020-02-21,Industrials,0.11362999999999998,0.13582483333333334,0.12419283333333334,5,7
2020-02-24,Industrials,0.07129300000000001,0.10623043333333333,0.13582483333333334,5,21
2020-02-25,Industrials,-0.0381,0.09733710000000001,0.10623043333333333,4,9
2020-02-26,Industrials,0.09074444444444445,0.07094765555555556,0.09733710000000001,3,15
2020-02-27,Industrials,0.19499166666666667,0.08651182222222223,0.07094765555555556,4,12
2020-02-28,Industrials,0.1291,0.08960582222222221,0.08651182222222223,4,16
2020-03-02,Industrials,0.112025,0.09775222222222223,0.08960582222222221,4,8
2020-03-03,Industrials,0.18,0.14137222222222223,0.09775222222222223,2,5
2020-03-04,Industrials,0.14978028571428573,0.1531793904761905,0.14137222222222223,5,20
2020-03-05,Industrials,0.029913333333333347,0.12016372380952382,0.1531793904761905,4,12
2020-03-06,Industrials,0.09295833333333334,0.1129353904761905,0.12016372380952382,4,9
2020-03-09,Industrials,-0.12966100000000003,0.06459819047619049,0.1129353904761905,5,13
2020-03-10,Industrials,-0.04056800000000001,0.020484590476190487,0.06459819047619049,5,12
2020-03-11,Industrials,0.1821166666666667,0.026951866666666678,0.020484590476190487,4,14
2020-03-12,Industrials,-0.21418666666666666,-0.021868133333333324,0.026951866666666678,5,18
2020-03-13,Industrials,0.09337999999999999,-0.021783799999999992,-0.021868133333333324,5,9
2020-03-16,Industrials,0.0932907142857143,0.022806542857142873,-0.021783799999999992,5,23
2020-03-17,Industrials,0.005936111111111107,0.0321073650793651,0.022806542857142873,4,14
2020-03-18,Industrials,0.04957809523809524,0.0055996507936508025,0.0321073650793651,5,17
2020-03-19,Industrials,0.020477777777777775,0.052532539682539695,0.0055996507936508025,3,16
2020-03-20,Industrials,0.13284285714285715,0.06042511111111113,0.052532539682539695,3,19
2020-03-23,Industrials,0.01933666666666666,0.0456343015873016,0.06042511111111113,5,23
2020-03-24,Industrials,0.25459533333333334,0.09536614603174605,0.0456343015873016,5,27
2020-03-25,Industrials,0.07593125,0.10063677698412699,0.09536614603174605,4,14
2020-03-26,Industrials,0.24985873015873014,0.14651296746031747,0.10063677698412699,3,19
2020-03-27,Industrials,0.13203636363636365,0.14635166875901878,0.14651296746031747,5,21
2020-03-30,Industrials,0.011048952380952385,0.14469412590187591,0.14635166875901878,5,22
2020-03-31,Industrials,0.06394166666666666,0.10656339256854257,0.14469412590187591,5,22
2020-04-01,Industrials,0.13282083333333333,0.11794130923520925,0.10656339256854257,4,15
2020-04-02,Industrials,-0.03632027777777778,0.06070550764790765,0.11794130923520925,3,19
2020-04-03,Industrials,-0.19907218253968254,-0.005516201587301572,0.06070550764790765,5,44
2020-04-06,Industrials,0.133069,0.01888780793650795,-0.005516201587301572,5,46
2020-04-07,Industrials,0.324553,0.07101007460317461,0.01888780793650795,5,34
2020-04-08,Industrials,0.1839192857142857,0.08122976507936508,0.07101007460317461,5,39
2020-04-09,Industrials,0.06607083333333333,0.10170798730158732,0.08122976507936508,5,28
2020-04-13,Industrials,0.0031408080808080717,0.14215058542568543,0.10170798730158732,5,36
2020-04-14,Industrials,0.21315372222222223,0.15816752987012989,0.14215058542568543,5,31
2020-04-15,Industrials,0.04244333333333332,0.10174559653679653,0.15816752987012989,5,18
2020-04-16,Industrials,0.24679175757575758,0.1143200909090909,0.10174559653679653,5,23
2020-04-17,Industrials,0.05015959595959595,0.11113784343434344,0.1143200909090909,3,31
2020-04-20,Industrials,0.06126666666666667,0.12276301515151515,0.11113784343434344,4,27
2020-04-21,Industrials,0.018443000000000008,0.08382087070707071,0.12276301515151515,5,20
2020-04-22,Industrials,0.056949999999999994,0.08672220404040405,0.08382087070707071,4,15
2020-04-23,Industrials,0.30403199999999997,0.09817025252525254,0.08672220404040405,5,12
2020-04-24,Industrials,0.06663676470588234,0.1014656862745098,0.09817025252525254,4,22
2020-04-27,Industrials,0.12569666666666668,0.1143516862745098,0.1014656862745098,5,75
2020-04-28,Industrials,0.11676642982456138,0.1340163722394221,0.1143516862745098,5,74
2020-04-29,Industrials,0.08547189417989418,0.13972075107540094,0.1340163722394221,5,68
2020-04-30,Industrials,-0.04491717948717948,0.06993091517796504,0.13972075107540094,5,21
2020-05-01,Industrials,-0.05724254761904762,0.045155052712979045,0.06993091517796504,5,45
2020-05-04,Industrials,0.08579714285714286,0.037175147951074274,0.045155052712979045,5,35
2020-05-05,Industrials,0.28754555555555555,0.07133097309727311,0.037175147951074274,5,31
2020-05-06,Industrials,0.07561499999999999,0.06935959426129427,0.07133097309727311,4,12
2020-05-07,Industrials,0.037835,0.08591003015873017,0.06935959426129427,3,14
2020-05-08,Industrials,0.078640625,0.1130866646825397,0.08591003015873017,4,12
2020-05-11,Industrials,0.299725,0.15587223611111112,0.1130866646825397,5,19
2020-05-12,Industrials,0.030972727272727277,0.10455767045454548,0.15587223611111112,4,14
2020-05-13,Industrials,0.01245111111111111,0.0919248926767677,0.10455767045454548,5,19
2020-05-14,Industrials,0.06395763888888889,0.09714942045454547,0.0919248926767677,4,27
2020-05-15,Industrials,-0.022317333333333335,0.07695782878787881,0.09714942045454547,5,19
2020-05-18,Industrials,0.3901641818181818,0.09504566515151516,0.07695782878787881,5,26
2020-05-19,Industrials,-0.12721249999999998,0.06340861969696972,0.09504566515151516,4,12
2020-05-20,Industrials,0.150975,0.09111339747474749,0.06340861969696972,4,8
2020-05-21,Industrials,-0.06721666666666666,0.06487853636363639,0.09111339747474749,4,9
2020-05-22,Industrials,0.11331666666666666,0.09200533636363639,0.06487853636363639,3,4
2020-05-26,Industrials,0.31995999999999997,0.07796450000000002,0.09200533636363639,5,16
2020-05-27,Industrials,0.3632485714285714,0.1760567142857143,0.07796450000000002,5,27
2020-05-28,Industrials,0.1582501904761905,0.1775117523809524,0.1760567142857143,5,45
2020-05-29,Industrials,0.18829166666666666,0.22861341904761906,0.1775117523809524,4,13
2020-06-01,Industrials,0.12635833333333332,0.23122175238095238,0.22861341904761906,5,19
2020-06-02,Industrials,0.3864166666666667,0.24451308571428573,0.23122175238095238,5,14
2020-06-03,Industrials,0.3321330434782609,0.23828998012422362,0.24451308571428573,5,37
2020-06-04,Industrials,0.09536130952380951,0.22571220393374744,0.23828998012422362,4,20
2020-06-05,Industrials,0.3821414285714286,0.26448215631469985,0.22571220393374744,5,25
2020-06-08,Industrials,0.15262941176470587,0.26973637200097433,0.26448215631469985,5,25
2020-06-09,Industrials,0.11458740384615386,0.21537051943687174,0.26973637200097433,4,24
2020-06-10,Industrials,0.034583333333333334,0.15586057740788625,0.21537051943687174,2,16
2020-06-11,Industrials,0.10111857142857143,0.15701202978883863,0.15586057740788625,5,25
2020-06-12,Industrials,-0.0636775,0.06784824407455292,0.15701202978883863,4,15
2020-06-15,Industrials,0.06888738095238095,0.05109983791208794,0.06784824407455292,4,22
2020-06-16,Industrials,0.28971416666666666,0.0861251904761905,0.05109983791208794,4,24
2020-06-17,Industrials,0.0,0.07920852380952383,0.0861251904761905,3,6
2020-06-18,Industrials,-0.08018166666666666,0.042948476190476204,0.07920852380952383,3,10
2020-06-19,Industrials,0.1101,0.0777039761904762,0.042948476190476204,4,5
2020-06-22,Industrials,0.15954444444444443,0.0958353888888889,0.0777039761904762,3,6
2020-06-23,Industrials,0.21516799999999997,0.08092615555555556,0.0958353888888889,5,15
2020-06-24,Industrials,-0.02942,0.07504215555555556,0.08092615555555556,5,13
2020-06-25,Industrials,-0.06778235294117647,0.0775220183006536,0.07504215555555556,4,20
2020-06-26,Industrials,0.016998148148148148,0.05890164793028323,0.0775220183006536,3,12
2020-06-29,Industrials,0.24292857142857144,0.07557847332710863,0.05890164793028323,2,30
2020-06-30,Industrials,0.17143,0.06683087332710863,0.07557847332710863,4,20
2020-07-01,Industrials,0.2882777777777778,0.1303704288826642,0.06683087332710863,3,12
2020-07-02,Industrials,0.037128125,0.15135252447089947,0.1303704288826642,4,15
2020-07-06,Industrials,0.01609,0.15117089484126986,0.15135252447089947,5,16
2020-07-07,Industrials,-0.045864285714285705,0.09341232341269842,0.15117089484126986,2,8
2020-07-08,Industrials,0.134395,0.08600532341269843,0.09341232341269842,5,10
2020-07-09,Industrials,0.006355555555555559,0.029620878968253977,0.08600532341269843,3,5
2020-07-10,Industrials,-0.1211857142857143,-0.002041888888888882,0.029620878968253977,3,9
2020-07-13,Industrials,0.17143333333333333,0.029026777777777783,-0.002041888888888882,4,7
2020-07-14,Industrials,0.11441300000000001,0.061082234920634935,0.029026777777777783,5,17
2020-07-15,Industrials,0.24139,0.08248123492063493,0.061082234920634935,5,8
2020-07-16,Industrials,0.0036750000000000003,0.08194512380952382,0.08248123492063493,4,9
2020-07-17,Industrials,0.1460125,0.13538476666666668,0.08194512380952382,2,5
2020-07-20,Industrials,0.37552575757575757,0.17620325151515154,0.13538476666666668,3,14
2020-07-21,Industrials,-0.04254285714285714,0.14481208008658011,0.17620325151515154,2,9
2020-07-22,Industrials,-0.07091666666666667,0.08235074675324676,0.14481208008658011,3,14
2020-07-23,Industrials,0.3133275,0.14428124675324674,0.08235074675324676,5,12
2020-07-24,Industrials,0.205884375,0.15625562175324675,0.14428124675324674,4,14
2020-07-27,Industrials,0.2309125,0.12733297023809526,0.15625562175324675,4,13
2020-07-28,Industrials,0.11616111842105264,0.1590737653508772,0.12733297023809526,4,29
2020-07-29,Industrials,0.12258477564102564,0.19777405381241567,0.1590737653508772,4,40
2020-07-30,Industrials,0.08204622710622711,0.1515177992336611,0.19777405381241567,5,46
2020-07-31,Industrials,-0.007290666666666665,0.10888279090032775,0.1515177992336611,5,24
2020-08-03,Industrials,-0.06747012121212122,0.04920626665790352,0.10888279090032775,5,27
2020-08-04,Industrials,0.07183333333333332,0.04034070964035965,0.04920626665790352,3,16
2020-08-05,Industrials,0.12053749999999999,0.03993125451215452,0.04034070964035965,5,12
2020-08-06,Industrials,0.30506666666666665,0.08453534242424243,0.03993125451215452,3,5
2020-08-07,Industrials,0.027029166666666674,0.09139930909090908,0.08453534242424243,4,8
2020-08-10,Industrials,0.17254333333333335,0.139402,0.09139930909090908,3,10
2020-08-11,Industrials,0.09584074074074074,0.1442034814814815,0.139402,3,12
2020-08-12,Industrials,0.015781249999999997,0.1232522314814815,0.1442034814814815,4,11
2020-08-13,Industrials,-0.0717,0.047898898148148156,0.1232522314814815,3,8
2020-08-14,Industrials,0.026439999999999998,0.04778106481481482,0.047898898148148156,5,12
2020-08-17,Industrials,0.20295,0.05386239814814815,0.04778106481481482,3,11
2020-08-18,Industrials,0.39005,0.11270424999999999,0.05386239814814815,2,8
2020-08-19,Industrials,0.15887,0.141322,0.11270424999999999,4,12
2020-08-20,Industrials,0.149125,0.185487,0.141322,4,14
2020-08-21,Industrials,-0.03522,0.173155,0.185487,5,14
2020-08-24,Industrials,0.36088624999999996,0.20474225000000001,0.173155,4,16
2020-08-25,Industrials,0.1547,0.15767225,0.20474225000000001,5,8
2020-08-26,Industrials,-0.05680000000000002,0.11453825,0.15767225,4,8
2020-08-27,Industrials,0.09404333333333334,0.10352191666666669,0.11453825,5,20
2020-08-28,Industrials,0.08524666666666665,0.12761525,0.10352191666666669,3,8
2020-08-31,Industrials,0.348144,0.1250668,0.12761525,5,16
2020-09-01,Industrials,0.07876666666666667,0.10988013333333335,0.1250668,3,4
2020-09-02,Industrials,0.27944444444444444,0.17712902222222224,0.10988013333333335,3,8
2020-09-03,Industrials,0.12654583333333333,0.18362952222222223,0.17712902222222224,4,10
2020-09-04,Industrials,0.09106666666666667,0.18479352222222226,0.18362952222222223,3,5
2020-09-08,Industrials,-0.029387999999999997,0.10928712222222223,0.18479352222222226,5,16
2020-09-09,Industrials,0.16442222222222222,0.12641823333333335,0.10928712222222223,3,10
2020-09-10,Industrials,-0.005119999999999996,0.06950534444444446,0.12641823333333335,2,8
2020-09-11,Industrials,0.16288,0.07677217777777781,0.06950534444444446,3,8
2020-09-14,Industrials,0.06623333333333332,0.07180551111111114,0.07677217777777781,3,10
2020-09-15,Industrials,0.11665,0.10101311111111114,0.07180551111111114,5,12
2020-09-16,Industrials,0.3550314393939394,0.13913495454545455,0.10101311111111114,4,24
2020-09-17,Industrials,0.1325365909090909,0.16666627272727275,0.13913495454545455,5,27
2020-09-18,Industrials,0.25960833333333333,0.1860119393939394,0.16666627272727275,4,6
2020-09-21,Industrials,0.01120666666666667,0.17500660606060608,0.1860119393939394,4,16
2020-09-22,Industrials,0.06464333333333332,0.16460527272727274,0.17500660606060608,5,12
2020-09-23,Industrials,0.30659166666666665,0.1549173181818182,0.16460527272727274,3,8
2020-09-24,Industrials,0.07370555555555554,0.14315111111111112,0.1549173181818182,3,11
2020-09-25,Industrials,0.2729986111111111,0.14582916666666668,0.14315111111111112,4,22
2020-09-28,Industrials,0.19839460784313726,0.1832667549019608,0.14582916666666668,4,28
2020-09-29,Industrials,0.14937,0.20021208823529416,0.1832667549019608,5,8
2020-09-30,Industrials,0.23509433333333335,0.18591262156862748,0.20021208823529416,5,19
2020-10-01,Industrials,0.4128890625,0.2537493229575164,0.18591262156862748,4,21
2020-10-02,Industrials,0.057825,0.21071460073529416,0.2537493229575164,2,3
2020-10-05,Industrials,0.15953119047619047,0.20294191726190478,0.21071460073529416,4,17
2020-10-06,Industrials,-0.02681111111111111,0.16770569503968258,0.20294191726190478,3,19
2020-10-07,Industrials,0.06656666666666666,0.13400016170634924,0.16770569503968258,2,12
2020-10-08,Industrials,0.16759999999999997,0.08494234920634922,0.13400016170634924,3,9
2020-10-09,Industrials,0.3119533333333333,0.13576801587301587,0.08494234920634922,3,12
2020-10-12,Industrials,0.1883661904761905,0.1415350158730159,0.13576801587301587,5,17
2020-10-13,Industrials,0.29183749999999997,0.2052647380952381,0.1415350158730159,4,16
2020-10-14,Industrials,0.1843375,0.22881890476190478,0.2052647380952381,4,8
2020-10-15,Industrials,0.23505333333333334,0.24230957142857146,0.22881890476190478,5,11
2020-10-16,Industrials,0.1805709401709402,0.2160330927960928,0.24230957142857146,3,20
2020-10-19,Industrials,0.29280958333333335,0.2369217713675214,0.2160330927960928,4,19
2020-10-20,Industrials,0.19494999999999998,0.21754427136752139,0.2369217713675214,3,6
2020-10-21,Industrials,0.24932500000000002,0.23054177136752138,0.21754427136752139,4,6
2020-10-22,Industrials,-0.06998571428571429,0.16953396184371186,0.23054177136752138,3,10
2020-10-23,Industrials,0.41064999999999996,0.21554977380952384,0.16953396184371186,4,7
2020-10-26,Industrials,0.2283055555555556,0.20264896825396828,0.21554977380952384,5,21
2020-10-27,Industrials,0.040842179487179484,0.17182740415140418,0.20264896825396828,5,42
2020-10-28,Industrials,0.16987190909090907,0.155936785969586,0.17182740415140418,5,43
2020-10-29,Industrials,-0.063477,0.15723852882672884,0.155936785969586,5,14
2020-10-30,Industrials,0.061326071428571424,0.08737374311244314,0.15723852882672884,4,20
2020-11-02,Industrials,0.196546875,0.08102200700133202,0.08737374311244314,4,19
2020-11-03,Industrials,0.26641499999999996,0.12613657110389612,0.08102200700133202,4,16
2020-11-04,Industrials,0.3160145833333333,0.15536510595238098,0.12613657110389612,4,10
2020-11-05,Industrials,0.09215666666666666,0.1864918392857143,0.15536510595238098,5,12
2020-11-06,Industrials,-0.0292,0.16838662500000004,0.1864918392857143,3,11
2020-11-09,Industrials,0.2552646666666667,0.18013018333333336,0.16838662500000004,5,31
2020-11-10,Industrials,0.14805430555555557,0.1564580444444445,0.18013018333333336,4,29
2020-11-11,Industrials,0.09393,0.11204112777777782,0.1564580444444445,5,11
2020-11-12,Industrials,0.09335,0.11227979444444447,0.11204112777777782,5,14
2020-11-13,Industrials,0.11876,0.14187179444444448,0.11227979444444447,5,11
2020-11-16,Industrials,0.18228035714285715,0.12727493253968256,0.14187179444444448,4,25
2020-11-17,Industrials,0.14673750000000002,0.12701157142857147,0.12727493253968256,4,9
2020-11-18,Industrials,-0.0024366666666666608,0.10773823809523812,0.12701157142857147,5,26
2020-11-19,Industrials,0.045028571428571425,0.09807395238095241,0.10773823809523812,3,10
2020-11-20,Industrials,0.09988222222222222,0.09429839682539684,0.09807395238095241,3,9
2020-11-23,Industrials,0.1722657142857143,0.09229546825396828,0.09429839682539684,5,22
2020-11-24,Industrials,0.07054238095238095,0.07705644444444447,0.09229546825396828,5,28
2020-11-25,Industrials,0.3671816666666667,0.15098011111111115,0.07705644444444447,5,12
2020-11-27,Industrials,0.2560952380952381,0.19319344444444447,0.15098011111111115,3,9
2020-11-30,Industrials,0.16821257142857143,0.2068595142857143,0.19319344444444447,5,16
2020-12-01,Industrials,0.1001125,0.19242887142857143,0.2068595142857143,4,10
2020-12-02,Industrials,0.03993888888888889,0.18630817301587305,0.19242887142857143,3,11
2020-12-03,Industrials,0.12168369747899159,0.137208579178338,0.18630817301587305,5,30
2020-12-04,Industrials,0.11517000000000002,0.10902353155929041,0.137208579178338,5,14
2020-12-07,Industrials,0.04928958333333333,0.08523893394024279,0.10902353155929041,4,20
2020-12-08,Industrials,0.0019111111111111065,0.065598656162465,0.08523893394024279,4,19
2020-12-09,Industrials,0.04252333333333334,0.06611554505135389,0.065598656162465,5,23
2020-12-10,Industrials,0.056310666666666676,0.053040938888888924,0.06611554505135389,5,13
2020-12-11,Industrials,-0.08355666666666668,0.013295605555555576,0.053040938888888924,5,18
2020-12-14,Industrials,0.16781458333333332,0.03700060555555558,0.013295605555555576,4,24
2020-12-15,Industrials,0.24858750000000002,0.08633588333333335,0.03700060555555558,4,7
2020-12-16,Industrials,0.15357500000000002,0.10854621666666668,0.08633588333333335,4,14
2020-12-17,Industrials,0.25004583333333336,0.14729325000000004,0.10854621666666668,3,14
2020-12-18,Industrials,0.087405625,0.18148570833333338,0.14729325000000004,4,18
2020-12-21,Industrials,0.223915,0.19270579166666674,0.18148570833333338,5,38
2020-12-22,Industrials,0.21412916666666665,0.18581412500000005,0.19270579166666674,4,11
2020-12-23,Industrials,0.3358625,0.22227162500000003,0.18581412500000005,4,10
2020-12-24,Industrials,0.306025,0.23346745833333338,0.22227162500000003,2,4
2020-12-28,Industrials,0.2535071428571429,0.26668776190476196,0.23346745833333338,4,12
2020-12-29,Industrials,0.2066075,0.26322626190476195,0.26668776190476196,5,20
2020-12-30,Industrials,0.093384,0.2390772285714286,0.26322626190476195,5,11
2020-12-31,Industrials,0.15333999999999998,0.20257272857142863,0.2390772285714286,4,10
2021-01-04,Industrials,0.14050972222222224,0.16946967301587307,0.20257272857142863,2,13
2021-01-05,Industrials,0.15044444444444444,0.14885713333333336,0.16946967301587307,3,14
2021-01-06,Industrials,0.054275000000000004,0.11839063333333336,0.14885713333333336,5,20
2021-01-07,Industrials,-0.011533333333333336,0.0974071666666667,0.11839063333333336,5,14
2021-01-08,Industrials,-0.01563555555555556,0.0636120555555556,0.0974071666666667,5,15
2021-01-11,Industrials,0.299475,0.09540511111111113,0.0636120555555556,4,20
2021-01-12,Industrials,0.051041666666666666,0.07552455555555558,0.09540511111111113,4,15
2021-01-13,Industrials,0.33333409090909094,0.13133637373737378,0.07552455555555558,4,15
2021-01-14,Industrials,0.3039111111111111,0.19442526262626267,0.13133637373737378,3,8
2021-01-15,Industrials,0.08051,0.21365437373737378,0.19442526262626267,5,11
2021-01-19,Industrials,0.20747999999999997,0.19525537373737376,0.21365437373737378,5,25
2021-01-20,Industrials,0.147956,0.21463824040404042,0.19525537373737376,5,12
2021-01-21,Industrials,-0.010249999999999995,0.14592142222222224,0.21463824040404042,2,4
2021-01-22,Industrials,0.154275,0.11599420000000002,0.14592142222222224,2,3
2021-01-25,Industrials,0.25328249999999997,0.15054870000000004,0.11599420000000002,5,26
2021-01-26,Industrials,0.1631355092276145,0.14167980184552292,0.15054870000000004,4,38
2021-01-27,Industrials,0.07209764492753624,0.12650813083103019,0.14167980184552292,4,32
2021-01-28,Industrials,0.111416,0.15084133083103018,0.12650813083103019,5,20
2021-01-29,Industrials,0.13081874999999998,0.14615008083103018,0.15084133083103018,4,19
2021-02-01,Industrials,-0.01604228571428571,0.09228512368817303,0.14615008083103018,5,19
2021-02-02,Industrials,0.08058798076923077,0.07577561799649629,0.09228512368817303,4,20
2021-02-03,Industrials,0.08046249999999999,0.07744858901098904,0.07577561799649629,4,9
2021-02-04,Industrials,0.08573333333333333,0.07231205567765571,0.07744858901098904,3,5
2021-02-05,Industrials,-0.019325000000000002,0.04228330567765571,0.07231205567765571,4,5
2021-02-08,Industrials,0.23259523809523808,0.09201081043956047,0.04228330567765571,4,19
2021-02-09,Industrials,0.10102083333333334,0.09609738095238099,0.09201081043956047,4,12
2021-02-10,Industrials,0.13034166666666666,0.10607321428571433,0.09609738095238099,4,15
2021-02-11,Industrials,0.0024625000000000064,0.08941904761904765,0.10607321428571433,4,9
2021-02-12,Industrials,0.22364166666666668,0.138012380952381,0.08941904761904765,4,11
2021-02-16,Industrials,-0.22135357142857143,0.04722261904761908,0.138012380952381,4,12
2021-02-17,Industrials,0.06664285714285714,0.040347023809523846,0.04722261904761908,2,9
2021-02-18,Industrials,0.06815285714285714,0.02790926190476194,0.040347023809523846,5,14
2021-02-19,Industrials,0.26428166666666664,0.08027309523809527,0.02790926190476194,4,13
2021-02-22,Industrials,0.10432833333333333,0.0564104285714286,0.08027309523809527,5,22
2021-02-23,Industrials,0.10810000000000002,0.12230114285714291,0.0564104285714286,3,9
2021-02-24,Industrials,0.005738333333333312,0.11012023809523812,0.12230114285714291,5,21
2021-02-25,Industrials,0.1418486111111111,0.12485938888888892,0.11012023809523812,4,14
2021-02-26,Industrials,-0.004509722222222216,0.07110111111111114,0.12485938888888892,3,12
2021-03-01,Industrials,0.01372049999999998,0.052979544444444485,0.07110111111111114,5,25
2021-03-02,Industrials,0.024500000000000004,0.03625954444444447,0.052979544444444485,3,9
2021-03-03,Industrials,0.07142142857142858,0.04939616349206353,0.03625954444444447,4,16
2021-03-04,Industrials,0.18010625,0.05704769126984131,0.04939616349206353,4,9
2021-03-05,Industrials,0.04992857142857143,0.06793535000000003,0.05704769126984131,4,10
2021-03-08,Industrials,0.14869833333333332,0.09493091666666668,0.06793535000000003,5,23
2021-03-09,Industrials,0.14089722222222223,0.11821036111111113,0.09493091666666668,3,15
2021-03-10,Industrials,0.1318253205128205,0.13029113949938953,0.11821036111111113,4,27
2021-03-11,Industrials,0.252098,0.14468948949938953,0.13029113949938953,5,21
2021-03-12,Industrials,0.22961666666666666,0.18062710854700856,0.14468948949938953,3,11
2021-03-15,Industrials,0.28686666666666666,0.20826077521367523,0.18062710854700856,4,14
2021-03-16,Industrials,-0.012766666666666657,0.17752799743589748,0.20826077521367523,3,8
2021-03-17,Industrials,-0.015006249999999999,0.14816168333333335,0.17752799743589748,4,7
2021-03-18,Industrials,-0.02802,0.09213808333333337,0.14816168333333335,5,14
2021-03-19,Industrials,-0.0007749999999999979,0.04605975000000004,0.09213808333333337,2,3
2021-03-22,Industrials,0.0628,0.0012464166666667053,0.04605975000000004,4,8
2021-03-23,Industrials,0.1478125,0.03336225000000004,0.0012464166666667053,4,6
2021-03-24,Industrials,0.09407499999999999,0.05517850000000004,0.03336225000000004,4,8
2021-03-25,Industrials,0.040211111111111086,0.06882472222222225,0.05517850000000004,3,5
2021-03-26,Industrials,0.1983035714285714,0.10864043650793653,0.06882472222222225,2,11
2021-03-29,Industrials,0.282331,0.1525466365079365,0.10864043650793653,5,22
2021-03-30,Industrials,0.194075,0.16179913650793654,0.1525466365079365,4,10
2021-03-31,Industrials,0.1121638888888889,0.1654169142857143,0.16179913650793654,3,11
2021-04-01,Industrials,0.20877916666666665,0.1991305253968254,0.1654169142857143,4,8
2021-04-05,Industrials,0.35867125,0.23120406111111116,0.1991305253968254,4,14
2021-04-06,Industrials,0.054737,0.18568526111111114,0.23120406111111116,5,13
2021-04-07,Industrials,0.07946666666666666,0.16276359444444446,0.18568526111111114,4,9
2021-04-08,Industrials,0.08161666666666666,0.15665415,0.16276359444444446,4,6
2021-04-09,Industrials,0.2355104761904762,0.16200041190476192,0.15665415,5,16
2021-04-12,Industrials,0.21673333333333333,0.1336128285714286,0.16200041190476192,3,6
2021-04-13,Industrials,0.3938,0.2014254285714286,0.1336128285714286,3,7
2021-04-14,Industrials,0.10808958333333332,0.20715001190476193,0.2014254285714286,4,13
2021-04-15,Industrials,0.2576666666666667,0.24236001190476192,0.20715001190476193,3,6
2021-04-16,Industrials,0.06845,0.20894791666666665,0.24236001190476192,3,8
2021-04-19,Industrials,0.18940875000000001,0.20348300000000002,0.20894791666666665,4,13
2021-04-20,Industrials,-0.003120454545454565,0.12409890909090912,0.20348300000000002,4,16
2021-04-21,Industrials,0.009396666666666664,0.10436032575757578,0.12409890909090912,5,8
2021-04-22,Industrials,0.14629,0.08208499242424246,0.10436032575757578,5,10
2021-04-23,Industrials,0.1032,0.08903499242424244,0.08208499242424246,3,10
2021-04-26,Industrials,0.11588888888888887,0.07433102020202022,0.08903499242424244,3,14
2021-04-27,Industrials,0.17338663194444445,0.10963243750000003,0.07433102020202022,4,52
2021-04-28,Industrials,-0.031461263157894735,0.10146085153508774,0.10963243750000003,5,31
2021-04-29,Industrials,0.0129273076923077,0.07478831307354929,0.10146085153508774,5,21
2021-04-30,Industrials,0.07832,0.06981231307354929,0.07478831307354929,4,10
2021-05-03,Industrials,0.0485904761904762,0.05635263053386676,0.06981231307354929,5,15
2021-05-04,Industrials,0.12611,0.04689730414497786,0.05635263053386676,4,16
2021-05-05,Industrials,0.21648299999999998,0.0964861567765568,0.04689730414497786,5,25
2021-05-06,Industrials,0.2647,0.14684069523809526,0.0964861567765568,4,8
2021-05-07,Industrials,0.06868095238095238,0.14491288571428573,0.14684069523809526,3,9
2021-05-10,Industrials,0.2396625,0.1831272904761905,0.14491288571428573,4,7
2021-05-11,Industrials,0.07876250000000001,0.1736577904761905,0.1831272904761905,3,13
2021-05-12,Industrials,0.13684857142857143,0.1577309047619048,0.1736577904761905,5,13
2021-05-13,Industrials,0.20030333333333336,0.14485157142857147,0.1577309047619048,3,13
2021-05-14,Industrials,0.07574999999999998,0.14626538095238098,0.14485157142857147,2,7
2021-05-17,Industrials,0.18967678571428573,0.1362682380952381,0.14626538095238098,4,11
2021-05-18,Industrials,0.036716,0.12785893809523813,0.1362682380952381,5,11
2021-05-19,Industrials,0.07492499999999999,0.11547422380952384,0.12785893809523813,2,6
2021-05-20,Industrials,0.23156666666666667,0.1217268904761905,0.11547422380952384,3,3
2021-05-21,Industrials,0.401575,0.1868918904761905,0.1217268904761905,2,4
2021-05-24,Industrials,0.28210833333333335,0.20537820000000004,0.1868918904761905,3,7
2021-05-25,Industrials,0.0,0.19803500000000002,0.20537820000000004,2,2
2021-05-26,Industrials,0.1317277777777778,0.2093955555555556,0.19803500000000002,3,7
2021-05-27,Industrials,0.13341666666666668,0.18976555555555558,0.2093955555555556,4,15
2021-05-28,Industrials,0.0903,0.1275105555555556,0.18976555555555558,4,4
2021-06-01,Industrials,0.177825,0.10665388888888891,0.1275105555555556,4,9
2021-06-02,Industrials,0.10194999999999999,0.1270438888888889,0.10665388888888891,2,2
2021-06-03,Industrials,0.24319166666666667,0.1493366666666667,0.1270438888888889,4,9
2021-06-04,Industrials,0.25978333333333337,0.17461000000000002,0.1493366666666667,4,9
2021-06-07,Industrials,0.28919375,0.21438875000000004,0.17461000000000002,4,7
2021-06-08,Industrials,0.0511,0.18904375,0.21438875000000004,3,5
2021-06-09,Industrials,0.15020416666666667,0.1986945833333334,0.18904375,4,10
2021-06-10,Industrials,0.20690833333333333,0.1914379166666667,0.1986945833333334,4,8
2021-06-11,Industrials,0.4711666666666667,0.23371458333333334,0.1914379166666667,3,5
2021-06-14,Industrials,0.10606666666666666,0.1970891666666667,0.23371458333333334,3,5
2021-06-15,Industrials,-0.02467777777777778,0.18193361111111112,0.1970891666666667,3,7
2021-06-16,Industrials,0.3181916666666667,0.21553111111111117,0.18193361111111112,3,6
2021-06-17,Industrials,0.0,0.1741494444444445,0.21553111111111117,3,6
2021-06-18,Industrials,0.1687,0.11365611111111114,0.1741494444444445,3,4
2021-06-21,Industrials,0.1965,0.13174277777777782,0.11365611111111114,3,14
2021-06-22,Industrials,-0.24261666666666667,0.08815500000000004,0.13174277777777782,3,6
2021-06-23,Industrials,0.0734,0.03919666666666669,0.08815500000000004,3,5
2021-06-24,Industrials,0.022477777777777777,0.04369222222222224,0.03919666666666669,3,7
2021-06-25,Industrials,-0.010916666666666658,0.007768888888888914,0.04369222222222224,3,6
2021-06-28,Industrials,0.2569,0.019848888888888916,0.007768888888888914,2,7
2021-06-29,Industrials,0.21865,0.11210222222222226,0.019848888888888916,4,6
2021-06-30,Industrials,0.05084444444444444,0.10759111111111115,0.11210222222222226,3,5
2021-07-01,Industrials,0.26194999999999996,0.15548555555555557,0.10759111111111115,3,7
2021-07-02,Industrials,0.10189999999999999,0.1780488888888889,0.15548555555555557,3,3
2021-07-06,Industrials,0.003350000000000001,0.1273388888888889,0.1780488888888889,2,4
2021-07-07,Industrials,0.3940666666666667,0.16242222222222225,0.1273388888888889,2,4
2021-07-08,Industrials,0.21785,0.19582333333333332,0.16242222222222225,2,4
2021-07-09,Industrials,0.052075,0.15384833333333336,0.19582333333333332,4,7
2021-07-12,Industrials,0.2759333333333333,0.18865500000000002,0.15384833333333336,3,5
2021-07-13,Industrials,-0.03653333333333334,0.18067833333333336,0.18865500000000002,3,3
2021-07-14,Industrials,0.0734,0.11654499999999998,0.18067833333333336,3,5
2021-07-15,Industrials,0.0683,0.08663500000000002,0.11654499999999998,4,4
2021-07-16,Industrials,0.18765,0.11375000000000002,0.08663500000000002,2,3
2021-07-19,Industrials,0.07207678571428572,0.0729786904761905,0.11375000000000002,4,11
2021-07-20,Industrials,0.0,0.08028535714285717,0.0729786904761905,1,1
2021-07-21,Industrials,0.05284166666666667,0.0761736904761905,0.08028535714285717,3,7
2021-07-22,Industrials,0.09079166666666667,0.08067202380952385,0.0761736904761905,3,6
2021-07-23,Industrials,0.3008638888888889,0.1033148015873016,0.08067202380952385,3,8
2021-07-26,Industrials,-0.024766666666666663,0.08394611111111114,0.1033148015873016,3,14
2021-07-27,Industrials,0.11456444444444443,0.10685900000000001,0.08394611111111114,3,31
2021-07-28,Industrials,0.3113166666666667,0.15855400000000003,0.10685900000000001,2,4
2021-07-29,Industrials,0.2296222222222222,0.1863201111111111,0.15855400000000003,3,8
2021-07-30,Industrials,0.10070333333333333,0.14628800000000003,0.1863201111111111,3,15
2021-08-02,Industrials,0.13745555555555555,0.17873244444444447,0.14628800000000003,3,17
2021-08-03,Industrials,0.10115,0.17604955555555557,0.17873244444444447,1,2
2021-08-04,Industrials,0.15796666666666667,0.14537955555555557,0.17604955555555557,3,3
2021-08-05,Industrials,0.19323125,0.13810136111111113,0.14537955555555557,4,10
2021-08-06,Industrials,-0.03637499999999999,0.11068569444444447,0.13810136111111113,1,4
2021-08-09,Industrials,0.2939555555555555,0.14198569444444448,0.11068569444444447,3,5
2021-08-10,Industrials,0.16080555555555556,0.1539168055555556,0.14198569444444448,3,7
2021-08-11,Industrials,-0.08424000000000001,0.10547547222222224,0.1539168055555556,4,13
2021-08-12,Industrials,0.0,0.06682922222222225,0.10547547222222224,2,2
2021-08-13,Industrials,-0.074,0.05930422222222224,0.06682922222222225,2,3
2021-08-16,Industrials,0.12201041666666664,0.024915194444444462,0.05930422222222224,4,10
2021-08-17,Industrials,0.1858,0.029914083333333348,0.024915194444444462,3,3
2021-08-18,Industrials,-0.03160000000000002,0.040442083333333344,0.029914083333333348,4,8
2021-08-19,Industrials,0.105375,0.06151708333333335,0.040442083333333344,2,3
2021-08-20,Industrials,-0.2615,0.024017083333333345,0.06151708333333335,3,5
2021-08-23,Industrials,0.1744388888888889,0.03450277777777779,0.024017083333333345,3,6
2021-08-24,Industrials,0.27225,0.0517927777777778,0.03450277777777779,4,6
2021-08-25,Industrials,0.0605,0.0702127777777778,0.0517927777777778,3,6
2021-08-26,Industrials,0.0,0.0491377777777778,0.0702127777777778,4,5
2021-08-27,Industrials,0.32985,0.1674077777777778,0.0491377777777778,2,10
2021-08-30,Industrials,0.08846666666666668,0.15021333333333337,0.1674077777777778,3,6
2021-08-31,Industrials,0.418025,0.17936833333333335,0.15021333333333337,2,5
2021-09-01,Industrials,0.0,0.16726833333333335,0.17936833333333335,2,2
2021-09-02,Industrials,0.007816666666666658,0.16883166666666669,0.16726833333333335,3,4
2021-09-03,Industrials,-0.06108888888888889,0.09064388888888891,0.16883166666666669,3,9
2021-09-07,Industrials,0.19976,0.11290255555555558,0.09064388888888891,4,10
2021-09-08,Industrials,0.3242777777777778,0.09415311111111113,0.11290255555555558,3,6
2021-09-09,Industrials,0.0,0.09415311111111113,0.09415311111111113,2,2
2021-09-10,Industrials,-0.0308875,0.0864122777777778,0.09415311111111113,4,7
2021-09-13,Industrials,0.17734444444444444,0.13409894444444448,0.0864122777777778,3,7
2021-09-14,Industrials,0.03288888888888889,0.10072472222222224,0.13409894444444448,3,5
2021-09-15,Industrials,-0.06358333333333334,0.023152500000000027,0.10072472222222224,3,4
2021-09-16,Industrials,0.15476666666666664,0.05410583333333335,0.023152500000000027,2,4
2021-09-17,Industrials,0.0,0.060283333333333355,0.05410583333333335,2,2
2021-09-20,Industrials,-0.007924999999999995,0.023229444444444462,0.060283333333333355,4,11
2021-09-21,Industrials,-0.03771666666666667,0.009108333333333352,0.023229444444444462,3,4
2021-09-22,Industrials,0.0869375,0.03921250000000002,0.009108333333333352,4,7
2021-09-23,Industrials,0.343375,0.07693416666666668,0.03921250000000002,4,10
2021-09-24,Industrials,-0.027999999999999997,0.07133416666666667,0.07693416666666668,3,7
2021-09-27,Industrials,0.169645,0.10684816666666667,0.07133416666666667,4,12
2021-09-28,Industrials,0.28683333333333333,0.17175816666666668,0.10684816666666667,1,3
2021-09-29,Industrials,0.21075,0.19652066666666668,0.17175816666666668,2,3
2021-09-30,Industrials,0.194,0.1666456666666667,0.19652066666666668,4,8
2021-10-01,Industrials,0.21075,0.2143956666666667,0.1666456666666667,2,2
2021-10-04,Industrials,0.3313425,0.24673516666666667,0.2143956666666667,4,9
2021-10-05,Industrials,0.08223333333333332,0.2058151666666667,0.24673516666666667,4,7
2021-10-06,Industrials,-0.265585,0.1105481666666667,0.2058151666666667,3,11
2021-10-07,Industrials,0.0,0.07174816666666668,0.1105481666666667,1,1
2021-10-08,Industrials,0.09792500000000001,0.04918316666666668,0.07174816666666668,2,3
2021-10-11,Industrials,0.5391,0.0907346666666667,0.04918316666666668,4,4
2021-10-12,Industrials,0.0,0.07428800000000003,0.0907346666666667,1,1
2021-10-13,Industrials,0.247275,0.17686000000000004,0.07428800000000003,4,7
2021-10-14,Industrials,0.24571666666666667,0.2260033333333334,0.17686000000000004,3,5
2021-10-15,Industrials,0.2022625,0.24687083333333337,0.2260033333333334,2,5
2021-10-18,Industrials,0.14855833333333335,0.1687625,0.24687083333333337,4,7
2021-10-19,Industrials,0.11291111111111111,0.19134472222222226,0.1687625,3,8
2021-10-20,Industrials,0.03675000000000001,0.14923972222222223,0.19134472222222226,4,5
2021-10-21,Industrials,0.06555,0.11320638888888893,0.14923972222222223,4,11
2021-10-22,Industrials,0.10415,0.09358388888888892,0.11320638888888893,3,4
2021-10-25,Industrials,0.08223333333333335,0.08031888888888891,0.09358388888888892,4,11
2021-10-26,Industrials,0.1048075,0.0786981666666667,0.08031888888888891,4,37
2021-10-27,Industrials,0.01379166666666666,0.07410650000000003,0.0786981666666667,4,12
2021-10-28,Industrials,0.15393613636363634,0.0917837272727273,0.07410650000000003,4,22
2021-10-29,Industrials,0.04334444444444444,0.07962261616161617,0.0917837272727273,3,11
2021-11-01,Industrials,0.21230000000000002,0.10563594949494952,0.07962261616161617,1,3
2021-11-02,Industrials,0.04098333333333334,0.09287111616161618,0.10563594949494952,3,4
2021-11-03,Industrials,0.09038333333333333,0.10818944949494953,0.09287111616161618,3,6
2021-11-04,Industrials,-0.16035000000000002,0.045332222222222246,0.10818944949494953,2,3
2021-11-05,Industrials,0.39923333333333333,0.11651000000000003,0.045332222222222246,2,4
2021-11-08,Industrials,0.0299125,0.08003250000000002,0.11651000000000003,4,13
2021-11-09,Industrials,0.244271875,0.12069020833333335,0.08003250000000002,4,22
2021-11-10,Industrials,-0.043889583333333364,0.09383562500000003,0.12069020833333335,4,16
2021-11-11,Industrials,0.13026875,0.151959375,0.09383562500000003,4,8
2021-11-12,Industrials,0.3539375,0.14290020833333333,0.151959375,4,5
2021-11-15,Industrials,0.28321875,0.19356145833333332,0.14290020833333333,4,9
2021-11-16,Industrials,0.08808125,0.16232333333333332,0.19356145833333332,4,11
2021-11-17,Industrials,0.09074166666666666,0.18924958333333336,0.16232333333333332,4,10
2021-11-18,Industrials,0.13674999999999998,0.19054583333333336,0.18924958333333336,2,3
2021-11-19,Industrials,-0.22212500000000002,0.07533333333333335,0.19054583333333336,2,3
2021-11-22,Industrials,0.11390625,0.041470833333333346,0.07533333333333335,4,7
2021-11-23,Industrials,0.1144,0.04673458333333334,0.041470833333333346,2,3
2021-11-24,Industrials,0.0,0.028586250000000014,0.04673458333333334,3,4
2021-11-26,Industrials,0.15905,0.03304625000000002,0.028586250000000014,2,5
2021-11-29,Industrials,0.06509999999999999,0.09049125000000002,0.03304625000000002,4,5
2021-11-30,Industrials,0.10711666666666668,0.08913333333333337,0.09049125000000002,2,5
2021-12-01,Industrials,-0.14498333333333333,0.037256666666666695,0.08913333333333337,3,4
2021-12-02,Industrials,0.08933333333333333,0.05512333333333336,0.037256666666666695,3,5
2021-12-03,Industrials,0.24766666666666667,0.0728466666666667,0.05512333333333336,3,4
2021-12-06,Industrials,0.32954333333333335,0.12573533333333337,0.0728466666666667,2,8
2021-12-07,Industrials,0.169425,0.13819700000000004,0.12573533333333337,4,6
2021-12-08,Industrials,0.057191666666666675,0.178632,0.13819700000000004,3,6
2021-12-09,Industrials,0.20421666666666663,0.20160866666666669,0.178632,3,4
2021-12-10,Industrials,0.1676166666666667,0.1855986666666667,0.20160866666666669,2,4
2021-12-13,Industrials,-0.00575277777777778,0.11853944444444446,0.1855986666666667,3,10
2021-12-14,Industrials,0.1726625,0.11918694444444447,0.11853944444444446,4,9
2021-12-15,Industrials,0.04408055555555556,0.11656472222222225,0.11918694444444447,4,14
2021-12-16,Industrials,-0.0026275000000000014,0.07519588888888892,0.11656472222222225,5,19
2021-12-17,Industrials,0.09465785714285714,0.060604126984127,0.07519588888888892,4,14
2021-12-20,Industrials,-0.05579750000000002,0.05059518253968256,0.060604126984127,5,17
2021-12-21,Industrials,0.1953975,0.05514218253968256,0.05059518253968256,4,15
2021-12-22,Industrials,0.3953,0.12538607142857144,0.05514218253968256,4,6
2021-12-23,Industrials,0.0486,0.13563157142857146,0.12538607142857144,3,7
2021-12-27,Industrials,0.315975,0.179895,0.13563157142857146,4,11
2021-12-28,Industrials,0.015733333333333332,0.1942011666666667,0.179895,3,10
2021-12-29,Industrials,0.22846666666666668,0.20081500000000002,0.1942011666666667,3,8
2021-12-30,Industrials,0.241975,0.17015000000000002,0.20081500000000002,4,4
2021-12-31,Industrials,0.0,0.16043000000000002,0.17015000000000002,2,2
2022-01-03,Industrials,0.24409,0.14605300000000004,0.16043000000000002,5,10
2022-01-04,Industrials,0.164325,0.17577133333333333,0.14605300000000004,4,10
2022-01-05,Industrials,0.11132222222222223,0.15234244444444447,0.17577133333333333,3,8
2022-01-06,Industrials,0.033716666666666666,0.1106907777777778,0.15234244444444447,3,10
2022-01-07,Industrials,0.090265,0.1287437777777778,0.1106907777777778,4,13
2022-01-10,Industrials,0.18447714285714284,0.11682120634920637,0.1287437777777778,5,16
2022-01-11,Industrials,0.1307525,0.11010670634920636,0.11682120634920637,4,14
2022-01-12,Industrials,0.23800208333333334,0.1354426785714286,0.11010670634920636,4,10
2022-01-13,Industrials,0.1377047619047619,0.15624029761904762,0.1354426785714286,3,12
2022-01-14,Industrials,0.23939444444444447,0.18606618650793655,0.15624029761904762,4,16
2022-01-18,Industrials,0.09164948717948718,0.16750065537240538,0.18606618650793655,5,22
2022-01-19,Industrials,0.23082190476190476,0.18751453632478637,0.16750065537240538,3,15
2022-01-20,Industrials,0.18650433333333333,0.17721498632478633,0.18751453632478637,5,16
2022-01-21,Industrials,0.06317833333333334,0.16230970061050062,0.17721498632478633,4,15
2022-01-24,Industrials,0.149028,0.14423641172161175,0.16230970061050062,5,25
2022-01-25,Industrials,0.08687458521870287,0.14328143132945487,0.14423641172161175,5,43
2022-01-26,Industrials,0.13115159420289854,0.12334736921765363,0.14328143132945487,5,31
2022-01-27,Industrials,0.21629375,0.12930525255098696,0.12334736921765363,4,20
2022-01-28,Industrials,0.17946325000000002,0.15256223588432033,0.12930525255098696,5,33
2022-01-31,Industrials,0.2742525,0.1776071358843203,0.15256223588432033,5,24
2022-02-01,Industrials,0.09200372807017543,0.17863296445461482,0.1776071358843203,4,28
2022-02-02,Industrials,0.1304604166666667,0.17849472894736845,0.17863296445461482,4,12
2022-02-03,Industrials,0.194415,0.17411897894736844,0.17849472894736845,4,9
2022-02-04,Industrials,0.42888333333333334,0.2240029956140351,0.17411897894736844,3,5
2022-02-07,Industrials,0.37071785714285715,0.24329606704260653,0.2240029956140351,4,12
2022-02-08,Industrials,0.04771666666666667,0.23443865476190479,0.24329606704260653,4,19
2022-02-09,Industrials,0.23775000000000002,0.2558965714285715,0.23443865476190479,2,3
2022-02-10,Industrials,0.069152,0.2308439714285715,0.2558965714285715,5,14
2022-02-11,Industrials,0.16742666666666667,0.1785526380952381,0.2308439714285715,5,9
2022-02-14,Industrials,-0.07109791666666668,0.09018948333333336,0.1785526380952381,4,17
2022-02-15,Industrials,0.19218611111111114,0.11908337222222225,0.09018948333333336,3,12
2022-02-16,Industrials,0.09646607142857143,0.09082658650793654,0.11908337222222225,4,13
2022-02-17,Industrials,0.12244,0.10148418650793653,0.09082658650793654,5,16
2022-02-18,Industrials,0.05505500000000001,0.07900985317460321,0.10148418650793653,5,12
2022-02-22,Industrials,0.09132812500000001,0.11149506150793653,0.07900985317460321,4,15
2022-02-23,Industrials,-0.10419999999999999,0.05221783928571431,0.11149506150793653,4,9
2022-02-24,Industrials,0.05779583333333334,0.044483791666666696,0.05221783928571431,4,11
2022-02-25,Industrials,0.004763333333333336,0.020948458333333364,0.044483791666666696,5,14
2022-02-28,Industrials,0.18222,0.04638145833333336,0.020948458333333364,4,10
2022-03-01,Industrials,0.22934916666666666,0.07398566666666669,0.04638145833333336,4,16
2022-03-02,Industrials,0.12981916666666665,0.12078950000000002,0.07398566666666669,4,21
2022-03-03,Industrials,0.14898020833333334,0.13902637500000004,0.12078950000000002,4,20
2022-03-04,Industrials,0.26347333333333334,0.19076837500000005,0.13902637500000004,5,11
2022-03-07,Industrials,0.24977916666666666,0.20428020833333335,0.19076837500000005,4,15
2022-03-08,Industrials,-0.04279666666666666,0.14985104166666668,0.20428020833333335,5,13
2022-03-09,Industrials,0.23542380952380954,0.17097197023809527,0.14985104166666668,5,18
2022-03-10,Industrials,-0.05681428571428573,0.12981307142857143,0.17097197023809527,5,19
2022-03-11,Industrials,0.11408,0.09993440476190478,0.12981307142857143,5,10
2022-03-14,Industrials,0.27364,0.10470657142857145,0.09993440476190478,5,12
2022-03-15,Industrials,0.20983333333333334,0.15523257142857144,0.10470657142857145,4,12
2022-03-16,Industrials,0.02188948412698413,0.11252570634920636,0.15523257142857144,3,18
2022-03-17,Industrials,0.1959090909090909,0.1630703816738817,0.11252570634920636,4,18
2022-03-18,Industrials,-0.0726517094017094,0.1257240397935398,0.1630703816738817,3,18
2022-03-21,Industrials,-0.004740666666666669,0.07004790646020649,0.1257240397935398,5,42
2022-03-22,Industrials,-0.34310416666666665,-0.040539593539793514,0.07004790646020649,4,9
2022-03-23,Industrials,0.07813333333333332,-0.02929082369852367,-0.040539593539793514,3,10
2022-03-24,Industrials,-0.059276190476190475,-0.08032787997557995,-0.02929082369852367,3,9
2022-03-25,Industrials,0.25705,-0.014387538095238073,-0.08032787997557995,4,17
2022-03-28,Industrials,0.04227666666666667,-0.0049840714285713985,-0.014387538095238073,4,16
2022-03-29,Industrials,0.10329266666666667,0.08429529523809527,-0.0049840714285713985,5,14
2022-03-30,Industrials,0.36127777777777775,0.14092418412698415,0.08429529523809527,4,16
2022-03-31,Industrials,0.23740666666666668,0.20026075555555556,0.14092418412698415,5,9
2022-04-01,Industrials,-0.10725000000000003,0.12740075555555558,0.20026075555555556,4,11
2022-04-04,Industrials,0.10708500000000001,0.14036242222222223,0.12740075555555558,5,15
2022-04-05,Industrials,0.020324761904761908,0.12376884126984129,0.14036242222222223,5,17
2022-04-06,Industrials,0.141515,0.07981628571428574,0.12376884126984129,4,19
2022-04-07,Industrials,0.06450357142857142,0.04523566666666669,0.07981628571428574,4,11
2022-04-08,Industrials,0.18910833333333332,0.10450733333333335,0.04523566666666669,3,8
2022-04-11,Industrials,0.1382138888888889,0.11073311111111113,0.10450733333333335,4,17
2022-04-12,Industrials,0.13306333333333334,0.1332808253968254,0.11073311111111113,4,10
2022-04-13,Industrials,0.06376666666666667,0.11773115873015876,0.1332808253968254,3,5
2022-04-14,Industrials,0.1097,0.12677044444444446,0.11773115873015876,3,4
2022-04-18,Industrials,0.14714166666666667,0.11837711111111113,0.12677044444444446,4,8
2022-04-19,Industrials,0.1720325,0.12514083333333337,0.11837711111111113,4,10
2022-04-20,Industrials,0.209314,0.14039096666666667,0.12514083333333337,5,14
2022-04-21,Industrials,0.2426,0.17615763333333337,0.14039096666666667,5,12
2022-04-22,Industrials,-0.08736000000000001,0.13674563333333337,0.17615763333333337,5,11
2022-04-25,Industrials,0.21026000000000003,0.1493693,0.13674563333333337,5,24
2022-04-26,Industrials,-0.027883939393939395,0.10938601212121216,0.1493693,5,60
2022-04-27,Industrials,0.05559045454545455,0.07864130303030306,0.10938601212121216,5,31
2022-04-28,Industrials,0.12967428571428571,0.056056160173160195,0.07864130303030306,5,23
2022-04-29,Industrials,0.23572066666666663,0.12067229350649353,0.056056160173160195,5,18
2022-05-02,Industrials,0.057664666666666656,0.09015322683982685,0.12067229350649353,5,14
2022-05-03,Industrials,0.3247583333333333,0.16068168138528138,0.09015322683982685,4,7
2022-05-04,Industrials,0.11836666666666666,0.17323692380952382,0.16068168138528138,5,8
2022-05-05,Industrials,0.061407333333333335,0.15958353333333336,0.17323692380952382,5,18
2022-05-06,Industrials,0.1623333333333333,0.14490606666666667,0.15958353333333336,3,3
2022-05-09,Industrials,0.1021725,0.15380763333333333,0.14490606666666667,5,17
2022-05-10,Industrials,0.05308958333333333,0.09947388333333335,0.15380763333333333,4,12
2022-05-11,Industrials,0.1120052380952381,0.09820159761904763,0.09947388333333335,5,16
2022-05-12,Industrials,0.14164166666666667,0.11424846428571431,0.09820159761904763,4,11
2022-05-13,Industrials,0.058140833333333336,0.09340996428571431,0.11424846428571431,4,11
2022-05-16,Industrials,0.21335500000000002,0.1156464642857143,0.09340996428571431,5,9
2022-05-17,Industrials,0.11529199999999999,0.12808694761904765,0.1156464642857143,5,14
2022-05-18,Industrials,0.00029333333333333436,0.10574456666666668,0.12808694761904765,5,16
2022-05-19,Industrials,0.3910444444444445,0.15562512222222225,0.10574456666666668,3,9
2022-05-20,Industrials,0.16234444444444443,0.1764658444444445,0.15562512222222225,3,16
2022-05-23,Industrials,0.19431458333333335,0.17265776111111114,0.1764658444444445,4,10
2022-05-24,Industrials,0.49354666666666663,0.24830869444444445,0.17265776111111114,3,7
2022-05-25,Industrials,0.30921499999999996,0.3100930277777778,0.24830869444444445,4,11
2022-05-26,Industrials,0.07302916666666667,0.24648997222222224,0.3100930277777778,4,14
2022-05-27,Industrials,0.1510466666666667,0.24423041666666673,0.24648997222222224,5,9
2022-05-31,Industrials,0.39005999999999996,0.2833795,0.24423041666666673,4,11
2022-06-01,Industrials,0.233378,0.23134576666666667,0.2833795,5,13
2022-06-02,Industrials,0.048078333333333334,0.17911843333333335,0.23134576666666667,4,14
2022-06-03,Industrials,0.1683888888888889,0.19819037777777782,0.17911843333333335,3,8
2022-06-06,Industrials,0.1060275,0.18918654444444444,0.19819037777777782,4,12
2022-06-07,Industrials,0.26502,0.1641785444444445,0.18918654444444444,5,8
2022-06-08,Industrials,0.0552125,0.12854544444444443,0.1641785444444445,4,7
2022-06-09,Industrials,0.2846372916666666,0.17585723611111112,0.12854544444444443,4,19
2022-06-10,Industrials,0.06280833333333334,0.15474112499999998,0.17585723611111112,3,10
2022-06-13,Industrials,-0.07088833333333332,0.11935795833333333,0.15474112499999998,5,20
2022-06-14,Industrials,0.17914466666666667,0.10218289166666668,0.11935795833333333,5,14
2022-06-15,Industrials,0.2008518181818182,0.13131075530303032,0.10218289166666668,5,18
2022-06-16,Industrials,0.081508,0.09068489696969699,0.13131075530303032,5,17
2022-06-17,Industrials,0.26539999999999997,0.13120323030303033,0.09068489696969699,3,9
2022-06-21,Industrials,0.24816833333333332,0.19501456363636366,0.13120323030303033,5,18
2022-06-22,Industrials,-0.049976111111111124,0.14919040808080808,0.19501456363636366,5,19
2022-06-23,Industrials,0.149024,0.13882484444444448,0.14919040808080808,5,17
2022-06-24,Industrials,0.0053888888888888875,0.12360102222222222,0.13882484444444448,3,6
2022-06-27,Industrials,0.207375,0.11199602222222224,0.12360102222222222,5,24
2022-06-28,Industrials,0.006088571428571429,0.06358006984126986,0.11199602222222224,5,13
2022-06-29,Industrials,0.22371333333333335,0.11831795873015875,0.06358006984126986,5,13
2022-06-30,Industrials,0.3267583333333334,0.15386482539682542,0.11831795873015875,4,10
2022-07-01,Industrials,0.08596666666666668,0.169980380952381,0.15386482539682542,3,8
2022-07-05,Industrials,0.20935624999999997,0.170376630952381,0.169980380952381,4,17
2022-07-06,Industrials,0.058495000000000005,0.1808579166666667,0.170376630952381,5,11
2022-07-07,Industrials,0.08342999999999999,0.15280125000000003,0.1808579166666667,5,18
2022-07-08,Industrials,0.11499166666666667,0.11044791666666669,0.15280125000000003,4,10
2022-07-11,Industrials,0.20196666666666666,0.1336479166666667,0.11044791666666669,4,10
2022-07-12,Industrials,0.072955,0.10636766666666668,0.1336479166666667,4,14
2022-07-13,Industrials,0.18887666666666666,0.132444,0.10636766666666668,5,14
2022-07-14,Industrials,0.19301333333333331,0.15436066666666667,0.132444,5,9
2022-07-15,Industrials,0.012083333333333342,0.13377900000000004,0.15436066666666667,4,13
2022-07-18,Industrials,0.19249722222222224,0.13188511111111115,0.13377900000000004,3,28
2022-07-19,Industrials,0.1895625,0.15520661111111114,0.13188511111111115,4,9
2022-07-20,Industrials,0.18675714285714284,0.15478270634920638,0.15520661111111114,4,12
2022-07-21,Industrials,0.02731666666666666,0.12164337301587302,0.15478270634920638,3,7
2022-07-22,Industrials,0.07266249999999999,0.13375920634920635,0.12164337301587302,4,7
2022-07-25,Industrials,0.12209571428571431,0.11967890476190476,0.13375920634920635,3,16
2022-07-26,Industrials,0.17774007936507935,0.11731442063492066,0.11967890476190476,4,44
2022-07-27,Industrials,0.0,0.07996299206349208,0.11731442063492066,2,2
2022-07-28,Industrials,0.11501269841269841,0.09750219841269844,0.07996299206349208,3,11
2022-07-29,Industrials,0.20095,0.12315969841269843,0.09750219841269844,2,3
2022-08-01,Industrials,0.23346124999999998,0.14543280555555554,0.12315969841269843,4,15
2022-08-02,Industrials,0.06598461538461539,0.12308171275946278,0.14543280555555554,4,19
2022-08-03,Industrials,0.1887333333333333,0.16082837942612943,0.12308171275946278,2,4
2022-08-04,Industrials,0.0683,0.15148583974358976,0.16082837942612943,2,4
2022-08-05,Industrials,0.07925,0.12714583974358976,0.15148583974358976,3,6
2022-08-08,Industrials,0.3645333333333334,0.15336025641025644,0.12714583974358976,3,8
2022-08-09,Industrials,0.05705,0.15157333333333337,0.15336025641025644,4,7
2022-08-10,Industrials,0.19970277777777778,0.15376722222222225,0.15157333333333337,3,8
2022-08-11,Industrials,0.036616666666666665,0.14743055555555556,0.15376722222222225,3,6
2022-08-12,Industrials,0.3369555555555556,0.1989716666666667,0.14743055555555556,3,7
2022-08-15,Industrials,0.3612125,0.19830750000000003,0.1989716666666667,4,6
2022-08-16,Industrials,-0.111825,0.16453250000000003,0.19830750000000003,4,4
2022-08-17,Industrials,0.02928333333333334,0.13044861111111114,0.16453250000000003,3,5
2022-08-18,Industrials,-0.03662499999999999,0.11580027777777784,0.13044861111111114,4,6
2022-08-19,Industrials,0.09531666666666666,0.06747250000000002,0.11580027777777784,3,7
2022-08-22,Industrials,0.28393095238095234,0.052016190476190494,0.06747250000000002,4,13
2022-08-23,Industrials,0.2718333333333333,0.12874785714285716,0.052016190476190494,3,3
2022-08-24,Industrials,0.11385,0.1456611904761905,0.12874785714285716,4,7
2022-08-25,Industrials,0.1988,0.1927461904761905,0.1456611904761905,3,5
2022-08-26,Industrials,-0.07185555555555555,0.15931174603174605,0.1927461904761905,3,7
2022-08-29,Industrials,0.04310166666666666,0.1111458888888889,0.15931174603174605,4,11
2022-08-30,Industrials,0.19921250000000001,0.09662172222222225,0.1111458888888889,4,11
2022-08-31,Industrials,0.19134444444444443,0.11212061111111113,0.09662172222222225,3,6
2022-09-01,Industrials,0.23093125,0.11854686111111115,0.11212061111111113,4,11
2022-09-02,Industrials,0.11443333333333333,0.1558046388888889,0.11854686111111115,4,8
2022-09-06,Industrials,0.24868666666666667,0.19692163888888892,0.1558046388888889,4,16
2022-09-07,Industrials,0.108,0.17867913888888892,0.19692163888888892,4,9
2022-09-08,Industrials,-0.00881666666666664,0.13864691666666668,0.17867913888888892,4,12
2022-09-09,Industrials,0.04163888888888889,0.10078844444444446,0.13864691666666668,3,7
2022-09-12,Industrials,0.1570475,0.10931127777777783,0.10078844444444446,2,9
2022-09-13,Industrials,0.31264375,0.12210269444444447,0.10931127777777783,4,10
2022-09-14,Industrials,0.09604166666666666,0.1197110277777778,0.12210269444444447,4,14
2022-09-15,Industrials,0.0615,0.13377436111111113,0.1197110277777778,4,8
2022-09-16,Industrials,0.1843147058823529,0.16230952450980393,0.13377436111111113,2,18
2022-09-19,Industrials,0.29096825396825393,0.18909367530345472,0.16230952450980393,3,14
2022-09-20,Industrials,0.20416666666666666,0.16739825863678806,0.18909367530345472,4,10
2022-09-21,Industrials,0.09724666666666666,0.16763925863678805,0.16739825863678806,3,7
2022-09-22,Industrials,-0.018159166666666657,0.15170742530345474,0.16763925863678805,4,12
2022-09-23,Industrials,0.09150000000000001,0.13314448412698415,0.15170742530345474,3,7
2022-09-26,Industrials,0.03523125,0.08199708333333336,0.13314448412698415,4,10
2022-09-27,Industrials,0.13404166666666667,0.06797208333333335,0.08199708333333336,3,6
2022-09-28,Industrials,-0.16285555555555556,0.015951638888888918,0.06797208333333335,3,5
2022-09-29,Industrials,0.07844999999999999,0.03527347222222225,0.015951638888888918,4,6
2022-09-30,Industrials,-0.06533333333333331,0.003906805555555582,0.03527347222222225,3,3
2022-10-03,Industrials,0.27743333333333337,0.05234722222222225,0.003906805555555582,3,8
2022-10-04,Industrials,0.0456625,0.03467138888888892,0.05234722222222225,4,5
2022-10-05,Industrials,0.3094222222222222,0.12912694444444445,0.03467138888888892,3,7
2022-10-06,Industrials,0.15805,0.1450469444444445,0.12912694444444445,3,5
2022-10-07,Industrials,0.054918749999999995,0.16909736111111112,0.1450469444444445,4,9
2022-10-10,Industrials,0.23688333333333333,0.16098736111111114,0.16909736111111112,4,6
2022-10-11,Industrials,0.2917666666666667,0.21020819444444444,0.16098736111111114,3,5
2022-10-12,Industrials,0.4334,0.23500375,0.21020819444444444,3,3
2022-10-13,Industrials,0.1474,0.23287375,0.23500375,4,6
2022-10-14,Industrials,0.16516666666666666,0.25492333333333334,0.23287375,3,8
2022-10-17,Industrials,-0.0929,0.18896666666666667,0.25492333333333334,4,6
2022-10-18,Industrials,0.13093749999999998,0.15680083333333333,0.18896666666666667,4,12
2022-10-19,Industrials,-0.12258333333333332,0.04560416666666669,0.15680083333333333,2,4
2022-10-20,Industrials,0.25080416666666666,0.06628500000000001,0.04560416666666669,4,9
2022-10-21,Industrials,0.3045833333333333,0.09416833333333337,0.06628500000000001,2,6
2022-10-24,Industrials,0.2011416666666667,0.1529766666666667,0.09416833333333337,4,20
2022-10-25,Industrials,0.11307718253968253,0.1494046031746032,0.1529766666666667,4,37
2022-10-26,Industrials,0.03804333333333333,0.18152993650793653,0.1494046031746032,4,13
2022-10-27,Industrials,0.4443680555555556,0.22024271428571432,0.18152993650793653,4,22
2022-10-28,Industrials,0.21641249999999998,0.20260854761904765,0.22024271428571432,4,5
2022-10-31,Industrials,0.1895611111111111,0.20029243650793652,0.20260854761904765,3,8
2022-11-01,Industrials,0.44260000000000005,0.266197,0.20029243650793652,3,3
2022-11-02,Industrials,0.1909,0.29676833333333336,0.266197,2,2
2022-11-03,Industrials,0.020323333333333332,0.21195938888888888,0.29676833333333336,4,12
2022-11-04,Industrials,0.31684999999999997,0.2320468888888889,0.21195938888888888,4,4
2022-11-07,Industrials,0.074,0.2089346666666667,0.2320468888888889,4,7
2022-11-08,Industrials,0.13958749999999998,0.14833216666666668,0.2089346666666667,4,5
2022-11-09,Industrials,0.23906666666666665,0.15796550000000004,0.14833216666666668,3,4
2022-11-10,Industrials,0.1724888888888889,0.18839861111111111,0.15796550000000004,3,6
2022-11-11,Industrials,0.3236833333333333,0.1897652777777778,0.18839861111111111,2,5
2022-11-14,Industrials,0.05711249999999999,0.1863877777777778,0.1897652777777778,4,11
2022-11-15,Industrials,0.13238333333333333,0.18494694444444443,0.1863877777777778,3,4
2022-11-16,Industrials,0.13379166666666667,0.1638919444444445,0.18494694444444443,4,8
2022-11-17,Industrials,0.15380833333333332,0.16015583333333336,0.1638919444444445,3,7
2022-11-18,Industrials,-0.042666666666666665,0.08688583333333336,0.16015583333333336,1,3
2022-11-21,Industrials,0.1491611111111111,0.10529555555555556,0.08688583333333336,3,7
2022-11-22,Industrials,0.21884416666666667,0.12258772222222225,0.10529555555555556,4,11
2022-11-23,Industrials,0.0,0.09582938888888892,0.12258772222222225,2,2
2022-11-25,Industrials,0.0,0.06506772222222226,0.09582938888888892,3,3
2022-11-28,Industrials,0.0329475,0.08019055555555557,0.06506772222222226,4,11
2022-11-29,Industrials,0.258475,0.10205333333333336,0.08019055555555557,4,5
2022-11-30,Industrials,0.14089166666666667,0.08646283333333335,0.10205333333333336,4,14
2022-12-01,Industrials,0.2927666666666667,0.1450161666666667,0.08646283333333335,4,7
2022-12-02,Industrials,-0.061720000000000004,0.1326721666666667,0.1450161666666667,3,7
2022-12-05,Industrials,0.14365,0.1548126666666667,0.1326721666666667,4,10
2022-12-06,Industrials,-0.25024444444444444,0.05306877777777781,0.1548126666666667,3,5
2022-12-07,Industrials,0.2294,0.07077044444444447,0.05306877777777781,1,2
2022-12-08,Industrials,0.1554875,0.04331461111111114,0.07077044444444447,4,10
2022-12-09,Industrials,0.2524,0.10613861111111116,0.04331461111111114,4,5
2022-12-12,Industrials,-0.08239999999999999,0.06092861111111114,0.10613861111111116,3,5
2022-12-13,Industrials,0.3026583333333333,0.17150916666666668,0.06092861111111114,4,14
2022-12-14,Industrials,0.312325,0.1880941666666667,0.17150916666666668,4,5
2022-12-15,Industrials,0.18385333333333334,0.19376733333333337,0.1880941666666667,3,14
2022-12-16,Industrials,-0.04347333333333333,0.13459266666666672,0.19376733333333337,3,8
2022-12-19,Industrials,0.22952916666666665,0.19697850000000003,0.13459266666666672,4,11
2022-12-20,Industrials,0.19054166666666664,0.1745551666666667,0.19697850000000003,4,13
2022-12-21,Industrials,0.45478452380952383,0.20304707142857148,0.1745551666666667,4,14
2022-12-22,Industrials,0.1718625,0.2006489047619048,0.20304707142857148,4,16
2022-12-23,Industrials,0.032812499999999994,0.21590607142857143,0.2006489047619048,4,7
2022-12-27,Industrials,0.21219017857142858,0.21243827380952385,0.21590607142857143,4,20
2022-12-28,Industrials,0.14706111111111111,0.20374216269841275,0.21243827380952385,3,9
2022-12-29,Industrials,0.08300833333333334,0.12938692460317464,0.20374216269841275,4,10
2022-12-30,Industrials,0.28320000000000006,0.15165442460317463,0.12938692460317464,3,5
2023-01-03,Industrials,0.12816666666666668,0.17072525793650797,0.15165442460317463,4,13
2023-01-04,Industrials,0.14759722222222224,0.1578066666666667,0.17072525793650797,3,13
2023-01-05,Industrials,0.16421249999999998,0.1612369444444445,0.1578066666666667,4,6
2023-01-06,Industrials,0.0252875,0.14969277777777784,0.1612369444444445,2,6
2023-01-09,Industrials,0.2784125,0.1487352777777778,0.14969277777777784,4,11
2023-01-10,Industrials,0.1769982142857143,0.15850158730158734,0.1487352777777778,4,11
2023-01-11,Industrials,0.08486666666666669,0.14595547619047625,0.15850158730158734,3,4
2023-01-12,Industrials,0.20370625,0.15385422619047623,0.14595547619047625,4,14
2023-01-13,Industrials,0.047075000000000006,0.15821172619047624,0.15385422619047623,4,11
2023-01-17,Industrials,0.3305,0.1686292261904762,0.15821172619047624,4,13
2023-01-18,Industrials,-0.08882500000000002,0.11546458333333336,0.1686292261904762,4,8
2023-01-19,Industrials,0.11364999999999999,0.12122125000000003,0.11546458333333336,4,7
2023-01-20,Industrials,-0.00526666666666666,0.07942666666666669,0.12122125000000003,3,5
2023-01-23,Industrials,0.26822785714285713,0.12365723809523813,0.07942666666666669,4,23
2023-01-24,Industrials,0.07736325757575757,0.07302988961038963,0.12365723809523813,4,52
2023-01-25,Industrials,0.12143333333333332,0.1150815562770563,0.07302988961038963,3,6
2023-01-26,Industrials,0.1158525,0.11552205627705629,0.1150815562770563,4,19
2023-01-27,Industrials,0.18764444444444442,0.1541042784992785,0.11552205627705629,3,8
2023-01-30,Industrials,0.015874999999999997,0.1036337070707071,0.1541042784992785,4,17
2023-01-31,Industrials,0.2286713725490196,0.1338953300653595,0.1036337070707071,3,39
2023-02-01,Industrials,0.09509999999999999,0.12862866339869283,0.1338953300653595,4,8
2023-02-02,Industrials,0.1141625,0.12829066339869283,0.12862866339869283,4,5
2023-02-03,Industrials,0.3318125,0.15712427450980396,0.12829066339869283,4,8
2023-02-06,Industrials,0.1450888888888889,0.18296705228758176,0.15712427450980396,3,12
2023-02-07,Industrials,-0.04956250000000001,0.12732027777777782,0.18296705228758176,2,6
2023-02-08,Industrials,0.36161666666666664,0.18062361111111117,0.12732027777777782,2,4
2023-02-09,Industrials,0.2561888888888889,0.20902888888888893,0.18062361111111117,3,9
2023-02-10,Industrials,0.13535,0.16973638888888892,0.20902888888888893,3,5
2023-02-13,Industrials,0.16900416666666668,0.1745194444444445,0.16973638888888892,4,8
2023-02-14,Industrials,0.10818222222222222,0.20606838888888893,0.1745194444444445,3,9
2023-02-15,Industrials,0.11578333333333334,0.15690172222222226,0.20606838888888893,3,6
2023-02-16,Industrials,0.17406875,0.1404776944444445,0.15690172222222226,4,12
2023-02-17,Industrials,0.008670833333333336,0.11514186111111116,0.1404776944444445,4,9
2023-02-21,Industrials,0.31641166666666665,0.14462336111111113,0.11514186111111116,4,15
2023-02-22,Industrials,0.1366,0.1503069166666667,0.14462336111111113,4,5
2023-02-23,Industrials,0.07502916666666666,0.14215608333333338,0.1503069166666667,4,7
2023-02-24,Industrials,0.0173,0.11080233333333338,0.14215608333333338,3,6
2023-02-27,Industrials,0.10444791666666667,0.12995775000000004,0.11080233333333338,4,10
2023-02-28,Industrials,0.2218611111111111,0.11104763888888894,0.12995775000000004,3,10
2023-03-01,Industrials,0.054575,0.09464263888888894,0.11104763888888894,4,19
2023-03-02,Industrials,0.37325,0.1542868055555556,0.09464263888888894,3,4
2023-03-03,Industrials,0.12436250000000001,0.17569930555555563,0.1542868055555556,4,8
2023-03-06,Industrials,0.20092500000000002,0.19499472222222228,0.17569930555555563,4,12
2023-03-07,Industrials,0.2940583333333333,0.20943416666666673,0.19499472222222228,2,5
2023-03-08,Industrials,0.18509166666666665,0.23553750000000004,0.20943416666666673,4,10
2023-03-09,Industrials,0.077105,0.17630850000000003,0.23553750000000004,4,16
2023-03-10,Industrials,0.13527916666666667,0.17849183333333338,0.17630850000000003,4,14
2023-03-13,Industrials,0.13261166666666666,0.16482916666666672,0.17849183333333338,4,18
2023-03-14,Industrials,0.296225,0.16526250000000003,0.16482916666666672,2,7
2023-03-15,Industrials,0.007687500000000007,0.1297816666666667,0.16526250000000003,4,9
2023-03-16,Industrials,0.321775,0.17871566666666672,0.1297816666666667,3,6
2023-03-17,Industrials,0.19808888888888887,0.19127761111111113,0.17871566666666672,3,6
2023-03-20,Industrials,0.06597083333333334,0.1779494444444445,0.19127761111111113,4,11
2023-03-21,Industrials,0.2779666666666667,0.17429777777777783,0.1779494444444445,3,5
2023-03-22,Industrials,0.3584,0.24444027777777783,0.17429777777777783,3,5
2023-03-23,Industrials,0.06835000000000001,0.19375527777777782,0.24444027777777783,3,4
2023-03-24,Industrials,0.02839583333333333,0.15981666666666672,0.19375527777777782,4,8
2023-03-27,Industrials,0.1991527777777778,0.1864530555555556,0.15981666666666672,4,17
2023-03-28,Industrials,0.10886249999999999,0.15263222222222225,0.1864530555555556,2,6
2023-03-29,Industrials,0.062268750000000005,0.09340597222222227,0.15263222222222225,4,12
2023-03-30,Industrials,0.29720555555555556,0.13917708333333337,0.09340597222222227,3,6
2023-03-31,Industrials,0.05682222222222222,0.14486236111111114,0.13917708333333337,3,6
2023-04-03,Industrials,0.08417708333333333,0.12186722222222227,0.14486236111111114,4,10
2023-04-04,Industrials,0.14133065476190476,0.12836085317460322,0.12186722222222227,4,16
2023-04-05,Industrials,0.07741111111111111,0.13138932539682543,0.12836085317460322,3,11
2023-04-06,Industrials,0.10636833333333331,0.093221880952381,0.13138932539682543,4,15
2023-04-10,Industrials,0.211380625,0.12413356150793656,0.093221880952381,4,21
2023-04-11,Industrials,-0.0007541666666666669,0.10714731150793658,0.12413356150793656,4,9
2023-04-12,Industrials,0.10901416666666666,0.10068401388888892,0.10714731150793658,4,16
2023-04-13,Industrials,0.34236666666666665,0.15367512500000005,0.10068401388888892,3,6
2023-04-14,Industrials,0.21085625000000002,0.1745727083333334,0.15367512500000005,4,10
2023-04-17,Industrials,0.16387333333333334,0.16507125000000006,0.1745727083333334,4,17
2023-04-18,Industrials,0.13231875,0.1916858333333334,0.16507125000000006,4,11
2023-04-19,Industrials,0.17364375,0.20461175000000006,0.1916858333333334,4,15
2023-04-20,Industrials,0.14318,0.16477441666666673,0.20461175000000006,4,14
2023-04-21,Industrials,0.3378966666666667,0.19018250000000006,0.16477441666666673,3,8
2023-04-24,Industrials,0.17040416666666666,0.1914886666666667,0.19018250000000006,4,16
2023-04-25,Industrials,0.05422078754578755,0.17586907417582426,0.1914886666666667,4,47
2023-04-26,Industrials,0.15678683035714286,0.17249769024725278,0.17586907417582426,4,28
2023-04-27,Industrials,0.21431458333333334,0.18672460691391946,0.17249769024725278,4,21
2023-04-28,Industrials,0.13439583333333333,0.14602444024725278,0.18672460691391946,4,13
2023-05-01,Industrials,0.18674479166666666,0.14929256524725282,0.14602444024725278,4,21
2023-05-02,Industrials,0.16449583333333334,0.17134757440476195,0.14929256524725282,4,14
2023-05-03,Industrials,0.14053333333333334,0.16809687500000003,0.17134757440476195,4,9
2023-05-04,Industrials,0.4361333333333333,0.21246062500000001,0.16809687500000003,4,9
2023-05-05,Industrials,-0.28115,0.12935145833333336,0.21246062500000001,4,4
2023-05-08,Industrials,0.045233333333333334,0.1010491666666667,0.12935145833333336,4,10
2023-05-09,Industrials,0.3037611111111111,0.12890222222222225,0.1010491666666667,3,8
2023-05-10,Industrials,0.13488333333333336,0.12777222222222226,0.12890222222222225,3,7
2023-05-11,Industrials,0.17925555555555558,0.07639666666666671,0.12777222222222226,3,7
2023-05-12,Industrials,0.0924,0.15110666666666672,0.07639666666666671,3,5
2023-05-15,Industrials,0.18186875,0.17843375000000003,0.15110666666666672,4,16
2023-05-16,Industrials,0.08332222222222223,0.13434597222222228,0.17843375000000003,3,5
2023-05-17,Industrials,0.117375,0.13084430555555562,0.13434597222222228,4,7
2023-05-18,Industrials,0.09037777777777778,0.11306875000000005,0.13084430555555562,3,10
2023-05-19,Industrials,0.0947,0.11352875000000004,0.11306875000000005,4,6
2023-05-22,Industrials,0.18884434523809523,0.11492386904761909,0.11352875000000004,4,16
2023-05-23,Industrials,0.21075,0.14040942460317465,0.11492386904761909,2,3
2023-05-24,Industrials,0.07134841269841269,0.13120410714285718,0.14040942460317465,3,12
2023-05-25,Industrials,0.1615666666666667,0.14544188492063498,0.13120410714285718,4,12
2023-05-26,Industrials,0.14831666666666665,0.15616521825396829,0.14544188492063498,2,5
2023-05-30,Industrials,0.10589375,0.13957509920634925,0.15616521825396829,4,18
2023-05-31,Industrials,0.0984625,0.11711759920634926,0.13957509920634925,4,13
2023-06-01,Industrials,0.13343833333333333,0.12953558333333337,0.11711759920634926,4,12
2023-06-02,Industrials,0.2610279761904762,0.14942784523809527,0.12953558333333337,3,16
2023-06-05,Industrials,0.10098571428571428,0.13996165476190478,0.14942784523809527,4,19
2023-06-06,Industrials,0.22213333333333332,0.16320957142857145,0.13996165476190478,3,5
2023-06-07,Industrials,0.18606666666666666,0.1807304047619048,0.16320957142857145,4,10
2023-06-08,Industrials,-0.06225,0.14159273809523815,0.1807304047619048,4,8
2023-06-09,Industrials,0.007397222222222212,0.09086658730158734,0.14159273809523815,3,11
2023-06-12,Industrials,0.15180625,0.10103069444444449,0.09086658730158734,4,11
2023-06-13,Industrials,0.12435416666666667,0.08147486111111116,0.10103069444444449,4,11
2023-06-14,Industrials,0.17317666666666667,0.07889686111111116,0.08147486111111116,3,13
2023-06-15,Industrials,0.19974166666666665,0.13129519444444449,0.07889686111111116,4,10
2023-06-16,Industrials,0.22000000000000003,0.17381575000000005,0.13129519444444449,4,12
2023-06-20,Industrials,0.13386493506493505,0.17022748701298704,0.17381575000000005,4,32
2023-06-21,Industrials,-0.08029011904761905,0.1292986298701299,0.17022748701298704,4,17
2023-06-22,Industrials,0.019281250000000003,0.09851954653679658,0.1292986298701299,4,10
2023-06-23,Industrials,0.0945375,0.07747871320346325,0.09851954653679658,4,20
2023-06-26,Industrials,0.23771190476190474,0.08102109415584419,0.07747871320346325,3,11
2023-06-27,Industrials,0.03852777777777778,0.06195366269841272,0.08102109415584419,3,9
2023-06-28,Industrials,0.09438333333333333,0.0968883531746032,0.06195366269841272,3,5
2023-06-29,Industrials,0.0595875,0.10494960317460322,0.0968883531746032,4,8
2023-06-30,Industrials,0.26757916666666665,0.13955793650793655,0.10494960317460322,4,7
2023-07-03,Industrials,0.19600541666666665,0.13121663888888893,0.13955793650793655,4,15
2023-07-05,Industrials,0.30820384615384616,0.18515185256410258,0.13121663888888893,4,24
2023-07-06,Industrials,0.09734,0.18574318589743594,0.18515185256410258,4,10
2023-07-07,Industrials,-0.03088749999999999,0.16764818589743594,0.18574318589743594,4,9
2023-07-10,Industrials,0.0819047619047619,0.130513304945055,0.16764818589743594,4,17
2023-07-11,Industrials,0.178485,0.12700922161172165,0.130513304945055,4,9
2023-07-12,Industrials,0.03338333333333333,0.0720451190476191,0.12700922161172165,2,4
2023-07-13,Industrials,0.10622916666666667,0.07382295238095242,0.0720451190476191,4,9
2023-07-14,Industrials,0.09048333333333335,0.09809711904761909,0.07382295238095242,3,7
2023-07-17,Industrials,0.022731249999999998,0.08626241666666672,0.09809711904761909,4,16
2023-07-18,Industrials,0.29084166666666667,0.10873375000000005,0.08626241666666672,4,9
2023-07-19,Industrials,0.2845794642857143,0.15897297619047626,0.10873375000000005,4,19
2023-07-20,Industrials,-0.03149999999999999,0.1314271428571429,0.15897297619047626,3,4
2023-07-21,Industrials,0.09700625,0.13273172619047624,0.1314271428571429,4,10
2023-07-24,Industrials,0.26526625000000004,0.18123872619047626,0.13273172619047624,4,19
2023-07-25,Industrials,0.08951339382940109,0.14097307162302314,0.18123872619047626,4,56
2023-07-26,Industrials,-0.09760687500000001,0.06453580376588028,0.14097307162302314,4,24
2023-07-27,Industrials,0.3023875,0.13131330376588027,0.06453580376588028,4,15
2023-07-28,Industrials,-0.010862500000000004,0.10973955376588027,0.13131330376588027,4,15
2023-07-31,Industrials,0.12317999999999998,0.08132230376588026,0.10973955376588027,4,32
2023-08-01,Industrials,0.16919423076923076,0.0972584711538462,0.08132230376588026,4,35
2023-08-02,Industrials,0.06680323529411765,0.13014049321266974,0.0972584711538462,3,26
2023-08-03,Industrials,0.29491666666666666,0.12864632654600308,0.13014049321266974,3,8
2023-08-04,Industrials,0.24708333333333332,0.18023549321266974,0.12864632654600308,4,13
2023-08-07,Industrials,0.055945833333333334,0.1667886598793364,0.18023549321266974,4,15
2023-08-08,Industrials,0.04112812500000001,0.14117543872549027,0.1667886598793364,2,17
2023-08-09,Industrials,0.16591555555555554,0.1609979027777778,0.14117543872549027,3,15
2023-08-10,Industrials,0.06962222222222221,0.11593901388888894,0.1609979027777778,3,7
2023-08-11,Industrials,0.11539750000000001,0.08960184722222228,0.11593901388888894,4,11
2023-08-14,Industrials,0.16446666666666668,0.11130601388888897,0.08960184722222228,3,5
2023-08-15,Industrials,0.16909375000000001,0.13689913888888894,0.11130601388888897,4,8
2023-08-16,Industrials,0.27699375,0.15911477777777785,0.13689913888888894,4,9
2023-08-17,Industrials,0.1411,0.1734103333333334,0.15911477777777785,3,10
2023-08-18,Industrials,-0.045391666666666663,0.14125250000000006,0.1734103333333334,4,8
2023-08-21,Industrials,0.22792666666666664,0.15394450000000007,0.14125250000000006,3,9
2023-08-22,Industrials,0.2735270833333333,0.1748311666666667,0.15394450000000007,4,13
2023-08-23,Industrials,0.1799225,0.15541691666666674,0.1748311666666667,4,12
2023-08-24,Industrials,0.16195,0.15958691666666674,0.15541691666666674,4,9
2023-08-25,Industrials,0.03430875,0.17552700000000004,0.15958691666666674,4,11
2023-08-28,Industrials,0.027667434210526316,0.13547515350877198,0.17552700000000004,4,25
2023-08-29,Industrials,0.1716904761904762,0.11510783208020056,0.13547515350877198,4,20
2023-08-30,Industrials,0.005724999999999994,0.08026833208020058,0.11510783208020056,3,11
2023-08-31,Industrials,0.12786416666666667,0.0734511654135339,0.08026833208020058,4,20
2023-09-01,Industrials,0.25407708333333334,0.11740483208020058,0.0734511654135339,4,16
2023-09-05,Industrials,0.2035025,0.1525718452380953,0.11740483208020058,4,17
2023-09-06,Industrials,0.10294583333333335,0.13882291666666674,0.1525718452380953,4,14
2023-09-07,Industrials,0.25303333333333333,0.18828458333333342,0.13882291666666674,4,11
2023-09-08,Industrials,0.09179444444444444,0.18107063888888894,0.18828458333333342,3,9
2023-09-11,Industrials,0.15398125000000001,0.1610514722222223,0.18107063888888894,4,16
2023-09-12,Industrials,0.18934333333333336,0.15821963888888896,0.1610514722222223,4,20
2023-09-13,Industrials,0.07921357142857142,0.15347318650793657,0.15821963888888896,4,15
2023-09-14,Industrials,0.1216125,0.1271890198412699,0.15347318650793657,4,13
2023-09-15,Industrials,0.16233333333333333,0.1412967976190477,0.1271890198412699,4,13
2023-09-18,Industrials,0.17212777777777777,0.14492610317460325,0.1412967976190477,4,21
2023-09-19,Industrials,0.16257202380952382,0.13957184126984132,0.14492610317460325,4,13
2023-09-20,Industrials,0.06531111111111111,0.13679134920634928,0.13957184126984132,4,13
2023-09-21,Industrials,0.2189995238095238,0.15626875396825404,0.13679134920634928,4,22
2023-09-22,Industrials,0.3481708333333333,0.19343625396825403,0.15626875396825404,4,7
2023-09-25,Industrials,0.20726666666666668,0.20046403174603183,0.19343625396825403,4,17
2023-09-26,Industrials,0.18369791666666668,0.20468921031746037,0.20046403174603183,4,11
2023-09-27,Industrials,0.24171083333333335,0.23996915476190486,0.20468921031746037,4,14
2023-09-28,Industrials,0.07156785714285714,0.2104828214285715,0.23996915476190486,4,14
2023-09-29,Industrials,0.230375,0.1869236547619048,0.2104828214285715,3,9
2023-10-02,Industrials,0.22718285714285713,0.1909068928571429,0.1869236547619048,4,22
2023-10-03,Industrials,0.13223733333333332,0.18061477619047625,0.1909068928571429,5,26
2023-10-04,Industrials,0.09522291666666667,0.1513171928571429,0.18061477619047625,4,12
2023-10-05,Industrials,0.11552499999999999,0.16010862142857146,0.1513171928571429,5,16
2023-10-06,Industrials,0.00724583333333334,0.11548278809523818,0.16010862142857146,4,7
2023-10-09,Industrials,0.012525333333333328,0.0725512833333334,0.11548278809523818,5,14
2023-10-10,Industrials,0.1280520634920635,0.07171422936507943,0.0725512833333334,5,23
2023-10-11,Industrials,0.19322466666666668,0.09131457936507943,0.07171422936507943,5,20
2023-10-12,Industrials,0.194790625,0.10716770436507943,0.09131457936507943,4,19
2023-10-13,Industrials,0.09754711538461538,0.12522796077533585,0.10716770436507943,4,18
2023-10-16,Industrials,0.13531333333333334,0.14978556077533584,0.12522796077533585,5,18
2023-10-17,Industrials,0.15530555555555556,0.15523625918803424,0.14978556077533584,3,9
2023-10-18,Industrials,0.06382083333333334,0.1293554925213676,0.15523625918803424,5,22
2023-10-19,Industrials,0.15131107142857142,0.12065958180708188,0.1293554925213676,5,26
2023-10-20,Industrials,-0.0023103333333333365,0.10068809206349212,0.12065958180708188,5,21
2023-10-23,Industrials,0.1844779487179487,0.11052101514041521,0.10068809206349212,5,27
2023-10-24,Industrials,0.32898634782608693,0.14525717359452148,0.11052101514041521,5,51
2023-10-25,Industrials,0.152145,0.1629220069278548,0.14525717359452148,5,41
2023-10-26,Industrials,0.16791514285714287,0.16624282121356912,0.1629220069278548,5,42
2023-10-27,Industrials,-0.04042133333333333,0.15862062121356912,0.16624282121356912,5,14
2023-10-30,Industrials,0.1958358974358974,0.16089221095715883,0.15862062121356912,4,21
2023-10-31,Industrials,0.1442790476190476,0.12395075091575099,0.16089221095715883,5,28
2023-11-01,Industrials,0.09764999999999999,0.11305175091575097,0.12395075091575099,5,14
2023-11-02,Industrials,0.2611136666666667,0.13169145567765575,0.11305175091575097,5,19
2023-11-03,Industrials,-0.08214444444444445,0.12334683345543351,0.13169145567765575,3,6
2023-11-06,Industrials,0.17271766666666669,0.11872318730158737,0.12334683345543351,5,28
2023-11-07,Industrials,0.08329666666666667,0.10652671111111119,0.11872318730158737,4,11
2023-11-08,Industrials,0.12082666666666667,0.11116204444444452,0.10652671111111119,5,13
2023-11-09,Industrials,0.3019208333333333,0.11932347777777785,0.11116204444444452,4,8
2023-11-10,Industrials,0.102525,0.15625736666666673,0.11932347777777785,4,14
2023-11-13,Industrials,0.03665416666666667,0.12904466666666675,0.15625736666666673,5,37
2023-11-14,Industrials,0.14253166666666667,0.14089166666666672,0.12904466666666675,4,19
2023-11-15,Industrials,0.13190119047619048,0.14310657142857147,0.14089166666666672,4,12
2023-11-16,Industrials,0.163731,0.11546860476190483,0.14310657142857147,5,14
2023-11-17,Industrials,0.2186525,0.13869410476190486,0.11546860476190483,5,23
2023-11-20,Industrials,0.08357500000000001,0.1480782714285715,0.13869410476190486,4,19
2023-11-21,Industrials,0.09990133333333336,0.13955220476190483,0.1480782714285715,5,17
2023-11-22,Industrials,0.20625166666666667,0.15442230000000007,0.13955220476190483,5,24
2023-11-24,Industrials,0.20328806818181816,0.1623337136363637,0.15442230000000007,4,19
2023-11-27,Industrials,0.03903,0.1264092136363637,0.1623337136363637,5,19
2023-11-28,Industrials,0.067309375,0.12315608863636371,0.1264092136363637,4,20
2023-11-29,Industrials,0.11785111111111113,0.12674604419191926,0.12315608863636371,5,21
2023-11-30,Industrials,0.11225083333333334,0.1079458775252526,0.12674604419191926,5,14
2023-12-01,Industrials,0.048760000000000005,0.07704026388888896,0.1079458775252526,5,16
2023-12-04,Industrials,0.16613571428571428,0.10246140674603181,0.07704026388888896,5,18
2023-12-05,Industrials,-0.042480000000000004,0.08050353174603182,0.10246140674603181,5,11
2023-12-06,Industrials,0.09965333333333333,0.07686397619047626,0.08050353174603182,4,24
2023-12-07,Industrials,-0.00027666666666665283,0.054358476190476256,0.07686397619047626,5,18
2023-12-08,Industrials,0.06736666666666666,0.05807980952380959,0.054358476190476256,4,12
2023-12-11,Industrials,0.08609014285714287,0.042070695238095306,0.05807980952380959,5,33
2023-12-12,Industrials,0.32433,0.1154326952380953,0.042070695238095306,5,27
2023-12-13,Industrials,0.21020819047619047,0.13754366666666673,0.1154326952380953,5,24
2023-12-14,Industrials,0.11304166666666667,0.16020733333333342,0.13754366666666673,3,7
2023-12-15,Industrials,0.2106,0.18885400000000008,0.16020733333333342,2,3
2023-12-18,Industrials,0.24396428571428572,0.22042882857142865,0.18885400000000008,5,29
2023-12-19,Industrials,,0.1944535357142858,0.22042882857142865,0,0
2023-12-20,Industrials,,0.18920198412698427,0.1944535357142858,0,0
2023-12-21,Industrials,,0.22728214285714304,0.18920198412698427,0,0
2023-12-22,Industrials,,0.24396428571428572,0.22728214285714304,0,0
2023-12-26,Industrials,,,0.24396428571428572,0,0
2023-12-27,Industrials,,,,0,0
2023-12-28,Industrials,,,,0,0
2023-12-29,Industrials,,,,0,0
2020-01-02,Materials,0.18291666666666664,0.18291666666666664,,3,7
2020-01-03,Materials,0.05572499999999997,0.1193208333333333,0.18291666666666664,2,3
2020-01-06,Materials,-0.021954999999999995,0.07222888888888887,0.1193208333333333,4,9
2020-01-07,Materials,0.19063333333333332,0.10182999999999998,0.07222888888888887,3,3
2020-01-08,Materials,-0.06544999999999998,0.06837399999999999,0.10182999999999998,2,6
2020-01-09,Materials,0.07277777777777779,0.04634622222222222,0.06837399999999999,3,6
2020-01-10,Materials,-0.020550000000000006,0.031091222222222225,0.04634622222222222,4,4
2020-01-13,Materials,0.61,0.15748222222222222,0.031091222222222225,2,4
2020-01-14,Materials,0.1643,0.15221555555555558,0.15748222222222222,2,4
2020-01-15,Materials,0.21403333333333333,0.20811222222222225,0.15221555555555558,2,4
2020-01-16,Materials,0.1101,0.21557666666666667,0.20811222222222225,4,4
2020-01-17,Materials,0.36696666666666666,0.29308,0.21557666666666667,3,5
2020-01-21,Materials,0.026267499999999996,0.1763335,0.29308,4,11
2020-01-22,Materials,-0.09866666666666667,0.12374016666666669,0.1763335,3,4
2020-01-23,Materials,0.09407,0.09974750000000003,0.12374016666666669,5,9
2020-01-24,Materials,0.14948,0.10762350000000002,0.09974750000000003,3,11
2020-01-27,Materials,-0.0018416666666666685,0.033861833333333355,0.10762350000000002,4,14
2020-01-28,Materials,0.18511,0.06563033333333336,0.033861833333333355,5,16
2020-01-29,Materials,0.14775000000000002,0.11491366666666669,0.06563033333333336,3,20
2020-01-30,Materials,-0.0743709294871795,0.08122548076923079,0.11491366666666669,4,32
2020-01-31,Materials,-0.004125833333333332,0.05050431410256412,0.08122548076923079,4,15
2020-02-03,Materials,0.21810416666666665,0.09449348076923078,0.05050431410256412,4,12
2020-02-04,Materials,0.12919999999999998,0.08331148076923078,0.09449348076923078,4,7
2020-02-05,Materials,-0.03129000000000001,0.04750348076923078,0.08331148076923078,4,9
2020-02-06,Materials,0.07960416666666667,0.07829850000000002,0.04750348076923078,4,14
2020-02-07,Materials,0.039077777777777774,0.08693922222222225,0.07829850000000002,3,9
2020-02-10,Materials,0.23231333333333332,0.08978105555555557,0.08693922222222225,5,7
2020-02-11,Materials,0.12237400000000001,0.08841585555555558,0.08978105555555557,5,14
2020-02-12,Materials,0.074,0.10947385555555558,0.08841585555555558,4,4
2020-02-13,Materials,0.10860158730158731,0.1152733396825397,0.10947385555555558,3,13
2020-02-14,Materials,-0.027325,0.10199278412698416,0.1152733396825397,3,10
2020-02-18,Materials,0.1255511111111111,0.08064033968253971,0.10199278412698416,5,24
2020-02-19,Materials,0.08808333333333333,0.07378220634920638,0.08064033968253971,3,8
2020-02-20,Materials,0.12624242424242424,0.08423069119769122,0.07378220634920638,3,18
2020-02-21,Materials,0.16632222222222223,0.09577481818181821,0.08423069119769122,3,9
2020-02-24,Materials,0.1276891666666667,0.12677765151515152,0.09577481818181821,5,22
2020-02-25,Materials,-0.08378333333333333,0.08491076262626265,0.12677765151515152,3,6
2020-02-26,Materials,0.14115,0.09552409595959598,0.08491076262626265,3,4
2020-02-27,Materials,0.0554125,0.08135811111111113,0.09552409595959598,4,12
2020-02-28,Materials,0.08078055555555556,0.06424977777777781,0.08135811111111113,3,8
2020-03-02,Materials,0.09945833333333333,0.058603611111111134,0.06424977777777781,5,12
2020-03-03,Materials,0.46531666666666666,0.16842361111111112,0.058603611111111134,3,8
2020-03-04,Materials,0.35698333333333326,0.21159027777777778,0.16842361111111112,3,4
2020-03-05,Materials,0.14317777777777776,0.2291433333333333,0.21159027777777778,3,8
2020-03-06,Materials,-0.018600000000000005,0.20926722222222222,0.2291433333333333,4,7
2020-03-09,Materials,0.04635416666666667,0.1986463888888889,0.20926722222222222,4,17
2020-03-10,Materials,0.08952916666666667,0.1234888888888889,0.1986463888888889,4,10
2020-03-11,Materials,0.1188277777777778,0.0758577777777778,0.1234888888888889,3,21
2020-03-12,Materials,-0.09772666666666668,0.02767688888888891,0.0758577777777778,3,11
2020-03-13,Materials,0.030411111111111108,0.03747911111111114,0.02767688888888891,3,6
2020-03-16,Materials,-0.010245000000000011,0.026159277777777802,0.03747911111111114,4,13
2020-03-17,Materials,0.17708055555555557,0.043669555555555586,0.026159277777777802,3,11
2020-03-18,Materials,0.06649999999999999,0.033204000000000025,0.043669555555555586,3,7
2020-03-19,Materials,0.08581833333333333,0.06991300000000003,0.033204000000000025,4,13
2020-03-20,Materials,0.16936666666666667,0.09770411111111113,0.06991300000000003,3,5
2020-03-23,Materials,0.21880571428571427,0.14351425396825399,0.09770411111111113,5,15
2020-03-24,Materials,0.37500666666666665,0.1830994761904762,0.14351425396825399,5,7
2020-03-25,Materials,0.319425,0.23368447619047622,0.1830994761904762,4,5
2020-03-26,Materials,0.14634833333333333,0.2457904761904762,0.23368447619047622,4,14
2020-03-27,Materials,0.32342499999999996,0.27660214285714285,0.2457904761904762,2,3
2020-03-30,Materials,0.082025,0.249246,0.27660214285714285,3,10
2020-03-31,Materials,0.397301,0.2537048666666667,0.249246,5,13
2020-04-01,Materials,0.06093166666666666,0.20200620000000002,0.2537048666666667,4,14
2020-04-02,Materials,0.1355763888888889,0.1998518111111111,0.20200620000000002,3,12
2020-04-03,Materials,0.13523333333333332,0.1622134777777778,0.1998518111111111,3,4
2020-04-06,Materials,0.07425999999999999,0.1606604777777778,0.1622134777777778,4,10
2020-04-07,Materials,0.512,0.18360027777777782,0.1606604777777778,4,7
2020-04-08,Materials,0.23462666666666668,0.2183392777777778,0.18360027777777782,4,14
2020-04-09,Materials,0.1490018253968254,0.22102436507936513,0.2183392777777778,5,23
2020-04-13,Materials,0.11259809523809523,0.21649731746031753,0.22102436507936513,5,24
2020-04-14,Materials,0.010300000000000004,0.20370531746031753,0.21649731746031753,3,12
2020-04-15,Materials,-0.0607123015873016,0.08916285714285718,0.20370531746031753,3,17
2020-04-16,Materials,0.105535,0.06334452380952385,0.08916285714285718,5,13
2020-04-17,Materials,0.41533333333333333,0.11661082539682543,0.06334452380952385,3,5
2020-04-20,Materials,0.1983342857142857,0.13375806349206354,0.11661082539682543,5,21
2020-04-21,Materials,-0.06161111111111111,0.11937584126984131,0.13375806349206354,3,10
2020-04-22,Materials,0.21894375,0.17530705158730162,0.11937584126984131,4,10
2020-04-23,Materials,0.15274000000000001,0.18474805158730162,0.17530705158730162,5,17
2020-04-24,Materials,-0.06656666666666668,0.08836805158730163,0.18474805158730162,3,7
2020-04-27,Materials,0.24630000000000002,0.09796119444444448,0.08836805158730163,5,11
2020-04-28,Materials,0.13687433333333335,0.13765828333333335,0.09796119444444448,5,17
2020-04-29,Materials,0.34317878787878786,0.16250529090909094,0.13765828333333335,5,19
2020-04-30,Materials,0.12201142857142858,0.15635957662337668,0.16250529090909094,5,36
2020-05-01,Materials,0.2076861111111111,0.21121013217893223,0.15635957662337668,3,17
2020-05-04,Materials,-0.04754666666666667,0.15244079884559888,0.21121013217893223,5,13
2020-05-05,Materials,0.2441156862745098,0.17388906943383414,0.15244079884559888,4,38
2020-05-06,Materials,-0.032629285714285715,0.09872745471521946,0.17388906943383414,4,22
2020-05-07,Materials,0.20230000000000004,0.11478516900093375,0.09872745471521946,3,8
2020-05-08,Materials,0.18233611111111112,0.10971516900093374,0.11478516900093375,3,18
2020-05-11,Materials,0.1394275,0.14711000233426708,0.10971516900093374,4,13
2020-05-12,Materials,0.1367211111111111,0.12563108730158734,0.14711000233426708,3,13
2020-05-13,Materials,0.15005666666666667,0.16216827777777781,0.12563108730158734,5,18
2020-05-14,Materials,0.17159000000000002,0.1560262777777778,0.16216827777777781,5,16
2020-05-15,Materials,0.24221250000000003,0.1680015555555556,0.1560262777777778,4,17
2020-05-18,Materials,0.10373125,0.1608623055555556,0.1680015555555556,4,12
2020-05-19,Materials,0.06478888888888888,0.14647586111111116,0.1608623055555556,3,10
2020-05-20,Materials,0.2205166666666667,0.16056786111111115,0.14647586111111116,3,15
2020-05-21,Materials,0.08734333333333334,0.14371852777777783,0.16056786111111115,5,9
2020-05-22,Materials,0.108075,0.1168910277777778,0.14371852777777783,4,7
2020-05-26,Materials,0.20824166666666666,0.13779311111111117,0.1168910277777778,3,9
2020-05-27,Materials,0.0,0.12483533333333337,0.13779311111111117,2,5
2020-05-28,Materials,0.15875,0.11248200000000004,0.12483533333333337,4,8
2020-05-29,Materials,0.009000000000000003,0.09681333333333338,0.11248200000000004,2,7
2020-06-01,Materials,0.09106666666666667,0.0934116666666667,0.09681333333333338,3,7
2020-06-02,Materials,0.3627375,0.12431083333333337,0.0934116666666667,4,8
2020-06-03,Materials,0.16145833333333334,0.15660250000000003,0.12431083333333337,4,11
2020-06-04,Materials,0.0363,0.13211250000000002,0.15660250000000003,4,4
2020-06-05,Materials,0.33480625,0.19727375000000005,0.13211250000000002,4,7
2020-06-08,Materials,0.217225,0.22250541666666673,0.19727375000000005,2,3
2020-06-09,Materials,0.42595,0.2351479166666667,0.22250541666666673,2,2
2020-06-10,Materials,,0.2535703125,0.2351479166666667,0,0
2020-06-11,Materials,0.2338,0.30294531250000006,0.2535703125,3,4
2020-06-12,Materials,0.04563333333333333,0.23065208333333337,0.30294531250000006,3,4
2020-06-15,Materials,0.2732,0.24464583333333337,0.23065208333333337,1,1
2020-06-16,Materials,0.0,0.13815833333333338,0.24464583333333337,1,1
2020-06-17,Materials,-0.6124,-0.011953333333333305,0.13815833333333338,1,1
2020-06-18,Materials,0.0,-0.05871333333333332,-0.011953333333333305,3,3
2020-06-19,Materials,-0.11315,-0.09046999999999998,-0.05871333333333332,2,2
2020-06-22,Materials,0.10485,-0.12413999999999999,-0.09046999999999998,2,6
2020-06-23,Materials,0.07646666666666667,-0.10884666666666665,-0.12413999999999999,3,5
2020-06-24,Materials,0.0,0.013633333333333355,-0.10884666666666665,1,1
2020-06-25,Materials,0.4019,0.09401333333333335,0.013633333333333355,1,1
2020-06-26,Materials,0.5423,0.22510333333333335,0.09401333333333335,1,1
2020-06-29,Materials,0.11315,0.22676333333333337,0.22510333333333335,2,2
2020-06-30,Materials,0.06743333333333333,0.2249566666666667,0.22676333333333337,3,3
2020-07-01,Materials,0.10115,0.24518666666666672,0.2249566666666667,2,2
2020-07-02,Materials,0.0,0.16480666666666668,0.24518666666666672,1,1
2020-07-06,Materials,-0.11442500000000001,0.03346166666666669,0.16480666666666668,2,5
2020-07-07,Materials,0.0,0.010831666666666687,0.03346166666666669,1,1
2020-07-08,Materials,0.5719,0.111725,0.010831666666666687,1,1
2020-07-09,Materials,0.0,0.091495,0.111725,2,2
2020-07-10,Materials,0.0,0.091495,0.091495,1,1
2020-07-13,Materials,0.0,0.11438000000000001,0.091495,2,2
2020-07-14,Materials,,0.14297500000000002,0.11438000000000001,0,0
2020-07-15,Materials,,0.0,0.14297500000000002,0,0
2020-07-16,Materials,0.0172,0.005733333333333371,0.0,3,3
2020-07-17,Materials,0.0,0.005733333333333371,0.005733333333333371,2,2
2020-07-20,Materials,0.0,0.005733333333333371,0.005733333333333371,1,1
2020-07-21,Materials,,0.005733333333333371,0.005733333333333371,0,0
2020-07-22,Materials,0.3243,0.08537500000000002,0.005733333333333371,2,2
2020-07-23,Materials,0.14228333333333334,0.11664583333333337,0.08537500000000002,4,11
2020-07-24,Materials,0.22475,0.17283333333333337,0.11664583333333337,3,5
2020-07-27,Materials,0.024695,0.17900708333333337,0.17283333333333337,4,9
2020-07-28,Materials,0.31410625,0.2060269166666667,0.17900708333333337,2,9
2020-07-29,Materials,0.15469999999999998,0.17210691666666666,0.2060269166666667,3,4
2020-07-30,Materials,0.085125,0.16067525,0.17210691666666666,5,12
2020-07-31,Materials,0.6369,0.24310525,0.16067525,1,1
2020-08-03,Materials,0.63375,0.36491625,0.24310525,2,2
2020-08-04,Materials,0.148,0.331695,0.36491625,4,4
2020-08-05,Materials,0.02965,0.306685,0.331695,3,4
2020-08-06,Materials,0.3816333333333333,0.3659866666666667,0.306685,3,3
2020-08-07,Materials,,0.29825833333333335,0.3659866666666667,0,0
2020-08-10,Materials,0.3094777777777778,0.2171902777777778,0.29825833333333335,3,5
2020-08-11,Materials,0.0,0.1801902777777778,0.2171902777777778,1,4
2020-08-12,Materials,,0.23037037037037042,0.1801902777777778,0,0
2020-08-13,Materials,0.0,0.1031592592592593,0.23037037037037042,1,1
2020-08-14,Materials,0.2612666666666667,0.14268611111111115,0.1031592592592593,3,3
2020-08-17,Materials,0.38679166666666664,0.16201458333333335,0.14268611111111115,3,6
2020-08-18,Materials,0.09866666666666667,0.18668125000000002,0.16201458333333335,3,3
2020-08-19,Materials,0.0,0.149345,0.18668125000000002,1,2
2020-08-20,Materials,0.0,0.149345,0.149345,3,5
2020-08-21,Materials,-0.128,0.07149166666666669,0.149345,1,1
2020-08-24,Materials,0.2495666666666667,0.04404666666666669,0.07149166666666669,3,3
2020-08-25,Materials,-0.1779,-0.011266666666666638,0.04404666666666669,1,1
2020-08-26,Materials,0.296,0.04793333333333336,-0.011266666666666638,1,1
2020-08-27,Materials,0.0,0.04793333333333336,0.04793333333333336,2,3
2020-08-28,Materials,-0.03771666666666667,0.06599000000000002,0.04793333333333336,2,4
2020-08-31,Materials,0.1366,0.04339666666666669,0.06599000000000002,2,2
2020-09-01,Materials,,0.09872083333333337,0.04339666666666669,0,0
2020-09-02,Materials,0.0,0.02472083333333336,0.09872083333333337,3,3
2020-09-03,Materials,0.05735,0.03905833333333336,0.02472083333333336,2,5
2020-09-04,Materials,0.09866666666666667,0.07315416666666669,0.03905833333333336,3,5
2020-09-08,Materials,0.23835,0.09859166666666669,0.07315416666666669,2,2
2020-09-09,Materials,,0.09859166666666669,0.09859166666666669,0,0
2020-09-10,Materials,0.16455,0.13972916666666668,0.09859166666666669,2,2
2020-09-11,Materials,-0.296,0.0513916666666667,0.13972916666666668,1,1
2020-09-14,Materials,-0.0515125,0.013846875000000033,0.0513916666666667,2,6
2020-09-15,Materials,,-0.06098749999999995,0.013846875000000033,0,0
2020-09-16,Materials,0.0,-0.045740624999999965,-0.06098749999999995,2,2
2020-09-17,Materials,0.16239166666666666,-0.04628020833333331,-0.045740624999999965,3,7
2020-09-18,Materials,,0.03695972222222227,-0.04628020833333331,0,0
2020-09-21,Materials,0.14601666666666668,0.10280277777777784,0.03695972222222227,3,5
2020-09-22,Materials,,0.10280277777777784,0.10280277777777784,0,0
2020-09-23,Materials,0.0,0.10280277777777784,0.10280277777777784,1,1
2020-09-24,Materials,0.6369,0.2609722222222223,0.10280277777777784,1,1
2020-09-25,Materials,0.296,0.26972916666666674,0.2609722222222223,1,1
2020-09-28,Materials,-0.019875000000000004,0.22825625000000005,0.26972916666666674,4,6
2020-09-29,Materials,,0.22825625000000005,0.22825625000000005,0,0
2020-09-30,Materials,0.0,0.22825625000000005,0.22825625000000005,2,2
2020-10-01,Materials,,0.09204166666666673,0.22825625000000005,0,0
2020-10-02,Materials,,-0.009937499999999905,0.09204166666666673,0,0
2020-10-05,Materials,0.14465,0.07232500000000011,-0.009937499999999905,2,5
2020-10-06,Materials,,0.07232500000000011,0.07232500000000011,0,0
2020-10-07,Materials,0.0,0.07232500000000011,0.07232500000000011,1,1
2020-10-08,Materials,0.0,0.04821666666666674,0.07232500000000011,1,1
2020-10-09,Materials,0.0,0.036162500000000056,0.04821666666666674,1,2
2020-10-12,Materials,0.23255,0.05813750000000006,0.036162500000000056,2,4
2020-10-13,Materials,0.0,0.046510000000000044,0.05813750000000006,1,1
2020-10-14,Materials,0.5859,0.16369000000000006,0.046510000000000044,1,1
2020-10-15,Materials,0.2997,0.22363000000000005,0.16369000000000006,2,2
2020-10-16,Materials,0.5562,0.33487000000000006,0.22363000000000005,1,2
2020-10-19,Materials,0.60605,0.4095700000000001,0.33487000000000006,2,2
2020-10-20,Materials,,0.5119625000000001,0.4095700000000001,0,0
2020-10-21,Materials,0.17,0.4079875,0.5119625000000001,2,4
2020-10-22,Materials,0.20875,0.38525000000000004,0.4079875,2,15
2020-10-23,Materials,0.2553,0.31002500000000005,0.38525000000000004,1,2
2020-10-26,Materials,0.0,0.15851250000000006,0.31002500000000005,2,2
2020-10-27,Materials,0.0617375,0.13915750000000005,0.15851250000000006,2,5
2020-10-28,Materials,,0.13144687500000005,0.13915750000000005,0,0
2020-10-29,Materials,0.16195333333333334,0.11974770833333338,0.13144687500000005,3,10
2020-10-30,Materials,,0.07456361111111119,0.11974770833333338,0,0
2020-11-02,Materials,0.26025,0.16131361111111117,0.07456361111111119,2,2
2020-11-03,Materials,0.4576,0.29326777777777785,0.16131361111111117,1,1
2020-11-04,Materials,0.1366,0.2541008333333334,0.29326777777777785,1,2
2020-11-05,Materials,,0.2848166666666667,0.2541008333333334,0,0
2020-11-06,Materials,0.13053333333333333,0.24624583333333339,0.2848166666666667,3,3
2020-11-09,Materials,,0.2415777777777779,0.24624583333333339,0,0
2020-11-10,Materials,-0.17,0.032377777777777846,0.2415777777777779,2,2
2020-11-11,Materials,0.12333333333333332,0.027955555555555622,0.032377777777777846,2,5
2020-11-12,Materials,0.0851,0.04224166666666672,0.027955555555555622,4,5
2020-11-13,Materials,0.31312500000000004,0.0878895833333334,0.04224166666666672,4,5
2020-11-16,Materials,0.24695,0.11970166666666673,0.0878895833333334,3,4
2020-11-17,Materials,0.575,0.2687016666666667,0.11970166666666673,2,2
2020-11-18,Materials,,0.3050437500000001,0.2687016666666667,0,0
2020-11-19,Materials,0.13753333333333334,0.31815208333333345,0.3050437500000001,3,3
2020-11-20,Materials,,0.3198277777777779,0.31815208333333345,0,0
2020-11-23,Materials,0.14974,0.28742444444444454,0.3198277777777779,5,9
2020-11-24,Materials,0.4404,0.2425577777777779,0.28742444444444454,1,1
2020-11-25,Materials,0.2679333333333333,0.24890166666666674,0.2425577777777779,2,4
2020-11-27,Materials,0.5106,0.34216833333333346,0.24890166666666674,1,1
2020-11-30,Materials,0.10115,0.29396466666666676,0.34216833333333346,2,2
2020-12-01,Materials,0.3062,0.3252566666666668,0.29396466666666676,2,2
2020-12-02,Materials,0.25120000000000003,0.28741666666666676,0.3252566666666668,3,4
2020-12-03,Materials,0.0,0.23383000000000012,0.28741666666666676,1,1
2020-12-04,Materials,,0.16463750000000016,0.23383000000000012,0,0
2020-12-07,Materials,0.0,0.13935000000000014,0.16463750000000016,1,2
2020-12-08,Materials,0.3183666666666667,0.1423916666666668,0.13935000000000014,1,3
2020-12-09,Materials,0.26253333333333334,0.1452250000000001,0.1423916666666668,2,4
2020-12-10,Materials,0.296,0.21922500000000011,0.1452250000000001,1,1
2020-12-11,Materials,0.0,0.1753800000000001,0.21922500000000011,1,1
2020-12-14,Materials,,0.21922500000000011,0.1753800000000001,0,0
2020-12-15,Materials,0.0,0.13963333333333344,0.21922500000000011,2,3
2020-12-16,Materials,0.2202,0.1290500000000001,0.13963333333333344,2,2
2020-12-17,Materials,0.3712,0.1478500000000001,0.1290500000000001,3,3
2020-12-18,Materials,0.11337499999999999,0.1761937500000001,0.1478500000000001,4,7
2020-12-21,Materials,0.2511875,0.1911925000000001,0.1761937500000001,4,5
2020-12-22,Materials,0.0,0.1911925000000001,0.1911925000000001,2,2
2020-12-23,Materials,,0.18394062500000014,0.1911925000000001,0,0
2020-12-24,Materials,,0.12152083333333351,0.18394062500000014,0,0
2020-12-28,Materials,0.1366,0.12926250000000014,0.12152083333333351,2,2
2020-12-29,Materials,0.31845,0.15168333333333348,0.12926250000000014,2,3
2020-12-30,Materials,0.3182,0.25775000000000015,0.15168333333333348,1,1
2020-12-31,Materials,0.4019,0.2937875000000001,0.25775000000000015,1,1
2021-01-04,Materials,0.15285,0.2656000000000001,0.2937875000000001,3,6
2021-01-05,Materials,0.2044,0.2791600000000001,0.2656000000000001,3,3
2021-01-06,Materials,0.4215,0.2997700000000001,0.2791600000000001,1,1
2021-01-07,Materials,-0.1706,0.20201000000000008,0.2997700000000001,2,2
2021-01-08,Materials,0.02732,0.1270940000000001,0.20201000000000008,2,6
2021-01-11,Materials,0.1893083333333333,0.13438566666666676,0.1270940000000001,4,6
2021-01-12,Materials,0.0,0.09350566666666675,0.13438566666666676,2,2
2021-01-13,Materials,0.0,0.00920566666666675,0.09350566666666675,2,2
2021-01-14,Materials,0.0,0.04332566666666675,0.00920566666666675,1,1
2021-01-15,Materials,0.09765,0.05739166666666675,0.04332566666666675,3,6
2021-01-19,Materials,-0.5957,-0.09960999999999991,0.05739166666666675,2,2
2021-01-20,Materials,0.5106,0.002510000000000101,-0.09960999999999991,1,1
2021-01-21,Materials,0.063475,0.015205000000000102,0.002510000000000101,4,4
2021-01-22,Materials,0.3612,0.0874450000000001,0.015205000000000102,1,1
2021-01-25,Materials,-0.07466666666666667,0.052981666666666774,0.0874450000000001,3,3
2021-01-26,Materials,-0.042666666666666665,0.16358833333333345,0.052981666666666774,1,3
2021-01-27,Materials,0.0,0.06146833333333342,0.16358833333333345,2,3
2021-01-28,Materials,0.19026666666666667,0.08682666666666676,0.06146833333333342,4,14
2021-01-29,Materials,-0.064,0.001786666666666753,0.08682666666666676,2,2
2021-02-01,Materials,0.207745,0.05826900000000009,0.001786666666666753,4,10
2021-02-02,Materials,0.0,0.06680233333333344,0.05826900000000009,1,1
2021-02-03,Materials,0.0344,0.07368233333333343,0.06680233333333344,3,3
2021-02-04,Materials,,0.04453625000000011,0.07368233333333343,0,0
2021-02-05,Materials,0.0,0.06053625000000011,0.04453625000000011,2,3
2021-02-08,Materials,0.2232,0.06440000000000011,0.06053625000000011,2,3
2021-02-09,Materials,0.34234166666666666,0.14998541666666676,0.06440000000000011,2,8
2021-02-10,Materials,0.044475,0.15250416666666677,0.14998541666666676,2,3
2021-02-11,Materials,,0.15250416666666677,0.15250416666666677,0,0
2021-02-12,Materials,,0.20333888888888904,0.15250416666666677,0,0
2021-02-16,Materials,0.2719666666666667,0.21959444444444456,0.20333888888888904,3,3
2021-02-17,Materials,0.09755000000000001,0.13799722222222238,0.21959444444444456,3,4
2021-02-18,Materials,0.3845291666666667,0.2513486111111113,0.13799722222222238,2,10
2021-02-19,Materials,0.19325,0.23682395833333347,0.2513486111111113,3,4
2021-02-22,Materials,0.23016666666666666,0.2354925000000001,0.23682395833333347,4,8
2021-02-23,Materials,0.07578750000000001,0.19625666666666677,0.2354925000000001,4,5
2021-02-24,Materials,0.0,0.17674666666666677,0.19625666666666677,2,3
2021-02-25,Materials,0.0,0.09984083333333342,0.17674666666666677,3,4
2021-02-26,Materials,0.04933333333333333,0.07105750000000008,0.09984083333333342,3,4
2021-03-01,Materials,0.0033374999999999932,0.02569166666666676,0.07105750000000008,4,5
2021-03-02,Materials,0.2553,0.06159416666666676,0.02569166666666676,2,4
2021-03-03,Materials,,0.07699270833333345,0.06159416666666676,0,0
2021-03-04,Materials,0.296,0.15099270833333345,0.07699270833333345,1,1
2021-03-05,Materials,0.0129,0.14188437500000012,0.15099270833333345,2,2
2021-03-08,Materials,0.1171,0.17032500000000012,0.14188437500000012,3,7
2021-03-09,Materials,0.0,0.10650000000000011,0.17032500000000012,1,1
2021-03-10,Materials,0.2139,0.12798000000000007,0.10650000000000011,1,2
2021-03-11,Materials,0.320675,0.13291500000000006,0.12798000000000007,2,3
2021-03-12,Materials,0.148,0.15993500000000008,0.13291500000000006,2,2
2021-03-15,Materials,0.0,0.13651500000000008,0.15993500000000008,2,3
2021-03-16,Materials,0.0,0.13651500000000008,0.13651500000000008,1,1
2021-03-17,Materials,0.1366,0.1210550000000001,0.13651500000000008,1,2
2021-03-18,Materials,,0.07115000000000012,0.1210550000000001,0,0
2021-03-19,Materials,0.27115,0.10193750000000013,0.07115000000000012,2,2
2021-03-22,Materials,0.10115,0.12722500000000012,0.10193750000000013,2,3
2021-03-23,Materials,-0.125,0.09597500000000013,0.12722500000000012,2,3
2021-03-24,Materials,0.1366,0.09597500000000013,0.09597500000000013,2,2
2021-03-25,Materials,0.264225,0.1296250000000001,0.09597500000000013,2,4
2021-03-26,Materials,-0.19733333333333333,0.03592833333333344,0.1296250000000001,3,5
2021-03-29,Materials,,0.019622916666666792,0.03592833333333344,0,0
2021-03-30,Materials,,0.06783055555555573,0.019622916666666792,0,0
2021-03-31,Materials,0.148,0.07163055555555572,0.06783055555555573,2,2
2021-04-01,Materials,0.0,-0.016444444444444272,0.07163055555555572,3,5
2021-04-05,Materials,0.3427,0.16356666666666683,-0.016444444444444272,2,3
2021-04-06,Materials,-0.128,0.09067500000000013,0.16356666666666683,1,1
2021-04-07,Materials,-0.1591,0.0407200000000001,0.09067500000000013,2,2
2021-04-08,Materials,0.162675,0.0436550000000001,0.0407200000000001,4,5
2021-04-09,Materials,,0.05456875000000013,0.0436550000000001,0,0
2021-04-12,Materials,0.06743333333333333,-0.014247916666666537,0.05456875000000013,3,4
2021-04-13,Materials,,0.023669444444444618,-0.014247916666666537,0,0
2021-04-14,Materials,0.146875,0.1256611111111113,0.023669444444444618,4,4
2021-04-15,Materials,,0.10715416666666694,0.1256611111111113,0,0
2021-04-16,Materials,0.0,0.07143611111111128,0.10715416666666694,2,2
2021-04-19,Materials,0.33486666666666665,0.16058055555555573,0.07143611111111128,3,3
2021-04-20,Materials,-0.0258,0.1139854166666668,0.16058055555555573,1,1
2021-04-21,Materials,0.24422500000000003,0.1383229166666668,0.1139854166666668,4,5
2021-04-22,Materials,0.14700357142857143,0.14005904761904772,0.1383229166666668,2,11
2021-04-23,Materials,0.1784,0.17573904761904774,0.14005904761904772,2,3
2021-04-26,Materials,0.0,0.1087657142857144,0.17573904761904774,1,1
2021-04-27,Materials,0.171,0.14812571428571442,0.1087657142857144,2,5
2021-04-28,Materials,0.5574,0.21076071428571436,0.14812571428571442,1,1
2021-04-29,Materials,0.04933333333333333,0.19122666666666674,0.21076071428571436,2,4
2021-04-30,Materials,0.0772,0.17098666666666676,0.19122666666666674,1,1
2021-05-03,Materials,0.045533333333333335,0.1800933333333334,0.17098666666666676,3,5
2021-05-04,Materials,-0.10647187500000001,0.12459895833333343,0.1800933333333334,4,11
2021-05-05,Materials,0.8591,0.1849389583333334,0.12459895833333343,1,1
2021-05-06,Materials,0.178525,0.21077729166666673,0.1849389583333334,4,5
2021-05-07,Materials,,0.24417161458333342,0.21077729166666673,0,0
2021-05-10,Materials,0.191225,0.28059453125000006,0.24417161458333342,4,5
2021-05-11,Materials,0.3404,0.39231250000000006,0.28059453125000006,1,2
2021-05-12,Materials,0.4939,0.30101250000000007,0.39231250000000006,1,1
2021-05-13,Materials,0.1366,0.2905312500000001,0.30101250000000007,1,2
2021-05-14,Materials,0.148,0.26202500000000006,0.2905312500000001,2,2
2021-05-17,Materials,0.32669000000000004,0.28911800000000004,0.26202500000000006,2,6
2021-05-18,Materials,0.11752222222222224,0.24454244444444453,0.28911800000000004,3,5
2021-05-19,Materials,-0.2997,0.0858224444444445,0.24454244444444453,2,2
2021-05-20,Materials,0.0,0.05850244444444451,0.0858224444444445,2,3
2021-05-21,Materials,0.1591,0.06072244444444451,0.05850244444444451,1,2
2021-05-24,Materials,0.105625,0.016509444444444504,0.06072244444444451,4,5
2021-05-25,Materials,0.13396666666666665,0.019798333333333386,0.016509444444444504,3,3
2021-05-26,Materials,0.0,0.07973833333333338,0.019798333333333386,2,2
2021-05-27,Materials,0.23803333333333335,0.12734500000000007,0.07973833333333338,3,3
2021-05-28,Materials,0.14923333333333333,0.12537166666666671,0.12734500000000007,3,5
2021-06-01,Materials,0.22949999999999998,0.1501466666666667,0.12537166666666671,2,4
2021-06-02,Materials,0.0,0.12335333333333338,0.1501466666666667,1,2
2021-06-03,Materials,0.20095,0.16354333333333337,0.12335333333333338,4,5
2021-06-04,Materials,0.0,0.11593666666666672,0.16354333333333337,1,2
2021-06-07,Materials,0.10424375000000001,0.10693875000000005,0.11593666666666672,4,9
2021-06-08,Materials,0.15075555555555556,0.09118986111111117,0.10693875000000005,3,5
2021-06-09,Materials,0.0,0.09118986111111117,0.09118986111111117,1,1
2021-06-10,Materials,0.0,0.05099986111111117,0.09118986111111117,1,1
2021-06-11,Materials,0.1366,0.07831986111111117,0.05099986111111117,2,2
2021-06-14,Materials,0.40293333333333337,0.13805777777777783,0.07831986111111117,3,4
2021-06-15,Materials,0.0,0.10790666666666673,0.13805777777777783,1,1
2021-06-16,Materials,0.0,0.10790666666666673,0.10790666666666673,2,2
2021-06-17,Materials,0.112565,0.13041966666666674,0.10790666666666673,4,9
2021-06-18,Materials,0.148,0.13269966666666672,0.13041966666666674,3,4
2021-06-21,Materials,-0.06111111111111111,0.03989077777777783,0.13269966666666672,3,5
2021-06-22,Materials,0.031375,0.04616577777777783,0.03989077777777783,2,3
2021-06-23,Materials,,0.05770722222222229,0.04616577777777783,0,0
2021-06-24,Materials,0.098675,0.05423472222222229,0.05770722222222229,4,4
2021-06-25,Materials,0.07538333333333334,0.03608055555555563,0.05423472222222229,2,4
2021-06-28,Materials,0.0,0.05135833333333341,0.03608055555555563,2,2
2021-06-29,Materials,0.0258,0.0499645833333334,0.05135833333333341,1,1
2021-06-30,Materials,,0.0499645833333334,0.0499645833333334,0,0
2021-07-01,Materials,0.06743333333333333,0.04215416666666674,0.0499645833333334,3,3
2021-07-02,Materials,0.296,0.0973083333333334,0.04215416666666674,1,1
2021-07-06,Materials,0.0795125,0.1171864583333334,0.0973083333333334,4,5
2021-07-07,Materials,0.0,0.1107364583333334,0.1171864583333334,1,1
2021-07-08,Materials,-0.061099999999999995,0.07636916666666672,0.1107364583333334,4,5
2021-07-09,Materials,,0.07860312500000007,0.07636916666666672,0,0
2021-07-12,Materials,0.3818,0.10005312500000006,0.07860312500000007,1,1
2021-07-13,Materials,0.0,0.08017500000000007,0.10005312500000006,2,2
2021-07-14,Materials,0.0,0.08017500000000007,0.08017500000000007,1,1
2021-07-15,Materials,0.20095,0.14568750000000005,0.08017500000000007,2,2
2021-07-16,Materials,0.18076666666666666,0.15270333333333336,0.14568750000000005,3,4
2021-07-19,Materials,-0.022716666666666673,0.07180000000000006,0.15270333333333336,3,6
2021-07-20,Materials,0.13473333333333334,0.09874666666666672,0.07180000000000006,3,3
2021-07-21,Materials,-0.024522222222222223,0.09384222222222227,0.09874666666666672,3,8
2021-07-22,Materials,0.19455666666666666,0.09256355555555562,0.09384222222222227,4,10
2021-07-23,Materials,0.2553,0.10747022222222227,0.09256355555555562,2,2
2021-07-26,Materials,0.10573333333333335,0.1331602222222223,0.10747022222222227,3,5
2021-07-27,Materials,0.16233333333333333,0.13868022222222226,0.1331602222222223,3,5
2021-07-28,Materials,,0.1794808333333334,0.13868022222222226,0,0
2021-07-29,Materials,0.2584125,0.19544479166666673,0.1794808333333334,4,5
2021-07-30,Materials,0.296,0.20561979166666672,0.19544479166666673,1,1
2021-08-02,Materials,0.0,0.1791864583333334,0.20561979166666672,2,2
2021-08-03,Materials,0.19892777777777773,0.1883350694444445,0.1791864583333334,3,16
2021-08-04,Materials,0.0,0.1506680555555556,0.1883350694444445,4,4
2021-08-05,Materials,0.0,0.09898555555555559,0.1506680555555556,2,2
2021-08-06,Materials,0.4019,0.1201655555555556,0.09898555555555559,1,1
2021-08-09,Materials,0.09106666666666667,0.13837888888888894,0.1201655555555556,1,3
2021-08-10,Materials,0.0683,0.1122533333333334,0.13837888888888894,1,4
2021-08-11,Materials,-0.19942222222222222,0.07236888888888895,0.1122533333333334,2,10
2021-08-12,Materials,0.13396666666666665,0.09916222222222229,0.07236888888888895,3,3
2021-08-13,Materials,0.2553,0.06984222222222228,0.09916222222222229,2,2
2021-08-16,Materials,0.08808,0.06924488888888894,0.06984222222222228,5,6
2021-08-17,Materials,0.35875,0.12733488888888894,0.06924488888888894,2,2
2021-08-18,Materials,0.2049,0.20819933333333335,0.12733488888888894,3,3
2021-08-19,Materials,-0.02551666666666667,0.17630266666666672,0.20819933333333335,3,5
2021-08-20,Materials,0.02034999999999998,0.1293126666666667,0.17630266666666672,2,2
2021-08-23,Materials,0.11132500000000001,0.1339616666666667,0.1293126666666667,4,6
2021-08-24,Materials,0.0,0.06221166666666671,0.1339616666666667,1,1
2021-08-25,Materials,0.0,0.021231666666666708,0.06221166666666671,1,2
2021-08-26,Materials,0.296,0.08553500000000004,0.021231666666666708,1,1
2021-08-27,Materials,0.24695,0.13085500000000003,0.08553500000000004,2,3
2021-08-30,Materials,0.13935,0.13646000000000005,0.13085500000000003,4,4
2021-08-31,Materials,0.09038333333333333,0.1545366666666667,0.13646000000000005,2,4
2021-09-01,Materials,0.0,0.1545366666666667,0.1545366666666667,1,1
2021-09-02,Materials,0.0,0.09533666666666671,0.1545366666666667,2,2
2021-09-03,Materials,,0.05743333333333339,0.09533666666666671,0,0
2021-09-07,Materials,0.1953,0.07142083333333338,0.05743333333333339,1,3
2021-09-08,Materials,-0.17906666666666668,0.004058333333333386,0.07142083333333338,3,6
2021-09-09,Materials,0.0242,0.010108333333333382,0.004058333333333386,2,2
2021-09-10,Materials,0.0,0.010108333333333382,0.010108333333333382,2,2
2021-09-13,Materials,0.11286333333333332,0.030659333333333372,0.010108333333333382,5,8
2021-09-14,Materials,0.12726666666666667,0.0170526666666667,0.030659333333333372,3,3
2021-09-15,Materials,,0.06608250000000004,0.0170526666666667,0,0
2021-09-16,Materials,0.148,0.09703250000000005,0.06608250000000004,2,3
2021-09-17,Materials,0.24365555555555554,0.15794638888888893,0.09703250000000005,3,6
2021-09-20,Materials,0.1570125,0.1689836805555556,0.15794638888888893,4,11
2021-09-21,Materials,0.0,0.13716701388888894,0.1689836805555556,1,1
2021-09-22,Materials,0.06414,0.12256161111111115,0.13716701388888894,5,8
2021-09-23,Materials,0.0,0.09296161111111115,0.12256161111111115,1,1
2021-09-24,Materials,0.0,0.04423050000000004,0.09296161111111115,2,3
2021-09-27,Materials,0.146475,0.042123000000000035,0.04423050000000004,2,3
2021-09-28,Materials,0.0,0.042123000000000035,0.042123000000000035,2,2
2021-09-29,Materials,0.0,0.029295000000000036,0.042123000000000035,2,2
2021-09-30,Materials,0.2083,0.07095500000000003,0.029295000000000036,3,5
2021-10-01,Materials,0.0,0.07095500000000003,0.07095500000000003,1,1
2021-10-04,Materials,,0.052075000000000045,0.07095500000000003,0,0
2021-10-05,Materials,-0.00686666666666665,0.05035833333333339,0.052075000000000045,3,4
2021-10-06,Materials,0.17134920634920636,0.09319563492063498,0.05035833333333339,3,14
2021-10-07,Materials,0.21230000000000002,0.09419563492063499,0.09319563492063498,3,3
2021-10-08,Materials,0.185,0.14044563492063497,0.09419563492063499,4,5
2021-10-11,Materials,0.20790999999999998,0.15393850793650798,0.14044563492063497,5,6
2021-10-12,Materials,-0.40775,0.07376184126984131,0.15393850793650798,1,2
2021-10-13,Materials,0.008408333333333332,0.0411736666666667,0.07376184126984131,3,6
2021-10-14,Materials,-0.059350000000000014,-0.013156333333333308,0.0411736666666667,2,3
2021-10-15,Materials,0.148,-0.020556333333333315,-0.013156333333333308,2,2
2021-10-18,Materials,0.31245,0.00035166666666669455,-0.020556333333333315,2,3
2021-10-19,Materials,0.0,0.08190166666666669,0.00035166666666669455,1,1
2021-10-20,Materials,-0.0222375,0.07577250000000002,0.08190166666666669,4,5
2021-10-21,Materials,0.24416249999999998,0.13647500000000004,0.07577250000000002,4,13
2021-10-22,Materials,0.13396666666666665,0.13366833333333336,0.13647500000000004,3,3
2021-10-25,Materials,0.12478333333333334,0.09613500000000003,0.13366833333333336,3,4
2021-10-26,Materials,0.021900000000000003,0.10051500000000002,0.09613500000000003,2,3
2021-10-27,Materials,0.26335,0.1576325,0.10051500000000002,2,2
2021-10-28,Materials,0.04861666666666667,0.11852333333333336,0.1576325,2,5
2021-10-29,Materials,0.0,0.09173000000000005,0.11852333333333336,1,1
2021-11-01,Materials,0.0,0.06677333333333338,0.09173000000000005,3,4
2021-11-02,Materials,-0.06613522727272729,0.049166287878787907,0.06677333333333338,4,15
2021-11-03,Materials,,-0.00437964015151511,0.049166287878787907,0,0
2021-11-04,Materials,0.0,-0.01653380681818178,-0.00437964015151511,2,2
2021-11-05,Materials,0.17631666666666668,0.02754535984848489,-0.01653380681818178,3,4
2021-11-08,Materials,0.23819,0.08709285984848489,0.02754535984848489,2,6
2021-11-09,Materials,0.296,0.1776266666666667,0.08709285984848489,1,1
2021-11-10,Materials,0.4514666666666667,0.2323946666666667,0.1776266666666667,1,3
2021-11-11,Materials,-0.23835,0.1847246666666667,0.2323946666666667,1,2
2021-11-12,Materials,0.19271111111111108,0.1880035555555556,0.1847246666666667,3,5
2021-11-15,Materials,0.31845,0.20405555555555557,0.1880035555555556,2,2
2021-11-16,Materials,0.1604,0.17693555555555557,0.20405555555555557,4,6
2021-11-17,Materials,-0.0511,0.07642222222222225,0.17693555555555557,2,3
2021-11-18,Materials,0.0,0.12409222222222227,0.07642222222222225,1,1
2021-11-19,Materials,0.0,0.08555000000000004,0.12409222222222227,1,2
2021-11-22,Materials,0.25709499999999996,0.07327900000000002,0.08555000000000004,5,9
2021-11-23,Materials,0.12695,0.06658900000000004,0.07327900000000002,2,2
2021-11-24,Materials,0.0,0.07680900000000003,0.06658900000000004,3,3
2021-11-26,Materials,0.0,0.07680900000000003,0.07680900000000003,2,2
2021-11-29,Materials,0.0,0.07680900000000003,0.07680900000000003,2,3
2021-11-30,Materials,0.201625,0.06571500000000004,0.07680900000000003,2,3
2021-12-01,Materials,-0.2423,-0.008134999999999965,0.06571500000000004,1,3
2021-12-02,Materials,-0.23701111111111114,-0.055537222222222196,-0.008134999999999965,3,5
2021-12-03,Materials,0.007149999999999999,-0.054107222222222195,-0.055537222222222196,2,7
2021-12-06,Materials,0.295825,0.005057777777777805,-0.054107222222222195,2,3
2021-12-07,Materials,0.0,-0.03526722222222219,0.005057777777777805,1,2
2021-12-08,Materials,0.2202,0.0572327777777778,-0.03526722222222219,2,2
2021-12-09,Materials,0.20651000000000003,0.14593700000000004,0.0572327777777778,5,7
2021-12-10,Materials,0.34,0.21250700000000006,0.14593700000000004,1,1
2021-12-13,Materials,0.0,0.15334200000000003,0.21250700000000006,1,2
2021-12-14,Materials,0.24253333333333335,0.2018486666666667,0.15334200000000003,3,6
2021-12-15,Materials,0.31953333333333334,0.2217153333333334,0.2018486666666667,3,6
2021-12-16,Materials,0.05363333333333333,0.19114000000000003,0.2217153333333334,2,5
2021-12-17,Materials,0.0,0.12314000000000003,0.19114000000000003,1,1
2021-12-20,Materials,0.054266666666666664,0.13399333333333335,0.12314000000000003,3,3
2021-12-21,Materials,,0.10685833333333336,0.13399333333333335,0,0
2021-12-22,Materials,,0.0359666666666667,0.10685833333333336,0,0
2021-12-23,Materials,0.16787000000000002,0.0740455555555556,0.0359666666666667,5,7
2021-12-27,Materials,0.1779,0.1333455555555556,0.0740455555555556,1,1
2021-12-28,Materials,0.20939375,0.18505458333333336,0.1333455555555556,4,10
2021-12-29,Materials,0.6369,0.2980159375,0.18505458333333336,1,1
2021-12-30,Materials,0.100475,0.25850775000000004,0.2980159375,2,3
2021-12-31,Materials,,0.2811671875,0.25850775000000004,0,0
2022-01-03,Materials,0.2202,0.2917421875,0.2811671875,2,2
2022-01-04,Materials,0.0,0.23939375000000002,0.2917421875,2,3
2022-01-05,Materials,0.09106666666666667,0.1029354166666667,0.23939375000000002,1,3
2022-01-06,Materials,0.23477777777777778,0.13651111111111114,0.1029354166666667,3,5
2022-01-07,Materials,0.20095,0.14939888888888891,0.13651111111111114,1,2
2022-01-10,Materials,0.27115,0.15958888888888892,0.14939888888888891,2,2
2022-01-11,Materials,0.0,0.15958888888888892,0.15958888888888892,1,1
2022-01-12,Materials,0.0,0.14137555555555556,0.15958888888888892,2,2
2022-01-13,Materials,0.27615,0.14965,0.14137555555555556,2,4
2022-01-14,Materials,0.23838333333333334,0.1571366666666667,0.14965,2,4
2022-01-18,Materials,0.018375555555555555,0.1065817777777778,0.1571366666666667,3,9
2022-01-19,Materials,0.13952222222222221,0.13448622222222223,0.1065817777777778,3,7
2022-01-20,Materials,0.13898749999999999,0.16228372222222226,0.13448622222222223,4,8
2022-01-21,Materials,0.15444166666666664,0.13794205555555555,0.16228372222222226,4,7
2022-01-24,Materials,0.1580047619047619,0.12186634126984128,0.13794205555555555,5,15
2022-01-25,Materials,0.1737125,0.15293373015873019,0.12186634126984128,4,5
2022-01-26,Materials,0.0734,0.1397092857142857,0.15293373015873019,3,4
2022-01-27,Materials,0.17094499999999999,0.14610078571428572,0.1397092857142857,5,19
2022-01-28,Materials,0.0,0.11521245238095239,0.14610078571428572,1,1
2022-01-31,Materials,-0.05643333333333333,0.07232483333333335,0.11521245238095239,3,3
2022-02-01,Materials,0.2602888888888889,0.08964011111111113,0.07232483333333335,3,5
2022-02-02,Materials,0.11401666666666667,0.09776344444444446,0.08964011111111113,3,5
2022-02-03,Materials,-0.1468,0.03421444444444447,0.09776344444444446,3,3
2022-02-04,Materials,0.135575,0.06132944444444447,0.03421444444444447,2,4
2022-02-07,Materials,0.1591,0.10443611111111113,0.06132944444444447,2,3
2022-02-08,Materials,0.14185227272727274,0.08074878787878789,0.10443611111111113,4,15
2022-02-09,Materials,0.20095,0.09813545454545457,0.08074878787878789,2,2
2022-02-10,Materials,0.10443333333333334,0.14838212121212124,0.09813545454545457,3,4
2022-02-11,Materials,0.41212499999999996,0.2036921212121212,0.14838212121212124,2,3
2022-02-14,Materials,0.318,0.23547212121212122,0.2036921212121212,2,2
2022-02-15,Materials,0.0,0.20710166666666668,0.23547212121212122,2,3
2022-02-16,Materials,-0.0065333333333333354,0.165605,0.20710166666666668,3,3
2022-02-17,Materials,0.0617375,0.15706583333333332,0.165605,4,6
2022-02-18,Materials,-0.15641599999999997,0.04335763333333336,0.15706583333333332,5,10
2022-02-22,Materials,0.3126541666666667,0.0422884666666667,0.04335763333333336,4,10
2022-02-23,Materials,0.1702,0.07632846666666669,0.0422884666666667,4,4
2022-02-24,Materials,0.049475000000000005,0.08753013333333336,0.07632846666666669,1,4
2022-02-25,Materials,0.0,0.07518263333333336,0.08753013333333336,3,4
2022-02-28,Materials,0.0,0.10646583333333334,0.07518263333333336,3,3
2022-03-01,Materials,0.317,0.107335,0.10646583333333334,3,3
2022-03-02,Materials,0.61815,0.196925,0.107335,1,2
2022-03-03,Materials,0.0,0.18703,0.196925,1,1
2022-03-04,Materials,-0.0052249999999999935,0.185985,0.18703,4,6
2022-03-07,Materials,0.124875,0.21095999999999998,0.185985,4,4
2022-03-08,Materials,0.17309166666666667,0.18217833333333333,0.21095999999999998,3,6
2022-03-09,Materials,0.09316666666666668,0.07718166666666668,0.18217833333333333,3,3
2022-03-10,Materials,0.16757,0.11069566666666666,0.07718166666666668,5,8
2022-03-11,Materials,0.20004444444444447,0.15174955555555555,0.11069566666666666,3,5
2022-03-14,Materials,0.125,0.15177455555555555,0.15174955555555555,2,3
2022-03-15,Materials,0.00895,0.11894622222222222,0.15177455555555555,2,3
2022-03-16,Materials,0.35372499999999996,0.1710578888888889,0.11894622222222222,2,3
2022-03-17,Materials,-0.0252875,0.13248638888888892,0.1710578888888889,2,6
2022-03-18,Materials,0.1403625,0.12055,0.13248638888888892,4,6
2022-03-21,Materials,0.16121666666666667,0.12779333333333334,0.12055,4,10
2022-03-22,Materials,0.14049999999999999,0.15410333333333331,0.12779333333333334,3,3
2022-03-23,Materials,-0.3182,0.019718333333333338,0.15410333333333331,1,1
2022-03-24,Materials,0.16592500000000002,0.057960833333333336,0.019718333333333338,2,4
2022-03-25,Materials,0.3138666666666667,0.09266166666666668,0.057960833333333336,2,4
2022-03-28,Materials,0.0,0.06041833333333335,0.09266166666666668,1,3
2022-03-29,Materials,-0.06193333333333333,0.019931666666666688,0.06041833333333335,3,4
2022-03-30,Materials,0.11333333333333334,0.10623833333333335,0.019931666666666688,3,4
2022-03-31,Materials,0.39965,0.15298333333333333,0.10623833333333335,3,4
2022-04-01,Materials,0.31806666666666666,0.15382333333333334,0.15298333333333333,3,3
2022-04-04,Materials,0.05125,0.16407333333333335,0.15382333333333334,3,4
2022-04-05,Materials,0.18015,0.21249,0.16407333333333335,4,8
2022-04-06,Materials,0.249225,0.23966833333333332,0.21249,4,7
2022-04-07,Materials,0.148,0.18933833333333333,0.23966833333333332,2,2
2022-04-08,Materials,0.02965,0.13165500000000002,0.18933833333333333,3,5
2022-04-11,Materials,0.44565,0.210535,0.13165500000000002,2,4
2022-04-12,Materials,0.19122625,0.21275024999999997,0.210535,4,14
2022-04-13,Materials,0.35048958333333335,0.23300316666666668,0.21275024999999997,4,9
2022-04-14,Materials,0.20140833333333336,0.24368483333333332,0.23300316666666668,5,11
2022-04-18,Materials,0.160475,0.26984983333333334,0.24368483333333332,5,8
2022-04-19,Materials,0.06429999999999998,0.19357983333333334,0.26984983333333334,4,12
2022-04-20,Materials,0.11568555555555556,0.17847169444444447,0.19357983333333334,3,15
2022-04-21,Materials,0.12318755555555556,0.1330112888888889,0.17847169444444447,5,20
2022-04-22,Materials,0.10687555555555556,0.11410473333333335,0.1330112888888889,4,20
2022-04-25,Materials,0.19760833333333333,0.1215314,0.11410473333333335,5,15
2022-04-26,Materials,0.243934375,0.15745827500000004,0.1215314,4,13
2022-04-27,Materials,0.26335,0.1869911638888889,0.15745827500000004,2,3
2022-04-28,Materials,0.08139444444444444,0.17863254166666667,0.1869911638888889,3,6
2022-04-29,Materials,0.0,0.15725743055555558,0.17863254166666667,1,1
2022-05-02,Materials,0.0,0.11773576388888891,0.15725743055555558,3,3
2022-05-03,Materials,-0.04929999999999999,0.0590888888888889,0.11773576388888891,1,9
2022-05-04,Materials,0.06365000000000001,0.019148888888888917,0.0590888888888889,2,3
2022-05-05,Materials,0.39245,0.08136000000000003,0.019148888888888917,2,3
2022-05-06,Materials,0.08713333333333334,0.0987866666666667,0.08136000000000003,3,5
2022-05-09,Materials,0.0,0.0987866666666667,0.0987866666666667,2,2
2022-05-10,Materials,0.302375,0.1691216666666667,0.0987866666666667,4,8
2022-05-11,Materials,0.0,0.1563916666666667,0.1691216666666667,1,1
2022-05-12,Materials,0.3370083333333333,0.14530333333333334,0.1563916666666667,4,8
2022-05-13,Materials,0.159225,0.1597216666666667,0.14530333333333334,2,3
2022-05-16,Materials,0.0903,0.17778166666666667,0.1597216666666667,1,4
2022-05-17,Materials,0.12905833333333333,0.14311833333333335,0.17778166666666667,4,10
2022-05-18,Materials,0.296,0.20231833333333332,0.14311833333333335,1,1
2022-05-19,Materials,0.2174111111111111,0.1783988888888889,0.20231833333333332,3,5
2022-05-20,Materials,0.25761666666666666,0.19807722222222224,0.1783988888888889,3,4
2022-05-23,Materials,0.281725,0.23636222222222222,0.19807722222222224,3,6
2022-05-24,Materials,-0.14200000000000002,0.18215055555555557,0.23636222222222222,2,2
2022-05-25,Materials,0.1618777777777778,0.15532611111111114,0.18215055555555557,3,5
2022-05-26,Materials,0.053875,0.1226188888888889,0.15532611111111114,4,7
2022-05-27,Materials,-0.1858,0.03393555555555558,0.1226188888888889,2,2
2022-05-31,Materials,0.17861666666666667,0.013313888888888913,0.03393555555555558,3,4
2022-06-01,Materials,0.098875,0.06148888888888891,0.013313888888888913,4,8
2022-06-02,Materials,0.0086,0.030833333333333362,0.06148888888888891,3,3
2022-06-03,Materials,-0.0386,0.012338333333333359,0.030833333333333362,2,2
2022-06-06,Materials,0.07341249999999999,0.06418083333333335,0.012338333333333359,4,5
2022-06-07,Materials,0.03877499999999999,0.03621250000000002,0.06418083333333335,4,5
2022-06-08,Materials,0.123475,0.04113250000000002,0.03621250000000002,2,3
2022-06-09,Materials,0.063175,0.052047500000000024,0.04113250000000002,4,5
2022-06-10,Materials,-0.1589,0.02798750000000001,0.052047500000000024,3,5
2022-06-13,Materials,0.11135,0.035575000000000016,0.02798750000000001,3,10
2022-06-14,Materials,0.21746666666666664,0.07131333333333335,0.035575000000000016,4,7
2022-06-15,Materials,-0.03280000000000001,0.04005833333333335,0.07131333333333335,4,10
2022-06-16,Materials,0.21621,0.07066533333333336,0.04005833333333335,2,6
2022-06-17,Materials,-0.03013750000000001,0.09641783333333336,0.07066533333333336,2,6
2022-06-21,Materials,-0.02907499999999999,0.06833283333333336,0.09641783333333336,4,5
2022-06-22,Materials,0.1299722222222222,0.050833944444444466,0.06833283333333336,3,9
2022-06-23,Materials,0.07869,0.07313194444444446,0.050833944444444466,5,12
2022-06-24,Materials,0.148,0.05948994444444446,0.07313194444444446,2,2
2022-06-27,Materials,0.4956733333333333,0.16465211111111114,0.05948994444444446,4,10
2022-06-28,Materials,0.43483333333333335,0.2574337777777778,0.16465211111111114,3,4
2022-06-29,Materials,0.085,0.24843933333333337,0.2574337777777778,2,3
2022-06-30,Materials,0.225475,0.2777963333333333,0.24843933333333337,2,3
2022-07-01,Materials,0.33755,0.3157063333333333,0.2777963333333333,2,2
2022-07-05,Materials,0.24222708333333334,0.26501708333333335,0.3157063333333333,4,11
2022-07-06,Materials,0.25975,0.2300004166666667,0.26501708333333335,4,4
2022-07-07,Materials,-0.05039999999999999,0.20292041666666671,0.2300004166666667,4,6
2022-07-08,Materials,0.164925,0.1908104166666667,0.20292041666666671,2,3
2022-07-11,Materials,-0.018499999999999996,0.1196004166666667,0.1908104166666667,5,6
2022-07-12,Materials,0.0,0.07115500000000002,0.1196004166666667,1,1
2022-07-13,Materials,0.09145,0.03749500000000002,0.07115500000000002,2,4
2022-07-14,Materials,0.10839583333333333,0.06925416666666669,0.03749500000000002,4,7
2022-07-15,Materials,-0.4215,-0.048030833333333314,0.06925416666666669,1,1
2022-07-18,Materials,0.19125,-0.006080833333333313,-0.048030833333333314,2,5
2022-07-19,Materials,0.024987499999999996,-0.0010833333333333125,-0.006080833333333313,4,6
2022-07-20,Materials,0.07513750000000001,-0.004345833333333313,-0.0010833333333333125,4,11
2022-07-21,Materials,0.16982916666666667,0.007940833333333359,-0.004345833333333313,4,15
2022-07-22,Materials,-0.016783333333333334,0.08888416666666668,0.007940833333333359,3,5
2022-07-25,Materials,0.1402245098039216,0.078679068627451,0.08888416666666668,5,25
2022-07-26,Materials,-0.005624999999999998,0.072556568627451,0.078679068627451,4,7
2022-07-27,Materials,0.21319999999999997,0.10016906862745101,0.072556568627451,2,8
2022-07-28,Materials,0.3191833333333333,0.13003990196078433,0.10016906862745101,3,5
2022-07-29,Materials,0.0,0.133396568627451,0.13003990196078433,1,2
2022-08-01,Materials,0.0,0.10535166666666666,0.133396568627451,1,1
2022-08-02,Materials,0.10337666666666667,0.127152,0.10535166666666666,3,13
2022-08-03,Materials,0.17596666666666663,0.11970533333333333,0.127152,3,3
2022-08-04,Materials,0.14487,0.08484266666666666,0.11970533333333333,5,6
2022-08-05,Materials,0.23835,0.13251266666666667,0.08484266666666666,2,2
2022-08-08,Materials,0.4144,0.2153926666666667,0.13251266666666667,2,2
2022-08-09,Materials,0.0,0.19471733333333335,0.2153926666666667,1,1
2022-08-10,Materials,0.20095,0.199714,0.19471733333333335,2,2
2022-08-11,Materials,,0.213425,0.199714,0,0
2022-08-12,Materials,,0.2051166666666667,0.213425,0,0
2022-08-15,Materials,0.09038333333333333,0.09711111111111115,0.2051166666666667,2,4
2022-08-16,Materials,0.11345,0.1349277777777778,0.09711111111111115,4,5
2022-08-17,Materials,0.2467,0.15017777777777783,0.1349277777777778,2,3
2022-08-18,Materials,0.0282875,0.11970520833333335,0.15017777777777783,4,6
2022-08-19,Materials,,0.11970520833333335,0.11970520833333335,0,0
2022-08-22,Materials,0.093075,0.12037812500000003,0.11970520833333335,4,5
2022-08-23,Materials,0.07260000000000001,0.11016562500000003,0.12037812500000003,3,7
2022-08-24,Materials,0.0,0.04849062500000002,0.11016562500000003,2,2
2022-08-25,Materials,0.003225,0.042225000000000026,0.04849062500000002,4,5
2022-08-26,Materials,0.14298333333333332,0.06237666666666668,0.042225000000000026,3,4
2022-08-29,Materials,-0.04681666666666667,0.03439833333333335,0.06237666666666668,3,7
2022-08-30,Materials,0.03796666666666667,0.02747166666666668,0.03439833333333335,3,4
2022-08-31,Materials,-0.09106666666666667,0.009258333333333346,0.02747166666666668,3,4
2022-09-01,Materials,0.21487499999999998,0.05158833333333335,0.009258333333333346,2,3
2022-09-02,Materials,0.2288,0.06875166666666668,0.05158833333333335,2,2
2022-09-06,Materials,0.0,0.07811500000000002,0.06875166666666668,3,3
2022-09-07,Materials,0.06632500000000001,0.08378666666666669,0.07811500000000002,2,4
2022-09-08,Materials,0.2354875,0.14909750000000002,0.08378666666666669,4,6
2022-09-09,Materials,0.26335,0.1587925,0.14909750000000002,2,2
2022-09-12,Materials,-0.077625,0.0975075,0.1587925,4,6
2022-09-13,Materials,0.128,0.12310750000000001,0.0975075,1,1
2022-09-14,Materials,0.001544444444444448,0.1101513888888889,0.12310750000000001,3,12
2022-09-15,Materials,0.04337777777777777,0.07172944444444444,0.1101513888888889,3,6
2022-09-16,Materials,0.0,0.019059444444444455,0.07172944444444444,2,2
2022-09-19,Materials,-0.10345,0.013894444444444454,0.019059444444444455,4,6
2022-09-20,Materials,,-0.014631944444444434,0.013894444444444454,0,0
2022-09-21,Materials,0.0677875,0.0019288194444444552,-0.014631944444444434,4,6
2022-09-22,Materials,0.2368208333333333,0.05028958333333334,0.0019288194444444552,4,7
2022-09-23,Materials,0.19175833333333334,0.09822916666666667,0.05028958333333334,4,8
2022-09-26,Materials,0.20238888888888887,0.1746888888888889,0.09822916666666667,3,5
2022-09-27,Materials,0.29569999999999996,0.1988911111111111,0.1746888888888889,1,2
2022-09-28,Materials,-0.016783333333333327,0.18197694444444443,0.1988911111111111,4,6
2022-09-29,Materials,0.0,0.13461277777777778,0.18197694444444443,1,1
2022-09-30,Materials,0.0,0.09626111111111112,0.13461277777777778,3,6
2022-10-03,Materials,0.11808333333333333,0.0794,0.09626111111111112,3,5
2022-10-04,Materials,0.3825,0.09676000000000001,0.0794,2,2
2022-10-05,Materials,0.17253333333333334,0.13462333333333334,0.09676000000000001,3,4
2022-10-06,Materials,-0.23256666666666667,0.08811000000000001,0.13462333333333334,3,5
2022-10-07,Materials,0.1338,0.11487,0.08811000000000001,2,2
2022-10-10,Materials,0.26146,0.14354533333333336,0.11487,5,6
2022-10-11,Materials,0.045533333333333335,0.07615200000000001,0.14354533333333336,3,4
2022-10-12,Materials,0.34,0.10964533333333334,0.07615200000000001,1,1
2022-10-13,Materials,0.0502375,0.16620616666666668,0.10964533333333334,4,5
2022-10-14,Materials,0.0,0.13944616666666668,0.16620616666666668,2,2
2022-10-17,Materials,-0.1372,0.059714166666666665,0.13944616666666668,2,5
2022-10-18,Materials,0.12743333333333332,0.07609416666666666,0.059714166666666665,3,6
2022-10-19,Materials,0.0,0.008094166666666663,0.07609416666666666,3,4
2022-10-20,Materials,0.15381833333333333,0.028810333333333334,0.008094166666666663,5,14
2022-10-21,Materials,0.466375,0.12208533333333334,0.028810333333333334,2,3
2022-10-24,Materials,0.11072083333333334,0.1716695,0.12208533333333334,4,8
2022-10-25,Materials,0.1926777777777778,0.1847183888888889,0.1716695,3,5
2022-10-26,Materials,0.24695,0.2341083888888889,0.1847183888888889,2,2
2022-10-27,Materials,0.13396666666666665,0.23013805555555558,0.2341083888888889,3,5
2022-10-28,Materials,0.0,0.13686305555555556,0.23013805555555558,2,2
2022-10-31,Materials,0.2732,0.1693588888888889,0.13686305555555556,1,1
2022-11-01,Materials,-0.103075,0.11020833333333332,0.1693588888888889,2,6
2022-11-02,Materials,-0.1850166666666667,0.023814999999999985,0.11020833333333332,2,4
2022-11-03,Materials,0.03946666666666667,0.0049149999999999906,0.023814999999999985,3,4
2022-11-04,Materials,,0.006143749999999988,0.0049149999999999906,0,0
2022-11-07,Materials,0.03515,-0.053368750000000006,0.006143749999999988,4,5
2022-11-08,Materials,0.11416428571428573,0.0009410714285714231,-0.053368750000000006,4,12
2022-11-09,Materials,0.2049,0.09842023809523809,0.0009410714285714231,2,3
2022-11-10,Materials,0.0,0.08855357142857143,0.09842023809523809,2,3
2022-11-11,Materials,0.19125,0.10909285714285714,0.08855357142857143,2,5
2022-11-14,Materials,0.25915,0.15389285714285714,0.10909285714285714,3,4
2022-11-15,Materials,0.28788749999999996,0.18863749999999999,0.15389285714285714,4,5
2022-11-16,Materials,,0.184571875,0.18863749999999999,0,0
2022-11-17,Materials,0.7096,0.361971875,0.184571875,1,1
2022-11-18,Materials,0.22467777777777778,0.3703288194444444,0.361971875,3,5
2022-11-21,Materials,0.12416666666666669,0.3365829861111111,0.3703288194444444,3,6
2022-11-22,Materials,0.0,0.26461111111111113,0.3365829861111111,1,1
2022-11-23,Materials,0.148,0.24128888888888889,0.26461111111111113,1,2
2022-11-25,Materials,0.0,0.0993688888888889,0.24128888888888889,2,2
2022-11-28,Materials,0.2023,0.09489333333333334,0.0993688888888889,1,1
2022-11-29,Materials,0.022766666666666668,0.07461333333333334,0.09489333333333334,3,7
2022-11-30,Materials,0.27146,0.12890533333333334,0.07461333333333334,5,5
2022-12-01,Materials,0.11279166666666667,0.12186366666666666,0.12890533333333334,4,7
2022-12-02,Materials,-0.17,0.08786366666666666,0.12186366666666666,2,2
2022-12-05,Materials,0.1366,0.07472366666666666,0.08786366666666666,2,2
2022-12-06,Materials,0.18416666666666667,0.10700366666666668,0.07472366666666666,2,4
2022-12-07,Materials,,0.06588958333333335,0.10700366666666668,0,0
2022-12-08,Materials,-0.10115,0.012404166666666664,0.06588958333333335,2,2
2022-12-09,Materials,0.159225,0.09471041666666667,0.012404166666666664,2,3
2022-12-12,Materials,-0.1858,0.014110416666666674,0.09471041666666667,2,2
2022-12-13,Materials,0.2908,0.040768750000000006,0.014110416666666674,2,3
2022-12-14,Materials,0.15469999999999998,0.063555,0.040768750000000006,3,4
2022-12-15,Materials,0.0683,0.097445,0.063555,2,3
2022-12-16,Materials,-0.6249,-0.05938,0.097445,1,1
2022-12-19,Materials,0.08231666666666666,-0.005756666666666669,-0.05938,2,4
2022-12-20,Materials,0.2599208333333333,-0.011932500000000002,-0.005756666666666669,4,7
2022-12-21,Materials,0.16973333333333332,-0.008925833333333332,-0.011932500000000002,3,3
2022-12-22,Materials,0.0,-0.022585833333333333,-0.008925833333333332,2,2
2022-12-23,Materials,0.0,0.10239416666666667,-0.022585833333333333,1,1
2022-12-27,Materials,0.4253,0.17099083333333334,0.10239416666666667,2,2
2022-12-28,Materials,0.045533333333333335,0.12811333333333336,0.17099083333333334,3,4
2022-12-29,Materials,0.24532500000000002,0.1432316666666667,0.12811333333333336,2,4
2022-12-30,Materials,-0.0258,0.13807166666666668,0.1432316666666667,1,2
2023-01-03,Materials,0.12765,0.1636016666666667,0.13807166666666668,4,4
2023-01-04,Materials,0.1101,0.10056166666666669,0.1636016666666667,2,4
2023-01-05,Materials,0.12264,0.11598300000000003,0.10056166666666669,5,7
2023-01-06,Materials,0.0,0.06691800000000002,0.11598300000000003,2,5
2023-01-09,Materials,0.13808,0.09969400000000002,0.06691800000000002,5,10
2023-01-10,Materials,0.13396666666666665,0.10095733333333334,0.09969400000000002,3,3
2023-01-11,Materials,0.13925208333333333,0.10678775000000003,0.10095733333333334,4,10
2023-01-12,Materials,0.23626250000000001,0.12951225000000002,0.10678775000000003,4,5
2023-01-13,Materials,0.29235,0.18798225000000002,0.12951225000000002,5,10
2023-01-17,Materials,0.24305555555555558,0.20897736111111112,0.18798225000000002,3,7
2023-01-18,Materials,0.16949166666666668,0.21608236111111112,0.20897736111111112,3,7
2023-01-19,Materials,0.17103958333333336,0.22243986111111114,0.21608236111111112,4,11
2023-01-20,Materials,0.16671111111111112,0.20852958333333338,0.22243986111111114,3,5
2023-01-23,Materials,0.19523055555555555,0.18910569444444447,0.20852958333333338,3,9
2023-01-24,Materials,0.09344166666666666,0.15918291666666667,0.18910569444444447,3,7
2023-01-25,Materials,-0.09030399999999998,0.10722378333333335,0.15918291666666667,5,11
2023-01-26,Materials,0.0589592857142857,0.08480772380952382,0.10722378333333335,5,26
2023-01-27,Materials,0.2553,0.10252550158730163,0.08480772380952382,2,3
2023-01-30,Materials,0.3062375,0.1247268904761905,0.10252550158730163,2,6
2023-01-31,Materials,0.10191666666666667,0.1264218904761905,0.1247268904761905,3,4
2023-02-01,Materials,0.0,0.1444826904761905,0.1264218904761905,1,1
2023-02-02,Materials,0.04547500000000001,0.14178583333333336,0.1444826904761905,3,6
2023-02-03,Materials,0.009885000000000005,0.09270283333333336,0.14178583333333336,4,9
2023-02-06,Materials,0.09345535714285713,0.05014640476190478,0.09270283333333336,4,17
2023-02-07,Materials,-0.06306333333333333,0.017150404761904787,0.05014640476190478,5,19
2023-02-08,Materials,-0.03623333333333336,0.009903738095238111,0.017150404761904787,3,3
2023-02-09,Materials,-0.060337499999999995,-0.01125876190476189,0.009903738095238111,4,8
2023-02-10,Materials,0.1101,0.008784238095238112,-0.01125876190476189,2,3
2023-02-13,Materials,0.08784166666666667,0.007661500000000018,0.008784238095238112,4,8
2023-02-14,Materials,0.07543333333333334,0.035360833333333355,0.007661500000000018,3,3
2023-02-15,Materials,0.17986666666666667,0.07858083333333336,0.035360833333333355,2,10
2023-02-16,Materials,0.231975,0.13704333333333335,0.07858083333333336,4,7
2023-02-17,Materials,-0.004516666666666662,0.11412000000000003,0.13704333333333335,3,6
2023-02-21,Materials,0.0025916666666666657,0.09707000000000002,0.11412000000000003,3,10
2023-02-22,Materials,0.08443333333333332,0.09887000000000003,0.09707000000000002,3,8
2023-02-23,Materials,0.04155833333333333,0.07120833333333335,0.09887000000000003,4,13
2023-02-24,Materials,0.18210416666666668,0.06123416666666669,0.07120833333333335,4,7
2023-02-27,Materials,0.30675,0.12348750000000001,0.06123416666666669,4,6
2023-02-28,Materials,0.5106,0.2250891666666667,0.12348750000000001,1,1
2023-03-01,Materials,0.13850666666666667,0.23590383333333337,0.2250891666666667,3,8
2023-03-02,Materials,-0.07205833333333334,0.21318050000000005,0.23590383333333337,4,8
2023-03-03,Materials,0.027424999999999998,0.18224466666666672,0.21318050000000005,4,8
2023-03-06,Materials,0.008862499999999999,0.12266716666666673,0.18224466666666672,4,6
2023-03-07,Materials,0.0595875,0.03246466666666668,0.12266716666666673,4,6
2023-03-08,Materials,0.16503333333333334,0.037770000000000026,0.03246466666666668,4,7
2023-03-09,Materials,-0.07646666666666667,0.036888333333333356,0.037770000000000026,3,7
2023-03-10,Materials,0.10500000000000001,0.05240333333333336,0.036888333333333356,4,5
2023-03-13,Materials,0.13992,0.07861483333333336,0.05240333333333336,5,8
2023-03-14,Materials,0.06058124999999999,0.07881358333333335,0.07861483333333336,4,13
2023-03-15,Materials,0.14271090909090908,0.07434909848484851,0.07881358333333335,5,15
2023-03-16,Materials,0.0028888888888888853,0.09022020959595962,0.07434909848484851,3,7
2023-03-17,Materials,0.08867738095238098,0.08695568578643581,0.09022020959595962,3,12
2023-03-20,Materials,0.23766111111111113,0.10650390800865803,0.08695568578643581,3,8
2023-03-21,Materials,0.21037625000000001,0.13646290800865804,0.10650390800865803,4,12
2023-03-22,Materials,0.09775833333333334,0.1274723928571429,0.13646290800865804,4,6
2023-03-23,Materials,0.05849375,0.1385933650793651,0.1274723928571429,4,9
2023-03-24,Materials,0.0,0.12085788888888893,0.1385933650793651,1,1
2023-03-27,Materials,0.09465,0.0922556666666667,0.12085788888888893,2,5
2023-03-28,Materials,0.371025,0.12438541666666669,0.0922556666666667,2,4
2023-03-29,Materials,0.2072222222222222,0.14627819444444445,0.12438541666666669,3,8
2023-03-30,Materials,0.22991666666666666,0.1805627777777778,0.14627819444444445,3,6
2023-03-31,Materials,0.03988333333333335,0.18853944444444445,0.1805627777777778,3,5
2023-04-03,Materials,-0.0658375,0.15644194444444445,0.18853944444444445,4,5
2023-04-04,Materials,0.11621111111111111,0.10547916666666668,0.15644194444444445,3,6
2023-04-05,Materials,0.28400000000000003,0.12083472222222225,0.10547916666666668,3,4
2023-04-06,Materials,0.1820125,0.11125388888888892,0.12083472222222225,4,6
2023-04-10,Materials,0.20686964285714285,0.14465115079365082,0.11125388888888892,4,11
2023-04-11,Materials,0.07090357142857143,0.17199936507936509,0.14465115079365082,4,12
2023-04-12,Materials,0.2553,0.1998171428571429,0.17199936507936509,1,2
2023-04-13,Materials,0.061637500000000005,0.15534464285714286,0.1998171428571429,4,5
2023-04-14,Materials,0.21615,0.1621721428571429,0.15534464285714286,1,4
2023-04-17,Materials,0.33525,0.18784821428571433,0.1621721428571429,2,2
2023-04-18,Materials,0.175325,0.20873250000000004,0.18784821428571433,4,8
2023-04-19,Materials,0.026311111111111115,0.16293472222222224,0.20873250000000004,3,8
2023-04-20,Materials,0.17044785714285715,0.18469679365079367,0.16293472222222224,5,20
2023-04-21,Materials,0.10245,0.16195679365079368,0.18469679365079367,4,8
2023-04-24,Materials,0.06069,0.10704479365079367,0.16195679365079368,5,6
2023-04-25,Materials,0.10371333333333335,0.09272246031746034,0.10704479365079367,5,16
2023-04-26,Materials,0.03750999999999999,0.09496223809523811,0.09272246031746034,4,13
2023-04-27,Materials,0.08595,0.0780626666666667,0.09496223809523811,5,12
2023-04-28,Materials,0.19140000000000001,0.0958526666666667,0.0780626666666667,4,8
2023-05-01,Materials,0.16063333333333332,0.11584133333333335,0.0958526666666667,3,6
2023-05-02,Materials,0.10426,0.11595066666666669,0.11584133333333335,3,7
2023-05-03,Materials,-0.27937,0.05257466666666668,0.11595066666666669,2,6
2023-05-04,Materials,0.009945833333333334,0.03737383333333335,0.05257466666666668,4,11
2023-05-05,Materials,0.0,-0.0009061666666666495,0.03737383333333335,2,2
2023-05-08,Materials,0.3006375,0.02709466666666669,-0.0009061666666666495,2,5
2023-05-09,Materials,0.0,0.006242666666666683,0.02709466666666669,1,1
2023-05-10,Materials,0.2023,0.10257666666666669,0.006242666666666683,1,1
2023-05-11,Materials,0.19445666666666667,0.13947883333333336,0.10257666666666669,5,11
2023-05-12,Materials,0.148,0.16907883333333334,0.13947883333333336,3,4
2023-05-15,Materials,0.12896964285714285,0.13474526190476194,0.16907883333333334,4,12
2023-05-16,Materials,0.1517777777777778,0.1651008174603175,0.13474526190476194,3,5
2023-05-17,Materials,0.3548,0.1956008174603175,0.1651008174603175,1,2
2023-05-18,Materials,0.05281875,0.16727323412698417,0.1956008174603175,4,11
2023-05-19,Materials,0.16463333333333333,0.1705999007936508,0.16727323412698417,1,3
2023-05-22,Materials,0.12779,0.17036397222222224,0.1705999007936508,3,8
2023-05-23,Materials,0.14597333333333332,0.16920308333333334,0.17036397222222224,3,7
2023-05-24,Materials,0.05365000000000002,0.10897308333333336,0.16920308333333334,4,4
2023-05-25,Materials,0.05147466666666667,0.10870426666666669,0.10897308333333336,5,13
2023-05-26,Materials,-0.024594444444444447,0.07085871111111113,0.10870426666666669,3,8
2023-05-30,Materials,0.20404444444444444,0.08610960000000004,0.07085871111111113,3,9
2023-05-31,Materials,0.15469999999999998,0.08785493333333336,0.08610960000000004,3,5
2023-06-01,Materials,-0.006330999999999992,0.07585873333333336,0.08785493333333336,5,14
2023-06-02,Materials,0.25546785714285714,0.11665737142857147,0.07585873333333336,2,9
2023-06-05,Materials,0.1798,0.15753626031746035,0.11665737142857147,3,6
2023-06-06,Materials,0.14220000000000002,0.14516737142857145,0.15753626031746035,3,4
2023-06-07,Materials,0.16094999999999998,0.14641737142857147,0.14516737142857145,2,2
2023-06-08,Materials,0.005908333333333332,0.14886523809523813,0.14641737142857147,3,10
2023-06-09,Materials,-0.28175,0.041421666666666704,0.14886523809523813,2,2
2023-06-12,Materials,0.085,0.022461666666666706,0.041421666666666704,2,4
2023-06-13,Materials,0.286275,0.051276666666666706,0.022461666666666706,4,8
2023-06-14,Materials,0.39199999999999996,0.0974866666666667,0.051276666666666706,3,3
2023-06-15,Materials,0.09620999999999999,0.11554700000000002,0.0974866666666667,5,11
2023-06-16,Materials,0.2356,0.21901700000000002,0.11554700000000002,3,4
2023-06-20,Materials,0.07100000000000001,0.21621700000000002,0.21901700000000002,3,6
2023-06-21,Materials,0.2339,0.205742,0.21621700000000002,4,6
2023-06-22,Materials,0.07558333333333332,0.14245866666666668,0.205742,3,4
2023-06-23,Materials,0.024666666666666667,0.12815000000000004,0.14245866666666668,3,7
2023-06-26,Materials,0.0903,0.09909000000000004,0.12815000000000004,2,3
2023-06-27,Materials,0.06881999999999999,0.09865400000000003,0.09909000000000004,5,7
2023-06-28,Materials,0.2566125,0.10319650000000005,0.09865400000000003,4,6
2023-06-29,Materials,0.03507333333333334,0.09509450000000004,0.10319650000000005,5,10
2023-06-30,Materials,-0.1858,0.053001166666666696,0.09509450000000004,2,2
2023-07-03,Materials,0.03777777777777778,0.04249672222222226,0.053001166666666696,3,7
2023-07-05,Materials,0.30946666666666667,0.0906260555555556,0.04249672222222226,3,5
2023-07-06,Materials,0.10591249999999999,0.0604860555555556,0.0906260555555556,4,9
2023-07-07,Materials,0.10460000000000001,0.07439138888888892,0.0604860555555556,3,7
2023-07-10,Materials,0.3281,0.17717138888888892,0.07439138888888892,3,3
2023-07-11,Materials,0.08734,0.18708383333333337,0.17717138888888892,5,9
2023-07-12,Materials,0.10863,0.14691650000000003,0.18708383333333337,5,8
2023-07-13,Materials,0.0,0.12573400000000004,0.14691650000000003,4,6
2023-07-14,Materials,0.0,0.10481400000000003,0.12573400000000004,1,1
2023-07-17,Materials,-0.030587500000000004,0.03307650000000003,0.10481400000000003,4,5
2023-07-18,Materials,0.025460000000000003,0.02070050000000003,0.03307650000000003,5,7
2023-07-19,Materials,0.0,-0.0010254999999999668,0.02070050000000003,4,6
2023-07-20,Materials,0.18471388888888887,0.035917277777777805,-0.0010254999999999668,3,11
2023-07-21,Materials,-0.03637,0.02864327777777781,0.035917277777777805,5,7
2023-07-24,Materials,0.1143142857142857,0.05762363492063495,0.02864327777777781,5,15
2023-07-25,Materials,0.14943354978354978,0.08241834487734491,0.05762363492063495,4,23
2023-07-26,Materials,0.0366725,0.0897528448773449,0.08241834487734491,4,16
2023-07-27,Materials,0.05163541666666666,0.06313715043290045,0.0897528448773449,4,10
2023-07-28,Materials,0.2732,0.12505115043290047,0.06313715043290045,1,1
2023-07-31,Materials,,0.12773536661255416,0.12505115043290047,0,0
2023-08-01,Materials,0.2789,0.16010197916666669,0.12773536661255416,4,5
2023-08-02,Materials,0.04136916666666668,0.16127614583333338,0.16010197916666669,4,15
2023-08-03,Materials,-0.009600000000000004,0.1459672916666667,0.16127614583333338,4,7
2023-08-04,Materials,,0.10355638888888895,0.1459672916666667,0,0
2023-08-07,Materials,0.4939,0.2011422916666667,0.10355638888888895,1,1
2023-08-08,Materials,0.0258,0.13786729166666672,0.2011422916666667,2,3
2023-08-09,Materials,0.21476666666666666,0.18121666666666672,0.13786729166666672,3,4
2023-08-10,Materials,0.09679,0.20781416666666672,0.18121666666666672,5,6
2023-08-11,Materials,0.29973333333333335,0.22619800000000004,0.20781416666666672,1,3
2023-08-14,Materials,0.30688888888888893,0.18879577777777784,0.22619800000000004,3,6
2023-08-15,Materials,0.0647,0.19657577777777782,0.18879577777777784,5,10
2023-08-16,Materials,,0.19202805555555563,0.19657577777777782,0,0
2023-08-17,Materials,0.13643999999999998,0.20194055555555562,0.19202805555555563,5,9
2023-08-18,Materials,0.13365,0.16041972222222226,0.20194055555555562,2,4
2023-08-21,Materials,0.025264285714285722,0.09001357142857147,0.16041972222222226,4,13
2023-08-22,Materials,0.018858333333333335,0.0785531547619048,0.09001357142857147,4,8
2023-08-23,Materials,0.0,0.06284252380952385,0.0785531547619048,2,2
2023-08-24,Materials,0.09545,0.05464452380952385,0.06284252380952385,4,5
2023-08-25,Materials,0.3084222222222222,0.08959896825396828,0.05464452380952385,3,5
2023-08-28,Materials,0.3385666666666667,0.15225944444444445,0.08959896825396828,3,4
2023-08-29,Materials,0.0,0.14848777777777783,0.15225944444444445,1,1
2023-08-30,Materials,0.3404777777777778,0.21658333333333335,0.14848777777777783,3,6
2023-08-31,Materials,0.22485,0.24246333333333334,0.21658333333333335,4,8
2023-09-01,Materials,0.37716249999999996,0.25621138888888895,0.24246333333333334,4,5
2023-09-05,Materials,0.11747500000000001,0.2119930555555556,0.25621138888888895,4,8
2023-09-06,Materials,0.12696000000000002,0.23738505555555559,0.2119930555555556,5,6
2023-09-07,Materials,0.13048333333333334,0.1953861666666667,0.23738505555555559,4,8
2023-09-08,Materials,0.16813333333333333,0.18404283333333338,0.1953861666666667,4,7
2023-09-11,Materials,0.16076,0.14076233333333338,0.18404283333333338,5,6
2023-09-12,Materials,0.0502375,0.12731483333333335,0.14076233333333338,4,5
2023-09-13,Materials,0.046725,0.11126783333333337,0.12731483333333335,2,3
2023-09-14,Materials,0.0,0.0851711666666667,0.11126783333333337,4,4
2023-09-15,Materials,-0.11884375,0.027775750000000037,0.0851711666666667,2,10
2023-09-18,Materials,0.096,0.014823750000000035,0.027775750000000037,4,13
2023-09-19,Materials,0.0,0.004776250000000036,0.014823750000000035,3,4
2023-09-20,Materials,0.033716666666666666,0.0021745833333333686,0.004776250000000036,3,4
2023-09-21,Materials,0.09404166666666666,0.020982916666666702,0.0021745833333333686,4,8
2023-09-22,Materials,0.12765,0.07028166666666671,0.020982916666666702,2,3
2023-09-25,Materials,0.03187500000000002,0.05745666666666671,0.07028166666666671,3,10
2023-09-26,Materials,0.1366,0.08477666666666671,0.05745666666666671,1,2
2023-09-27,Materials,0.11567333333333334,0.10116800000000004,0.08477666666666671,5,7
2023-09-28,Materials,0.1887375,0.1201071666666667,0.10116800000000004,4,6
2023-09-29,Materials,0.0,0.0945771666666667,0.1201071666666667,1,1
2023-10-02,Materials,0.18959,0.1261201666666667,0.0945771666666667,5,9
2023-10-03,Materials,0.2742392857142857,0.15364802380952383,0.1261201666666667,4,11
2023-10-04,Materials,0.09116666666666667,0.14874669047619052,0.15364802380952383,3,6
2023-10-05,Materials,0.16942083333333333,0.14488335714285716,0.14874669047619052,4,8
2023-10-06,Materials,0.4286,0.23060335714285712,0.14488335714285716,2,3
2023-10-09,Materials,0.02629999999999999,0.19794535714285716,0.23060335714285712,2,3
2023-10-10,Materials,-0.05712500000000001,0.13167250000000003,0.19794535714285716,2,3
2023-10-11,Materials,0.20277777777777775,0.15399472222222227,0.13167250000000003,3,7
2023-10-12,Materials,0.1726875,0.15464805555555558,0.15399472222222227,4,9
2023-10-13,Materials,0.3050277777777778,0.12993361111111115,0.15464805555555558,3,6
2023-10-16,Materials,0.263875,0.17744861111111115,0.12993361111111115,3,6
2023-10-17,Materials,0.4104291666666666,0.2709594444444445,0.17744861111111115,4,8
2023-10-18,Materials,-0.03249833333333333,0.22390422222222228,0.2709594444444445,5,11
2023-10-19,Materials,0.10041,0.20944872222222227,0.22390422222222228,5,9
2023-10-20,Materials,-0.100475,0.1283481666666667,0.20944872222222227,4,6
2023-10-23,Materials,0.1363088888888889,0.10283494444444448,0.1283481666666667,5,20
2023-10-24,Materials,0.21012857142857144,0.06277482539682545,0.10283494444444448,3,17
2023-10-25,Materials,0.15309999999999999,0.09989449206349213,0.06277482539682545,4,8
2023-10-26,Materials,0.11957166666666666,0.10372682539682546,0.09989449206349213,5,17
2023-10-27,Materials,0.0193,0.12768182539682543,0.10372682539682546,2,5
2023-10-30,Materials,0.25796,0.15201204761904769,0.12768182539682543,5,5
2023-10-31,Materials,0.0,0.10998633333333338,0.15201204761904769,3,3
2023-11-01,Materials,0.276572,0.13468073333333336,0.10998633333333338,5,14
2023-11-02,Materials,0.0979625,0.13035890000000003,0.13468073333333336,4,6
2023-11-03,Materials,0.21358333333333332,0.1692155666666667,0.13035890000000003,3,4
2023-11-06,Materials,0.3028666666666667,0.17819690000000002,0.1692155666666667,3,4
2023-11-07,Materials,0.04306666666666666,0.18681023333333335,0.17819690000000002,4,10
2023-11-08,Materials,-0.1366,0.10417583333333338,0.18681023333333335,2,2
2023-11-09,Materials,0.0016125,0.08490583333333337,0.10417583333333338,4,10
2023-11-10,Materials,0.02786666666666665,0.04776250000000004,0.08490583333333337,3,4
2023-11-13,Materials,0.23205833333333334,0.03360083333333337,0.04776250000000004,4,6
2023-11-14,Materials,0.20937777777777777,0.06686305555555559,0.03360083333333337,3,7
2023-11-15,Materials,0.3423333333333333,0.16264972222222224,0.06686305555555559,3,6
2023-11-16,Materials,0.0502375,0.17237472222222225,0.16264972222222224,4,6
2023-11-17,Materials,0.300875,0.22697638888888894,0.17237472222222225,4,4
2023-11-20,Materials,0.3876833333333334,0.2581013888888889,0.22697638888888894,3,5
2023-11-21,Materials,0.05735,0.22769583333333338,0.2581013888888889,4,6
2023-11-22,Materials,0.27741666666666664,0.21471250000000008,0.22769583333333338,2,5
2023-11-24,Materials,0.03291875,0.21124875000000004,0.21471250000000008,4,8
2023-11-27,Materials,0.04540833333333333,0.16015541666666672,0.21124875000000004,4,7
2023-11-28,Materials,0.3002777777777778,0.1426743055555556,0.16015541666666672,3,6
2023-11-29,Materials,0.13288333333333333,0.15778097222222226,0.1426743055555556,3,7
2023-11-30,Materials,0.100475,0.12239263888888893,0.15778097222222226,4,4
2023-12-01,Materials,0.0805375,0.13191638888888893,0.12239263888888893,4,6
2023-12-04,Materials,0.0,0.12283472222222228,0.13191638888888893,1,1
2023-12-05,Materials,0.0,0.0627791666666667,0.12283472222222228,1,1
2023-12-06,Materials,0.100475,0.05629750000000004,0.0627791666666667,4,4
2023-12-07,Materials,0.002994999999999995,0.03680150000000004,0.05629750000000004,5,14
2023-12-08,Materials,0.2895666666666667,0.07860733333333339,0.03680150000000004,3,4
2023-12-11,Materials,0.14307333333333333,0.10722200000000004,0.07860733333333339,5,9
2023-12-12,Materials,0.11586666666666666,0.13039533333333336,0.10722200000000004,3,3
2023-12-13,Materials,0.4632604166666667,0.2029524166666667,0.13039533333333336,4,10
2023-12-14,Materials,-0.005699999999999997,0.20121341666666667,0.2029524166666667,4,5
2023-12-15,Materials,-0.2732,0.08866008333333338,0.20121341666666667,1,1
2023-12-18,Materials,-0.1279375,0.034457916666666706,0.08866008333333338,4,5
2023-12-19,Materials,,0.014105729166666716,0.034457916666666706,0,0
2023-12-20,Materials,,-0.13561249999999994,0.014105729166666716,0,0
2023-12-21,Materials,,-0.2005687499999999,-0.13561249999999994,0,0
2023-12-22,Materials,,-0.1279375,-0.2005687499999999,0,0
2023-12-26,Materials,,,-0.1279375,0,0
2023-12-27,Materials,,,,0,0
2023-12-28,Materials,,,,0,0
2023-12-29,Materials,,,,0,0
2020-01-02,RealEstate,0.1547,0.1547,,2,3
2020-01-03,RealEstate,-0.06403333333333334,0.04533333333333333,0.1547,3,5
2020-01-06,RealEstate,0.148,0.07955555555555555,0.04533333333333333,3,4
2020-01-07,RealEstate,0.3715,0.1525416666666667,0.07955555555555555,2,2
2020-01-08,RealEstate,-0.10079999999999999,0.10187333333333334,0.1525416666666667,2,3
2020-01-09,RealEstate,0.0,0.07093333333333333,0.10187333333333334,1,1
2020-01-10,RealEstate,-0.08412,0.066916,0.07093333333333333,5,6
2020-01-13,RealEstate,0.45416666666666666,0.12814933333333337,0.066916,1,3
2020-01-14,RealEstate,0.148,0.08344933333333335,0.12814933333333337,1,2
2020-01-15,RealEstate,0.1574125,0.13509183333333336,0.08344933333333335,2,7
2020-01-16,RealEstate,0.24766666666666667,0.18462516666666667,0.13509183333333336,3,3
2020-01-17,RealEstate,0.32745,0.26693916666666667,0.18462516666666667,2,3
2020-01-21,RealEstate,0.19738888888888892,0.21558361111111113,0.26693916666666667,3,7
2020-01-22,RealEstate,0.058324999999999995,0.19764861111111115,0.21558361111111113,3,7
2020-01-23,RealEstate,0.314,0.22896611111111112,0.19764861111111115,3,4
2020-01-24,RealEstate,0.0903,0.1974927777777778,0.22896611111111112,2,5
2020-01-27,RealEstate,0.11545555555555558,0.15509388888888892,0.1974927777777778,3,6
2020-01-28,RealEstate,0.21738333333333335,0.1590927777777778,0.15509388888888892,3,4
2020-01-29,RealEstate,0.16463333333333333,0.18035444444444443,0.1590927777777778,3,5
2020-01-30,RealEstate,0.12286000000000001,0.14212644444444447,0.18035444444444443,5,7
2020-01-31,RealEstate,0.3128,0.18662644444444446,0.14212644444444447,3,4
2020-02-03,RealEstate,0.085,0.18053533333333335,0.18662644444444446,2,3
2020-02-04,RealEstate,0.07824166666666667,0.152707,0.18053533333333335,4,8
2020-02-05,RealEstate,0.0,0.11978033333333335,0.152707,1,3
2020-02-06,RealEstate,0.308725,0.15695333333333336,0.11978033333333335,4,7
2020-02-07,RealEstate,0.0,0.09439333333333336,0.15695333333333336,2,3
2020-02-10,RealEstate,0.12765833333333332,0.10292500000000002,0.09439333333333336,4,13
2020-02-11,RealEstate,0.2097404761904762,0.1292247619047619,0.10292500000000002,3,14
2020-02-12,RealEstate,0.31738333333333335,0.19270142857142858,0.1292247619047619,2,5
2020-02-13,RealEstate,0.172665,0.1654894285714286,0.19270142857142858,4,12
2020-02-14,RealEstate,0.242125,0.2139144285714286,0.1654894285714286,4,9
2020-02-18,RealEstate,0.2058125,0.22954526190476193,0.2139144285714286,4,14
2020-02-19,RealEstate,0.13235666666666668,0.21406850000000005,0.22954526190476193,5,11
2020-02-20,RealEstate,0.13936416666666668,0.1784646666666667,0.21406850000000005,4,13
2020-02-21,RealEstate,0.1268125,0.1692941666666667,0.1784646666666667,4,5
2020-02-24,RealEstate,0.08034166666666666,0.13693750000000002,0.1692941666666667,3,7
2020-02-25,RealEstate,0.04769375000000001,0.10531375000000001,0.13693750000000002,4,18
2020-02-26,RealEstate,0.0016139999999999987,0.07916521666666668,0.10531375000000001,5,22
2020-02-27,RealEstate,0.12798500000000002,0.07688938333333335,0.07916521666666668,4,19
2020-02-28,RealEstate,-0.02296777777777778,0.0469333277777778,0.07688938333333335,5,19
2020-03-02,RealEstate,0.2029277777777778,0.07145055000000003,0.0469333277777778,3,14
2020-03-03,RealEstate,0.270525,0.1160168,0.07145055000000003,3,6
2020-03-04,RealEstate,0.51925,0.21954400000000002,0.1160168,3,7
2020-03-05,RealEstate,0.3723666666666667,0.26842033333333337,0.21954400000000002,3,3
2020-03-06,RealEstate,0.17822500000000002,0.30865888888888887,0.26842033333333337,2,3
2020-03-09,RealEstate,0.14247916666666666,0.29656916666666666,0.30865888888888887,4,7
2020-03-10,RealEstate,0.09866666666666667,0.2621975,0.29656916666666666,3,3
2020-03-11,RealEstate,0.32347000000000004,0.22304150000000003,0.2621975,5,7
2020-03-12,RealEstate,0.024137499999999992,0.15339566666666665,0.22304150000000003,4,6
2020-03-13,RealEstate,0.3053,0.17881066666666667,0.15339566666666665,4,6
2020-03-16,RealEstate,0.06238229166666666,0.16279129166666667,0.17881066666666667,4,13
2020-03-17,RealEstate,0.235825,0.19022295833333333,0.16279129166666667,2,5
2020-03-18,RealEstate,-0.12674999999999997,0.10017895833333332,0.19022295833333333,2,4
2020-03-19,RealEstate,0.21692222222222224,0.13873590277777778,0.10017895833333332,3,5
2020-03-20,RealEstate,0.109425,0.09956090277777778,0.13873590277777778,3,7
2020-03-23,RealEstate,0.05378749999999999,0.09784194444444445,0.09956090277777778,4,7
2020-03-24,RealEstate,0.14625,0.07992694444444445,0.09784194444444445,4,9
2020-03-25,RealEstate,0.37976666666666664,0.18123027777777775,0.07992694444444445,3,6
2020-03-26,RealEstate,0.49375416666666666,0.23659666666666665,0.18123027777777775,4,10
2020-03-27,RealEstate,0.6361833333333333,0.3419483333333333,0.23659666666666665,3,4
2020-03-30,RealEstate,0.37061875,0.40531458333333337,0.3419483333333333,4,10
2020-03-31,RealEstate,-0.12947708333333333,0.35016916666666664,0.40531458333333337,4,10
2020-04-01,RealEstate,-0.04467777777777774,0.2652802777777778,0.35016916666666664,3,6
2020-04-02,RealEstate,0.0260375,0.17173694444444446,0.2652802777777778,4,7
2020-04-03,RealEstate,0.274475,0.09939527777777779,0.17173694444444446,2,3
2020-04-06,RealEstate,0.18588333333333334,0.06244819444444446,0.09939527777777779,2,6
2020-04-07,RealEstate,0.14855833333333335,0.1180552777777778,0.06244819444444446,4,10
2020-04-08,RealEstate,0.58351875,0.24369458333333335,0.1180552777777778,4,7
2020-04-09,RealEstate,0.38138482142857144,0.31476404761904764,0.24369458333333335,4,17
2020-04-13,RealEstate,-0.05305833333333333,0.24925738095238095,0.31476404761904764,4,13
2020-04-14,RealEstate,0.6296666666666667,0.33801404761904763,0.24925738095238095,3,7
2020-04-15,RealEstate,-0.149725,0.27835738095238094,0.33801404761904763,4,9
2020-04-16,RealEstate,-0.0683,0.14799363095238097,0.27835738095238094,2,4
2020-04-17,RealEstate,0.45658333333333334,0.16303333333333334,0.14799363095238097,4,10
2020-04-20,RealEstate,0.02965,0.17957499999999998,0.16303333333333334,3,5
2020-04-21,RealEstate,0.09679374999999998,0.07300041666666665,0.17957499999999998,4,10
2020-04-22,RealEstate,0.21082499999999998,0.14511041666666666,0.07300041666666665,4,11
2020-04-23,RealEstate,0.2083,0.20043041666666667,0.14511041666666666,3,6
2020-04-24,RealEstate,0.07693125,0.12449999999999999,0.20043041666666667,4,8
2020-04-27,RealEstate,0.10716333333333332,0.14000266666666666,0.12449999999999999,5,11
2020-04-28,RealEstate,-0.00848000000000001,0.11894791666666667,0.14000266666666666,5,15
2020-04-29,RealEstate,0.0801878787878788,0.09282049242424242,0.11894791666666667,4,18
2020-04-30,RealEstate,0.1106375,0.07328799242424242,0.09282049242424242,4,11
2020-05-01,RealEstate,0.20185166666666665,0.09827207575757575,0.07328799242424242,3,10
2020-05-04,RealEstate,0.13584375,0.10400815909090907,0.09827207575757575,4,10
2020-05-05,RealEstate,0.14064166666666666,0.13383249242424244,0.10400815909090907,4,7
2020-05-06,RealEstate,-0.03181666666666667,0.11143158333333333,0.13383249242424244,4,7
2020-05-07,RealEstate,0.4083983333333333,0.17098375,0.11143158333333333,4,10
2020-05-08,RealEstate,0.18711666666666668,0.16803675,0.17098375,2,5
2020-05-11,RealEstate,-0.005241666666666668,0.13981966666666665,0.16803675,3,6
2020-05-12,RealEstate,-0.31767083333333335,0.048157166666666654,0.13981966666666665,4,8
2020-05-13,RealEstate,0.27305,0.10913049999999999,0.048157166666666654,4,6
2020-05-14,RealEstate,0.15836666666666668,0.059124166666666665,0.10913049999999999,5,14
2020-05-15,RealEstate,-0.06106249999999999,0.009488333333333338,0.059124166666666665,4,8
2020-05-18,RealEstate,0.62845,0.13622666666666666,0.009488333333333338,4,7
2020-05-19,RealEstate,0.16676666666666665,0.23311416666666665,0.13622666666666666,3,6
2020-05-20,RealEstate,0.09101000000000001,0.19670616666666665,0.23311416666666665,5,7
2020-05-21,RealEstate,0.0,0.16503283333333332,0.19670616666666665,2,2
2020-05-22,RealEstate,0.31845416666666665,0.24093616666666665,0.16503283333333332,3,14
2020-05-26,RealEstate,0.11666666666666665,0.13857949999999997,0.24093616666666665,3,5
2020-05-27,RealEstate,0.0,0.10522616666666665,0.13857949999999997,1,1
2020-05-28,RealEstate,0.20835,0.12869416666666664,0.10522616666666665,4,4
2020-05-29,RealEstate,0.020066666666666667,0.13270749999999998,0.12869416666666664,3,6
2020-06-01,RealEstate,0.01264166666666668,0.07154499999999998,0.13270749999999998,4,6
2020-06-02,RealEstate,0.12461666666666667,0.07313499999999999,0.07154499999999998,3,5
2020-06-03,RealEstate,0.09042,0.09121899999999998,0.07313499999999999,5,6
2020-06-04,RealEstate,0.148,0.07914899999999998,0.09121899999999998,2,2
2020-06-05,RealEstate,0.0,0.07513566666666664,0.07914899999999998,2,2
2020-06-08,RealEstate,0.33125,0.1388573333333333,0.07513566666666664,2,3
2020-06-09,RealEstate,0.0129,0.11651399999999996,0.1388573333333333,2,3
2020-06-10,RealEstate,0.2193,0.14228999999999997,0.11651399999999996,1,4
2020-06-11,RealEstate,0.24584999999999999,0.16185999999999998,0.14228999999999997,3,4
2020-06-12,RealEstate,0.296,0.22105999999999995,0.16185999999999998,1,1
2020-06-15,RealEstate,0.20095,0.19499999999999995,0.22105999999999995,1,2
2020-06-16,RealEstate,0.263075,0.24503499999999998,0.19499999999999995,2,4
2020-06-17,RealEstate,-0.02070000000000001,0.19703499999999996,0.24503499999999998,2,3
2020-06-18,RealEstate,0.3816333333333333,0.22419166666666665,0.19703499999999996,3,3
2020-06-19,RealEstate,,0.20623958333333334,0.22419166666666665,0,0
2020-06-22,RealEstate,,0.2080027777777778,0.20623958333333334,0,0
2020-06-23,RealEstate,0.0,0.12031111111111108,0.2080027777777778,3,4
2020-06-24,RealEstate,-0.05135,0.1100944444444444,0.12031111111111108,2,2
2020-06-25,RealEstate,,-0.02567500000000006,0.1100944444444444,0,0
2020-06-26,RealEstate,0.0191,-0.010750000000000037,-0.02567500000000006,1,2
2020-06-29,RealEstate,0.0,-0.008062500000000028,-0.010750000000000037,1,1
2020-06-30,RealEstate,0.3609,0.08216249999999997,-0.008062500000000028,2,2
2020-07-01,RealEstate,0.0,0.09499999999999997,0.08216249999999997,2,2
2020-07-02,RealEstate,0.07655,0.09130999999999997,0.09499999999999997,2,3
2020-07-06,RealEstate,-0.1591,0.055669999999999976,0.09130999999999997,2,2
2020-07-07,RealEstate,0.48385,0.15243999999999996,0.055669999999999976,1,2
2020-07-08,RealEstate,-0.7269,-0.06512000000000003,0.15243999999999996,1,1
2020-07-09,RealEstate,0.0,-0.06512000000000003,-0.06512000000000003,2,2
2020-07-10,RealEstate,0.0772,-0.06499000000000002,-0.06512000000000003,1,1
2020-07-13,RealEstate,0.0,-0.03317000000000002,-0.06499000000000002,1,1
2020-07-14,RealEstate,0.2732,-0.07530000000000003,-0.03317000000000002,1,1
2020-07-15,RealEstate,0.059816666666666664,0.08204333333333333,-0.07530000000000003,3,5
2020-07-16,RealEstate,,0.10255416666666665,0.08204333333333333,0,0
2020-07-17,RealEstate,,0.11100555555555554,0.10255416666666665,0,0
2020-07-20,RealEstate,0.0,0.11100555555555554,0.11100555555555554,4,5
2020-07-21,RealEstate,0.18686,0.08222555555555554,0.11100555555555554,1,5
2020-07-22,RealEstate,0.21355000000000002,0.13346999999999998,0.08222555555555554,1,2
2020-07-23,RealEstate,0.148,0.1371025,0.13346999999999998,2,3
2020-07-24,RealEstate,0.0,0.10968199999999999,0.1371025,1,1
2020-07-27,RealEstate,0.26125,0.161932,0.10968199999999999,2,3
2020-07-28,RealEstate,,0.15569999999999998,0.161932,0,0
2020-07-29,RealEstate,0.12833999999999998,0.13439749999999998,0.15569999999999998,5,6
2020-07-30,RealEstate,-0.0574375,0.08303812499999998,0.13439749999999998,4,6
2020-07-31,RealEstate,0.29295,0.15627562499999997,0.08303812499999998,2,3
2020-08-03,RealEstate,0.12785000000000002,0.12292562499999998,0.15627562499999997,2,2
2020-08-04,RealEstate,-0.36345,0.025650499999999986,0.12292562499999998,1,2
2020-08-05,RealEstate,0.197475,0.03947749999999999,0.025650499999999986,2,3
2020-08-06,RealEstate,0.0,0.050964999999999996,0.03947749999999999,2,3
2020-08-07,RealEstate,0.39538749999999995,0.07145249999999999,0.050964999999999996,4,6
2020-08-10,RealEstate,0.0,0.04588249999999998,0.07145249999999999,1,1
2020-08-11,RealEstate,0.5859,0.23575249999999998,0.04588249999999998,1,1
2020-08-12,RealEstate,0.0,0.19625749999999997,0.23575249999999998,1,1
2020-08-13,RealEstate,0.0,0.19625749999999997,0.19625749999999997,1,2
2020-08-14,RealEstate,0.12726666666666667,0.1426333333333333,0.19625749999999997,3,3
2020-08-17,RealEstate,0.31845,0.20632333333333328,0.1426333333333333,2,2
2020-08-18,RealEstate,0.5594,0.20102333333333333,0.20632333333333328,1,2
2020-08-19,RealEstate,0.09106666666666667,0.21923666666666666,0.20102333333333333,3,3
2020-08-20,RealEstate,0.0,0.21923666666666666,0.21923666666666666,2,2
2020-08-21,RealEstate,0.08436666666666666,0.21065666666666666,0.21923666666666666,2,4
2020-08-24,RealEstate,0.112775,0.16952166666666665,0.21065666666666666,4,4
2020-08-25,RealEstate,0.23835,0.10531166666666666,0.16952166666666665,2,2
2020-08-26,RealEstate,0.15293333333333334,0.117685,0.10531166666666666,3,4
2020-08-27,RealEstate,0.3579666666666667,0.18927833333333335,0.117685,3,4
2020-08-28,RealEstate,0.0,0.172405,0.18927833333333335,1,1
2020-08-31,RealEstate,0.6686000000000001,0.28357,0.172405,2,2
2020-09-01,RealEstate,0.13518333333333335,0.2629366666666667,0.28357,3,4
2020-09-02,RealEstate,0.0,0.23235,0.2629366666666667,1,1
2020-09-03,RealEstate,0.4767,0.2560966666666667,0.23235,1,1
2020-09-04,RealEstate,0.15568888888888888,0.28723444444444446,0.2560966666666667,3,5
2020-09-08,RealEstate,0.25880000000000003,0.20527444444444445,0.28723444444444446,1,2
2020-09-09,RealEstate,-0.6249,0.05325777777777778,0.20527444444444445,1,1
2020-09-10,RealEstate,,0.06657222222222223,0.05325777777777778,0,0
2020-09-11,RealEstate,0.0,-0.052602777777777776,0.06657222222222223,2,2
2020-09-14,RealEstate,0.45505,0.022237500000000007,-0.052602777777777776,1,2
2020-09-15,RealEstate,0.08231666666666666,-0.021883333333333334,0.022237500000000007,2,4
2020-09-16,RealEstate,0.0,0.13434166666666666,-0.021883333333333334,1,1
2020-09-17,RealEstate,-0.36755,0.03396333333333333,0.13434166666666666,2,2
2020-09-18,RealEstate,0.3062,0.09520333333333333,0.03396333333333333,2,2
2020-09-21,RealEstate,0.0,0.004193333333333338,0.09520333333333333,1,1
2020-09-22,RealEstate,0.2732,0.042370000000000005,0.004193333333333338,1,1
2020-09-23,RealEstate,,0.05296250000000001,0.042370000000000005,0,0
2020-09-24,RealEstate,0.0,0.14485,0.05296250000000001,1,1
2020-09-25,RealEstate,,0.09106666666666667,0.14485,0,0
2020-09-28,RealEstate,0.2202,0.16446666666666668,0.09106666666666667,2,2
2020-09-29,RealEstate,0.0,0.0734,0.16446666666666668,1,1
2020-09-30,RealEstate,0.3818,0.1505,0.0734,1,1
2020-10-01,RealEstate,,0.20066666666666666,0.1505,0,0
2020-10-02,RealEstate,,0.20066666666666666,0.20066666666666666,0,0
2020-10-05,RealEstate,0.42255,0.2681166666666666,0.20066666666666666,2,2
2020-10-06,RealEstate,0.4404,0.41491666666666666,0.2681166666666666,1,1
2020-10-07,RealEstate,,0.43147500000000005,0.41491666666666666,0,0
2020-10-08,RealEstate,,0.43147500000000005,0.43147500000000005,0,0
2020-10-09,RealEstate,,0.43147500000000005,0.43147500000000005,0,0
2020-10-12,RealEstate,0.0,0.2202,0.43147500000000005,2,2
2020-10-13,RealEstate,,0.0,0.2202,0,0
2020-10-14,RealEstate,0.33525,0.167625,0.0,1,2
2020-10-15,RealEstate,,0.167625,0.167625,0,0
2020-10-16,RealEstate,,0.167625,0.167625,0,0
2020-10-19,RealEstate,0.0,0.167625,0.167625,1,1
2020-10-20,RealEstate,0.44576666666666664,0.2603388888888889,0.167625,2,4
2020-10-21,RealEstate,0.148,0.19792222222222222,0.2603388888888889,1,2
2020-10-22,RealEstate,-0.36345,0.057579166666666654,0.19792222222222222,2,2
2020-10-23,RealEstate,0.2732,0.10070333333333333,0.057579166666666654,1,1
2020-10-26,RealEstate,0.38786666666666664,0.17827666666666664,0.10070333333333333,3,3
2020-10-27,RealEstate,,0.11140416666666664,0.17827666666666664,0,0
2020-10-28,RealEstate,0.2288,0.13160416666666663,0.11140416666666664,2,2
2020-10-29,RealEstate,0.0,0.22246666666666665,0.13160416666666663,2,2
2020-10-30,RealEstate,0.0,0.15416666666666667,0.22246666666666665,1,1
2020-11-02,RealEstate,0.38355,0.1530875,0.15416666666666667,1,2
2020-11-03,RealEstate,0.0,0.12247,0.1530875,1,1
2020-11-04,RealEstate,0.0,0.07671,0.12247,2,2
2020-11-05,RealEstate,0.13396666666666665,0.10350333333333332,0.07671,1,3
2020-11-06,RealEstate,0.124575,0.12841833333333333,0.10350333333333332,4,4
2020-11-09,RealEstate,0.24126666666666666,0.09996166666666666,0.12841833333333333,3,3
2020-11-10,RealEstate,,0.12495208333333332,0.09996166666666666,0,0
2020-11-11,RealEstate,0.4428,0.23565208333333332,0.12495208333333332,1,2
2020-11-12,RealEstate,,0.2695472222222222,0.23565208333333332,0,0
2020-11-13,RealEstate,0.26335,0.3158055555555555,0.2695472222222222,2,2
2020-11-16,RealEstate,0.0,0.23538333333333336,0.3158055555555555,3,3
2020-11-17,RealEstate,,0.23538333333333336,0.23538333333333336,0,0
2020-11-18,RealEstate,0.4404,0.23458333333333334,0.23538333333333336,1,1
2020-11-19,RealEstate,0.0,0.1759375,0.23458333333333334,1,1
2020-11-20,RealEstate,,0.1468,0.1759375,0,0
2020-11-23,RealEstate,0.2732,0.23786666666666667,0.1468,1,1
2020-11-24,RealEstate,0.1468,0.2151,0.23786666666666667,3,4
2020-11-25,RealEstate,,0.14,0.2151,0,0
2020-11-27,RealEstate,0.012650000000000002,0.1442166666666667,0.14,2,2
2020-11-30,RealEstate,0.30086666666666667,0.18337916666666668,0.1442166666666667,3,3
2020-12-01,RealEstate,0.34,0.2000791666666667,0.18337916666666668,1,1
2020-12-02,RealEstate,0.1909,0.21110416666666668,0.2000791666666667,1,2
2020-12-03,RealEstate,0.33926666666666666,0.23673666666666665,0.21110416666666668,3,3
2020-12-04,RealEstate,0.2732,0.28884666666666664,0.23673666666666665,1,1
2020-12-07,RealEstate,0.6369,0.35605333333333333,0.28884666666666664,1,1
2020-12-08,RealEstate,0.0,0.28805333333333333,0.35605333333333333,1,1
2020-12-09,RealEstate,0.14229999999999998,0.2783333333333333,0.28805333333333333,2,3
2020-12-10,RealEstate,0.0,0.21048,0.2783333333333333,1,1
2020-12-11,RealEstate,0.0,0.15584,0.21048,4,5
2020-12-14,RealEstate,0.06777999999999999,0.042016,0.15584,2,6
2020-12-15,RealEstate,0.1053,0.063076,0.042016,4,5
2020-12-16,RealEstate,0.2526333333333333,0.08514266666666667,0.063076,3,4
2020-12-17,RealEstate,0.0,0.08514266666666667,0.08514266666666667,2,2
2020-12-18,RealEstate,0.2349,0.13212266666666667,0.08514266666666667,1,2
2020-12-21,RealEstate,0.03415,0.12539666666666666,0.13212266666666667,4,5
2020-12-22,RealEstate,,0.13042083333333332,0.12539666666666666,0,0
2020-12-23,RealEstate,0.0,0.0672625,0.13042083333333332,2,2
2020-12-24,RealEstate,0.3062,0.1438125,0.0672625,2,2
2020-12-28,RealEstate,-0.1027,0.05941250000000001,0.1438125,1,1
2020-12-29,RealEstate,0.0,0.050875000000000004,0.05941250000000001,1,1
2020-12-30,RealEstate,0.0,0.0407,0.050875000000000004,5,5
2020-12-31,RealEstate,0.33013333333333333,0.10672666666666668,0.0407,1,3
2021-01-04,RealEstate,0.2732,0.10012666666666666,0.10672666666666668,1,2
2021-01-05,RealEstate,0.0,0.12066666666666666,0.10012666666666666,4,5
2021-01-06,RealEstate,0.148,0.15026666666666666,0.12066666666666666,1,2
2021-01-07,RealEstate,0.0,0.15026666666666666,0.15026666666666666,3,3
2021-01-08,RealEstate,0.2732,0.13887999999999998,0.15026666666666666,1,1
2021-01-11,RealEstate,0.35486666666666666,0.15521333333333334,0.13887999999999998,3,3
2021-01-12,RealEstate,0.03813333333333333,0.16283999999999998,0.15521333333333334,2,7
2021-01-13,RealEstate,0.3126833333333333,0.19577666666666665,0.16283999999999998,2,4
2021-01-14,RealEstate,0.0,0.19577666666666665,0.19577666666666665,1,1
2021-01-15,RealEstate,0.3255375,0.20624416666666665,0.19577666666666665,4,5
2021-01-19,RealEstate,0.1366,0.16259083333333332,0.20624416666666665,2,2
2021-01-20,RealEstate,0.003187499999999996,0.15560166666666664,0.16259083333333332,4,5
2021-01-21,RealEstate,,0.11633124999999997,0.15560166666666664,0,0
2021-01-22,RealEstate,,0.1551083333333333,0.11633124999999997,0,0
2021-01-25,RealEstate,0.17673333333333333,0.10550694444444442,0.1551083333333333,3,7
2021-01-26,RealEstate,0.04933333333333333,0.07641805555555553,0.10550694444444442,2,5
2021-01-27,RealEstate,0.3672666666666667,0.19777777777777775,0.07641805555555553,2,4
2021-01-28,RealEstate,0.0,0.14833333333333332,0.19777777777777775,2,4
2021-01-29,RealEstate,0.14055,0.14677666666666664,0.14833333333333332,2,3
2021-02-01,RealEstate,0.2083,0.15309,0.14677666666666664,3,3
2021-02-02,RealEstate,0.1468,0.17258333333333334,0.15309,3,6
2021-02-03,RealEstate,0.28605,0.15634,0.17258333333333334,2,4
2021-02-04,RealEstate,0.0,0.15634,0.15634,2,2
2021-02-05,RealEstate,0.35015,0.19826000000000002,0.15634,1,2
2021-02-08,RealEstate,0.4093,0.23845999999999998,0.19826000000000002,3,4
2021-02-09,RealEstate,0.0,0.2091,0.23845999999999998,1,1
2021-02-10,RealEstate,,0.18986250000000002,0.2091,0,0
2021-02-11,RealEstate,0.08808,0.2118825,0.18986250000000002,5,5
2021-02-12,RealEstate,0.5370250000000001,0.25860125,0.2118825,4,4
2021-02-16,RealEstate,0.48675,0.27796375,0.25860125,1,2
2021-02-17,RealEstate,0.0,0.27796375,0.27796375,2,2
2021-02-18,RealEstate,,0.27796375,0.27796375,0,0
2021-02-19,RealEstate,0.14495,0.29218125,0.27796375,4,6
2021-02-22,RealEstate,0.16463333333333333,0.1990833333333333,0.29218125,3,3
2021-02-23,RealEstate,0.1468,0.11409583333333331,0.1990833333333333,3,3
2021-02-24,RealEstate,0.15180833333333332,0.15204791666666664,0.11409583333333331,4,6
2021-02-25,RealEstate,0.05234666666666667,0.13210766666666665,0.15204791666666664,3,7
2021-02-26,RealEstate,0.17585,0.13828766666666664,0.13210766666666665,2,2
2021-03-01,RealEstate,0.5568,0.216721,0.13828766666666664,4,5
2021-03-02,RealEstate,0.0,0.18736099999999994,0.216721,1,1
2021-03-03,RealEstate,0.0028666666666666667,0.15757266666666664,0.18736099999999994,3,5
2021-03-04,RealEstate,0.5574,0.2585833333333333,0.15757266666666664,1,1
2021-03-05,RealEstate,0.09106666666666667,0.2416266666666666,0.2585833333333333,3,3
2021-03-08,RealEstate,0.4098333333333333,0.21223333333333327,0.2416266666666666,3,3
2021-03-09,RealEstate,,0.2652916666666666,0.21223333333333327,0,0
2021-03-10,RealEstate,0.1779,0.30905,0.2652916666666666,1,1
2021-03-11,RealEstate,0.0,0.16969999999999996,0.30905,2,2
2021-03-12,RealEstate,0.21153333333333335,0.19981666666666664,0.16969999999999996,3,3
2021-03-15,RealEstate,0.3928833333333333,0.1955791666666666,0.19981666666666664,4,6
2021-03-16,RealEstate,0.029258333333333334,0.16231499999999996,0.1955791666666666,4,6
2021-03-17,RealEstate,-0.0128375,0.12416749999999994,0.16231499999999996,4,7
2021-03-18,RealEstate,0.303025,0.18477249999999995,0.12416749999999994,4,4
2021-03-19,RealEstate,,0.17808229166666661,0.18477249999999995,0,0
2021-03-22,RealEstate,,0.10648194444444437,0.17808229166666661,0,0
2021-03-23,RealEstate,0.0,0.09672916666666659,0.10648194444444437,2,2
2021-03-24,RealEstate,,0.15151249999999988,0.09672916666666659,0,0
2021-03-25,RealEstate,0.35885,0.1794249999999999,0.15151249999999988,2,3
2021-03-26,RealEstate,,0.1794249999999999,0.1794249999999999,0,0
2021-03-29,RealEstate,0.09799999999999999,0.15228333333333324,0.1794249999999999,4,5
2021-03-30,RealEstate,0.19063333333333332,0.2158277777777777,0.15228333333333324,3,3
2021-03-31,RealEstate,0.0,0.16187083333333327,0.2158277777777777,1,1
2021-04-01,RealEstate,-0.2942,-0.0013916666666667354,0.16187083333333327,1,1
2021-04-05,RealEstate,-0.21636666666666668,-0.04438666666666673,-0.0013916666666667354,1,3
2021-04-06,RealEstate,0.4767,0.031353333333333275,-0.04438666666666673,1,1
2021-04-07,RealEstate,0.4019,0.07360666666666661,0.031353333333333275,1,1
2021-04-08,RealEstate,0.0,0.07360666666666661,0.07360666666666661,1,1
2021-04-09,RealEstate,0.0,0.1324466666666666,0.07360666666666661,1,1
2021-04-12,RealEstate,0.59545,0.2948099999999999,0.1324466666666666,2,2
2021-04-13,RealEstate,0.0,0.19946999999999995,0.2948099999999999,1,1
2021-04-14,RealEstate,0.1366,0.14640999999999998,0.19946999999999995,2,2
2021-04-15,RealEstate,0.1147,0.16934999999999995,0.14640999999999998,4,5
2021-04-16,RealEstate,0.0,0.16934999999999995,0.16934999999999995,1,1
2021-04-19,RealEstate,0.1015125,0.07056249999999993,0.16934999999999995,2,5
2021-04-20,RealEstate,,0.08820312499999991,0.07056249999999993,0,0
2021-04-21,RealEstate,0.123475,0.08492187499999992,0.08820312499999991,2,3
2021-04-22,RealEstate,0.13396666666666665,0.08973854166666659,0.08492187499999992,3,4
2021-04-23,RealEstate,0.7783,0.28431354166666656,0.08973854166666659,1,1
2021-04-26,RealEstate,0.0795,0.27881041666666656,0.28431354166666656,4,7
2021-04-27,RealEstate,,0.27881041666666656,0.27881041666666656,0,0
2021-04-28,RealEstate,0.2534777777777778,0.31131111111111104,0.27881041666666656,3,7
2021-04-29,RealEstate,0.17854,0.3224544444444444,0.31131111111111104,4,14
2021-04-30,RealEstate,0.3740666666666667,0.22139611111111104,0.3224544444444444,3,5
2021-05-03,RealEstate,0.3880166666666667,0.2985252777777777,0.22139611111111104,3,4
2021-05-04,RealEstate,,0.2985252777777777,0.2985252777777777,0,0
2021-05-05,RealEstate,0.0,0.23515583333333326,0.2985252777777777,4,5
2021-05-06,RealEstate,-0.0605,0.17539583333333325,0.23515583333333326,1,2
2021-05-07,RealEstate,,0.10917222222222212,0.17539583333333325,0,0
2021-05-10,RealEstate,,-0.030250000000000166,0.10917222222222212,0,0
2021-05-11,RealEstate,0.296,0.07849999999999989,-0.030250000000000166,1,1
2021-05-12,RealEstate,0.34895,0.19481666666666655,0.07849999999999989,2,2
2021-05-13,RealEstate,0.0,0.21498333333333322,0.19481666666666655,3,3
2021-05-14,RealEstate,,0.21498333333333322,0.21498333333333322,0,0
2021-05-17,RealEstate,0.0,0.16123749999999992,0.21498333333333322,1,1
2021-05-18,RealEstate,0.0,0.08723749999999991,0.16123749999999992,1,1
2021-05-19,RealEstate,0.2732,0.06829999999999992,0.08723749999999991,1,1
2021-05-20,RealEstate,,0.09106666666666656,0.06829999999999992,0,0
2021-05-21,RealEstate,,0.09106666666666656,0.09106666666666656,0,0
2021-05-24,RealEstate,0.12474999999999997,0.13264999999999988,0.09106666666666656,2,4
2021-05-25,RealEstate,0.6953,0.36441666666666656,0.13264999999999988,2,3
2021-05-26,RealEstate,0.0,0.27334999999999987,0.36441666666666656,3,3
2021-05-27,RealEstate,-0.05135,0.1921749999999999,0.27334999999999987,1,2
2021-05-28,RealEstate,0.5028,0.2542999999999999,0.1921749999999999,2,2
2021-06-01,RealEstate,0.17251666666666665,0.2638533333333333,0.2542999999999999,3,5
2021-06-02,RealEstate,0.7003,0.2648533333333333,0.2638533333333333,1,1
2021-06-03,RealEstate,0.16836666666666666,0.2985266666666666,0.2648533333333333,3,3
2021-06-04,RealEstate,0.6249,0.4337766666666666,0.2985266666666666,1,1
2021-06-07,RealEstate,0.6309,0.45939666666666656,0.4337766666666666,1,2
2021-06-08,RealEstate,,0.5311166666666666,0.45939666666666656,0,0
2021-06-09,RealEstate,0.0,0.3560416666666666,0.5311166666666666,2,3
2021-06-10,RealEstate,0.16962,0.356355,0.3560416666666666,5,5
2021-06-11,RealEstate,0.0,0.20012999999999992,0.356355,1,2
2021-06-14,RealEstate,-0.1806,-0.0027450000000000876,0.20012999999999992,2,2
2021-06-15,RealEstate,-0.2202,-0.04623600000000007,-0.0027450000000000876,2,2
2021-06-16,RealEstate,0.2226222222222222,-0.0017115555555556328,-0.04623600000000007,3,5
2021-06-17,RealEstate,0.31845,0.02805444444444437,-0.0017115555555556328,2,3
2021-06-18,RealEstate,0.19653333333333334,0.06736111111111104,0.02805444444444437,3,4
2021-06-21,RealEstate,,0.1293513888888888,0.06736111111111104,0,0
2021-06-22,RealEstate,0.0772,0.2037013888888888,0.1293513888888888,1,1
2021-06-23,RealEstate,,0.19739444444444434,0.2037013888888888,0,0
2021-06-24,RealEstate,-0.1909,0.027611111111111013,0.19739444444444434,2,2
2021-06-25,RealEstate,0.3715,0.08593333333333324,0.027611111111111013,1,2
2021-06-28,RealEstate,0.06443333333333333,0.08055833333333326,0.08593333333333324,1,3
2021-06-29,RealEstate,0.0,0.06125833333333326,0.08055833333333326,1,1
2021-06-30,RealEstate,0.1366,0.07632666666666661,0.06125833333333326,1,2
2021-07-01,RealEstate,0.4983666666666666,0.2141799999999999,0.07632666666666661,3,7
2021-07-02,RealEstate,0.61895,0.26366999999999996,0.2141799999999999,2,2
2021-07-06,RealEstate,0.296,0.3099833333333333,0.26366999999999996,3,3
2021-07-07,RealEstate,0.2882,0.3676233333333333,0.3099833333333333,3,4
2021-07-08,RealEstate,0.0,0.3403033333333333,0.3676233333333333,1,1
2021-07-09,RealEstate,-0.1366,0.21330999999999994,0.3403033333333333,1,2
2021-07-12,RealEstate,0.0,0.08951999999999993,0.21330999999999994,1,1
2021-07-13,RealEstate,0.0,0.030319999999999937,0.08951999999999993,1,1
2021-07-14,RealEstate,0.0892,-0.009480000000000066,0.030319999999999937,4,6
2021-07-15,RealEstate,0.0,-0.009480000000000066,-0.009480000000000066,2,2
2021-07-16,RealEstate,0.0,0.017839999999999932,-0.009480000000000066,2,2
2021-07-19,RealEstate,-0.006374999999999992,0.016564999999999934,0.017839999999999932,4,6
2021-07-20,RealEstate,0.0,0.016564999999999934,0.016564999999999934,1,1
2021-07-21,RealEstate,0.0,-0.001275000000000065,0.016564999999999934,1,1
2021-07-22,RealEstate,0.148,0.028324999999999934,-0.001275000000000065,2,5
2021-07-23,RealEstate,,0.03540624999999992,0.028324999999999934,0,0
2021-07-26,RealEstate,0.48355,0.1578874999999999,0.03540624999999992,1,2
2021-07-27,RealEstate,,0.21051666666666655,0.1578874999999999,0,0
2021-07-28,RealEstate,0.074,0.23518333333333322,0.21051666666666655,2,3
2021-07-29,RealEstate,-0.058455555555555566,0.1663648148148147,0.23518333333333322,3,5
2021-07-30,RealEstate,0.0,0.12477361111111102,0.1663648148148147,2,2
2021-08-02,RealEstate,0.183425,0.049742361111111036,0.12477361111111102,2,5
2021-08-03,RealEstate,0.146475,0.06908888888888882,0.049742361111111036,2,3
2021-08-04,RealEstate,0.0,0.05428888888888883,0.06908888888888882,2,3
2021-08-05,RealEstate,,0.08247499999999994,0.05428888888888883,0,0
2021-08-06,RealEstate,0.19353333333333333,0.13085833333333327,0.08247499999999994,3,4
2021-08-09,RealEstate,-0.0128375,0.08179270833333327,0.13085833333333327,2,5
2021-08-10,RealEstate,0.5195,0.17504895833333325,0.08179270833333327,2,3
2021-08-11,RealEstate,0.4393,0.2848739583333333,0.17504895833333325,2,2
2021-08-12,RealEstate,0.296,0.28709916666666657,0.2848739583333333,1,1
2021-08-13,RealEstate,,0.3104906249999999,0.28709916666666657,0,0
2021-08-16,RealEstate,0.12045,0.34381249999999997,0.3104906249999999,4,5
2021-08-17,RealEstate,0.296,0.2879374999999999,0.34381249999999997,1,1
2021-08-18,RealEstate,0.5117166666666667,0.3060416666666666,0.2879374999999999,3,4
2021-08-19,RealEstate,0.4767,0.3512166666666666,0.3060416666666666,1,1
2021-08-20,RealEstate,0.296,0.34017333333333327,0.3512166666666666,1,1
2021-08-23,RealEstate,-0.1027,0.29554333333333327,0.34017333333333327,1,1
2021-08-24,RealEstate,0.296,0.29554333333333327,0.29554333333333327,1,1
2021-08-25,RealEstate,0.3034,0.25387999999999994,0.29554333333333327,2,3
2021-08-26,RealEstate,,0.1981749999999999,0.25387999999999994,0,0
2021-08-27,RealEstate,0.1101,0.15169999999999995,0.1981749999999999,2,3
2021-08-30,RealEstate,-0.0353,0.16854999999999995,0.15169999999999995,1,3
2021-08-31,RealEstate,0.1366,0.12869999999999995,0.16854999999999995,2,2
2021-09-01,RealEstate,0.4939,0.17632499999999995,0.12869999999999995,1,1
2021-09-02,RealEstate,,0.17632499999999995,0.17632499999999995,0,0
2021-09-03,RealEstate,0.0516,0.16169999999999995,0.17632499999999995,1,1
2021-09-07,RealEstate,0.17236666666666667,0.21361666666666662,0.16169999999999995,4,9
2021-09-08,RealEstate,0.2214,0.23481666666666662,0.21361666666666662,2,3
2021-09-09,RealEstate,0.0,0.11134166666666662,0.23481666666666662,1,1
2021-09-10,RealEstate,0.2654666666666667,0.14216666666666664,0.11134166666666662,2,4
2021-09-13,RealEstate,0.03415,0.13867666666666661,0.14216666666666664,4,8
2021-09-14,RealEstate,0.39010000000000006,0.18222333333333332,0.13867666666666661,3,3
2021-09-15,RealEstate,0.09106666666666667,0.15615666666666664,0.18222333333333332,3,4
2021-09-16,RealEstate,0.10286666666666666,0.17672999999999997,0.15615666666666664,3,3
2021-09-17,RealEstate,0.045533333333333335,0.1327433333333333,0.17672999999999997,3,4
2021-09-20,RealEstate,0.0732375,0.1405608333333333,0.1327433333333333,4,6
2021-09-21,RealEstate,0.3066,0.12386083333333328,0.1405608333333333,1,2
2021-09-22,RealEstate,0.151725,0.13599249999999996,0.12386083333333328,2,3
2021-09-23,RealEstate,0.0,0.11541916666666663,0.13599249999999996,1,1
2021-09-24,RealEstate,0.0,0.10631249999999995,0.11541916666666663,1,2
2021-09-27,RealEstate,0.2658,0.14482499999999993,0.10631249999999995,3,5
2021-09-28,RealEstate,0.5267,0.18884499999999993,0.14482499999999993,1,1
2021-09-29,RealEstate,0.0,0.15849999999999992,0.18884499999999993,1,2
2021-09-30,RealEstate,0.3021,0.21891999999999992,0.15849999999999992,2,2
2021-10-01,RealEstate,0.0,0.21891999999999992,0.21891999999999992,2,2
2021-10-04,RealEstate,0.0,0.1657599999999999,0.21891999999999992,2,2
2021-10-05,RealEstate,0.2732,0.11505999999999994,0.1657599999999999,1,1
2021-10-06,RealEstate,0.370275,0.18911499999999992,0.11505999999999994,2,3
2021-10-07,RealEstate,0.0,0.12869499999999992,0.18911499999999992,1,1
2021-10-08,RealEstate,0.5624,0.24117499999999992,0.12869499999999992,2,2
2021-10-11,RealEstate,0.146475,0.2704699999999999,0.24117499999999992,4,5
2021-10-12,RealEstate,0.0,0.2158299999999999,0.2704699999999999,1,1
2021-10-13,RealEstate,0.56185,0.25414499999999995,0.2158299999999999,2,3
2021-10-14,RealEstate,0.1342611111111111,0.2809972222222221,0.25414499999999995,3,7
2021-10-15,RealEstate,0.19693333333333332,0.2079038888888888,0.2809972222222221,3,7
2021-10-18,RealEstate,0.0,0.1786088888888888,0.2079038888888888,1,1
2021-10-19,RealEstate,0.28595,0.23579888888888875,0.1786088888888888,2,2
2021-10-20,RealEstate,-0.0386,0.11570888888888879,0.23579888888888875,2,2
2021-10-21,RealEstate,0.164,0.12165666666666657,0.11570888888888879,3,4
2021-10-22,RealEstate,0.7964,0.24154999999999988,0.12165666666666657,1,1
2021-10-25,RealEstate,0.2202,0.2855899999999999,0.24154999999999988,1,2
2021-10-26,RealEstate,0.45595,0.31958999999999993,0.2855899999999999,2,2
2021-10-27,RealEstate,0.151725,0.35765499999999995,0.31958999999999993,2,3
2021-10-28,RealEstate,0.211975,0.3672499999999999,0.35765499999999995,3,6
2021-10-29,RealEstate,0.24828888888888892,0.2576277777777777,0.3672499999999999,3,6
2021-11-01,RealEstate,0.054877777777777775,0.22456333333333323,0.2576277777777777,3,5
2021-11-02,RealEstate,0.033716666666666666,0.14011666666666656,0.22456333333333323,2,4
2021-11-03,RealEstate,0.0,0.10977166666666656,0.14011666666666656,1,2
2021-11-04,RealEstate,0.1275,0.09287666666666657,0.10977166666666656,3,5
2021-11-05,RealEstate,,0.05402361111111098,0.09287666666666657,0,0
2021-11-08,RealEstate,0.0166,0.04445416666666653,0.05402361111111098,3,5
2021-11-09,RealEstate,0.32257499999999995,0.11666874999999985,0.04445416666666653,2,3
2021-11-10,RealEstate,,0.15555833333333313,0.11666874999999985,0,0
2021-11-11,RealEstate,0.41556666666666664,0.2515805555555553,0.15555833333333313,3,4
2021-11-12,RealEstate,0.31245,0.2667979166666665,0.2515805555555553,2,2
2021-11-15,RealEstate,0.13039777777777775,0.29524736111111094,0.2667979166666665,3,15
2021-11-16,RealEstate,0.0,0.21460361111111095,0.29524736111111094,1,2
2021-11-17,RealEstate,0.187175,0.20911788888888877,0.21460361111111095,1,4
2021-11-18,RealEstate,0.537,0.23340455555555542,0.20911788888888877,3,4
2021-11-19,RealEstate,,0.2136431944444443,0.23340455555555542,0,0
2021-11-22,RealEstate,0.30948333333333333,0.2584145833333332,0.2136431944444443,4,8
2021-11-23,RealEstate,,0.34455277777777765,0.2584145833333332,0,0
2021-11-24,RealEstate,0.296,0.3808277777777776,0.34455277777777765,1,1
2021-11-26,RealEstate,0.31845,0.30797777777777763,0.3808277777777776,1,2
2021-11-29,RealEstate,0.052075,0.2440020833333332,0.30797777777777763,4,6
2021-11-30,RealEstate,0.0,0.16663124999999987,0.2440020833333332,5,5
2021-12-01,RealEstate,0.3568,0.20466499999999987,0.16663124999999987,2,2
2021-12-02,RealEstate,0.47250000000000003,0.2399649999999999,0.20466499999999987,2,4
2021-12-03,RealEstate,-0.1404,0.1481949999999999,0.2399649999999999,3,4
2021-12-06,RealEstate,0.033716666666666666,0.14452333333333323,0.1481949999999999,3,4
2021-12-07,RealEstate,0.0,0.14452333333333323,0.14452333333333323,3,4
2021-12-08,RealEstate,0.011499999999999996,0.07546333333333323,0.14452333333333323,4,5
2021-12-09,RealEstate,0.3243,0.045823333333333216,0.07546333333333323,2,2
2021-12-10,RealEstate,0.18130000000000002,0.11016333333333321,0.045823333333333216,4,4
2021-12-13,RealEstate,-0.10318666666666665,0.08278266666666656,0.11016333333333321,5,10
2021-12-14,RealEstate,0.5107833333333334,0.18493933333333323,0.08278266666666656,3,4
2021-12-15,RealEstate,0.16858333333333334,0.2163559999999999,0.18493933333333323,3,4
2021-12-16,RealEstate,0.1250125,0.1764984999999999,0.2163559999999999,4,5
2021-12-17,RealEstate,0.11009999999999998,0.16225849999999992,0.1764984999999999,2,3
2021-12-20,RealEstate,0.144975,0.21189083333333322,0.16225849999999992,2,3
2021-12-21,RealEstate,0.37670000000000003,0.18507416666666657,0.21189083333333322,4,4
2021-12-22,RealEstate,0.0,0.1513574999999999,0.18507416666666657,2,4
2021-12-23,RealEstate,0.2732,0.1809949999999999,0.1513574999999999,1,1
2021-12-27,RealEstate,0.071075,0.1731899999999999,0.1809949999999999,4,6
2021-12-28,RealEstate,0.05135,0.1544649999999999,0.1731899999999999,2,2
2021-12-29,RealEstate,0.18905000000000002,0.1169349999999999,0.1544649999999999,3,5
2021-12-30,RealEstate,0.2364833333333333,0.16423166666666655,0.1169349999999999,3,4
2021-12-31,RealEstate,0.04684999999999999,0.11896166666666655,0.16423166666666655,2,2
2022-01-03,RealEstate,0.10615000000000001,0.12597666666666657,0.11896166666666655,3,5
2022-01-04,RealEstate,0.33375,0.18245666666666654,0.12597666666666657,2,3
2022-01-05,RealEstate,0.20413333333333336,0.1854733333333332,0.18245666666666654,3,4
2022-01-06,RealEstate,0.24286666666666665,0.1867499999999999,0.1854733333333332,3,5
2022-01-07,RealEstate,0.1366,0.20469999999999988,0.1867499999999999,2,2
2022-01-10,RealEstate,0.3715,0.2577699999999999,0.20469999999999988,2,2
2022-01-11,RealEstate,-0.14830000000000002,0.1613599999999999,0.2577699999999999,3,5
2022-01-12,RealEstate,-0.03920625,0.1126920833333332,0.1613599999999999,4,7
2022-01-13,RealEstate,0.11333333333333334,0.08678541666666655,0.1126920833333332,3,3
2022-01-14,RealEstate,0.12878333333333333,0.08522208333333323,0.08678541666666655,3,4
2022-01-18,RealEstate,-0.0191375,0.007094583333333221,0.08522208333333323,4,6
2022-01-19,RealEstate,0.3610333333333333,0.1089612499999999,0.007094583333333221,3,6
2022-01-20,RealEstate,0.3192666666666667,0.18065583333333324,0.1089612499999999,5,9
2022-01-21,RealEstate,0.2862125,0.21523166666666657,0.18065583333333324,4,5
2022-01-24,RealEstate,0.16747,0.2229689999999999,0.21523166666666657,5,15
2022-01-25,RealEstate,0.35345000000000004,0.2974864999999999,0.2229689999999999,3,4
2022-01-26,RealEstate,0.1468,0.25463983333333323,0.2974864999999999,1,3
2022-01-27,RealEstate,0.32266333333333336,0.2553191666666666,0.25463983333333323,5,11
2022-01-28,RealEstate,-0.001837499999999992,0.19770916666666655,0.2553191666666666,4,6
2022-01-31,RealEstate,0.3694,0.23809516666666655,0.19770916666666655,5,7
2022-02-01,RealEstate,0.28595,0.22459516666666657,0.23809516666666655,1,2
2022-02-02,RealEstate,0.16342083333333335,0.22791933333333322,0.22459516666666657,4,7
2022-02-03,RealEstate,0.148,0.19298666666666656,0.22791933333333322,2,3
2022-02-04,RealEstate,0.0,0.19335416666666655,0.19298666666666656,1,1
2022-02-07,RealEstate,0.1122625,0.14192666666666656,0.19335416666666655,4,6
2022-02-08,RealEstate,0.13006666666666666,0.1107499999999999,0.14192666666666656,3,5
2022-02-09,RealEstate,-0.0005099999999999994,0.07796383333333322,0.1107499999999999,5,10
2022-02-10,RealEstate,0.24,0.09636383333333323,0.07796383333333322,4,7
2022-02-11,RealEstate,-0.0129,0.09378383333333322,0.09636383333333323,2,3
2022-02-14,RealEstate,0.4689875,0.16512883333333322,0.09378383333333322,4,7
2022-02-15,RealEstate,0.17645,0.1744054999999999,0.16512883333333322,3,4
2022-02-16,RealEstate,0.4328,0.2610674999999999,0.1744054999999999,3,4
2022-02-17,RealEstate,0.04166,0.2213994999999999,0.2610674999999999,5,12
2022-02-18,RealEstate,-0.02965,0.21804949999999987,0.2213994999999999,3,4
2022-02-22,RealEstate,0.2010675,0.1644654999999999,0.21804949999999987,4,12
2022-02-23,RealEstate,0.07323,0.1438214999999999,0.1644654999999999,5,11
2022-02-24,RealEstate,0.3673133333333333,0.13072416666666659,0.1438214999999999,3,8
2022-02-25,RealEstate,0.27015,0.17642216666666655,0.13072416666666659,4,7
2022-02-28,RealEstate,0.31816666666666665,0.2459854999999999,0.17642216666666655,3,5
2022-03-01,RealEstate,0.050575,0.21588699999999988,0.2459854999999999,4,5
2022-03-02,RealEstate,0.06597,0.21443499999999988,0.21588699999999988,5,7
2022-03-03,RealEstate,0.24931875,0.19083608333333324,0.21443499999999988,4,8
2022-03-04,RealEstate,0.5504083333333334,0.2468877499999999,0.19083608333333324,2,5
2022-03-07,RealEstate,0.18001111111111112,0.2192566388888888,0.2468877499999999,3,6
2022-03-08,RealEstate,0.17,0.2431416388888888,0.2192566388888888,2,2
2022-03-09,RealEstate,0.03463333333333334,0.2368743055555555,0.2431416388888888,3,3
2022-03-10,RealEstate,0.0425,0.19551055555555547,0.2368743055555555,4,10
2022-03-11,RealEstate,0.3524,0.15590888888888882,0.19551055555555547,2,4
2022-03-14,RealEstate,0.12754000000000001,0.14541466666666658,0.15590888888888882,5,8
2022-03-15,RealEstate,0.291775,0.16976966666666657,0.14541466666666658,4,9
2022-03-16,RealEstate,0.38785000000000003,0.24041299999999993,0.16976966666666657,2,4
2022-03-17,RealEstate,0.0,0.23191299999999995,0.24041299999999993,1,1
2022-03-18,RealEstate,0.07003000000000001,0.17543899999999993,0.23191299999999995,5,10
2022-03-21,RealEstate,0.11968166666666666,0.17386733333333323,0.17543899999999993,5,13
2022-03-22,RealEstate,-0.08077499999999999,0.09935733333333326,0.17386733333333323,4,6
2022-03-23,RealEstate,0.4404,0.10986733333333325,0.09935733333333326,1,1
2022-03-24,RealEstate,0.1071111111111111,0.13128955555555546,0.10986733333333325,3,5
2022-03-25,RealEstate,0.23971666666666666,0.16522688888888878,0.13128955555555546,3,5
2022-03-28,RealEstate,0.07150000000000001,0.15559055555555548,0.16522688888888878,3,8
2022-03-29,RealEstate,0.21713333333333332,0.21517222222222215,0.15559055555555548,4,6
2022-03-30,RealEstate,0.43884999999999996,0.21486222222222212,0.21517222222222215,3,6
2022-03-31,RealEstate,-0.0683375,0.1797724999999999,0.21486222222222212,4,6
2022-04-01,RealEstate,0.437325,0.21929416666666657,0.1797724999999999,2,3
2022-04-04,RealEstate,-0.0333875,0.19831666666666656,0.21929416666666657,4,7
2022-04-05,RealEstate,0.15486,0.18586199999999992,0.19831666666666656,4,10
2022-04-06,RealEstate,0.1815,0.1343919999999999,0.18586199999999992,3,6
2022-04-07,RealEstate,0.137,0.17545949999999993,0.1343919999999999,5,6
2022-04-08,RealEstate,0.09866666666666667,0.10772783333333324,0.17545949999999993,3,3
2022-04-11,RealEstate,0.02596666666666667,0.11959866666666659,0.10772783333333324,4,9
2022-04-12,RealEstate,0.31174,0.15097466666666656,0.11959866666666659,5,9
2022-04-13,RealEstate,0.130425,0.14075966666666656,0.15097466666666656,2,5
2022-04-14,RealEstate,0.32727222222222224,0.17881411111111103,0.14075966666666656,3,8
2022-04-18,RealEstate,0.08480833333333333,0.17604244444444436,0.17881411111111103,3,6
2022-04-19,RealEstate,0.03613200000000001,0.17807551111111103,0.17604244444444436,5,11
2022-04-20,RealEstate,-0.09878333333333333,0.09597084444444437,0.17807551111111103,3,7
2022-04-21,RealEstate,0.005840000000000012,0.07105384444444436,0.09597084444444437,5,11
2022-04-22,RealEstate,0.10115,0.025829399999999912,0.07105384444444436,2,3
2022-04-25,RealEstate,0.10089333333333332,0.029046399999999917,0.025829399999999912,5,7
2022-04-26,RealEstate,0.0,0.021819999999999912,0.029046399999999917,4,5
2022-04-27,RealEstate,0.091875,0.059951666666666584,0.021819999999999912,4,15
2022-04-28,RealEstate,0.32335,0.12345366666666657,0.059951666666666584,2,4
2022-04-29,RealEstate,0.2084125,0.14490616666666659,0.12345366666666657,4,9
2022-05-02,RealEstate,0.2526333333333333,0.17525416666666657,0.14490616666666659,3,5
2022-05-03,RealEstate,0.16741666666666669,0.20873749999999994,0.17525416666666657,2,4
2022-05-04,RealEstate,0.03549166666666667,0.19746083333333325,0.20873749999999994,4,7
2022-05-05,RealEstate,0.06193333333333333,0.1451774999999999,0.19746083333333325,2,4
2022-05-06,RealEstate,0.11063333333333332,0.12562166666666658,0.1451774999999999,3,6
2022-05-09,RealEstate,0.07633000000000001,0.09036099999999991,0.12562166666666658,5,7
2022-05-10,RealEstate,0.17146,0.09116966666666658,0.09036099999999991,5,15
2022-05-11,RealEstate,0.07348333333333333,0.09876799999999991,0.09116966666666658,3,5
2022-05-12,RealEstate,0.3528777777777778,0.1569568888888888,0.09876799999999991,3,5
2022-05-13,RealEstate,0.2365375,0.18213772222222213,0.1569568888888888,4,5
2022-05-16,RealEstate,0.13538750000000002,0.19394922222222216,0.18213772222222213,4,9
2022-05-17,RealEstate,0.35378750000000003,0.23041472222222215,0.19394922222222216,4,9
2022-05-18,RealEstate,0.028533333333333327,0.22142472222222215,0.23041472222222215,3,5
2022-05-19,RealEstate,0.1166875,0.17418666666666657,0.22142472222222215,4,8
2022-05-20,RealEstate,0.11780799999999998,0.15044076666666656,0.17418666666666657,5,11
2022-05-23,RealEstate,0.103234,0.14401006666666658,0.15044076666666656,5,14
2022-05-24,RealEstate,0.38748333333333335,0.15074923333333326,0.14401006666666658,3,4
2022-05-25,RealEstate,0.276175,0.20027756666666657,0.15074923333333326,4,5
2022-05-26,RealEstate,0.0515,0.18724006666666657,0.20027756666666657,3,4
2022-05-27,RealEstate,0.2448875,0.21265596666666658,0.18724006666666657,4,5
2022-05-31,RealEstate,0.158525,0.22371416666666658,0.21265596666666658,3,6
2022-06-01,RealEstate,0.31845,0.2099074999999999,0.22371416666666658,2,3
2022-06-02,RealEstate,0.1390875,0.1824899999999999,0.2099074999999999,4,6
2022-06-03,RealEstate,0.2366625,0.21952249999999993,0.1824899999999999,4,8
2022-06-06,RealEstate,0.0942,0.18938499999999991,0.21952249999999993,3,9
2022-06-07,RealEstate,0.0031866666666666684,0.15831733333333325,0.18938499999999991,5,8
2022-06-08,RealEstate,0.25717999999999996,0.14606333333333324,0.15831733333333325,2,7
2022-06-09,RealEstate,0.36255,0.19075583333333324,0.14606333333333324,2,4
2022-06-10,RealEstate,0.1897625,0.18137583333333324,0.19075583333333324,4,9
2022-06-13,RealEstate,0.20242,0.20301983333333323,0.18137583333333324,4,12
2022-06-14,RealEstate,0.11411,0.2252044999999999,0.20301983333333323,5,8
2022-06-15,RealEstate,0.008183333333333329,0.17540516666666656,0.2252044999999999,3,9
2022-06-16,RealEstate,0.1064875,0.12419266666666658,0.17540516666666656,4,5
2022-06-17,RealEstate,0.34867000000000004,0.15597416666666658,0.12419266666666658,3,8
2022-06-21,RealEstate,0.27547083333333333,0.17058433333333323,0.15597416666666658,4,11
2022-06-22,RealEstate,0.38398333333333334,0.2245589999999999,0.17058433333333323,2,4
2022-06-23,RealEstate,0.25239999999999996,0.2734023333333332,0.2245589999999999,4,6
2022-06-24,RealEstate,-0.10634999999999999,0.23083483333333327,0.2734023333333332,3,4
2022-06-27,RealEstate,0.13944,0.18898883333333324,0.23083483333333327,5,8
2022-06-28,RealEstate,0.027660000000000007,0.1394266666666666,0.18898883333333324,5,8
2022-06-29,RealEstate,0.1771625,0.09806249999999991,0.1394266666666666,4,7
2022-06-30,RealEstate,0.085,0.06458249999999992,0.09806249999999991,2,3
2022-07-01,RealEstate,0.09706,0.10526449999999991,0.06458249999999992,5,6
2022-07-05,RealEstate,0.21361666666666668,0.12009983333333325,0.10526449999999991,4,9
2022-07-06,RealEstate,0.024825000000000007,0.11953283333333324,0.12009983333333325,4,6
2022-07-07,RealEstate,0.04227083333333333,0.09255449999999991,0.11953283333333324,4,8
2022-07-08,RealEstate,0.31129999999999997,0.1378144999999999,0.09255449999999991,3,4
2022-07-11,RealEstate,0.34084,0.18657049999999992,0.1378144999999999,5,8
2022-07-12,RealEstate,-0.00645,0.14255716666666657,0.18657049999999992,4,4
2022-07-13,RealEstate,0.3679333333333334,0.21117883333333323,0.14255716666666657,3,5
2022-07-14,RealEstate,0.1107,0.22486466666666657,0.21117883333333323,3,5
2022-07-15,RealEstate,-0.2455525,0.11349416666666659,0.22486466666666657,4,9
2022-07-18,RealEstate,0.268325,0.09899116666666659,0.11349416666666659,4,13
2022-07-19,RealEstate,-0.10491666666666666,0.07929783333333325,0.09899116666666659,3,4
2022-07-20,RealEstate,0.3039,0.06649116666666657,0.07929783333333325,5,7
2022-07-21,RealEstate,0.2966,0.10367116666666658,0.06649116666666657,3,7
2022-07-22,RealEstate,0.45846666666666663,0.24447499999999991,0.10367116666666658,3,4
2022-07-25,RealEstate,0.21288,0.23338599999999993,0.24447499999999991,5,12
2022-07-26,RealEstate,0.2187,0.2981093333333332,0.23338599999999993,4,5
2022-07-27,RealEstate,0.3074846666666667,0.29882626666666656,0.2981093333333332,5,16
2022-07-28,RealEstate,0.1978875,0.27908376666666657,0.29882626666666656,4,16
2022-07-29,RealEstate,0.2907,0.24553043333333324,0.27908376666666657,5,7
2022-08-01,RealEstate,0.28070416666666664,0.2590952666666666,0.24553043333333324,4,12
2022-08-02,RealEstate,0.18052500000000002,0.2514602666666666,0.2590952666666666,2,8
2022-08-03,RealEstate,0.015412499999999997,0.19304583333333325,0.2514602666666666,4,8
2022-08-04,RealEstate,0.3015,0.21376833333333325,0.19304583333333325,4,8
2022-08-05,RealEstate,0.41756666666666664,0.23914166666666659,0.21376833333333325,3,5
2022-08-08,RealEstate,0.16738333333333336,0.21647749999999993,0.23914166666666659,4,10
2022-08-09,RealEstate,0.29035,0.23844249999999995,0.21647749999999993,4,6
2022-08-10,RealEstate,0.27930000000000005,0.2912199999999999,0.23844249999999995,3,3
2022-08-11,RealEstate,0.3131,0.29353999999999986,0.2912199999999999,4,9
2022-08-12,RealEstate,0.056725,0.22137166666666658,0.29353999999999986,4,8
2022-08-15,RealEstate,-0.0034125000000000405,0.18721249999999992,0.22137166666666658,4,6
2022-08-16,RealEstate,0.1484666666666667,0.15883583333333323,0.18721249999999992,3,5
2022-08-17,RealEstate,0.28753125,0.16048208333333322,0.15883583333333323,4,11
2022-08-18,RealEstate,0.05135,0.10813208333333324,0.16048208333333322,2,2
2022-08-19,RealEstate,0.3654,0.16986708333333325,0.10813208333333324,4,5
2022-08-22,RealEstate,0.3374625,0.23804208333333327,0.16986708333333325,4,11
2022-08-23,RealEstate,0.06698333333333333,0.22174541666666653,0.23804208333333327,3,4
2022-08-24,RealEstate,0.26789999999999997,0.2178191666666666,0.22174541666666653,5,9
2022-08-25,RealEstate,0.36755000000000004,0.2810591666666666,0.2178191666666666,4,6
2022-08-26,RealEstate,0.35150000000000003,0.2782791666666666,0.2810591666666666,2,2
2022-08-29,RealEstate,0.12751666666666667,0.23628999999999994,0.2782791666666666,4,9
2022-08-30,RealEstate,0.27115,0.2771233333333333,0.23628999999999994,2,3
2022-08-31,RealEstate,0.27799,0.27914133333333324,0.2771233333333333,5,7
2022-09-01,RealEstate,0.34,0.2736313333333332,0.27914133333333324,1,1
2022-09-02,RealEstate,0.08510000000000001,0.22035133333333326,0.2736313333333332,2,4
2022-09-06,RealEstate,0.41304375000000004,0.2774567499999999,0.22035133333333326,4,7
2022-09-07,RealEstate,0.037425,0.23071174999999994,0.2774567499999999,4,9
2022-09-08,RealEstate,0.39463333333333334,0.2540404166666666,0.23071174999999994,3,4
2022-09-09,RealEstate,0.572525,0.30054541666666656,0.2540404166666666,4,5
2022-09-12,RealEstate,0.35504444444444444,0.3545343055555555,0.30054541666666656,3,10
2022-09-13,RealEstate,0.1181375,0.29555305555555544,0.3545343055555555,4,8
2022-09-14,RealEstate,0.21259166666666665,0.33058638888888875,0.29555305555555544,3,7
2022-09-15,RealEstate,0.316625,0.3149847222222221,0.33058638888888875,4,6
2022-09-16,RealEstate,0.26449249999999996,0.2533782222222221,0.3149847222222221,4,10
2022-09-19,RealEstate,0.28263333333333335,0.23889599999999991,0.2533782222222221,3,7
2022-09-20,RealEstate,0.29640416666666664,0.2745493333333332,0.23889599999999991,2,7
2022-09-21,RealEstate,0.17532499999999998,0.2670959999999999,0.2745493333333332,4,8
2022-09-22,RealEstate,0.06938,0.21764699999999987,0.2670959999999999,5,6
2022-09-23,RealEstate,0.11970000000000001,0.18868849999999993,0.21764699999999987,3,5
2022-09-26,RealEstate,0.04609428571428573,0.14138069047619037,0.18868849999999993,5,15
2022-09-27,RealEstate,0.30578333333333335,0.14325652380952372,0.14138069047619037,3,4
2022-09-28,RealEstate,-0.020079166666666662,0.1041756904761904,0.14325652380952372,4,7
2022-09-29,RealEstate,0.0,0.09029969047619041,0.1041756904761904,1,1
2022-09-30,RealEstate,0.40345000000000003,0.1470496904761904,0.09029969047619041,2,3
2022-10-03,RealEstate,0.371225,0.2120758333333333,0.1470496904761904,2,4
2022-10-04,RealEstate,0.33353,0.2176251666666666,0.2120758333333333,5,8
2022-10-05,RealEstate,0.22076666666666667,0.2657943333333333,0.2176251666666666,4,10
2022-10-06,RealEstate,0.0683,0.27945433333333325,0.2657943333333333,4,4
2022-10-07,RealEstate,0.05740624999999999,0.21024558333333326,0.27945433333333325,4,10
2022-10-10,RealEstate,0.10556499999999999,0.15711358333333325,0.21024558333333326,5,13
2022-10-11,RealEstate,-0.10626666666666666,0.0691542499999999,0.15711358333333325,3,3
2022-10-12,RealEstate,0.224525,0.06990591666666658,0.0691542499999999,2,3
2022-10-13,RealEstate,0.0,0.05624591666666658,0.06990591666666658,1,1
2022-10-14,RealEstate,0.28615,0.1019946666666666,0.05624591666666658,2,2
2022-10-17,RealEstate,0.1324925,0.10738016666666658,0.1019946666666666,4,9
2022-10-18,RealEstate,0.016858333333333333,0.1320051666666666,0.10738016666666658,3,7
2022-10-19,RealEstate,0.13596666666666668,0.11429349999999994,0.1320051666666666,4,12
2022-10-20,RealEstate,0.255,0.16529349999999993,0.11429349999999994,4,6
2022-10-21,RealEstate,0.32216999999999996,0.17249749999999991,0.16529349999999993,5,10
2022-10-24,RealEstate,0.35579666666666665,0.21715833333333326,0.17249749999999991,5,12
2022-10-25,RealEstate,0.22286999999999998,0.25836066666666657,0.21715833333333326,5,7
2022-10-26,RealEstate,0.1773875,0.2666448333333332,0.25836066666666657,4,10
2022-10-27,RealEstate,0.06100099999999999,0.22784503333333328,0.2666448333333332,5,13
2022-10-28,RealEstate,0.0,0.16341103333333326,0.22784503333333328,1,3
2022-10-31,RealEstate,0.21288714285714283,0.1348291285714285,0.16341103333333326,5,13
2022-11-01,RealEstate,0.3302541666666667,0.15630596190476181,0.1348291285714285,4,7
2022-11-02,RealEstate,0.15557888888888888,0.15194423968253962,0.15630596190476181,3,10
2022-11-03,RealEstate,0.19014444444444445,0.1777729285714285,0.15194423968253962,3,9
2022-11-04,RealEstate,-0.2732,0.12313292857142848,0.1777729285714285,1,1
2022-11-07,RealEstate,0.14760833333333334,0.11007716666666659,0.12313292857142848,4,13
2022-11-08,RealEstate,0.43095,0.13021633333333327,0.11007716666666659,2,2
2022-11-09,RealEstate,0.16945,0.1329905555555555,0.13021633333333327,2,3
2022-11-10,RealEstate,0.11931249999999999,0.11882416666666659,0.1329905555555555,4,7
2022-11-11,RealEstate,0.5257666666666666,0.2786174999999999,0.11882416666666659,3,3
2022-11-14,RealEstate,0.3548777777777778,0.3200713888888888,0.2786174999999999,3,5
2022-11-15,RealEstate,0.6486,0.3636013888888888,0.3200713888888888,1,1
2022-11-16,RealEstate,0.3241222222222222,0.3945358333333332,0.3636013888888888,3,5
2022-11-17,RealEstate,,0.46334166666666654,0.3945358333333332,0,0
2022-11-18,RealEstate,0.05146666666666667,0.34476666666666655,0.46334166666666654,3,3
2022-11-21,RealEstate,0.25016666666666665,0.3185888888888888,0.34476666666666655,4,9
2022-11-22,RealEstate,-0.41169999999999995,0.05351388888888878,0.3185888888888888,2,2
2022-11-23,RealEstate,0.22020000000000003,0.027533333333333236,0.05351388888888878,3,4
2022-11-25,RealEstate,0.42,0.10602666666666657,0.027533333333333236,3,4
2022-11-28,RealEstate,0.47812499999999997,0.19135833333333324,0.10602666666666657,2,3
2022-11-29,RealEstate,,0.1766562499999999,0.19135833333333324,0,0
2022-11-30,RealEstate,0.24201666666666666,0.3400854166666666,0.1766562499999999,3,4
2022-12-01,RealEstate,0.261275,0.3503541666666666,0.3400854166666666,4,9
2022-12-02,RealEstate,0.24546666666666664,0.3067208333333332,0.3503541666666666,3,4
2022-12-05,RealEstate,0.3715,0.28006458333333323,0.3067208333333332,2,3
2022-12-06,RealEstate,0.25445,0.2749416666666666,0.28006458333333323,2,3
2022-12-07,RealEstate,0.34697500000000003,0.29593333333333327,0.2749416666666666,4,5
2022-12-08,RealEstate,0.1366,0.2709983333333333,0.29593333333333327,2,3
2022-12-09,RealEstate,0.45940000000000003,0.3137849999999999,0.2709983333333333,3,4
2022-12-12,RealEstate,0.06743333333333333,0.2529716666666666,0.3137849999999999,3,3
2022-12-13,RealEstate,0.1806,0.2382016666666666,0.2529716666666666,2,2
2022-12-14,RealEstate,0.16291111111111112,0.20138888888888878,0.2382016666666666,3,7
2022-12-15,RealEstate,0.12691666666666668,0.19945222222222214,0.20138888888888878,2,4
2022-12-16,RealEstate,0.5194,0.2114522222222221,0.19945222222222214,2,2
2022-12-19,RealEstate,0.14290833333333333,0.22654722222222215,0.2114522222222221,5,14
2022-12-20,RealEstate,0.056537500000000004,0.20173472222222216,0.22654722222222215,2,5
2022-12-21,RealEstate,-0.013088888888888891,0.16653472222222213,0.20173472222222216,3,5
2022-12-22,RealEstate,,0.17643923611111098,0.16653472222222213,0,0
2022-12-23,RealEstate,,0.06211898148148132,0.17643923611111098,0,0
2022-12-27,RealEstate,0.31954000000000005,0.12099620370370356,0.06211898148148132,5,10
2022-12-28,RealEstate,0.4541833333333334,0.2535448148148147,0.12099620370370356,2,4
2022-12-29,RealEstate,0.10115,0.29162444444444435,0.2535448148148147,4,6
2022-12-30,RealEstate,0.07955,0.23860583333333327,0.29162444444444435,2,3
2023-01-03,RealEstate,0.23250416666666668,0.23738549999999994,0.23860583333333327,4,9
2023-01-04,RealEstate,0.2787,0.22921749999999994,0.23738549999999994,2,2
2023-01-05,RealEstate,0.22976666666666667,0.1843341666666666,0.22921749999999994,2,4
2023-01-06,RealEstate,0.19992500000000002,0.2040891666666666,0.1843341666666666,1,4
2023-01-09,RealEstate,-0.003233333333333329,0.18753249999999994,0.2040891666666666,3,9
2023-01-10,RealEstate,0.051875,0.1514066666666666,0.18753249999999994,4,5
2023-01-11,RealEstate,0.2457666666666667,0.14481999999999995,0.1514066666666666,3,5
2023-01-12,RealEstate,0.113925,0.1216516666666666,0.14481999999999995,4,5
2023-01-13,RealEstate,0.033716666666666666,0.08840999999999993,0.1216516666666666,3,4
2023-01-17,RealEstate,0.15195625000000001,0.11944791666666661,0.08840999999999993,4,8
2023-01-18,RealEstate,0.12103888888888888,0.13328069444444438,0.11944791666666661,3,8
2023-01-19,RealEstate,0.12654374999999998,0.10943611111111103,0.13328069444444438,4,10
2023-01-20,RealEstate,0.06548611111111112,0.09974833333333327,0.10943611111111103,3,8
2023-01-23,RealEstate,0.09596666666666667,0.11219833333333326,0.09974833333333327,5,13
2023-01-24,RealEstate,0.3297875,0.14776458333333325,0.11219833333333326,4,5
2023-01-25,RealEstate,0.27513333333333334,0.17858347222222215,0.14776458333333325,3,5
2023-01-26,RealEstate,0.05325555555555555,0.16392583333333327,0.17858347222222215,3,6
2023-01-27,RealEstate,0.035449999999999995,0.15791861111111105,0.16392583333333327,2,2
2023-01-30,RealEstate,0.27891041666666666,0.19450736111111105,0.15791861111111105,4,10
2023-01-31,RealEstate,0.13885000000000003,0.15631986111111104,0.19450736111111105,4,8
2023-02-01,RealEstate,0.3308,0.16745319444444437,0.15631986111111104,4,6
2023-02-02,RealEstate,0.21168750000000003,0.1991395833333333,0.16745319444444437,4,5
2023-02-03,RealEstate,0.10512777777777778,0.21307513888888882,0.1991395833333333,3,6
2023-02-06,RealEstate,0.21232476190476196,0.1997580079365079,0.21307513888888882,5,19
2023-02-07,RealEstate,0.15837777777777776,0.20366356349206344,0.1997580079365079,3,6
2023-02-08,RealEstate,0.0,0.13750356349206344,0.20366356349206344,4,5
2023-02-09,RealEstate,0.25325000000000003,0.14581606349206344,0.13750356349206344,4,8
2023-02-10,RealEstate,0.4849666666666666,0.2217838412698412,0.14581606349206344,3,4
2023-02-13,RealEstate,0.4944541666666667,0.2782097222222221,0.2217838412698412,4,10
2023-02-14,RealEstate,0.20648,0.2878301666666666,0.2782097222222221,5,8
2023-02-15,RealEstate,0.03777777777777778,0.29538572222222215,0.2878301666666666,3,5
2023-02-16,RealEstate,0.10200555555555556,0.2651368333333332,0.29538572222222215,3,6
2023-02-17,RealEstate,-0.029062499999999998,0.16233099999999995,0.2651368333333332,2,5
2023-02-21,RealEstate,0.2087433333333333,0.10518883333333326,0.16233099999999995,4,18
2023-02-22,RealEstate,0.1327125,0.09043533333333327,0.10518883333333326,4,11
2023-02-23,RealEstate,0.07918666666666667,0.09871711111111105,0.09043533333333327,5,20
2023-02-24,RealEstate,0.03415,0.08514599999999994,0.09871711111111105,4,8
2023-02-27,RealEstate,0.23228,0.13741449999999994,0.08514599999999994,5,12
2023-02-28,RealEstate,0.30115000000000003,0.15589583333333326,0.13741449999999994,2,3
2023-03-01,RealEstate,0.1234,0.15403333333333327,0.15589583333333326,4,5
2023-03-02,RealEstate,0.26337777777777777,0.1908715555555555,0.15403333333333327,3,6
2023-03-03,RealEstate,0.124875,0.20901655555555548,0.1908715555555555,1,4
2023-03-06,RealEstate,0.13543,0.18964655555555548,0.20901655555555548,5,11
2023-03-07,RealEstate,0.1531,0.1600365555555555,0.18964655555555548,2,3
2023-03-08,RealEstate,0.269725,0.1893015555555555,0.1600365555555555,4,5
2023-03-09,RealEstate,0.126525,0.1619309999999999,0.1893015555555555,4,9
2023-03-10,RealEstate,0.2650666666666667,0.18996933333333327,0.1619309999999999,5,9
2023-03-13,RealEstate,0.030146666666666665,0.1689126666666666,0.18996933333333327,5,11
2023-03-14,RealEstate,0.2747066666666667,0.19323399999999993,0.1689126666666666,5,7
2023-03-15,RealEstate,0.280735,0.19543599999999994,0.19323399999999993,4,10
2023-03-16,RealEstate,0.26732500000000003,0.22359599999999996,0.19543599999999994,4,8
2023-03-17,RealEstate,0.218775,0.2143376666666666,0.22359599999999996,4,6
2023-03-20,RealEstate,0.10325416666666667,0.2289591666666666,0.2143376666666666,4,8
2023-03-21,RealEstate,0.20095416666666666,0.21420866666666658,0.2289591666666666,4,8
2023-03-22,RealEstate,0.28363333333333335,0.21478833333333328,0.21420866666666658,3,3
2023-03-23,RealEstate,0.1365,0.18862333333333328,0.21478833333333328,4,4
2023-03-24,RealEstate,0.27115,0.1990983333333333,0.18862333333333328,2,2
2023-03-27,RealEstate,0.18736333333333333,0.21592016666666658,0.1990983333333333,3,8
2023-03-28,RealEstate,0.148,0.20532933333333325,0.21592016666666658,2,2
2023-03-29,RealEstate,0.3080111111111111,0.21020488888888883,0.20532933333333325,3,5
2023-03-30,RealEstate,0.28316111111111114,0.23953711111111103,0.21020488888888883,3,7
2023-03-31,RealEstate,0.3238666666666667,0.2500804444444443,0.23953711111111103,3,4
2023-04-03,RealEstate,0.1135225,0.23531227777777772,0.2500804444444443,4,9
2023-04-04,RealEstate,0.1698125,0.23967477777777774,0.23531227777777772,4,7
2023-04-05,RealEstate,0.10591428571428572,0.19925541269841265,0.23967477777777774,1,7
2023-04-06,RealEstate,0.20765,0.18415319047619041,0.19925541269841265,4,8
2023-04-10,RealEstate,0.08429595238095239,0.13623904761904754,0.18415319047619041,5,16
2023-04-11,RealEstate,0.4405625,0.20164704761904756,0.13623904761904754,4,5
2023-04-12,RealEstate,0.3542333333333334,0.23853121428571425,0.20164704761904756,2,5
2023-04-13,RealEstate,0.042624999999999996,0.2258733571428571,0.23853121428571425,2,3
2023-04-14,RealEstate,0.16826666666666668,0.21799669047619044,0.2258733571428571,3,6
2023-04-17,RealEstate,0.0132375,0.20378499999999997,0.21799669047619044,4,8
2023-04-18,RealEstate,0.1427275,0.14421799999999996,0.20378499999999997,5,20
2023-04-19,RealEstate,0.08991249999999998,0.09135383333333327,0.14421799999999996,4,11
2023-04-20,RealEstate,0.11643125,0.10611508333333326,0.09135383333333327,4,9
2023-04-21,RealEstate,0.17909999999999995,0.10828174999999991,0.10611508333333326,3,7
2023-04-24,RealEstate,0.23434,0.1525022499999999,0.10828174999999991,5,14
2023-04-25,RealEstate,0.12035666666666667,0.14802808333333325,0.1525022499999999,5,15
2023-04-26,RealEstate,0.02242777777777778,0.13453113888888882,0.14802808333333325,3,11
2023-04-27,RealEstate,0.14715,0.14067488888888882,0.13453113888888882,2,5
2023-04-28,RealEstate,0.6116333333333334,0.22718155555555547,0.14067488888888882,3,3
2023-05-01,RealEstate,0.18848888888888884,0.21801133333333325,0.22718155555555547,3,5
2023-05-02,RealEstate,0.1739933333333333,0.22873866666666656,0.21801133333333325,5,12
2023-05-03,RealEstate,0.075,0.23925311111111106,0.22873866666666656,3,9
2023-05-04,RealEstate,0.14697541666666666,0.23921819444444434,0.23925311111111106,4,14
2023-05-05,RealEstate,0.15685333333333334,0.14826219444444436,0.23921819444444434,5,8
2023-05-08,RealEstate,0.11322666666666667,0.13320974999999993,0.14826219444444436,5,9
2023-05-09,RealEstate,0.4404,0.18649108333333325,0.13320974999999993,1,1
2023-05-10,RealEstate,0.052833333333333336,0.18205774999999993,0.18649108333333325,4,6
2023-05-11,RealEstate,0.07136,0.16693466666666662,0.18205774999999993,5,8
2023-05-12,RealEstate,0.5081,0.23718399999999992,0.16693466666666662,1,2
2023-05-15,RealEstate,0.31977916666666667,0.2784945,0.23718399999999992,4,7
2023-05-16,RealEstate,0.24975,0.24036449999999995,0.2784945,1,4
2023-05-17,RealEstate,0.3629,0.30237783333333323,0.24036449999999995,3,3
2023-05-18,RealEstate,0.10287291666666668,0.3086804166666666,0.30237783333333323,4,9
2023-05-19,RealEstate,0.0,0.2070604166666666,0.3086804166666666,3,3
2023-05-22,RealEstate,0.28299375,0.19970333333333326,0.2070604166666666,4,9
2023-05-23,RealEstate,0.074,0.16455333333333327,0.19970333333333326,4,4
2023-05-24,RealEstate,0.2897,0.1499133333333333,0.16455333333333327,2,2
2023-05-25,RealEstate,0.15157500000000002,0.15965374999999996,0.1499133333333333,4,9
2023-05-26,RealEstate,0.1366,0.18697374999999994,0.15965374999999996,1,2
2023-05-30,RealEstate,0.17990666666666666,0.16635633333333327,0.18697374999999994,5,8
2023-05-31,RealEstate,0.2308,0.1977163333333333,0.16635633333333327,4,5
2023-06-01,RealEstate,0.17303333333333332,0.17438299999999993,0.1977163333333333,4,7
2023-06-02,RealEstate,0.1113,0.16632799999999992,0.17438299999999993,4,5
2023-06-05,RealEstate,0.1365111111111111,0.16631022222222216,0.16632799999999992,3,7
2023-06-06,RealEstate,0.2574,0.18180888888888883,0.16631022222222216,3,3
2023-06-07,RealEstate,0.5994,0.2555288888888888,0.18180888888888883,1,1
2023-06-08,RealEstate,0.045263333333333336,0.22997488888888884,0.2555288888888888,5,10
2023-06-09,RealEstate,0.18206666666666668,0.24412822222222216,0.22997488888888884,3,5
2023-06-12,RealEstate,0.08842499999999999,0.23451099999999991,0.24412822222222216,4,7
2023-06-13,RealEstate,0.0,0.18303099999999994,0.23451099999999991,3,4
2023-06-14,RealEstate,0.24525,0.11220099999999991,0.18303099999999994,1,4
2023-06-15,RealEstate,0.2215125,0.14745083333333325,0.11220099999999991,4,5
2023-06-16,RealEstate,-0.0421,0.10261749999999992,0.14745083333333325,2,4
2023-06-20,RealEstate,0.09106666666666667,0.10314583333333324,0.10261749999999992,3,5
2023-06-21,RealEstate,0.0,0.10314583333333324,0.10314583333333324,1,1
2023-06-22,RealEstate,0.04496,0.06308783333333325,0.10314583333333324,5,11
2023-06-23,RealEstate,0.13069,0.044923333333333246,0.06308783333333325,5,9
2023-06-26,RealEstate,0.19596249999999998,0.09253583333333325,0.044923333333333246,4,9
2023-06-27,RealEstate,0.3965625,0.1536349999999999,0.09253583333333325,4,8
2023-06-28,RealEstate,0.19989999999999997,0.19361499999999993,0.1536349999999999,3,10
2023-06-29,RealEstate,0.32861250000000003,0.2503454999999999,0.19361499999999993,4,10
2023-06-30,RealEstate,0.08687500000000001,0.2415824999999999,0.2503454999999999,2,4
2023-07-03,RealEstate,0.350205,0.2724309999999999,0.2415824999999999,5,9
2023-07-05,RealEstate,0.32254444444444447,0.2576273888888888,0.2724309999999999,3,6
2023-07-06,RealEstate,0.10991999999999999,0.23963138888888885,0.2576273888888888,5,11
2023-07-07,RealEstate,0.0252875,0.1789663888888888,0.23963138888888885,4,5
2023-07-10,RealEstate,0.33923333333333333,0.22943805555555546,0.1789663888888888,3,5
2023-07-11,RealEstate,0.1909,0.19757705555555546,0.22943805555555546,1,2
2023-07-12,RealEstate,0.2665666666666667,0.1863814999999999,0.19757705555555546,4,8
2023-07-13,RealEstate,0.10868333333333333,0.18613416666666657,0.1863814999999999,4,13
2023-07-14,RealEstate,0.0416875,0.18941416666666658,0.18613416666666657,4,5
2023-07-17,RealEstate,0.3098086666666666,0.18352923333333324,0.18941416666666658,5,18
2023-07-18,RealEstate,0.16671083333333336,0.1786913999999999,0.18352923333333324,4,16
2023-07-19,RealEstate,0.28664500000000004,0.18270706666666658,0.1786913999999999,4,11
2023-07-20,RealEstate,0.09078257142857143,0.1791269142857142,0.18270706666666658,5,23
2023-07-21,RealEstate,0.18051666666666666,0.20689274761904755,0.1791269142857142,3,5
2023-07-24,RealEstate,0.31619,0.20816901428571422,0.20689274761904755,5,15
2023-07-25,RealEstate,0.13660999999999998,0.20214884761904753,0.20816901428571422,5,8
2023-07-26,RealEstate,0.13044666666666666,0.17090918095238086,0.20214884761904753,2,8
2023-07-27,RealEstate,0.16833,0.1864186666666666,0.17090918095238086,5,13
2023-07-28,RealEstate,0.4087933333333334,0.23207399999999995,0.1864186666666666,5,9
2023-07-31,RealEstate,0.25755,0.22034599999999993,0.23207399999999995,4,8
2023-08-01,RealEstate,0.2144066666666667,0.23590533333333327,0.22034599999999993,5,9
2023-08-02,RealEstate,0.2762133333333333,0.2650586666666666,0.23590533333333327,4,10
2023-08-03,RealEstate,0.021256666666666667,0.2356439999999999,0.2650586666666666,5,15
2023-08-04,RealEstate,-0.073165,0.13925233333333326,0.2356439999999999,5,10
2023-08-07,RealEstate,0.15381666666666666,0.11850566666666658,0.13925233333333326,4,7
2023-08-08,RealEstate,0.0,0.07562433333333324,0.11850566666666658,1,3
2023-08-09,RealEstate,0.061660000000000006,0.03271366666666657,0.07562433333333324,5,8
2023-08-10,RealEstate,0.47701000000000005,0.12386433333333324,0.03271366666666657,5,9
2023-08-11,RealEstate,0.4207,0.22263733333333327,0.12386433333333324,2,4
2023-08-14,RealEstate,0.16101666666666667,0.22407733333333324,0.22263733333333327,2,7
2023-08-15,RealEstate,0.21075,0.26622733333333326,0.22407733333333324,4,4
2023-08-16,RealEstate,0.263675,0.3066303333333332,0.26622733333333326,4,5
2023-08-17,RealEstate,0.3199416666666667,0.27521666666666655,0.3066303333333332,5,14
2023-08-18,RealEstate,0.22473333333333334,0.23602333333333325,0.27521666666666655,3,7
2023-08-21,RealEstate,0.2926125,0.2623424999999999,0.23602333333333325,4,6
2023-08-22,RealEstate,0.3591166666666667,0.29201583333333325,0.2623424999999999,3,4
2023-08-23,RealEstate,0.1366,0.26660083333333323,0.29201583333333325,1,2
2023-08-24,RealEstate,0.09532,0.2216764999999999,0.26660083333333323,5,8
2023-08-25,RealEstate,0.13122499999999998,0.20297483333333322,0.2216764999999999,4,9
2023-08-28,RealEstate,0.36524375,0.21750108333333323,0.20297483333333322,4,10
2023-08-29,RealEstate,0.2652583333333333,0.19872941666666655,0.21750108333333323,3,7
2023-08-30,RealEstate,0.1784,0.20708941666666653,0.19872941666666655,4,6
2023-08-31,RealEstate,0.3283775,0.25370091666666655,0.20708941666666653,4,9
2023-09-01,RealEstate,0.18746799999999997,0.26494951666666655,0.25370091666666655,5,9
2023-09-05,RealEstate,0.12417,0.21673476666666652,0.26494951666666655,4,13
2023-09-06,RealEstate,0.32030000000000003,0.22774309999999992,0.21673476666666652,3,3
2023-09-07,RealEstate,0.02266666666666667,0.1965964333333332,0.22774309999999992,5,8
2023-09-08,RealEstate,-0.016149999999999998,0.12769093333333323,0.1965964333333332,4,5
2023-09-11,RealEstate,0.272232,0.14464373333333322,0.12769093333333323,5,11
2023-09-12,RealEstate,-0.14509999999999998,0.09078973333333322,0.14464373333333322,3,4
2023-09-13,RealEstate,0.05798333333333333,0.038326399999999886,0.09078973333333322,4,6
2023-09-14,RealEstate,0.1149375,0.05678056666666655,0.038326399999999886,4,8
2023-09-15,RealEstate,0.28981666666666667,0.11797389999999988,0.05678056666666655,5,8
2023-09-18,RealEstate,0.02426666666666667,0.06838083333333322,0.11797389999999988,3,6
2023-09-19,RealEstate,0.373325,0.17206583333333322,0.06838083333333322,4,5
2023-09-20,RealEstate,0.5076625,0.2620016666666666,0.17206583333333322,4,5
2023-09-21,RealEstate,0.25854583333333336,0.2907233333333332,0.2620016666666666,4,13
2023-09-22,RealEstate,0.28689166666666666,0.2901383333333332,0.2907233333333332,2,5
2023-09-25,RealEstate,0.12394666666666668,0.31007433333333323,0.2901383333333332,5,11
2023-09-26,RealEstate,0.2788333333333333,0.29117599999999993,0.31007433333333323,3,5
2023-09-27,RealEstate,0.16342,0.22232749999999993,0.29117599999999993,4,11
2023-09-28,RealEstate,0.5403333333333333,0.2786849999999999,0.22232749999999993,3,7
2023-09-29,RealEstate,0.2037,0.26204666666666654,0.2786849999999999,3,4
2023-10-02,RealEstate,0.31229375,0.2997160833333332,0.26204666666666654,4,7
2023-10-03,RealEstate,0.2065766666666667,0.2852647499999999,0.2997160833333332,5,9
2023-10-04,RealEstate,0.18505,0.2895907499999999,0.2852647499999999,2,6
2023-10-05,RealEstate,0.23075,0.22767408333333322,0.2895907499999999,4,5
2023-10-06,RealEstate,0.2556,0.2380540833333332,0.22767408333333322,4,5
2023-10-09,RealEstate,0.2559,0.22677533333333325,0.2380540833333332,3,8
2023-10-10,RealEstate,0.1361375,0.21268749999999986,0.22677533333333325,4,6
2023-10-11,RealEstate,0.1366,0.2029974999999999,0.21268749999999986,2,4
2023-10-12,RealEstate,0.35696000000000006,0.22823949999999993,0.2029974999999999,5,9
2023-10-13,RealEstate,0.26335,0.22978949999999987,0.22823949999999993,2,2
2023-10-16,RealEstate,0.17713,0.21403549999999988,0.22978949999999987,4,17
2023-10-17,RealEstate,0.011721874999999993,0.18915237499999987,0.21403549999999988,4,15
2023-10-18,RealEstate,0.17802142857142858,0.19743666071428562,0.18915237499999987,4,12
2023-10-19,RealEstate,0.07711553571428571,0.14146776785714274,0.19743666071428562,4,22
2023-10-20,RealEstate,0.26015,0.14082776785714274,0.14146776785714274,5,10
2023-10-23,RealEstate,0.38174166666666665,0.18175010119047608,0.14082776785714274,3,9
2023-10-24,RealEstate,0.27256,0.23391772619047607,0.18175010119047608,5,7
2023-10-25,RealEstate,0.2784166666666667,0.25399677380952373,0.23391772619047607,3,14
2023-10-26,RealEstate,0.193759375,0.27732554166666656,0.25399677380952373,4,13
2023-10-27,RealEstate,0.19520833333333332,0.26433720833333324,0.27732554166666656,3,8
2023-10-30,RealEstate,0.2542734545454545,0.23884356590909078,0.26433720833333324,5,20
2023-10-31,RealEstate,0.18025555555555553,0.2203826770202019,0.23884356590909078,3,10
2023-11-01,RealEstate,0.08076666666666667,0.18085267702020189,0.2203826770202019,3,5
2023-11-02,RealEstate,0.24834833333333334,0.19177046868686856,0.18085267702020189,4,14
2023-11-03,RealEstate,0.30145,0.2130188020202019,0.19177046868686856,5,7
2023-11-06,RealEstate,0.303071875,0.22277848611111098,0.2130188020202019,4,16
2023-11-07,RealEstate,0.34007777777777776,0.2547429305555554,0.22277848611111098,3,5
2023-11-08,RealEstate,-0.04524000000000001,0.22954159722222212,0.2547429305555554,3,7
2023-11-09,RealEstate,0.30526875,0.24092568055555544,0.22954159722222212,4,8
2023-11-10,RealEstate,-0.08433333333333333,0.16376901388888876,0.24092568055555544,3,5
2023-11-13,RealEstate,0.17536999999999997,0.13822863888888878,0.16376901388888876,5,11
2023-11-14,RealEstate,0.4361333333333333,0.15743974999999988,0.13822863888888878,2,4
2023-11-15,RealEstate,0.5386500000000001,0.2742177499999999,0.15743974999999988,2,2
2023-11-16,RealEstate,0.19566,0.2522959999999999,0.2742177499999999,2,6
2023-11-17,RealEstate,-0.008862499999999999,0.2673901666666666,0.2522959999999999,2,5
2023-11-20,RealEstate,0.14834166666666668,0.26198449999999995,0.2673901666666666,4,10
2023-11-21,RealEstate,0.2722,0.22919783333333324,0.26198449999999995,3,5
2023-11-22,RealEstate,0.0027111111111111116,0.12201005555555544,0.22919783333333324,3,5
2023-11-24,RealEstate,0.07925,0.09872805555555544,0.12201005555555544,3,7
2023-11-27,RealEstate,0.007908653846153843,0.10208228632478619,0.09872805555555544,4,23
2023-11-28,RealEstate,0.3191333333333333,0.13624061965811954,0.10208228632478619,2,5
2023-11-29,RealEstate,0.180695,0.11793961965811954,0.13624061965811954,4,12
2023-11-30,RealEstate,0.132125,0.1438223974358973,0.11793961965811954,4,6
2023-12-01,RealEstate,0.26820999999999995,0.1816143974358973,0.1438223974358973,4,9
2023-12-04,RealEstate,0.3113725,0.24230716666666652,0.1816143974358973,4,10
2023-12-05,RealEstate,0.224725,0.2234254999999999,0.24230716666666652,4,6
2023-12-06,RealEstate,0.17649791666666664,0.2225860833333332,0.2234254999999999,4,12
2023-12-07,RealEstate,0.13732,0.22362508333333317,0.2225860833333332,3,14
2023-12-08,RealEstate,0.074,0.1847830833333332,0.22362508333333317,4,8
2023-12-11,RealEstate,0.16217666666666666,0.15494391666666654,0.1847830833333332,5,11
2023-12-12,RealEstate,0.15952833333333333,0.14190458333333317,0.15494391666666654,5,15
2023-12-13,RealEstate,0.3384466666666667,0.1742943333333332,0.14190458333333317,5,15
2023-12-14,RealEstate,0.083775,0.1635853333333332,0.1742943333333332,4,8
2023-12-15,RealEstate,0.22656666666666667,0.19409866666666656,0.1635853333333332,2,8
2023-12-18,RealEstate,0.2854861111111111,0.21876055555555546,0.19409866666666656,3,10
2023-12-19,RealEstate,,0.23356861111111096,0.21876055555555546,0,0
2023-12-20,RealEstate,,0.19860925925925907,0.23356861111111096,0,0
2023-12-21,RealEstate,,0.25602638888888857,0.19860925925925907,0,0
2023-12-22,RealEstate,,0.2854861111111111,0.25602638888888857,0,0
2023-12-26,RealEstate,,,0.2854861111111111,0,0
2023-12-27,RealEstate,,,,0,0
2023-12-28,RealEstate,,,,0,0
2023-12-29,RealEstate,,,,0,0
2020-01-02,Tech,0.08345217948717949,0.08345217948717949,,4,25
2020-01-03,Tech,0.09808526785714286,0.09076872367216118,0.08345217948717949,4,17
2020-01-06,Tech,0.07532333333333334,0.08562026022588524,0.09076872367216118,5,13
2020-01-07,Tech,0.05976589285714286,0.07915666838369964,0.08562026022588524,4,21
2020-01-08,Tech,0.11725875,0.0867770847069597,0.07915666838369964,4,22
2020-01-09,Tech,0.15070199999999997,0.10022704880952382,0.0867770847069597,5,17
2020-01-10,Tech,0.33819583333333336,0.1482491619047619,0.10022704880952382,4,21
2020-01-13,Tech,0.23368608333333332,0.17992171190476192,0.1482491619047619,5,39
2020-01-14,Tech,0.22985333333333333,0.2139392,0.17992171190476192,3,12
2020-01-15,Tech,0.043441,0.19917564999999998,0.2139392,5,24
2020-01-16,Tech,0.26937500000000003,0.22291024999999998,0.19917564999999998,4,19
2020-01-17,Tech,0.12433464868464869,0.1801380130702631,0.22291024999999998,5,38
2020-01-21,Tech,0.06322200000000001,0.14604519640359642,0.1801380130702631,5,44
2020-01-22,Tech,0.2082825,0.14173102973692972,0.14604519640359642,4,14
2020-01-23,Tech,0.07392851851851852,0.14782853344063346,0.14173102973692972,5,36
2020-01-24,Tech,0.09396188172043012,0.11274590978471948,0.14782853344063346,5,46
2020-01-27,Tech,-0.119113,0.06405638004778973,0.11274590978471948,5,31
2020-01-28,Tech,0.08865384615384614,0.06914274927855894,0.06405638004778973,4,30
2020-01-29,Tech,0.1531875,0.058123749278558956,0.06914274927855894,4,33
2020-01-30,Tech,-0.047611458333333335,0.03381575390818859,0.058123749278558956,4,21
2020-01-31,Tech,0.2118375,0.05739087756410257,0.03381575390818859,4,15
2020-02-03,Tech,0.11774444444444444,0.10476236645299146,0.05739087756410257,3,11
2020-02-04,Tech,0.09629033333333334,0.1062896638888889,0.10476236645299146,5,20
2020-02-05,Tech,0.1567015625,0.1069924763888889,0.1062896638888889,4,32
2020-02-06,Tech,0.28467555555555557,0.17344987916666668,0.1069924763888889,5,22
2020-02-07,Tech,0.20729999999999998,0.17254237916666665,0.17344987916666668,5,13
2020-02-10,Tech,0.22736833333333334,0.19446715694444444,0.17254237916666665,5,24
2020-02-11,Tech,0.13197,0.20160309027777776,0.19446715694444444,4,28
2020-02-12,Tech,0.06647375,0.18355752777777778,0.20160309027777776,4,15
2020-02-13,Tech,-0.008290909090909092,0.12496423484848485,0.18355752777777778,4,19
2020-02-14,Tech,0.08558400537634409,0.10062103592375367,0.12496423484848485,4,45
2020-02-18,Tech,-0.022745238095238096,0.05059832163803938,0.10062103592375367,5,28
2020-02-19,Tech,0.055872222222222226,0.035378766082483824,0.05059832163803938,5,28
2020-02-20,Tech,-0.007775095238095238,0.020528997034864778,0.035378766082483824,5,30
2020-02-21,Tech,-0.24623314285714284,-0.02705944971838197,0.020528997034864778,5,16
2020-02-24,Tech,0.015059545454545447,-0.041164341702741705,-0.02705944971838197,5,24
2020-02-25,Tech,0.07534333333333335,-0.02154662741702741,-0.041164341702741705,5,15
2020-02-26,Tech,0.2689891666666667,0.021076761471861487,-0.02154662741702741,5,20
2020-02-27,Tech,-0.128791,-0.003126419480519463,0.021076761471861487,5,24
2020-02-28,Tech,0.28507333333333335,0.10313487575757577,-0.003126419480519463,3,9
2020-03-02,Tech,0.081106,0.11634416666666667,0.10313487575757577,5,20
2020-03-03,Tech,0.017149666666666667,0.10470543333333335,0.11634416666666667,5,24
2020-03-04,Tech,0.4590869047619048,0.14272498095238095,0.10470543333333335,5,18
2020-03-05,Tech,0.05214766666666666,0.17891271428571429,0.14272498095238095,5,14
2020-03-06,Tech,0.05874369230769231,0.13364678608058606,0.17891271428571429,5,25
2020-03-09,Tech,-0.14874799999999996,0.0876759860805861,0.13364678608058606,5,21
2020-03-10,Tech,0.42202,0.16865005274725275,0.0876759860805861,5,9
2020-03-11,Tech,0.092795,0.0953916717948718,0.16865005274725275,5,17
2020-03-12,Tech,0.0027585714285714214,0.08551385274725275,0.0953916717948718,5,26
2020-03-13,Tech,0.03408136904761905,0.0805813880952381,0.08551385274725275,5,37
2020-03-16,Tech,-0.11045939393939394,0.08823910930735931,0.0805813880952381,5,26
2020-03-17,Tech,0.20023066666666667,0.04388124264069263,0.08823910930735931,5,21
2020-03-18,Tech,-0.09163809523809525,0.0069946235930735765,0.04388124264069263,5,21
2020-03-19,Tech,-0.07246666666666667,-0.00805042402597404,0.0069946235930735765,5,19
2020-03-20,Tech,0.17242000000000002,0.019617302164502155,-0.00805042402597404,5,20
2020-03-23,Tech,0.39932833333333334,0.1215748476190476,0.019617302164502155,5,12
2020-03-24,Tech,0.49621208333333333,0.18077113095238095,0.1215748476190476,4,25
2020-03-25,Tech,0.11599749999999999,0.22229825,0.18077113095238095,4,10
2020-03-26,Tech,0.3291137777777778,0.3026143388888889,0.22229825,5,20
2020-03-27,Tech,0.32309,0.3327483388888889,0.3026143388888889,5,13
2020-03-30,Tech,0.27627999999999997,0.3081386722222222,0.3327483388888889,5,9
2020-03-31,Tech,0.00798133333333333,0.2104925222222222,0.3081386722222222,5,18
2020-04-01,Tech,0.41292999999999996,0.26987902222222215,0.2104925222222222,5,6
2020-04-02,Tech,0.19201875000000002,0.24246001666666667,0.26987902222222215,4,7
2020-04-03,Tech,-0.15962083333333338,0.14591784999999996,0.24246001666666667,4,12
2020-04-06,Tech,0.3431630303030303,0.15929445606060605,0.14591784999999996,5,28
2020-04-07,Tech,0.195208,0.19673978939393938,0.15929445606060605,5,14
2020-04-08,Tech,0.24650228571428573,0.16345424653679652,0.19673978939393938,5,19
2020-04-09,Tech,0.15849333333333332,0.15674916320346316,0.16345424653679652,5,17
2020-04-13,Tech,0.23166617647058824,0.2350065651642475,0.15674916320346316,4,23
2020-04-14,Tech,0.5634645714285714,0.27906687338935576,0.2350065651642475,5,18
2020-04-15,Tech,0.13273,0.2665712733893557,0.27906687338935576,5,25
2020-04-16,Tech,0.33749844444444443,0.28477050513538743,0.2665712733893557,5,32
2020-04-17,Tech,0.07594407142857143,0.26826065275443506,0.28477050513538743,5,28
2020-04-20,Tech,0.2409491666666667,0.2701172507936508,0.26826065275443506,5,27
2020-04-21,Tech,-0.30251,0.0969223365079365,0.2701172507936508,5,14
2020-04-22,Tech,0.40871380952380953,0.15211909841269838,0.0969223365079365,5,23
2020-04-23,Tech,0.2851069047619048,0.14164079047619046,0.15211909841269838,5,40
2020-04-24,Tech,0.06059274193548386,0.13857052457757296,0.14164079047619046,4,38
2020-04-27,Tech,0.20565915151515152,0.13151252154726994,0.13857052457757296,5,31
2020-04-28,Tech,0.10895753968253967,0.21380602948377786,0.13151252154726994,4,35
2020-04-29,Tech,0.20845914285714287,0.17375509615044452,0.21380602948377786,5,50
2020-04-30,Tech,0.096019,0.13593751519806355,0.17375509615044452,5,23
2020-05-01,Tech,-0.11436900000000001,0.1009451668109668,0.13593751519806355,5,17
2020-05-04,Tech,0.3430064705882353,0.12841463062558353,0.1009451668109668,5,31
2020-05-05,Tech,0.243284375,0.1552799976890756,0.12841463062558353,4,20
2020-05-06,Tech,0.17200083333333335,0.1479883357843137,0.1552799976890756,4,21
2020-05-07,Tech,0.37395,0.20357453578431367,0.1479883357843137,5,14
2020-05-08,Tech,0.5818564285714286,0.3428196214985994,0.20357453578431367,4,14
2020-05-11,Tech,0.13097477777777777,0.30041328293650793,0.3428196214985994,5,25
2020-05-12,Tech,-0.032687,0.24521900793650792,0.30041328293650793,5,23
2020-05-13,Tech,0.20060277777777777,0.2509393968253968,0.24521900793650792,4,17
2020-05-14,Tech,0.14578166666666664,0.20530573015873013,0.2509393968253968,5,28
2020-05-15,Tech,0.04339548872180451,0.09761354218880532,0.20530573015873013,5,45
2020-05-18,Tech,0.0809257142857143,0.08760372949039262,0.09761354218880532,5,26
2020-05-19,Tech,0.14908000000000002,0.12395712949039264,0.08760372949039262,4,17
2020-05-20,Tech,0.25359166666666666,0.1345549072681704,0.12395712949039264,5,17
2020-05-21,Tech,0.06845611111111112,0.11908979615705932,0.1345549072681704,5,21
2020-05-22,Tech,-0.150379,0.0803348984126984,0.11908979615705932,5,28
2020-05-26,Tech,0.11256311904761904,0.08666237936507934,0.0803348984126984,5,29
2020-05-27,Tech,0.18018,0.09288237936507934,0.08666237936507934,5,13
2020-05-28,Tech,0.14074952380952382,0.0703139507936508,0.09288237936507934,5,19
2020-05-29,Tech,0.20955875,0.09853447857142857,0.0703139507936508,4,12
2020-06-01,Tech,0.13254333333333332,0.15511894523809525,0.09853447857142857,5,15
2020-06-02,Tech,0.29476,0.19155832142857143,0.15511894523809525,5,13
2020-06-03,Tech,0.42201,0.23992432142857142,0.19155832142857143,2,6
2020-06-04,Tech,0.19247499999999998,0.2502694166666667,0.23992432142857142,3,11
2020-06-05,Tech,0.23765185185185186,0.255888037037037,0.2502694166666667,3,15
2020-06-08,Tech,0.1306,0.25549937037037035,0.255888037037037,5,16
2020-06-09,Tech,0.3159795238095238,0.25974327513227513,0.25549937037037035,5,22
2020-06-10,Tech,0.019366964285714286,0.179214667989418,0.25974327513227513,4,16
2020-06-11,Tech,0.21306458333333333,0.18333258465608465,0.179214667989418,4,14
2020-06-12,Tech,0.11307916666666668,0.15841804761904762,0.18333258465608465,4,19
2020-06-15,Tech,0.18420833333333334,0.16913971428571428,0.15841804761904762,4,13
2020-06-16,Tech,0.274125,0.1607688095238095,0.16913971428571428,4,10
2020-06-17,Tech,0.053137500000000004,0.16752291666666666,0.1607688095238095,4,6
2020-06-18,Tech,0.16317500000000001,0.157545,0.16752291666666666,4,5
2020-06-19,Tech,-0.22693333333333332,0.08954250000000001,0.157545,3,5
2020-06-22,Tech,0.21674952380952384,0.09605073809523809,0.08954250000000001,3,13
2020-06-23,Tech,0.07456666666666667,0.05613907142857144,0.09605073809523809,4,12
2020-06-24,Tech,-0.3672458333333333,-0.027937595238095227,0.05613907142857144,4,7
2020-06-25,Tech,-0.42828333333333335,-0.1462292619047619,-0.027937595238095227,3,5
2020-06-26,Tech,-0.054025,-0.11164759523809524,-0.1462292619047619,2,3
2020-06-29,Tech,0.19183333333333333,-0.11663083333333332,-0.11164759523809524,2,6
2020-06-30,Tech,0.39919,-0.05170616666666668,-0.11663083333333332,2,9
2020-07-01,Tech,0.18099999999999997,0.05794299999999999,-0.05170616666666668,3,5
2020-07-02,Tech,0.3349,0.21057966666666666,0.05794299999999999,2,5
2020-07-06,Tech,0.08787597402597402,0.23895986147186146,0.21057966666666666,4,23
2020-07-07,Tech,0.35015,0.2706231948051948,0.23895986147186146,2,2
2020-07-08,Tech,0.030240000000000003,0.1968331948051948,0.2706231948051948,3,9
2020-07-09,Tech,0.1812904761904762,0.19689129004329003,0.1968331948051948,3,11
2020-07-10,Tech,0.054877777777777775,0.14088684559884562,0.19689129004329003,3,5
2020-07-13,Tech,0.3497125,0.1932541507936508,0.14088684559884562,4,8
2020-07-14,Tech,0.17854666666666666,0.15893348412698413,0.1932541507936508,4,12
2020-07-15,Tech,0.18045416666666667,0.18897631746031746,0.15893348412698413,4,9
2020-07-16,Tech,0.01943333333333333,0.15660488888888888,0.18897631746031746,4,11
2020-07-17,Tech,-0.005626666666666672,0.144504,0.15660488888888888,3,7
2020-07-20,Tech,0.15349102564102565,0.10525970512820512,0.144504,4,22
2020-07-21,Tech,0.28789750000000003,0.1271298717948718,0.10525970512820512,4,12
2020-07-22,Tech,0.2235722222222222,0.1357534829059829,0.1271298717948718,3,9
2020-07-23,Tech,0.26705555555555555,0.18527792735042736,0.1357534829059829,3,15
2020-07-24,Tech,0.19299396825396828,0.22500205433455434,0.18527792735042736,3,44
2020-07-27,Tech,0.18983214285714284,0.23227027777777778,0.22500205433455434,4,34
2020-07-28,Tech,0.10106607142857142,0.19490399206349207,0.23227027777777778,3,17
2020-07-29,Tech,0.2683672554347826,0.20386299870600416,0.19490399206349207,4,43
2020-07-30,Tech,0.02540088383838384,0.15553206436256978,0.20386299870600416,4,40
2020-07-31,Tech,0.26335,0.16960327071177614,0.15553206436256978,2,4
2020-08-03,Tech,0.15939222222222224,0.16351528658479203,0.16960327071177614,3,15
2020-08-04,Tech,0.2506481818181818,0.19343170866271409,0.16351528658479203,3,23
2020-08-05,Tech,0.09074553571428573,0.15790736471861472,0.19343170866271409,4,19
2020-08-06,Tech,0.24385833333333337,0.20159885461760463,0.15790736471861472,3,7
2020-08-07,Tech,0.31845,0.21261885461760466,0.20159885461760463,2,3
2020-08-10,Tech,0.15805,0.2123504101731602,0.21261885461760466,4,11
2020-08-11,Tech,0.24845166666666665,0.21191110714285716,0.2123504101731602,3,11
2020-08-12,Tech,-0.030188095238095247,0.18772438095238095,0.21191110714285716,4,18
2020-08-13,Tech,0.07164761904761903,0.15328223809523808,0.18772438095238095,3,12
2020-08-14,Tech,0.27919583333333337,0.14543140476190475,0.15328223809523808,4,8
2020-08-17,Tech,-0.02745083333333334,0.10833123809523808,0.14543140476190475,4,13
2020-08-18,Tech,0.04107083333333334,0.06685507142857143,0.10833123809523808,4,13
2020-08-19,Tech,0.09380833333333333,0.09165435714285715,0.06685507142857143,2,5
2020-08-20,Tech,-0.1585777777777778,0.045609277777777776,0.09165435714285715,2,19
2020-08-21,Tech,0.06362333333333334,0.0024947777777777737,0.045609277777777776,4,13
2020-08-24,Tech,0.08545277777777778,0.025075499999999994,0.0024947777777777737,3,13
2020-08-25,Tech,0.05148625,0.02715858333333333,0.025075499999999994,4,12
2020-08-26,Tech,0.1863027777777778,0.045657472222222224,0.02715858333333333,3,9
2020-08-27,Tech,0.17764375000000002,0.1129017777777778,0.045657472222222224,4,13
2020-08-28,Tech,0.49533333333333335,0.19924377777777777,0.1129017777777778,2,4
2020-08-31,Tech,0.12472738095238096,0.20709869841269843,0.19924377777777777,4,18
2020-09-01,Tech,0.019481250000000006,0.2006976984126984,0.20709869841269843,4,15
2020-09-02,Tech,0.2988349206349206,0.223204126984127,0.2006976984126984,3,11
2020-09-03,Tech,0.19071666666666665,0.2258187103174603,0.223204126984127,3,10
2020-09-04,Tech,0.2797875,0.18270954365079364,0.2258187103174603,4,5
2020-09-08,Tech,0.15348125,0.18846031746031744,0.18270954365079364,4,13
2020-09-09,Tech,0.09683125000000001,0.20393031746031745,0.18846031746031744,4,14
2020-09-10,Tech,0.15872222222222224,0.17590777777777777,0.20393031746031745,3,11
2020-09-11,Tech,0.2910444444444445,0.19597333333333336,0.17590777777777777,3,7
2020-09-14,Tech,0.11946562499999999,0.16390895833333335,0.19597333333333336,4,21
2020-09-15,Tech,-0.1113833333333333,0.11093604166666667,0.16390895833333335,4,16
2020-09-16,Tech,0.4053999999999999,0.17264979166666666,0.11093604166666667,3,7
2020-09-17,Tech,0.31057142857142855,0.20301963293650793,0.17264979166666666,3,11
2020-09-18,Tech,0.0,0.14481074404761904,0.20301963293650793,2,5
2020-09-21,Tech,0.10605555555555556,0.14212873015873012,0.14481074404761904,3,6
2020-09-22,Tech,0.10902222222222223,0.18620984126984125,0.14212873015873012,3,6
2020-09-23,Tech,-0.05135,0.09485984126984127,0.18620984126984125,2,2
2020-09-24,Tech,0.15489375,0.06372430555555555,0.09485984126984127,4,10
2020-09-25,Tech,-0.038233333333333334,0.05607763888888889,0.06372430555555555,4,7
2020-09-28,Tech,0.24196041666666665,0.0832586111111111,0.05607763888888889,4,17
2020-09-29,Tech,0.31745,0.12494416666666666,0.0832586111111111,3,6
2020-09-30,Tech,0.08673333333333333,0.1525608333333333,0.12494416666666666,4,12
2020-10-01,Tech,0.0,0.12158208333333334,0.1525608333333333,1,1
2020-10-02,Tech,0.16598666666666667,0.16242608333333336,0.12158208333333334,2,8
2020-10-05,Tech,0.1720866666666667,0.14845133333333332,0.16242608333333336,3,7
2020-10-06,Tech,-0.06944444444444443,0.07107244444444445,0.14845133333333332,3,7
2020-10-07,Tech,0.33195,0.1201157777777778,0.07107244444444445,4,8
2020-10-08,Tech,0.1166031746031746,0.14343641269841273,0.1201157777777778,3,14
2020-10-09,Tech,0.23594166666666666,0.1574274126984127,0.14343641269841273,4,21
2020-10-12,Tech,0.18307916666666668,0.1596259126984127,0.1574274126984127,4,8
2020-10-13,Tech,-0.06252222222222222,0.16101035714285714,0.1596259126984127,3,8
2020-10-14,Tech,0.007166666666666666,0.09605369047619047,0.16101035714285714,3,7
2020-10-15,Tech,0.25054583333333336,0.12284222222222223,0.09605369047619047,4,9
2020-10-16,Tech,0.13092222222222225,0.10183833333333334,0.12284222222222223,3,7
2020-10-19,Tech,0.026003124999999995,0.070423125,0.10183833333333334,4,13
2020-10-20,Tech,0.1855875,0.12004506944444444,0.070423125,2,6
2020-10-21,Tech,0.17803750000000002,0.15421923611111113,0.12004506944444444,4,8
2020-10-22,Tech,0.19991874999999998,0.14409381944444444,0.15421923611111113,2,10
2020-10-23,Tech,0.1620318181818182,0.15031573863636363,0.14409381944444444,2,24
2020-10-26,Tech,0.05544821428571429,0.15620475649350649,0.15031573863636363,4,18
2020-10-27,Tech,0.18508207142857142,0.15610367077922077,0.15620475649350649,4,41
2020-10-28,Tech,0.11109761904761904,0.14271569458874458,0.15610367077922077,4,20
2020-10-29,Tech,0.170545,0.13684094458874457,0.14271569458874458,4,11
2020-10-30,Tech,0.0929,0.12301458095238096,0.13684094458874457,3,5
2020-11-02,Tech,0.08551124999999998,0.12902718809523808,0.12301458095238096,4,19
2020-11-03,Tech,0.270625,0.1461357738095238,0.12902718809523808,2,3
2020-11-04,Tech,0.086185,0.14115324999999998,0.1461357738095238,4,16
2020-11-05,Tech,0.16631089743589744,0.1403064294871795,0.14115324999999998,4,20
2020-11-06,Tech,0.21091666666666667,0.1639097628205128,0.1403064294871795,3,6
2020-11-09,Tech,-0.019691666666666663,0.1428691794871795,0.1639097628205128,4,16
2020-11-10,Tech,-0.03215,0.08231417948717949,0.1428691794871795,4,24
2020-11-11,Tech,0.23808809523809524,0.11269479853479854,0.08231417948717949,3,16
2020-11-12,Tech,0.23108333333333334,0.1256492857142857,0.11269479853479854,4,11
2020-11-13,Tech,-0.011291111111111104,0.08120773015873016,0.1256492857142857,3,9
2020-11-16,Tech,0.35775833333333334,0.15669773015873015,0.08120773015873016,4,7
2020-11-17,Tech,0.3852611111111111,0.24017995238095238,0.15669773015873015,3,8
2020-11-18,Tech,0.25051875,0.2426660833333333,0.24017995238095238,4,9
2020-11-19,Tech,-0.026587499999999993,0.19113191666666668,0.2426660833333333,4,5
2020-11-20,Tech,0.23048888888888888,0.23948791666666666,0.19113191666666668,3,6
2020-11-23,Tech,0.12292499999999999,0.19252125,0.23948791666666666,4,11
2020-11-24,Tech,0.0,0.11546902777777779,0.19252125,1,1
2020-11-25,Tech,0.12424444444444445,0.09021416666666666,0.11546902777777779,3,6
2020-11-27,Tech,0.27925,0.15138166666666666,0.09021416666666666,3,5
2020-11-30,Tech,0.03912708333333333,0.11310930555555557,0.15138166666666666,4,10
2020-12-01,Tech,0.10422083333333335,0.10936847222222221,0.11310930555555557,4,11
2020-12-02,Tech,0.215125,0.15239347222222221,0.10936847222222221,4,8
2020-12-03,Tech,0.08488888888888889,0.1445223611111111,0.15239347222222221,3,8
2020-12-04,Tech,0.24377083333333335,0.13742652777777778,0.1445223611111111,4,9
2020-12-07,Tech,0.09109027777777778,0.14781916666666667,0.13742652777777778,4,25
2020-12-08,Tech,0.13448749999999998,0.1538725,0.14781916666666667,4,8
2020-12-09,Tech,0.27175916666666666,0.1651993333333333,0.1538725,4,13
2020-12-10,Tech,0.32591666666666663,0.21340488888888887,0.1651993333333333,4,10
2020-12-11,Tech,0.12506541666666668,0.18966380555555556,0.21340488888888887,4,24
2020-12-14,Tech,0.12689250000000002,0.19682424999999998,0.18966380555555556,4,13
2020-12-15,Tech,0.10724333333333334,0.19137541666666666,0.19682424999999998,3,10
2020-12-16,Tech,0.06743333333333333,0.15051024999999998,0.19137541666666666,3,5
2020-12-17,Tech,0.2908928571428571,0.14350548809523808,0.15051024999999998,4,11
2020-12-18,Tech,0.24072500000000002,0.16663740476190475,0.14350548809523808,4,11
2020-12-21,Tech,0.12844952380952382,0.16694880952380953,0.16663740476190475,3,13
2020-12-22,Tech,0.20185,0.18587014285714284,0.16694880952380953,4,7
2020-12-23,Tech,0.2049,0.2133634761904762,0.18587014285714284,3,6
2020-12-24,Tech,0.20110555555555557,0.1954060158730159,0.2133634761904762,3,6
2020-12-28,Tech,0.2554027777777778,0.19834157142857142,0.1954060158730159,3,16
2020-12-29,Tech,-0.09947999999999999,0.15275566666666668,0.19834157142857142,2,13
2020-12-30,Tech,0.2266125,0.15770816666666668,0.15275566666666668,4,17
2020-12-31,Tech,0.20435,0.15759816666666665,0.15770816666666668,3,5
2021-01-04,Tech,0.21894999999999998,0.16116705555555555,0.15759816666666665,3,14
2021-01-05,Tech,0.06634999999999999,0.12335649999999998,0.16116705555555555,4,14
2021-01-06,Tech,0.15588444444444446,0.17442938888888887,0.12335649999999998,3,12
2021-01-07,Tech,0.031656666666666666,0.1354382222222222,0.17442938888888887,3,9
2021-01-08,Tech,0.042991666666666664,0.10316655555555554,0.1354382222222222,4,9
2021-01-11,Tech,0.208909375,0.10115843055555555,0.10316655555555554,4,23
2021-01-12,Tech,0.13226666666666667,0.11434176388888888,0.10115843055555555,2,7
2021-01-13,Tech,0.10543773291925465,0.10425242158385091,0.11434176388888888,4,36
2021-01-14,Tech,0.257,0.1493210882505176,0.10425242158385091,3,16
2021-01-15,Tech,0.06467375,0.15365750491718427,0.1493210882505176,4,15
2021-01-19,Tech,0.08181653846153847,0.12823893760949195,0.15365750491718427,4,21
2021-01-20,Tech,0.11403333333333333,0.12459227094282528,0.12823893760949195,4,14
2021-01-21,Tech,0.23009374999999999,0.14952347435897434,0.12459227094282528,4,19
2021-01-22,Tech,0.15278916666666667,0.12868130769230768,0.14952347435897434,4,19
2021-01-25,Tech,0.17890405982905982,0.15152736965811966,0.12868130769230768,4,24
2021-01-26,Tech,0.3241,0.19998406196581195,0.15152736965811966,3,22
2021-01-27,Tech,0.4114333333333333,0.25946406196581195,0.19998406196581195,3,8
2021-01-28,Tech,-0.10381388888888887,0.1926825341880342,0.25946406196581195,4,14
2021-01-29,Tech,0.13175625,0.18847595085470084,0.1926825341880342,4,7
2021-02-01,Tech,0.2842746428571429,0.20955006746031746,0.18847595085470084,4,15
2021-02-02,Tech,0.426375,0.23000506746031743,0.20955006746031746,4,6
2021-02-03,Tech,0.24227083333333332,0.19617256746031747,0.23000506746031743,3,14
2021-02-04,Tech,0.15694213564213563,0.24832377236652237,0.19617256746031747,3,21
2021-02-05,Tech,0.21494166666666667,0.26496085569985567,0.24832377236652237,4,8
2021-02-08,Tech,0.19317499999999999,0.24674092712842716,0.26496085569985567,2,5
2021-02-09,Tech,0.05666666666666667,0.17279926046176042,0.24674092712842716,3,6
2021-02-10,Tech,-0.028625000000000005,0.11862009379509375,0.17279926046176042,2,4
2021-02-11,Tech,0.03038333333333333,0.09330833333333331,0.11862009379509375,3,18
2021-02-12,Tech,0.07591666666666667,0.06550333333333332,0.09330833333333331,4,8
2021-02-16,Tech,0.0483625,0.036540833333333314,0.06550333333333332,4,7
2021-02-17,Tech,0.2140022222222222,0.06800794444444443,0.036540833333333314,3,9
2021-02-18,Tech,0.088275,0.09138794444444442,0.06800794444444443,4,9
2021-02-19,Tech,0.2142375,0.12815877777777776,0.09138794444444442,4,9
2021-02-22,Tech,0.23552499999999998,0.16008044444444441,0.12815877777777776,4,9
2021-02-23,Tech,0.22799791666666666,0.19600752777777775,0.16008044444444441,4,13
2021-02-24,Tech,0.2503722222222222,0.20328152777777775,0.19600752777777775,3,7
2021-02-25,Tech,-0.00785,0.18405652777777776,0.20328152777777775,4,6
2021-02-26,Tech,0.15510277777777778,0.17222958333333332,0.18405652777777776,3,8
2021-03-01,Tech,0.07553750000000001,0.1402320833333333,0.17222958333333332,4,9
2021-03-02,Tech,-0.052466666666666655,0.08413916666666665,0.1402320833333333,4,7
2021-03-03,Tech,0.3404,0.10214472222222222,0.08413916666666665,2,2
2021-03-04,Tech,0.08723333333333333,0.12116138888888887,0.10214472222222222,3,6
2021-03-05,Tech,0.06149444444444444,0.1024397222222222,0.12116138888888887,3,12
2021-03-08,Tech,0.28032999999999997,0.14339822222222218,0.1024397222222222,4,9
2021-03-09,Tech,-0.012631249999999997,0.15136530555555552,0.14339822222222218,4,8
2021-03-10,Tech,0.2083,0.12494530555555552,0.15136530555555552,3,3
2021-03-11,Tech,0.12428857142857143,0.13235635317460318,0.12494530555555552,4,14
2021-03-12,Tech,0.23511666666666667,0.1670807976190476,0.13235635317460318,3,4
2021-03-15,Tech,0.043179999999999996,0.1196507976190476,0.1670807976190476,3,10
2021-03-16,Tech,-0.01837,0.11850304761904759,0.1196507976190476,4,12
2021-03-17,Tech,0.32783333333333337,0.14240971428571428,0.11850304761904759,3,7
2021-03-18,Tech,0.3678444444444444,0.19112088888888887,0.14240971428571428,3,5
2021-03-19,Tech,0.148,0.17369755555555552,0.19112088888888887,2,2
2021-03-22,Tech,0.10711999999999999,0.18648555555555554,0.17369755555555552,4,13
2021-03-23,Tech,0.2569875,0.2415570555555555,0.18648555555555554,4,13
2021-03-24,Tech,0.01109191176470588,0.17820877124183004,0.2415570555555555,4,24
2021-03-25,Tech,0.03654166666666667,0.11194821568627447,0.17820877124183004,4,13
2021-03-26,Tech,0.15290625000000002,0.11292946568627449,0.11194821568627447,4,12
2021-03-29,Tech,0.270875,0.14568046568627446,0.11292946568627449,4,12
2021-03-30,Tech,0.35508888888888884,0.16530074346405227,0.14568046568627446,3,5
2021-03-31,Tech,0.09447777777777777,0.18197791666666663,0.16530074346405227,3,9
2021-04-01,Tech,0.0035975000000000174,0.1753890833333333,0.18197791666666663,4,9
2021-04-05,Tech,0.20610064102564105,0.18602796153846152,0.1753890833333333,3,19
2021-04-06,Tech,-0.07585111111111112,0.11668273931623929,0.18602796153846152,3,9
2021-04-07,Tech,0.13238333333333333,0.07214162820512818,0.11668273931623929,3,4
2021-04-08,Tech,0.06525,0.06629607264957263,0.07214162820512818,4,12
2021-04-09,Tech,0.2591361111111111,0.11740379487179484,0.06629607264957263,3,9
2021-04-12,Tech,0.09599374999999999,0.09538241666666664,0.11740379487179484,4,16
2021-04-13,Tech,0.1364388888888889,0.13784041666666663,0.09538241666666664,3,8
2021-04-14,Tech,0.11525,0.13441374999999997,0.13784041666666663,4,8
2021-04-15,Tech,0.2417875,0.16972125,0.13441374999999997,4,10
2021-04-16,Tech,0.021410000000000002,0.12217602777777777,0.16972125,3,8
2021-04-19,Tech,0.05686047619047619,0.114349373015873,0.12217602777777777,4,25
2021-04-20,Tech,0.08261250000000002,0.10358409523809523,0.114349373015873,3,12
2021-04-21,Tech,0.06964999999999999,0.09446409523809521,0.10358409523809523,4,12
2021-04-22,Tech,0.25948499999999997,0.09800359523809521,0.09446409523809521,4,28
2021-04-23,Tech,0.13588076923076922,0.12089774908424906,0.09800359523809521,4,22
2021-04-26,Tech,0.1514703703703704,0.1398197279202279,0.12089774908424906,3,15
2021-04-27,Tech,0.184735,0.16024422792022788,0.1398197279202279,4,8
2021-04-28,Tech,0.09170746753246754,0.1646557214267214,0.16024422792022788,4,26
2021-04-29,Tech,0.1558,0.1439187214267214,0.1646557214267214,4,12
2021-04-30,Tech,0.04115833333333333,0.12497423424723422,0.1439187214267214,2,8
2021-05-03,Tech,0.04942361111111112,0.10456488239538238,0.12497423424723422,3,17
2021-05-04,Tech,-0.014508333333333337,0.0647162157287157,0.10456488239538238,3,8
2021-05-05,Tech,0.23646111111111112,0.09366694444444443,0.0647162157287157,3,8
2021-05-06,Tech,0.18491666666666665,0.09949027777777775,0.09366694444444443,3,6
2021-05-07,Tech,0.2519777777777778,0.14165416666666664,0.09949027777777775,3,8
2021-05-10,Tech,0.13262222222222222,0.1582938888888889,0.14165416666666664,3,7
2021-05-11,Tech,0.039,0.1689955555555555,0.1582938888888889,4,13
2021-05-12,Tech,0.22020000000000003,0.16574333333333333,0.1689955555555555,3,4
2021-05-13,Tech,-0.0252875,0.12370249999999998,0.16574333333333333,4,5
2021-05-14,Tech,0.03335555555555555,0.07997805555555555,0.12370249999999998,3,9
2021-05-17,Tech,0.07626666666666666,0.06870694444444445,0.07997805555555555,2,5
2021-05-18,Tech,0.35885,0.13267694444444444,0.06870694444444445,2,3
2021-05-19,Tech,-0.20341904761904764,0.0479531349206349,0.13267694444444444,3,15
2021-05-20,Tech,0.18772250000000001,0.09055513492063491,0.0479531349206349,4,14
2021-05-21,Tech,0.2834,0.1405640238095238,0.09055513492063491,4,5
2021-05-24,Tech,0.33765,0.19284069047619048,0.1405640238095238,3,9
2021-05-25,Tech,-0.029098888888888886,0.11525091269841267,0.19284069047619048,3,12
2021-05-26,Tech,0.357625,0.22745972222222224,0.11525091269841267,4,6
2021-05-27,Tech,0.22606499999999996,0.23512822222222224,0.22745972222222224,4,11
2021-05-28,Tech,0.1653,0.2115082222222222,0.23512822222222224,4,12
2021-06-01,Tech,0.09444000000000001,0.16286622222222222,0.2115082222222222,3,9
2021-06-02,Tech,0.14268333333333333,0.19722266666666668,0.16286622222222222,4,9
2021-06-03,Tech,0.08251666666666667,0.14220099999999997,0.19722266666666668,3,8
2021-06-04,Tech,0.14193666666666668,0.12537533333333334,0.14220099999999997,3,8
2021-06-07,Tech,0.272188125,0.14675295833333335,0.12537533333333334,4,19
2021-06-08,Tech,0.3763,0.20312495833333336,0.14675295833333335,2,2
2021-06-09,Tech,0.2146125,0.21751079166666668,0.20312495833333336,4,5
2021-06-10,Tech,0.14963437500000001,0.23093433333333335,0.21751079166666668,4,18
2021-06-11,Tech,-0.007481249999999995,0.20105075,0.23093433333333335,4,7
2021-06-14,Tech,-0.013186249999999997,0.143975875,0.20105075,4,11
2021-06-15,Tech,0.0,0.06871587500000001,0.143975875,3,5
2021-06-16,Tech,0.15579583333333336,0.056952541666666676,0.06871587500000001,4,13
2021-06-17,Tech,-0.029229259259259264,0.021179814814814818,0.056952541666666676,3,20
2021-06-18,Tech,0.09696,0.04206806481481482,0.021179814814814818,4,18
2021-06-21,Tech,0.12927812500000002,0.07056093981481483,0.04206806481481482,4,18
2021-06-22,Tech,0.059400000000000015,0.08244093981481483,0.07056093981481483,3,8
2021-06-23,Tech,0.057976666666666676,0.0628771064814815,0.08244093981481483,3,9
2021-06-24,Tech,0.26868333333333333,0.12245962500000003,0.0628771064814815,4,14
2021-06-25,Tech,0.5199,0.20704762500000004,0.12245962500000003,3,4
2021-06-28,Tech,0.03321458333333334,0.18783491666666668,0.20704762500000004,4,15
2021-06-29,Tech,0.33261875,0.24247866666666668,0.18783491666666668,4,9
2021-06-30,Tech,0.10822555555555557,0.25252844444444444,0.24247866666666668,3,13
2021-07-01,Tech,0.1311,0.2250117777777778,0.25252844444444444,4,9
2021-07-02,Tech,-0.08375555555555557,0.10428066666666669,0.2250117777777778,3,8
2021-07-06,Tech,0.282425,0.15412275000000003,0.10428066666666669,3,10
2021-07-07,Tech,0.34613333333333335,0.1568256666666667,0.15412275000000003,3,4
2021-07-08,Tech,0.205025,0.17618555555555557,0.1568256666666667,3,11
2021-07-09,Tech,0.223075,0.1945805555555556,0.17618555555555557,3,6
2021-07-12,Tech,0.19443333333333332,0.2502183333333333,0.1945805555555556,4,16
2021-07-13,Tech,0.16463333333333333,0.22666000000000003,0.2502183333333333,3,5
2021-07-14,Tech,0.07937000000000001,0.17330733333333334,0.22666000000000003,4,10
2021-07-15,Tech,0.017925714285714284,0.1358874761904762,0.17330733333333334,2,12
2021-07-16,Tech,0.09208923076923077,0.10969032234432237,0.1358874761904762,4,21
2021-07-19,Tech,-0.027772916666666668,0.06524907234432237,0.10969032234432237,4,29
2021-07-20,Tech,0.12433749999999999,0.057189905677655695,0.06524907234432237,4,10
2021-07-21,Tech,0.11223303571428572,0.06376251282051285,0.057189905677655695,4,16
2021-07-22,Tech,0.05505833333333333,0.07118903663003665,0.06376251282051285,3,20
2021-07-23,Tech,-0.04158166666666666,0.044454857142857164,0.07118903663003665,4,26
2021-07-26,Tech,0.12623293269230768,0.07525602701465203,0.044454857142857164,4,25
2021-07-27,Tech,0.11264703703703703,0.07291793442205945,0.07525602701465203,3,30
2021-07-28,Tech,0.20193273809523812,0.09085787489824991,0.07291793442205945,3,19
2021-07-29,Tech,0.16747291666666667,0.11334079156491658,0.09085787489824991,4,12
2021-07-30,Tech,0.363025,0.1942621248982499,0.11334079156491658,2,3
2021-08-02,Tech,0.11407089947089948,0.19182971825396827,0.1942621248982499,3,19
2021-08-03,Tech,0.09718194444444445,0.18873669973544976,0.19182971825396827,3,17
2021-08-04,Tech,-0.058783333333333326,0.13659348544973546,0.18873669973544976,3,14
2021-08-05,Tech,0.11488184523809525,0.12607527116402117,0.13659348544973546,4,18
2021-08-06,Tech,0.03552333333333334,0.06057493783068786,0.12607527116402117,4,13
2021-08-09,Tech,0.09134374999999999,0.05602950793650796,0.06057493783068786,4,10
2021-08-10,Tech,0.11418999999999999,0.059431119047619066,0.05602950793650796,2,7
2021-08-11,Tech,0.0,0.07118778571428573,0.059431119047619066,2,2
2021-08-12,Tech,0.39765,0.1277414166666667,0.07118778571428573,2,5
2021-08-13,Tech,0.038825,0.12840175,0.1277414166666667,3,8
2021-08-16,Tech,0.07106,0.12434500000000001,0.12840175,3,10
2021-08-17,Tech,0.013946666666666668,0.10429633333333335,0.12434500000000001,5,10
2021-08-18,Tech,0.3417755,0.17265143333333338,0.10429633333333335,5,28
2021-08-19,Tech,0.037809523809523814,0.10068333809523813,0.17265143333333338,5,27
2021-08-20,Tech,-0.10321333333333332,0.07227567142857146,0.10068333809523813,3,17
2021-08-23,Tech,0.1289818181818182,0.08386003506493508,0.07227567142857146,4,17
2021-08-24,Tech,0.04363968253968254,0.08979863823953828,0.08386003506493508,3,22
2021-08-25,Tech,0.017075,0.02485853823953827,0.08979863823953828,4,17
2021-08-26,Tech,0.322985,0.08189363347763351,0.02485853823953827,3,12
2021-08-27,Tech,-0.028367500000000004,0.09686280014430018,0.08189363347763351,4,18
2021-08-30,Tech,0.33759833333333333,0.1385861031746032,0.09686280014430018,4,22
2021-08-31,Tech,-0.02590833333333334,0.12467650000000004,0.1385861031746032,3,10
2021-09-01,Tech,-0.040555555555555546,0.11315038888888893,0.12467650000000004,3,5
2021-09-02,Tech,0.3401625,0.11658588888888892,0.11315038888888893,4,7
2021-09-03,Tech,0.258025,0.17386438888888892,0.11658588888888892,4,11
2021-09-07,Tech,0.2023552380952381,0.14681576984126984,0.17386438888888892,5,24
2021-09-08,Tech,0.15477678571428571,0.18295279365079367,0.14681576984126984,4,13
2021-09-09,Tech,0.22129166666666666,0.23532223809523814,0.18295279365079367,5,13
2021-09-10,Tech,-0.11692833333333334,0.14390407142857148,0.23532223809523814,5,16
2021-09-13,Tech,0.05269966666666666,0.10283900476190477,0.14390407142857148,5,22
2021-09-14,Tech,0.194275,0.10122295714285716,0.10283900476190477,5,11
2021-09-15,Tech,0.07853511904761903,0.08597462380952384,0.10122295714285716,4,18
2021-09-16,Tech,0.21532333333333337,0.08478095714285716,0.08597462380952384,5,8
2021-09-17,Tech,0.013766666666666672,0.11091995714285716,0.08478095714285716,5,10
2021-09-20,Tech,0.3198266666666667,0.1643453571428572,0.11091995714285716,5,24
2021-09-21,Tech,0.12351928571428569,0.1501942142857143,0.1643453571428572,5,22
2021-09-22,Tech,0.051318666666666665,0.14475092380952384,0.1501942142857143,5,17
2021-09-23,Tech,0.05175833333333334,0.11203792380952385,0.14475092380952384,5,12
2021-09-24,Tech,0.196475,0.1485795904761905,0.11203792380952385,5,13
2021-09-27,Tech,0.19550033333333333,0.12371432380952382,0.1485795904761905,5,22
2021-09-28,Tech,0.151244,0.12925926666666668,0.12371432380952382,5,14
2021-09-29,Tech,0.21318166666666666,0.16163186666666668,0.12925926666666668,4,12
2021-09-30,Tech,0.16957166666666665,0.18519453333333336,0.16163186666666668,5,16
2021-10-01,Tech,-0.171766,0.11154633333333334,0.18519453333333336,5,14
2021-10-04,Tech,0.19552607142857142,0.11155148095238096,0.11154633333333334,5,25
2021-10-05,Tech,0.13896000000000003,0.10909468095238098,0.11155148095238096,5,13
2021-10-06,Tech,0.13210062500000003,0.09287847261904765,0.10909468095238098,4,18
2021-10-07,Tech,-0.010751666666666677,0.05681380595238098,0.09287847261904765,5,11
2021-10-08,Tech,0.05983433333333334,0.10313387261904765,0.05681380595238098,5,14
2021-10-11,Tech,0.09324444444444445,0.08267754722222226,0.10313387261904765,3,5
2021-10-12,Tech,0.2199467777777778,0.0988749027777778,0.08267754722222226,5,23
2021-10-13,Tech,0.13369333333333336,0.09919344444444447,0.0988749027777778,5,21
2021-10-14,Tech,0.089475,0.11923877777777783,0.09919344444444447,4,11
2021-10-15,Tech,0.160025,0.13927691111111115,0.11923877777777783,4,8
2021-10-18,Tech,0.10588045238095237,0.14180411269841273,0.13927691111111115,5,37
2021-10-19,Tech,0.309075,0.15962975714285715,0.14180411269841273,5,16
2021-10-20,Tech,0.19067333333333333,0.17102575714285717,0.15962975714285715,5,9
2021-10-21,Tech,0.077754,0.16868155714285715,0.17102575714285717,5,27
2021-10-22,Tech,0.2573477777777778,0.1881461126984127,0.16868155714285715,3,26
2021-10-25,Tech,-0.023756249999999993,0.16221877222222225,0.1881461126984127,4,15
2021-10-26,Tech,0.10603785714285714,0.1216113436507937,0.16221877222222225,5,31
2021-10-27,Tech,0.04070410714285713,0.09161749841269844,0.1216113436507937,4,22
2021-10-28,Tech,0.22994000000000003,0.12205469841269845,0.09161749841269844,5,12
2021-10-29,Tech,0.075685,0.08572214285714289,0.12205469841269845,4,13
2021-11-01,Tech,0.27089166666666664,0.1446517261904762,0.08572214285714289,5,15
2021-11-02,Tech,0.17755476190476188,0.15895510714285715,0.1446517261904762,5,19
2021-11-03,Tech,0.25064533333333333,0.20094335238095237,0.15895510714285715,5,20
2021-11-04,Tech,0.253741963089542,0.2057037449988608,0.20094335238095237,5,43
2021-11-05,Tech,0.12552666666666665,0.2156720783321941,0.2057037449988608,5,12
2021-11-08,Tech,0.06890966666666667,0.17527567833219412,0.2156720783321941,5,29
2021-11-09,Tech,0.20609249999999998,0.18098322595124172,0.17527567833219412,4,16
2021-11-10,Tech,0.12305277777777779,0.15546471484013064,0.18098322595124172,5,21
2021-11-11,Tech,0.27308787878787877,0.15933389797979797,0.15546471484013064,4,16
2021-11-12,Tech,0.10064375,0.15435731464646466,0.15933389797979797,4,9
2021-11-15,Tech,0.17117291666666667,0.17480996464646464,0.15435731464646466,4,19
2021-11-16,Tech,0.23598939393939394,0.18078934343434344,0.17480996464646464,2,23
2021-11-17,Tech,0.053422222222222225,0.16686323232323233,0.18078934343434344,3,23
2021-11-18,Tech,0.09686535303776683,0.13161872717320994,0.16686323232323233,3,37
2021-11-19,Tech,0.11975921052631577,0.13544181927847307,0.13161872717320994,4,26
2021-11-22,Tech,0.23827333333333334,0.1488619026118064,0.13544181927847307,5,31
2021-11-23,Tech,0.33617600000000003,0.16889922382392766,0.1488619026118064,5,11
2021-11-24,Tech,-0.004358333333333318,0.15734311271281654,0.16889922382392766,4,21
2021-11-26,Tech,-0.037750000000000006,0.13042004210526315,0.15734311271281654,3,8
2021-11-29,Tech,0.14878784415584417,0.13622576883116883,0.13042004210526315,5,31
2021-11-30,Tech,0.03365322222222222,0.09530174660894661,0.13622576883116883,5,23
2021-12-01,Tech,-0.030354999999999986,0.021995546608946613,0.09530174660894661,5,8
2021-12-02,Tech,0.24524030303030306,0.07191527388167389,0.021995546608946613,5,24
2021-12-03,Tech,0.18783936011904762,0.11703314590548342,0.07191527388167389,4,28
2021-12-06,Tech,0.1649916818181818,0.12027391343795095,0.11703314590548342,5,44
2021-12-07,Tech,0.304720346907994,0.17448733837510527,0.12027391343795095,5,43
2021-12-08,Tech,0.049296130952380945,0.1904175645655815,0.17448733837510527,4,15
2021-12-09,Tech,0.17418790909090906,0.17620708577770267,0.1904175645655815,5,27
2021-12-10,Tech,0.11417575757575758,0.16147436526904468,0.17620708577770267,3,16
2021-12-13,Tech,0.10019590909090907,0.14851521072359014,0.16147436526904468,5,35
2021-12-14,Tech,0.04498666666666667,0.09656847467532467,0.14851521072359014,5,19
2021-12-15,Tech,0.21895149206349207,0.1304995468975469,0.09656847467532467,5,25
2021-12-16,Tech,0.05348291666666667,0.1063585484126984,0.1304995468975469,5,30
2021-12-17,Tech,-0.14296333333333333,0.05493073023088023,0.1063585484126984,5,16
2021-12-20,Tech,0.022605000000000007,0.039412548412698416,0.05493073023088023,5,26
2021-12-21,Tech,0.14341777777777778,0.05909877063492064,0.039412548412698416,5,18
2021-12-22,Tech,0.5493566666666666,0.12517980555555555,0.05909877063492064,5,18
2021-12-23,Tech,0.12270833333333334,0.13902488888888886,0.12517980555555555,5,19
2021-12-27,Tech,0.175045625,0.20262668055555558,0.13902488888888886,4,21
2021-12-28,Tech,0.2260635909090909,0.2433183987373737,0.20262668055555558,5,30
2021-12-29,Tech,0.09345055555555555,0.2333249542929293,0.2433183987373737,3,12
2021-12-30,Tech,0.07355,0.13816362095959595,0.2333249542929293,5,20
2021-12-31,Tech,0.2360632857142857,0.16083461143578642,0.13816362095959595,5,18
2022-01-03,Tech,0.37856755952380955,0.20153899834054836,0.16083461143578642,4,23
2022-01-04,Tech,0.07032117647058825,0.17039051545284783,0.20153899834054836,5,43
2022-01-05,Tech,0.12594918181818182,0.17689024070537307,0.17039051545284783,5,38
2022-01-06,Tech,0.15982,0.19414424070537306,0.17689024070537307,5,14
2022-01-07,Tech,-0.04193,0.13854558356251592,0.19414424070537306,3,19
2022-01-10,Tech,0.08916916666666666,0.08066590499108735,0.13854558356251592,5,27
2022-01-11,Tech,0.148024,0.0962064696969697,0.08066590499108735,5,27
2022-01-12,Tech,0.165964,0.10420943333333332,0.0962064696969697,5,27
2022-01-13,Tech,0.2705486984126984,0.126355173015873,0.10420943333333332,5,32
2022-01-14,Tech,0.21391095238095237,0.1775233634920635,0.126355173015873,5,17
2022-01-18,Tech,0.1993535714285714,0.19956024444444442,0.1775233634920635,5,38
2022-01-19,Tech,0.1816025,0.20627594444444447,0.19956024444444442,4,47
2022-01-20,Tech,0.24280080952380953,0.22164330634920634,0.20627594444444447,5,48
2022-01-21,Tech,0.06308361742424243,0.18015029015151515,0.22164330634920634,4,30
2022-01-24,Tech,0.13422421134421134,0.16421294194416697,0.18015029015151515,5,40
2022-01-25,Tech,0.06850133333333333,0.13804249432511934,0.16421294194416697,5,36
2022-01-26,Tech,0.15108083845978584,0.13193816201707648,0.13804249432511934,5,73
2022-01-27,Tech,0.18306114583333333,0.11999022927898124,0.13193816201707648,4,56
2022-01-28,Tech,0.2067479047619048,0.14872308674651374,0.11999022927898124,5,32
2022-01-31,Tech,0.106356,0.14314944447767147,0.14872308674651374,5,51
2022-02-01,Tech,0.16674896296296296,0.1627989704035974,0.14314944447767147,5,53
2022-02-02,Tech,0.23502596182186605,0.17958799507601345,0.1627989704035974,5,102
2022-02-03,Tech,0.2629147301587301,0.1955587119410928,0.17958799507601345,5,37
2022-02-04,Tech,0.045248611111111114,0.16325885321093406,0.1955587119410928,4,18
2022-02-07,Tech,0.08459738095238094,0.15890712940141022,0.16325885321093406,5,29
2022-02-08,Tech,0.2330454761904762,0.1721664320469129,0.15890712940141022,5,51
2022-02-09,Tech,0.1724910769230769,0.15965945506715506,0.1721664320469129,5,25
2022-02-10,Tech,0.07401250000000001,0.12187900903540902,0.15965945506715506,5,19
2022-02-11,Tech,0.045614444444444444,0.1219521757020757,0.12187900903540902,5,30
2022-02-14,Tech,0.06064073717948717,0.11716084694749695,0.1219521757020757,5,59
2022-02-15,Tech,0.1840477908496732,0.10736130987933634,0.11716084694749695,5,55
2022-02-16,Tech,0.1494722745098039,0.10275754939668173,0.10736130987933634,5,34
2022-02-17,Tech,0.13133782222222223,0.1142226138411262,0.10275754939668173,5,44
2022-02-18,Tech,0.19425133333333333,0.14394999161890398,0.1142226138411262,5,35
2022-02-22,Tech,0.1551947380952381,0.16286079180205415,0.14394999161890398,5,40
2022-02-23,Tech,0.2113922222222222,0.16832967807656396,0.16286079180205415,5,22
2022-02-24,Tech,0.13066,0.1645672231746032,0.16832967807656396,5,19
2022-02-25,Tech,-0.05445357142857143,0.12740894444444445,0.1645672231746032,4,16
2022-02-28,Tech,0.1680210606060606,0.1221628898989899,0.12740894444444445,5,24
2022-03-01,Tech,0.1823533333333333,0.12759460894660896,0.1221628898989899,5,13
2022-03-02,Tech,0.22326125000000002,0.1299684145021645,0.12759460894660896,4,21
2022-03-03,Tech,0.09500606060606061,0.12283762662337663,0.1299684145021645,5,27
2022-03-04,Tech,0.04439004761904762,0.14260635043290043,0.12283762662337663,5,26
2022-03-07,Tech,0.015158119047619049,0.11203376212121212,0.14260635043290043,5,37
2022-03-08,Tech,0.14308674242424244,0.10418044393939394,0.11203376212121212,4,29
2022-03-09,Tech,0.11428142857142858,0.08238447965367965,0.10418044393939394,5,37
2022-03-10,Tech,0.3046176923076923,0.12430680599400601,0.08238447965367965,5,36
2022-03-11,Tech,0.0733,0.13008879647019647,0.12430680599400601,5,21
2022-03-14,Tech,0.26458244444444445,0.17997366154956154,0.13008879647019647,5,26
2022-03-15,Tech,0.1546350952380952,0.1822833321123321,0.17997366154956154,5,36
2022-03-16,Tech,0.19845064935064935,0.19911717626817624,0.1822833321123321,4,31
2022-03-17,Tech,0.10185016666666666,0.1585636711399711,0.19911717626817624,5,26
2022-03-18,Tech,0.15850399999999998,0.17560447113997113,0.1585636711399711,5,24
2022-03-21,Tech,0.161566,0.15500118225108223,0.17560447113997113,5,31
2022-03-22,Tech,0.1341693333333333,0.15090802987012988,0.15500118225108223,5,25
2022-03-23,Tech,0.111275696969697,0.1334730393939394,0.15090802987012988,5,50
2022-03-24,Tech,0.15226062004662005,0.14355513006993006,0.1334730393939394,5,56
2022-03-25,Tech,0.10738833333333334,0.13333199673659674,0.14355513006993006,5,33
2022-03-28,Tech,0.2708514285714286,0.15518908245088245,0.13333199673659674,5,35
2022-03-29,Tech,0.0993929761904762,0.148233811022311,0.15518908245088245,4,28
2022-03-30,Tech,0.14768283333333335,0.1555152382950383,0.148233811022311,5,22
2022-03-31,Tech,0.15268007936507938,0.15559913015873017,0.1555152382950383,5,35
2022-04-01,Tech,0.11277292773892775,0.15667604903984905,0.15559913015873017,5,42
2022-04-04,Tech,0.14187516917293233,0.1308807971601498,0.15667604903984905,5,57
2022-04-05,Tech,0.040555625000000005,0.11911332692205456,0.1308807971601498,4,37
2022-04-06,Tech,0.1552212857142857,0.12062101739824502,0.11911332692205456,5,33
2022-04-07,Tech,0.2609542857142857,0.14227585866808629,0.12062101739824502,4,22
2022-04-08,Tech,0.40058133333333334,0.19983753978696742,0.14227585866808629,5,25
2022-04-11,Tech,0.20491787062937067,0.2124460800782551,0.19983753978696742,5,55
2022-04-12,Tech,0.12285428571428572,0.2289058122211122,0.2124460800782551,5,15
2022-04-13,Tech,0.16291166666666665,0.23044388841158842,0.2289058122211122,5,26
2022-04-14,Tech,0.04722633333333333,0.18769829793539794,0.23044388841158842,5,25
2022-04-18,Tech,0.09406499999999998,0.12639503126873125,0.18769829793539794,5,24
2022-04-19,Tech,0.17060755555555557,0.11953296825396827,0.12639503126873125,5,24
2022-04-20,Tech,0.22672625,0.1403073611111111,0.11953296825396827,4,17
2022-04-21,Tech,0.10280638095238093,0.12828630396825397,0.1403073611111111,5,23
2022-04-22,Tech,0.07675000000000001,0.13419103730158727,0.12828630396825397,5,9
2022-04-25,Tech,0.16699116666666666,0.14877627063492063,0.13419103730158727,5,39
2022-04-26,Tech,0.135942,0.14184315952380952,0.14877627063492063,5,22
2022-04-27,Tech,0.18326422222222222,0.133150753968254,0.14184315952380952,5,32
2022-04-28,Tech,0.1488171875,0.14235291527777777,0.133150753968254,4,46
2022-04-29,Tech,0.019402510822510818,0.13088341744227994,0.14235291527777777,5,27
2022-05-02,Tech,0.04785917748917749,0.10705701960678211,0.13088341744227994,5,33
2022-05-03,Tech,0.028513650793650803,0.08557134976551227,0.10705701960678211,5,41
2022-05-04,Tech,-0.003710176282051284,0.04817647006465757,0.08557134976551227,4,45
2022-05-05,Tech,0.27581316666666666,0.07357566589799089,0.04817647006465757,5,25
2022-05-06,Tech,0.07282428571428572,0.08426002087634588,0.07357566589799089,5,23
2022-05-09,Tech,0.08201145299145299,0.09109047597680096,0.08426002087634588,5,33
2022-05-10,Tech,0.20264102564102565,0.12591595094627595,0.09109047597680096,5,25
2022-05-11,Tech,0.11528178571428571,0.14971434334554332,0.12591595094627595,5,21
2022-05-12,Tech,0.04311166666666666,0.10317404334554334,0.14971434334554332,5,34
2022-05-13,Tech,0.0890321212121212,0.10641561044511043,0.10317404334554334,5,24
2022-05-16,Tech,-0.007970666666666676,0.0884191865134865,0.10641561044511043,5,22
2022-05-17,Tech,0.1904995970695971,0.08599090079920078,0.0884191865134865,5,35
2022-05-18,Tech,0.231385,0.10921154365634364,0.08599090079920078,5,20
2022-05-19,Tech,0.16802017045454545,0.1341932444139194,0.10921154365634364,4,25
2022-05-20,Tech,0.28045333333333333,0.17247748683816183,0.1341932444139194,5,21
2022-05-23,Tech,0.17107818546365916,0.20828725726422698,0.17247748683816183,5,37
2022-05-24,Tech,0.30714,0.23161533785030758,0.20828725726422698,5,14
2022-05-25,Tech,0.047488585858585855,0.19483605502202478,0.23161533785030758,5,36
2022-05-26,Tech,0.2716143859649123,0.2155548981240981,0.19483605502202478,5,31
2022-05-27,Tech,-0.004007777777777782,0.15866267590187588,0.2155548981240981,5,17
2022-05-31,Tech,0.30805055555555555,0.18605714992025515,0.15866267590187588,5,27
2022-06-01,Tech,0.1893076388888889,0.16249067769803296,0.18605714992025515,4,19
2022-06-02,Tech,0.1318354761904762,0.179360055764411,0.16249067769803296,5,27
2022-06-03,Tech,0.11425733333333335,0.14788864523809522,0.179360055764411,5,23
2022-06-06,Tech,0.030141666666666667,0.1547185341269841,0.14788864523809522,5,17
2022-06-07,Tech,0.10598533333333333,0.11430548968253966,0.1547185341269841,5,22
2022-06-08,Tech,0.085208125,0.09348558690476189,0.11430548968253966,4,27
2022-06-09,Tech,0.07619400000000001,0.08235729166666665,0.09348558690476189,5,15
2022-06-10,Tech,0.1255475,0.08461532499999999,0.08235729166666665,5,18
2022-06-13,Tech,0.11229620634920634,0.10104623293650791,0.08461532499999999,5,36
2022-06-14,Tech,0.14570761904761903,0.10899069007936504,0.10104623293650791,5,19
2022-06-15,Tech,0.368125,0.16557406507936506,0.10899069007936504,5,20
2022-06-16,Tech,0.09896032900432901,0.17012733088023085,0.16557406507936506,5,30
2022-06-17,Tech,0.16327583333333334,0.17767299754689753,0.17012733088023085,4,19
2022-06-21,Tech,0.12852634615384614,0.1809190255078255,0.17767299754689753,5,33
2022-06-22,Tech,0.22287476190476188,0.19635245407925403,0.1809190255078255,5,20
2022-06-23,Tech,0.12695666666666666,0.14811878741258738,0.19635245407925403,5,22
2022-06-24,Tech,-0.014720499999999997,0.1253826216117216,0.14811878741258738,5,24
2022-06-27,Tech,0.23640085714285716,0.14000762637362635,0.1253826216117216,5,37
2022-06-28,Tech,0.041254642857142865,0.1225532857142857,0.14000762637362635,5,27
2022-06-29,Tech,0.18296777777777778,0.11457188888888888,0.1225532857142857,5,29
2022-06-30,Tech,0.12531355555555554,0.11424326666666665,0.11457188888888888,5,31
2022-07-01,Tech,0.1677445238095238,0.15073627142857143,0.11424326666666665,5,23
2022-07-05,Tech,0.16437409722222224,0.13633091944444442,0.15073627142857143,4,32
2022-07-06,Tech,0.138156,0.15571119087301585,0.13633091944444442,5,18
2022-07-07,Tech,0.14092098412698412,0.1473018321428571,0.15571119087301585,5,37
2022-07-08,Tech,0.11709333333333334,0.1456577876984127,0.1473018321428571,5,13
2022-07-11,Tech,0.24288514285714286,0.16068591150793649,0.1456577876984127,5,21
2022-07-12,Tech,0.1946952380952381,0.16675013968253966,0.16068591150793649,5,22
2022-07-13,Tech,0.01983603174603175,0.14308614603174602,0.16675013968253966,5,22
2022-07-14,Tech,0.15932892857142858,0.14676773492063488,0.14308614603174602,5,28
2022-07-15,Tech,0.1931507142857143,0.16197921111111108,0.14676773492063488,5,17
2022-07-18,Tech,0.2452527142857143,0.16245272539682537,0.16197921111111108,5,28
2022-07-19,Tech,0.04937733333333333,0.1333891444444444,0.16245272539682537,5,20
2022-07-20,Tech,0.14115678571428572,0.1576532952380952,0.1333891444444444,5,31
2022-07-21,Tech,0.19788958333333334,0.16536542619047617,0.1576532952380952,4,19
2022-07-22,Tech,0.20978,0.16869128333333333,0.16536542619047617,5,23
2022-07-25,Tech,0.09259831818181818,0.1381604041125541,0.16869128333333333,5,33
2022-07-26,Tech,0.023094444444444442,0.13290382633477632,0.1381604041125541,3,12
2022-07-27,Tech,0.10953785714285713,0.12658004062049058,0.13290382633477632,5,28
2022-07-28,Tech,0.034192992424242424,0.0938407224386724,0.12658004062049058,4,40
2022-07-29,Tech,0.26330383040935673,0.10454548852054377,0.0938407224386724,5,37
2022-08-01,Tech,0.2669863888888889,0.13942310266195793,0.10454548852054377,5,24
2022-08-02,Tech,-0.03430571428571428,0.1279430709159262,0.13942310266195793,5,44
2022-08-03,Tech,0.18847321428571429,0.1437301423444976,0.1279430709159262,4,32
2022-08-04,Tech,0.03988416666666668,0.14486837719298246,0.1437301423444976,5,24
2022-08-05,Tech,0.1328666666666667,0.11878094444444445,0.14486837719298246,4,12
2022-08-08,Tech,0.16504425925925925,0.0983925185185185,0.11878094444444445,4,44
2022-08-09,Tech,0.023743247863247857,0.11000231094831095,0.0983925185185185,5,44
2022-08-10,Tech,0.03630050793650793,0.07956776967846965,0.11000231094831095,5,26
2022-08-11,Tech,0.11674746753246754,0.09494042985162983,0.07956776967846965,5,27
2022-08-12,Tech,0.29553233333333334,0.12747356318496317,0.09494042985162983,5,21
2022-08-15,Tech,0.17045914285714286,0.1285565399045399,0.12747356318496317,5,23
2022-08-16,Tech,0.19299066666666667,0.16240602366522366,0.1285565399045399,5,16
2022-08-17,Tech,0.032747222222222226,0.16169536652236652,0.16240602366522366,4,14
2022-08-18,Tech,0.126916,0.163729073015873,0.16169536652236652,5,12
2022-08-19,Tech,0.17067333333333334,0.13875727301587298,0.163729073015873,5,12
2022-08-22,Tech,0.2676806666666667,0.15820157777777774,0.13875727301587298,5,37
2022-08-23,Tech,0.21480899999999997,0.1625652444444444,0.15820157777777774,5,14
2022-08-24,Tech,0.09776344537815125,0.17556848907563022,0.1625652444444444,5,30
2022-08-25,Tech,0.20661416666666665,0.19150812240896356,0.17556848907563022,4,27
2022-08-26,Tech,0.18755466666666668,0.19488438907563022,0.19150812240896356,5,26
2022-08-29,Tech,0.10944499999999999,0.1632372557422969,0.19488438907563022,5,32
2022-08-30,Tech,0.1277545,0.14582635574229688,0.1632372557422969,5,20
2022-08-31,Tech,0.06363541666666667,0.13900074999999998,0.14582635574229688,4,19
2022-09-01,Tech,0.006741393557422986,0.09902619537815124,0.13900074999999998,5,78
2022-09-02,Tech,0.24931999999999999,0.11137926204481789,0.09902619537815124,5,26
2022-09-06,Tech,0.106075,0.1107052620448179,0.11137926204481789,5,49
2022-09-07,Tech,0.1704716666666667,0.11924869537815123,0.1107052620448179,5,18
2022-09-08,Tech,0.02906000000000001,0.11233361204481791,0.11924869537815123,5,19
2022-09-09,Tech,0.15465866666666667,0.14191706666666665,0.11233361204481791,5,17
2022-09-12,Tech,-0.03243321428571428,0.0855664238095238,0.14191706666666665,5,26
2022-09-13,Tech,0.03967333333333333,0.07228609047619046,0.0855664238095238,5,26
2022-09-14,Tech,0.08375833333333334,0.05494342380952379,0.07228609047619046,5,24
2022-09-15,Tech,-0.013089391304347825,0.04651354554865422,0.05494342380952379,5,41
2022-09-16,Tech,0.08128371428571428,0.03183855507246375,0.04651354554865422,5,20
2022-09-19,Tech,0.06665333333333333,0.05165586459627327,0.03183855507246375,5,27
2022-09-20,Tech,0.06416178571428571,0.056553555072463735,0.05165586459627327,4,21
2022-09-21,Tech,0.06221012820512821,0.052243914046822715,0.056553555072463735,5,23
2022-09-22,Tech,0.10738057142857142,0.07633790659340657,0.052243914046822715,5,22
2022-09-23,Tech,0.022956571428571416,0.064672478021978,0.07633790659340657,5,20
2022-09-26,Tech,0.08860511904761903,0.06906283516483513,0.064672478021978,5,26
2022-09-27,Tech,0.1873717142857143,0.09370482087912087,0.06906283516483513,5,29
2022-09-28,Tech,0.011129220779220777,0.08348863939393937,0.09370482087912087,5,38
2022-09-29,Tech,0.1324134393939394,0.08849521298701296,0.08348863939393937,5,38
2022-09-30,Tech,-0.1778366666666667,0.04833656536796534,0.08849521298701296,5,11
2022-10-03,Tech,0.3359220238095238,0.0977999463203463,0.04833656536796534,4,27
2022-10-04,Tech,0.2907436363636363,0.1184743307359307,0.0977999463203463,5,25
2022-10-05,Tech,0.15310094444444444,0.14686867546897542,0.1184743307359307,5,27
2022-10-06,Tech,-0.1514375,0.09009848759018754,0.14686867546897542,4,24
2022-10-07,Tech,-0.058351116427432216,0.11399559763803443,0.09009848759018754,5,65
2022-10-10,Tech,0.04110630303030303,0.05503245348219029,0.11399559763803443,5,38
2022-10-11,Tech,0.012108333333333332,-0.0006946071238703056,0.05503245348219029,4,20
2022-10-12,Tech,0.05256277777777778,-0.02080224045720364,-0.0006946071238703056,5,34
2022-10-13,Tech,0.008012857142857146,0.011087830971367792,-0.02080224045720364,5,29
2022-10-14,Tech,0.08415333333333333,0.039588720923520906,0.011087830971367792,5,17
2022-10-17,Tech,0.053703999999999995,0.042108260317460296,0.039588720923520906,5,24
2022-10-18,Tech,0.003485333333333329,0.040383660317460296,0.042108260317460296,5,32
2022-10-19,Tech,-0.08025666666666667,0.013819771428571404,0.040383660317460296,5,17
2022-10-20,Tech,0.20392000000000002,0.053001199999999984,0.013819771428571404,5,16
2022-10-21,Tech,0.014356000000000004,0.039041733333333314,0.053001199999999984,5,21
2022-10-24,Tech,-0.01818404761904762,0.024664123809523784,0.039041733333333314,5,22
2022-10-25,Tech,-0.013306666666666652,0.02130572380952379,0.024664123809523784,4,17
2022-10-26,Tech,0.26527,0.09041105714285713,0.02130572380952379,5,13
2022-10-27,Tech,0.00911444444444445,0.05144994603174602,0.09041105714285713,5,36
2022-10-28,Tech,0.15904280303030302,0.08038730663780662,0.05144994603174602,4,33
2022-10-31,Tech,0.1275548333333333,0.10953508282828281,0.08038730663780662,5,25
2022-11-01,Tech,0.10846666666666667,0.13388974949494947,0.10953508282828281,5,29
2022-11-02,Tech,0.14609066666666665,0.1100538828282828,0.13388974949494947,5,38
2022-11-03,Tech,0.02675238095238095,0.1135814701298701,0.1100538828282828,4,30
2022-11-04,Tech,0.0851875,0.0988104095238095,0.1135814701298701,4,9
2022-11-07,Tech,0.16791276190476193,0.1068819952380952,0.0988104095238095,5,27
2022-11-08,Tech,0.10828809523809524,0.10684628095238094,0.1068819952380952,5,23
2022-11-09,Tech,0.057275000000000006,0.08908314761904759,0.10684628095238094,4,13
2022-11-10,Tech,0.10022861538461539,0.10377839450549449,0.08908314761904759,5,28
2022-11-11,Tech,0.1397192857142857,0.11468475164835164,0.10377839450549449,5,14
2022-11-14,Tech,0.06406090354090355,0.09391437997557997,0.11468475164835164,5,32
2022-11-15,Tech,0.12180125,0.0966170109279609,0.09391437997557997,4,21
2022-11-16,Tech,0.030858555555555556,0.09133372203907202,0.0966170109279609,5,40
2022-11-17,Tech,0.04713133333333334,0.0807142656288156,0.09133372203907202,5,27
2022-11-18,Tech,0.314325,0.11563540848595846,0.0807142656288156,4,10
2022-11-21,Tech,0.18339,0.13950122777777776,0.11563540848595846,5,19
2022-11-22,Tech,0.009168333333333323,0.11697464444444443,0.13950122777777776,5,12
2022-11-23,Tech,0.18765,0.1483329333333333,0.11697464444444443,4,14
2022-11-25,Tech,-0.019709999999999988,0.13496466666666665,0.1483329333333333,4,10
2022-11-28,Tech,0.10420015384615386,0.09293969743589742,0.13496466666666665,5,33
2022-11-29,Tech,-0.06480533333333334,0.043300630769230755,0.09293969743589742,5,15
2022-11-30,Tech,0.013489999999999992,0.04416496410256408,0.043300630769230755,5,16
2022-12-01,Tech,0.19348100000000001,0.04533116410256409,0.04416496410256408,5,22
2022-12-02,Tech,0.11895190476190476,0.07306354505494503,0.04533116410256409,5,27
2022-12-05,Tech,0.10936261904761906,0.07409603809523808,0.07306354505494503,5,18
2022-12-06,Tech,-0.02940266666666666,0.0811765714285714,0.07409603809523808,5,15
2022-12-07,Tech,0.20953266666666667,0.12038510476190475,0.0811765714285714,5,25
2022-12-08,Tech,0.14130583333333335,0.10995007142857141,0.12038510476190475,3,15
2022-12-09,Tech,0.17439375000000001,0.12103844047619047,0.10995007142857141,4,13
2022-12-12,Tech,0.18282547619047618,0.1357310119047619,0.12103844047619047,5,24
2022-12-13,Tech,0.1824766865079365,0.17810688253968252,0.1357310119047619,4,27
2022-12-14,Tech,0.06686333333333333,0.14957301587301586,0.17810688253968252,5,11
2022-12-15,Tech,-0.0476347619047619,0.1117848968253968,0.14957301587301586,5,30
2022-12-16,Tech,0.17283083333333335,0.11147231349206348,0.1117848968253968,4,27
2022-12-19,Tech,0.012095333333333328,0.0773262849206349,0.11147231349206348,5,24
2022-12-20,Tech,0.21970833333333334,0.08477261428571427,0.0773262849206349,4,15
2022-12-21,Tech,0.21439599999999998,0.11427914761904759,0.08477261428571427,5,20
2022-12-22,Tech,-0.12231230952380953,0.09934363809523808,0.11427914761904759,5,30
2022-12-23,Tech,0.06714666666666666,0.07820680476190472,0.09934363809523808,3,17
2022-12-27,Tech,-0.00942698701298701,0.07390234069264066,0.07820680476190472,5,28
2022-12-28,Tech,0.1168625,0.053333174025974,0.07390234069264066,4,14
2022-12-29,Tech,0.18999333333333335,0.04845264069264067,0.053333174025974,5,13
2022-12-30,Tech,0.02266171428571429,0.07744744545454543,0.04845264069264067,5,22
2023-01-03,Tech,0.11563514328808447,0.087145140778829,0.07744744545454543,5,51
2023-01-04,Tech,0.0344045,0.09591143818142639,0.087145140778829,5,26
2023-01-05,Tech,0.2308886666666667,0.11871667151475973,0.09591143818142639,5,27
2023-01-06,Tech,0.3099064285714286,0.1426992905623788,0.11871667151475973,5,21
2023-01-09,Tech,0.13026285714285712,0.16421951913380733,0.1426992905623788,5,24
2023-01-10,Tech,0.23811809523809524,0.18871610952380952,0.16421951913380733,5,21
2023-01-11,Tech,0.03997333333333334,0.18982987619047614,0.18871610952380952,5,17
2023-01-12,Tech,0.05665833333333333,0.1549838095238095,0.18982987619047614,5,13
2023-01-13,Tech,0.100065,0.11301552380952377,0.1549838095238095,5,14
2023-01-17,Tech,0.20978185714285713,0.12891932380952378,0.11301552380952377,5,46
2023-01-18,Tech,0.29124285714285714,0.13954427619047616,0.12891932380952378,5,18
2023-01-19,Tech,0.06193333333333333,0.14393627619047616,0.13954427619047616,3,12
2023-01-20,Tech,0.07142466666666666,0.14688954285714284,0.14393627619047616,5,26
2023-01-23,Tech,0.2381878195488722,0.17451410676691728,0.14688954285714284,5,54
2023-01-24,Tech,0.14370583333333334,0.16129890200501254,0.17451410676691728,4,32
2023-01-25,Tech,0.08910226190476189,0.12087078295739348,0.16129890200501254,5,29
2023-01-26,Tech,0.09587196825396825,0.12765850994152045,0.12087078295739348,5,37
2023-01-27,Tech,0.008004654882154887,0.1149745075846181,0.12765850994152045,4,51
2023-01-30,Tech,0.0914723076923077,0.0856314052133052,0.1149745075846181,5,31
2023-01-31,Tech,0.007330606060606061,0.05835635975875973,0.0856314052133052,4,50
2023-02-01,Tech,-0.046307200610221214,0.03127446725576312,0.05835635975875973,5,50
2023-02-02,Tech,0.22552166666666668,0.057204406938302796,0.03127446725576312,5,31
2023-02-03,Tech,0.03715666666666666,0.06303480929520515,0.057204406938302796,5,25
2023-02-06,Tech,0.2168991666666667,0.08812018109007695,0.06303480929520515,5,31
2023-02-07,Tech,0.2419266666666667,0.13503939321128908,0.08812018109007695,5,17
2023-02-08,Tech,0.11630017857142858,0.16756086904761905,0.13503939321128908,4,17
2023-02-09,Tech,0.24069833333333332,0.17059620238095238,0.16756086904761905,5,19
2023-02-10,Tech,0.004975000000000004,0.16415986904761903,0.17059620238095238,4,18
2023-02-13,Tech,0.22895042016806721,0.16657011974789912,0.16415986904761903,5,39
2023-02-14,Tech,0.23632757575757574,0.16545030156608095,0.16657011974789912,5,21
2023-02-15,Tech,0.030732000000000002,0.14833666585179522,0.16545030156608095,5,11
2023-02-16,Tech,0.18011612987012987,0.13622022515915452,0.14833666585179522,5,27
2023-02-17,Tech,0.10118363636363636,0.15546195243188182,0.13622022515915452,5,23
2023-02-21,Tech,0.141175,0.13790686839826838,0.15546195243188182,5,39
2023-02-22,Tech,0.2051595,0.13167325324675322,0.13790686839826838,5,41
2023-02-23,Tech,0.08167761178861788,0.1418623756044768,0.13167325324675322,5,82
2023-02-24,Tech,0.07489649999999999,0.12081844963045081,0.1418623756044768,5,31
2023-02-27,Tech,0.0866015873015873,0.117902039818041,0.12081844963045081,5,42
2023-02-28,Tech,0.30408964285714285,0.1504849683894696,0.117902039818041,4,20
2023-03-01,Tech,0.21093873015873016,0.15164081442121563,0.1504849683894696,5,26
2023-03-02,Tech,0.08710309523809523,0.15272591111111108,0.15164081442121563,5,30
2023-03-03,Tech,0.22957755555555556,0.1836621222222222,0.15272591111111108,5,24
2023-03-06,Tech,0.075112,0.18136420476190476,0.1836621222222222,5,33
2023-03-07,Tech,0.11298444444444444,0.14314316507936506,0.18136420476190476,5,28
2023-03-08,Tech,0.09510722222222222,0.11997686349206349,0.14314316507936506,5,23
2023-03-09,Tech,0.20466378787878786,0.14348900202020198,0.11997686349206349,5,29
2023-03-10,Tech,0.03164125,0.10390174090909088,0.14348900202020198,4,25
2023-03-13,Tech,0.062061,0.1012915409090909,0.10390174090909088,5,28
2023-03-14,Tech,0.19803020833333332,0.11830069368686866,0.1012915409090909,4,18
2023-03-15,Tech,0.0483152380952381,0.10894229686147183,0.11830069368686866,5,19
2023-03-16,Tech,0.1397861818181818,0.09596677564935063,0.10894229686147183,5,49
2023-03-17,Tech,0.12836983333333335,0.1153124923160173,0.09596677564935063,5,37
2023-03-20,Tech,0.13688133333333333,0.13027655898268395,0.1153124923160173,5,44
2023-03-21,Tech,0.09835404761904762,0.11034132683982682,0.13027655898268395,5,29
2023-03-22,Tech,0.06889308270676692,0.11445689576213258,0.11034132683982682,5,39
2023-03-23,Tech,0.1895342857142857,0.12440651654135337,0.11445689576213258,5,35
2023-03-24,Tech,0.06568833333333333,0.11187021654135336,0.12440651654135337,5,29
2023-03-27,Tech,0.14438005128205128,0.11336996013109694,0.11187021654135336,5,48
2023-03-28,Tech,0.13794666666666666,0.12128848394062075,0.11336996013109694,5,20
2023-03-29,Tech,0.16927555555555557,0.1413649785103785,0.12128848394062075,5,26
2023-03-30,Tech,0.2064192380952381,0.14474196898656894,0.1413649785103785,5,31
2023-03-31,Tech,0.14787766666666666,0.16117983565323563,0.14474196898656894,5,22
2023-04-03,Tech,0.20009489140744313,0.172322803678314,0.16117983565323563,5,64
2023-04-04,Tech,0.13741923376623374,0.17221731709822743,0.172322803678314,5,33
2023-04-05,Tech,0.09896644736842106,0.1581554954608005,0.17221731709822743,4,31
2023-04-06,Tech,0.3205784615384616,0.18098734014944523,0.1581554954608005,5,19
2023-04-10,Tech,0.19533513880855985,0.19047883457782383,0.18098734014944523,5,56
2023-04-11,Tech,0.062146,0.1628890562963352,0.19047883457782383,5,21
2023-04-12,Tech,0.15001466666666669,0.16540814287642183,0.1628890562963352,5,27
2023-04-13,Tech,0.0868160753968254,0.16297806848210267,0.16540814287642183,5,45
2023-04-14,Tech,0.16722580952380955,0.13230753807917228,0.16297806848210267,5,36
2023-04-17,Tech,0.1504607738095238,0.12333266507936506,0.13230753807917228,5,37
2023-04-18,Tech,0.1971495238095238,0.15033336984126983,0.12333266507936506,5,42
2023-04-19,Tech,0.09026333333333333,0.13838310317460317,0.15033336984126983,5,24
2023-04-20,Tech,0.040500444444444436,0.12911997698412697,0.13838310317460317,5,36
2023-04-21,Tech,0.05649671428571429,0.10697415793650791,0.12911997698412697,5,30
2023-04-24,Tech,0.24520644444444445,0.12592329206349204,0.10697415793650791,5,35
2023-04-25,Tech,0.2688509523809524,0.1402635777777778,0.12592329206349204,5,36
2023-04-26,Tech,0.151207,0.1524523111111111,0.1402635777777778,5,25
2023-04-27,Tech,0.0920697619047619,0.1627661746031746,0.1524523111111111,5,49
2023-04-28,Tech,0.0922207142857143,0.1699109746031746,0.1627661746031746,5,45
2023-05-01,Tech,0.16698853968253968,0.15426739365079362,0.1699109746031746,5,49
2023-05-02,Tech,0.06990375,0.11447795317460316,0.15426739365079362,5,36
2023-05-03,Tech,0.15303450167479576,0.1148434535095623,0.11447795317460316,5,73
2023-05-04,Tech,0.06444865873015873,0.10931923287464167,0.1148434535095623,5,61
2023-05-05,Tech,0.02170095238095238,0.0952152804936893,0.10931923287464167,5,18
2023-05-08,Tech,0.14107885714285714,0.09003334398575277,0.0952152804936893,5,38
2023-05-09,Tech,-0.023311004273504264,0.07139039313105193,0.09003334398575277,4,35
2023-05-10,Tech,0.1315225,0.06708799279609276,0.07139039313105193,4,20
2023-05-11,Tech,0.06377017045454544,0.06695229514097012,0.06708799279609276,4,36
2023-05-12,Tech,0.10566458333333334,0.0837450213314463,0.06695229514097012,4,20
2023-05-15,Tech,0.19439785714285715,0.0944088213314463,0.0837450213314463,5,31
2023-05-16,Tech,0.13294666666666669,0.1256603555194805,0.0944088213314463,5,38
2023-05-17,Tech,0.16096354545454544,0.1315485646103896,0.1256603555194805,5,28
2023-05-18,Tech,0.1860652777777778,0.15600758607503604,0.1315485646103896,4,28
2023-05-19,Tech,0.26918416666666667,0.18871150274170273,0.15600758607503604,5,32
2023-05-22,Tech,0.009094659340659342,0.15165086318126314,0.18871150274170273,5,56
2023-05-23,Tech,0.23763,0.17258752984792983,0.15165086318126314,5,25
2023-05-24,Tech,0.04779888888888889,0.14995459853479853,0.17258752984792983,5,54
2023-05-25,Tech,0.32581599407684514,0.17790474179461196,0.14995459853479853,5,132
2023-05-26,Tech,0.1282160162601626,0.14971111171331117,0.17790474179461196,5,55
2023-05-30,Tech,0.16154115417331208,0.18020041067984172,0.14971111171331117,5,150
2023-05-31,Tech,0.09954794537346712,0.15258399975453513,0.18020041067984172,5,80
2023-06-01,Tech,0.21591848348348347,0.18620791867345407,0.15258399975453513,5,62
2023-06-02,Tech,0.07318628571428572,0.13568197700094214,0.18620791867345407,5,59
2023-06-05,Tech,0.08310769264069265,0.1266603122770482,0.13568197700094214,5,75
2023-06-06,Tech,0.0517007619047619,0.10469223382333817,0.1266603122770482,5,31
2023-06-07,Tech,0.1718697777777778,0.1191566003042003,0.10469223382333817,5,36
2023-06-08,Tech,0.15595406926406924,0.10716371746031743,0.1191566003042003,5,62
2023-06-09,Tech,0.11523856140350877,0.11557417259816205,0.10716371746031743,5,52
2023-06-12,Tech,0.16946066666666665,0.13284476740335685,0.11557417259816205,5,75
2023-06-13,Tech,0.18503142857142857,0.1595109007366902,0.13284476740335685,5,72
2023-06-14,Tech,0.1930072047766475,0.16373838613646413,0.1595109007366902,5,52
2023-06-15,Tech,0.1682981022203603,0.16620719272772233,0.16373838613646413,5,61
2023-06-16,Tech,0.16468922826086957,0.17609732609919448,0.16620719272772233,5,53
2023-06-20,Tech,0.1001467109929078,0.16223453496444273,0.17609732609919448,5,109
2023-06-21,Tech,-0.008038100000000003,0.123620629250157,0.16223453496444273,5,58
2023-06-22,Tech,0.15529841269841269,0.11607887083451005,0.123620629250157,5,44
2023-06-23,Tech,0.1515253968253968,0.11272432975551734,0.11607887083451005,5,44
2023-06-26,Tech,0.15918474747474748,0.11162343359829294,0.11272432975551734,5,49
2023-06-27,Tech,0.19716455555555557,0.1310270025108225,0.11162343359829294,5,52
2023-06-28,Tech,0.026742068204392455,0.137983036151701,0.1310270025108225,5,86
2023-06-29,Tech,0.09933326785714286,0.12679000718344702,0.137983036151701,5,58
2023-06-30,Tech,0.10439043010752688,0.11736301383987305,0.12679000718344702,5,52
2023-07-03,Tech,0.31231876190476193,0.1479898167258759,0.11736301383987305,5,46
2023-07-05,Tech,0.20636123809523807,0.1498291532338124,0.1479898167258759,5,63
2023-07-06,Tech,0.07440504495504495,0.15936174858394292,0.1498291532338124,5,56
2023-07-07,Tech,0.057604166666666665,0.15101592834584768,0.15936174858394292,5,40
2023-07-10,Tech,0.17556120255183413,0.16525008283470916,0.15101592834584768,5,53
2023-07-11,Tech,0.1826545641025641,0.1393172432742696,0.16525008283470916,5,52
2023-07-12,Tech,0.15686971428571428,0.1294189385123648,0.1393172432742696,5,46
2023-07-13,Tech,0.1871011111111111,0.15195815174357802,0.1294189385123648,5,40
2023-07-14,Tech,0.14662691025641025,0.16976270046152675,0.15195815174357802,5,50
2023-07-17,Tech,0.13608182417582418,0.16186682478632475,0.16976270046152675,5,56
2023-07-18,Tech,0.2890993188405797,0.18315577573392788,0.16186682478632475,5,44
2023-07-19,Tech,0.18540333333333334,0.1888624995434517,0.18315577573392788,5,29
2023-07-20,Tech,0.09127916783216783,0.16969811088766304,0.1888624995434517,5,53
2023-07-21,Tech,0.10239581818181817,0.16085189247274462,0.16969811088766304,5,47
2023-07-24,Tech,0.17216433333333334,0.16806839430424644,0.16085189247274462,5,61
2023-07-25,Tech,0.06589780952380953,0.12342809244089241,0.16806839430424644,5,45
2023-07-26,Tech,0.11711390909090909,0.10977020759240756,0.12342809244089241,5,58
2023-07-27,Tech,0.19517528117591276,0.13054943026115656,0.10977020759240756,5,76
2023-07-28,Tech,0.274893830455259,0.16504903271584476,0.13054943026115656,5,98
2023-07-31,Tech,0.26158028703703706,0.18293222345658547,0.16504903271584476,5,117
2023-08-01,Tech,0.24304045098039215,0.21836075174790198,0.18293222345658547,5,59
2023-08-02,Tech,0.005539299719887952,0.19604582987369776,0.21836075174790198,5,82
2023-08-03,Tech,0.05842192640692641,0.1686951589199005,0.19604582987369776,5,78
2023-08-04,Tech,0.12402316666666666,0.13852102616218204,0.1686951589199005,5,41
2023-08-07,Tech,0.06709166666666666,0.09962330208810795,0.13852102616218204,5,52
2023-08-08,Tech,0.12781761904761907,0.07657873570155332,0.09962330208810795,5,39
2023-08-09,Tech,0.1736475,0.11020037575757576,0.07657873570155332,5,39
2023-08-10,Tech,0.056826117647058826,0.10988121400560222,0.11020037575757576,5,47
2023-08-11,Tech,0.1708074074074074,0.11923806215375037,0.10988121400560222,5,39
2023-08-14,Tech,0.19365023088023087,0.1445497749964632,0.11923806215375037,5,63
2023-08-15,Tech,0.16477585714285714,0.15194142261551086,0.1445497749964632,5,60
2023-08-16,Tech,0.1500322222222222,0.14721836705995525,0.15194142261551086,5,52
2023-08-17,Tech,0.11428892144892144,0.1587109278203278,0.14721836705995525,5,54
2023-08-18,Tech,0.22551541666666666,0.16965252967217964,0.1587109278203278,4,46
2023-08-21,Tech,0.07915921750663131,0.14675432699745972,0.16965252967217964,4,82
2023-08-22,Tech,0.06872233333333333,0.12754362223555496,0.14675432699745972,5,84
2023-08-23,Tech,0.24384839393939392,0.14630685657898929,0.12754362223555496,5,86
2023-08-24,Tech,0.15324428617437313,0.15409792952407964,0.14630685657898929,5,141
2023-08-25,Tech,0.11050492671394799,0.13109583153353593,0.15409792952407964,5,65
2023-08-28,Tech,0.21811322648982223,0.1588866333301741,0.13109583153353593,5,73
2023-08-29,Tech,0.19201442857142859,0.18354505237779314,0.1588866333301741,5,56
2023-08-30,Tech,0.1528448552754435,0.16534434464500308,0.18354505237779314,5,55
2023-08-31,Tech,0.15195314285714284,0.16508611598155704,0.16534434464500308,5,55
2023-09-01,Tech,0.19365428571428572,0.18171598778162454,0.16508611598155704,5,46
2023-09-05,Tech,0.24280977619047617,0.18665529772175532,0.18171598778162454,5,103
2023-09-06,Tech,0.12276666666666665,0.17280574534080295,0.18665529772175532,5,51
2023-09-07,Tech,0.142738875,0.17078454928571424,0.17280574534080295,5,65
2023-09-08,Tech,0.08947627816627816,0.1582891763475413,0.17078454928571424,5,53
2023-09-11,Tech,0.25739490165631473,0.17103729953594712,0.1582891763475413,5,100
2023-09-12,Tech,0.0740996,0.1372952642978519,0.17103729953594712,5,56
2023-09-13,Tech,0.35582619047619046,0.18390716905975663,0.1372952642978519,5,40
2023-09-14,Tech,0.20622962037037035,0.1966053181338307,0.18390716905975663,5,66
2023-09-15,Tech,-0.01208720430107527,0.17629262164036003,0.1966053181338307,5,84
2023-09-18,Tech,0.13894148858038513,0.1526019390251741,0.17629262164036003,5,64
2023-09-19,Tech,0.13982229166666665,0.16574647735850742,0.1526019390251741,5,57
2023-09-20,Tech,-0.01766052380952381,0.09104913450136459,0.16574647735850742,5,65
2023-09-21,Tech,0.1686045,0.08352411042729051,0.09104913450136459,5,48
2023-09-22,Tech,0.07575968253968254,0.1010934877954421,0.08352411042729051,5,48
2023-09-25,Tech,0.08094518315018315,0.08949422670940169,0.1010934877954421,5,62
2023-09-26,Tech,0.03539571428571429,0.0686089112332112,0.08949422670940169,5,37
2023-09-27,Tech,0.10256053333333333,0.09265312266178263,0.0686089112332112,5,43
2023-09-28,Tech,0.0356297435897436,0.06605817137973137,0.09265312266178263,5,40
2023-09-29,Tech,0.06757681818181818,0.0644215985081585,0.06605817137973137,5,54
2023-10-02,Tech,0.21319776756576755,0.09087211539127538,0.0644215985081585,5,74
2023-10-03,Tech,0.23464089743589747,0.13072115202131201,0.09087211539127538,5,45
2023-10-04,Tech,0.10580833846153845,0.13137071304695302,0.13072115202131201,5,43
2023-10-05,Tech,0.22878435897435895,0.1700016361238761,0.13137071304695302,5,52
2023-10-06,Tech,0.05518000000000001,0.16752227248751245,0.1700016361238761,5,39
2023-10-09,Tech,0.1284933248272196,0.15058138393980286,0.16752227248751245,5,65
2023-10-10,Tech,0.10892351648351647,0.12543790774932667,0.15058138393980286,5,53
2023-10-11,Tech,0.16687357190957192,0.13765095443893335,0.12543790774932667,5,58
2023-10-12,Tech,0.1311109166666667,0.11811626597739493,0.13765095443893335,4,42
2023-10-13,Tech,0.19444995238095236,0.14597025645358538,0.11811626597739493,5,45
2023-10-16,Tech,0.18038333333333334,0.15634825815480813,0.14597025645358538,5,60
2023-10-17,Tech,0.11568270925978046,0.1577000967100609,0.15634825815480813,5,89
2023-10-18,Tech,0.056364847942754925,0.13559835191669753,0.1577000967100609,5,75
2023-10-19,Tech,0.10772564102564101,0.1309212967884924,0.13559835191669753,5,30
2023-10-20,Tech,0.12399194444444443,0.11682969520119083,0.1309212967884924,5,49
2023-10-23,Tech,0.15211527777777778,0.11117608409007969,0.11682969520119083,5,80
2023-10-24,Tech,0.17993022977022977,0.12402558819216955,0.11117608409007969,5,61
2023-10-25,Tech,0.19514358187134503,0.1517813349778876,0.12402558819216955,5,45
2023-10-26,Tech,0.17265776470588237,0.16476775971393584,0.1517813349778876,5,46
2023-10-27,Tech,0.2379645499328258,0.18756228081161214,0.16476775971393584,5,67
2023-10-30,Tech,0.04537497236097236,0.16621421972825104,0.18756228081161214,5,76
2023-10-31,Tech,0.1338720531309298,0.15700258440039105,0.16621421972825104,5,61
2023-11-01,Tech,0.13969490683229813,0.14591284939258167,0.15700258440039105,5,67
2023-11-02,Tech,0.24900048888888887,0.16118139422918296,0.14591284939258167,5,64
2023-11-03,Tech,0.22145,0.1578784842426178,0.16118139422918296,5,45
2023-11-06,Tech,0.2289308181818182,0.194589653406787,0.1578784842426178,5,43
2023-11-07,Tech,0.4012886868686868,0.24807298015433837,0.194589653406787,5,47
2023-11-08,Tech,0.0751995,0.23517389878787878,0.24807298015433837,5,38
2023-11-09,Tech,0.2721523809523809,0.23980427720057715,0.23517389878787878,5,39
2023-11-10,Tech,0.28196484057971016,0.2519072453165192,0.23980427720057715,5,43
2023-11-13,Tech,0.18906660317460317,0.24393440231507618,0.2519072453165192,5,50
2023-11-14,Tech,0.2921376206896552,0.22210418907926988,0.24393440231507618,5,61
2023-11-15,Tech,0.08427300144300146,0.22391888936787013,0.22210418907926988,5,45
2023-11-16,Tech,0.12924440476190474,0.1953372941297749,0.22391888936787013,5,46
2023-11-17,Tech,0.198166,0.1785775260138329,0.1953372941297749,5,41
2023-11-20,Tech,0.2521856501182033,0.1912013354025529,0.1785775260138329,5,66
2023-11-21,Tech,0.17800048245614036,0.16837390775584993,0.1912013354025529,5,84
2023-11-22,Tech,0.13627970588235294,0.17877524864372024,0.16837390775584993,5,78
2023-11-24,Tech,0.1359378956228956,0.18011394681591844,0.17877524864372024,5,86
2023-11-27,Tech,0.18028596405228758,0.17653793962637593,0.18011394681591844,5,65
2023-11-28,Tech,0.18701285714285715,0.1635033810313067,0.17653793962637593,5,45
2023-11-29,Tech,0.24428976190476187,0.17676123692103102,0.1635033810313067,5,50
2023-11-30,Tech,0.11995528571428571,0.17349635288741755,0.17676123692103102,5,49
2023-12-01,Tech,0.08974901960784314,0.16425857768440708,0.17349635288741755,5,32
2023-12-04,Tech,0.2079272492997199,0.16978683473389355,0.16425857768440708,5,68
2023-12-05,Tech,0.1576363725490196,0.16391153781512602,0.16978683473389355,5,52
2023-12-06,Tech,0.1919601111111111,0.15344560765639587,0.16391153781512602,5,50
2023-12-07,Tech,0.18990430476190476,0.16743541146591967,0.15344560765639587,5,61
2023-12-08,Tech,0.23246947004608298,0.19597950155356764,0.16743541146591967,5,67
2023-12-11,Tech,0.14165455782312925,0.1827249632582495,0.19597950155356764,5,125
2023-12-12,Tech,0.13178127777777776,0.17755394430400115,0.1827249632582495,5,81
2023-12-13,Tech,0.19181666666666666,0.17752525541511227,0.17755394430400115,5,45
2023-12-14,Tech,0.15302725,0.17014984446273132,0.17752525541511227,5,35
2023-12-15,Tech,0.10970402020202022,0.14559675449391876,0.17014984446273132,5,30
2023-12-18,Tech,0.13316293367346937,0.14389842966398678,0.14559675449391876,5,102
2023-12-19,Tech,0.21230000000000002,0.16000217410843123,0.14389842966398678,1,6
2023-12-20,Tech,-0.012939999999999997,0.11905084077509791,0.16000217410843123,1,5
2023-12-21,Tech,0.19071249999999998,0.12658789077509788,0.11905084077509791,1,8
2023-12-22,Tech,0.19412000000000001,0.14347108673469386,0.12658789077509788,1,5
2023-12-26,Tech,0.27637,0.17211249999999997,0.14347108673469386,1,10
2023-12-27,Tech,0.181675,0.16598749999999998,0.17211249999999997,1,4
2023-12-28,Tech,0.12276000000000001,0.19312749999999998,0.16598749999999998,1,10
2023-12-29,Tech,0.07400000000000001,0.169785,0.19312749999999998,1,8
2020-01-02,Utilities,0.743,0.743,,1,1
2020-01-03,Utilities,0.31075,0.526875,0.743,2,4
2020-01-06,Utilities,0.0796125,0.3777875,0.526875,4,6
2020-01-07,Utilities,0.743,0.469090625,0.3777875,1,1
2020-01-08,Utilities,0.27973333333333333,0.4312191666666667,0.469090625,3,3
2020-01-09,Utilities,0.12765,0.3081491666666667,0.4312191666666667,4,5
2020-01-10,Utilities,0.15612083333333332,0.2772233333333333,0.3081491666666667,4,7
2020-01-13,Utilities,0.006599999999999999,0.26262083333333336,0.2772233333333333,4,6
2020-01-14,Utilities,0.2927166666666667,0.17256416666666669,0.26262083333333336,3,5
2020-01-15,Utilities,0.102525,0.13712249999999998,0.17256416666666669,4,10
2020-01-16,Utilities,0.11748541666666666,0.13508958333333335,0.13712249999999998,4,11
2020-01-17,Utilities,0.14687555555555556,0.13324052777777778,0.13508958333333335,5,17
2020-01-21,Utilities,0.23078000000000004,0.1780765277777778,0.13324052777777778,5,15
2020-01-22,Utilities,0.16391145833333332,0.15231548611111112,0.1780765277777778,4,18
2020-01-23,Utilities,0.0064333333333333334,0.13309715277777778,0.15231548611111112,4,8
2020-01-24,Utilities,0.2320561568627451,0.1560113008169935,0.13309715277777778,5,28
2020-01-27,Utilities,-0.024917063492063494,0.12165277700746965,0.1560113008169935,4,21
2020-01-28,Utilities,0.101135,0.09572377700746966,0.12165277700746965,4,14
2020-01-29,Utilities,0.16526875000000002,0.095995235340803,0.09572377700746966,4,11
2020-01-30,Utilities,0.22937333333333332,0.140583235340803,0.095995235340803,4,11
2020-01-31,Utilities,0.15711666666666665,0.12559533730158728,0.140583235340803,4,9
2020-02-03,Utilities,0.2904770833333334,0.18867416666666667,0.12559533730158728,4,14
2020-02-04,Utilities,0.1489375,0.1982346666666667,0.18867416666666667,4,7
2020-02-05,Utilities,0.051636666666666664,0.17550824999999998,0.1982346666666667,5,18
2020-02-06,Utilities,0.20879166666666668,0.1713919166666667,0.17550824999999998,4,12
2020-02-07,Utilities,0.19463125,0.17889483333333336,0.1713919166666667,4,11
2020-02-10,Utilities,0.16223958333333333,0.15324733333333335,0.17889483333333336,4,10
2020-02-11,Utilities,0.19844821428571427,0.1631494761904762,0.15324733333333335,4,26
2020-02-12,Utilities,0.3746208333333333,0.22774630952380948,0.1631494761904762,4,17
2020-02-13,Utilities,0.26771083333333334,0.23953014285714286,0.22774630952380948,4,28
2020-02-14,Utilities,0.21099625,0.24280314285714283,0.23953014285714286,4,19
2020-02-18,Utilities,0.31575868055555556,0.2735069623015873,0.24280314285714283,4,33
2020-02-19,Utilities,0.17823939393939395,0.2694651982323232,0.2735069623015873,3,13
2020-02-20,Utilities,0.10236379487179488,0.21501379054001551,0.2694651982323232,5,27
2020-02-21,Utilities,0.44171,0.24981362387334888,0.21501379054001551,2,10
2020-02-24,Utilities,0.07972266666666666,0.2235589072066822,0.24981362387334888,5,13
2020-02-25,Utilities,0.3130291666666667,0.22301300442890443,0.2235589072066822,4,12
2020-02-26,Utilities,0.36515833333333336,0.2603967923076923,0.22301300442890443,2,5
2020-02-27,Utilities,0.3397691666666667,0.3078778666666667,0.2603967923076923,5,21
2020-02-28,Utilities,-0.16685208333333335,0.18616545,0.3078778666666667,4,12
2020-03-02,Utilities,0.3528573333333333,0.24079238333333333,0.18616545,5,13
2020-03-03,Utilities,0.025162500000000004,0.18321905,0.24079238333333333,4,9
2020-03-04,Utilities,0.6030433333333334,0.23079605,0.18321905,4,10
2020-03-05,Utilities,0.13624166666666668,0.19009055000000002,0.23079605,4,7
2020-03-06,Utilities,0.1729125,0.25804346666666667,0.19009055000000002,4,12
2020-03-09,Utilities,-0.23814583333333333,0.13984283333333336,0.25804346666666667,4,12
2020-03-10,Utilities,0.31081250000000005,0.19697283333333335,0.13984283333333336,4,6
2020-03-11,Utilities,0.04209166666666667,0.08478250000000001,0.19697283333333335,4,7
2020-03-12,Utilities,-0.015752380952380955,0.054383690476190495,0.08478250000000001,4,26
2020-03-13,Utilities,0.267175,0.07323619047619048,0.054383690476190495,4,7
2020-03-16,Utilities,0.24929190476190474,0.1707237380952381,0.07323619047619048,4,17
2020-03-17,Utilities,0.248175,0.1581962380952381,0.1707237380952381,4,7
2020-03-18,Utilities,0.37738750000000004,0.22525540476190478,0.1581962380952381,4,6
2020-03-19,Utilities,0.20422222222222222,0.2692503253968254,0.22525540476190478,3,6
2020-03-20,Utilities,0.12853124999999999,0.2415215753968254,0.2692503253968254,4,10
2020-03-23,Utilities,-0.013791428571428559,0.18890490873015872,0.2415215753968254,4,21
2020-03-24,Utilities,0.38545,0.21635990873015873,0.18890490873015872,2,4
2020-03-25,Utilities,0.4328125,0.22744490873015874,0.21635990873015873,4,9
2020-03-26,Utilities,0.190155,0.2246314642857143,0.22744490873015874,5,13
2020-03-27,Utilities,0.4932744444444444,0.29758010317460315,0.2246314642857143,3,12
2020-03-30,Utilities,0.1858723214285714,0.3375128531746031,0.29758010317460315,4,14
2020-03-31,Utilities,-0.17609375,0.22520410317460313,0.3375128531746031,4,12
2020-04-01,Utilities,-0.05755833333333332,0.1271299365079365,0.22520410317460313,5,12
2020-04-02,Utilities,0.07491666666666667,0.10408226984126982,0.1271299365079365,3,4
2020-04-03,Utilities,0.27299999999999996,0.06002738095238095,0.10408226984126982,4,6
2020-04-06,Utilities,0.46430208333333334,0.11571333333333333,0.06002738095238095,4,12
2020-04-07,Utilities,0.2411670833333333,0.19916549999999997,0.11571333333333333,4,14
2020-04-08,Utilities,0.13875,0.2384271666666667,0.19916549999999997,2,5
2020-04-09,Utilities,0.5330333333333334,0.33005049999999997,0.2384271666666667,4,9
2020-04-13,Utilities,0.06660982142857141,0.2887724642857143,0.33005049999999997,4,21
2020-04-14,Utilities,0.20696285714285714,0.23730461904761904,0.2887724642857143,4,14
2020-04-15,Utilities,0.034558750000000006,0.1959829523809524,0.23730461904761904,4,15
2020-04-16,Utilities,0.281825,0.2245979523809524,0.1959829523809524,4,16
2020-04-17,Utilities,0.39441875,0.19687503571428572,0.2245979523809524,4,14
2020-04-20,Utilities,0.07060733333333333,0.1976745380952381,0.19687503571428572,5,18
2020-04-21,Utilities,-0.07370000000000002,0.14154196666666669,0.1976745380952381,5,9
2020-04-22,Utilities,0.029652573529411762,0.140560731372549,0.14154196666666669,4,25
2020-04-23,Utilities,0.18533333333333332,0.12126239803921568,0.140560731372549,4,13
2020-04-24,Utilities,-0.0388,0.034618648039215674,0.12126239803921568,3,6
2020-04-27,Utilities,0.2817201388888889,0.0768412091503268,0.034618648039215674,4,20
2020-04-28,Utilities,0.2794166666666667,0.14746454248366012,0.0768412091503268,3,5
2020-04-29,Utilities,0.09706666666666668,0.16094736111111113,0.14746454248366012,3,6
2020-04-30,Utilities,0.187805,0.16144169444444448,0.16094736111111113,4,11
2020-05-01,Utilities,0.125115625,0.19422481944444447,0.16144169444444448,4,16
2020-05-04,Utilities,0.19971999999999998,0.17782479166666668,0.19422481944444447,5,10
2020-05-05,Utilities,0.11369136363636365,0.14467973106060605,0.17782479166666668,4,26
2020-05-06,Utilities,0.21425291666666665,0.16811698106060607,0.14467973106060605,4,14
2020-05-07,Utilities,0.14380333333333334,0.15931664772727272,0.16811698106060607,5,15
2020-05-08,Utilities,0.09495795454545455,0.15328511363636363,0.15931664772727272,4,21
2020-05-11,Utilities,0.21257708333333333,0.15585653030303032,0.15328511363636363,4,10
2020-05-12,Utilities,0.19042125,0.17120250757575756,0.15585653030303032,4,19
2020-05-13,Utilities,0.40545000000000003,0.20944192424242428,0.17120250757575756,3,6
2020-05-14,Utilities,0.182925,0.21726625757575757,0.20944192424242428,5,10
2020-05-15,Utilities,0.1668552380952381,0.2316457142857143,0.21726625757575757,5,15
2020-05-18,Utilities,0.29909166666666664,0.24894863095238096,0.2316457142857143,4,13
2020-05-19,Utilities,0.2732,0.265504380952381,0.24894863095238096,1,1
2020-05-20,Utilities,0.04406666666666666,0.19322771428571428,0.265504380952381,2,5
2020-05-21,Utilities,0.3617975,0.22900221428571427,0.19322771428571428,4,9
2020-05-22,Utilities,0.14968333333333333,0.2255678333333333,0.22900221428571427,2,5
2020-05-26,Utilities,0.3623,0.23820950000000002,0.2255678333333333,3,5
2020-05-27,Utilities,0.2149875,0.22656700000000002,0.23820950000000002,4,7
2020-05-28,Utilities,0.12490000000000001,0.24273366666666663,0.22656700000000002,4,10
2020-05-29,Utilities,0.21371666666666667,0.2131175,0.24273366666666663,4,12
2020-06-01,Utilities,0.17038333333333333,0.21725750000000002,0.2131175,4,8
2020-06-02,Utilities,0.21880833333333335,0.18855916666666667,0.21725750000000002,3,6
2020-06-03,Utilities,0.0,0.14556166666666667,0.18855916666666667,1,1
2020-06-04,Utilities,-0.060719999999999996,0.10843766666666668,0.14556166666666667,3,7
2020-06-05,Utilities,0.1113875,0.08797183333333333,0.10843766666666668,2,6
2020-06-08,Utilities,0.8519,0.2242751666666667,0.08797183333333333,2,2
2020-06-09,Utilities,0.34010833333333335,0.24853516666666664,0.2242751666666667,2,5
2020-06-10,Utilities,0.0,0.24853516666666664,0.24853516666666664,3,3
2020-06-11,Utilities,0.3182,0.32431916666666666,0.24853516666666664,2,2
2020-06-12,Utilities,0.2732,0.3566816666666667,0.32431916666666666,1,1
2020-06-15,Utilities,0.54005,0.29431166666666664,0.3566816666666667,2,4
2020-06-16,Utilities,0.255,0.27729,0.29431166666666664,2,3
2020-06-17,Utilities,0.0,0.27729,0.27729,3,3
2020-06-18,Utilities,0.48465,0.31058,0.27729,1,2
2020-06-19,Utilities,0.5264,0.36122,0.31058,2,2
2020-06-22,Utilities,0.0036999999999999997,0.25395,0.36122,3,6
2020-06-23,Utilities,0.0683,0.21660999999999997,0.25395,4,5
2020-06-24,Utilities,0.1779,0.25219,0.21660999999999997,1,1
2020-06-25,Utilities,0.2406,0.20337999999999998,0.25219,1,2
2020-06-26,Utilities,0.12773333333333334,0.12364666666666668,0.20337999999999998,3,4
2020-06-29,Utilities,0.0,0.12290666666666668,0.12364666666666668,1,1
2020-06-30,Utilities,0.17,0.1432466666666667,0.12290666666666668,1,2
2020-07-01,Utilities,0.176,0.14286666666666667,0.1432466666666667,4,6
2020-07-02,Utilities,0.8074,0.2562266666666667,0.14286666666666667,2,2
2020-07-06,Utilities,0.2675335748792271,0.2841867149758454,0.2562266666666667,3,37
2020-07-07,Utilities,-0.04300000000000001,0.2755867149758454,0.2841867149758454,2,3
2020-07-08,Utilities,-0.09633611111111111,0.22231949275362317,0.2755867149758454,3,8
2020-07-09,Utilities,0.17556666666666665,0.22223282608695652,0.22231949275362317,3,3
2020-07-10,Utilities,0.36819999999999997,0.13439282608695652,0.22223282608695652,2,2
2020-07-13,Utilities,0.020249999999999997,0.0849361111111111,0.13439282608695652,4,6
2020-07-14,Utilities,0.2732,0.14817611111111112,0.0849361111111111,2,2
2020-07-15,Utilities,0.5529666666666667,0.27803666666666665,0.14817611111111112,3,4
2020-07-16,Utilities,0.175075,0.27793833333333334,0.27803666666666665,4,5
2020-07-17,Utilities,0.3197,0.26823833333333336,0.27793833333333334,3,3
2020-07-20,Utilities,0.04176666666666667,0.2725416666666667,0.26823833333333336,3,7
2020-07-21,Utilities,0.1495,0.24780166666666664,0.2725416666666667,2,3
2020-07-22,Utilities,,0.17151041666666667,0.24780166666666664,0,0
2020-07-23,Utilities,0.15332500000000002,0.16607291666666668,0.17151041666666667,2,4
2020-07-24,Utilities,0.28565555555555555,0.15756180555555555,0.16607291666666668,3,9
2020-07-27,Utilities,-0.07295000000000001,0.1288826388888889,0.15756180555555555,4,12
2020-07-28,Utilities,0.2202,0.1465576388888889,0.1288826388888889,1,2
2020-07-29,Utilities,0.17923333333333333,0.15309277777777777,0.1465576388888889,3,5
2020-07-30,Utilities,0.1701,0.15644777777777777,0.15309277777777777,3,5
2020-07-31,Utilities,0.1966416666666667,0.138645,0.15644777777777777,2,7
2020-08-03,Utilities,0.39413333333333334,0.2320616666666667,0.138645,2,4
2020-08-04,Utilities,0.3929666666666667,0.266615,0.2320616666666667,3,5
2020-08-05,Utilities,0.0593,0.2426283333333333,0.266615,3,4
2020-08-06,Utilities,0.067925,0.22219333333333333,0.2426283333333333,2,8
2020-08-07,Utilities,0.0,0.182865,0.22219333333333333,1,1
2020-08-10,Utilities,0.07400555555555555,0.11883944444444446,0.182865,3,6
2020-08-11,Utilities,0.4428,0.12880611111111112,0.11883944444444446,2,2
2020-08-12,Utilities,0.12944,0.1428341111111111,0.12880611111111112,5,9
2020-08-13,Utilities,0.0,0.1292491111111111,0.1428341111111111,2,2
2020-08-14,Utilities,0.6369,0.2566291111111111,0.1292491111111111,2,2
2020-08-17,Utilities,0.559775,0.35378300000000007,0.2566291111111111,2,3
2020-08-18,Utilities,0.4576,0.356743,0.35378300000000007,1,1
2020-08-19,Utilities,,0.41356875,0.356743,0,0
2020-08-20,Utilities,0.18508,0.45983875,0.41356875,5,8
2020-08-21,Utilities,0.32785,0.38257625,0.45983875,2,3
2020-08-24,Utilities,0.009666666666666638,0.24504916666666665,0.38257625,3,4
2020-08-25,Utilities,0.1806,0.17579916666666667,0.24504916666666665,2,2
2020-08-26,Utilities,0.45885333333333334,0.23241,0.17579916666666667,3,8
2020-08-27,Utilities,0.2553,0.246454,0.23241,2,2
2020-08-28,Utilities,,0.226105,0.246454,0,0
2020-08-31,Utilities,0.04332333333333333,0.2345191666666667,0.226105,5,12
2020-09-01,Utilities,0.0,0.1893691666666667,0.2345191666666667,1,1
2020-09-02,Utilities,0.5934666666666667,0.2230225,0.1893691666666667,3,3
2020-09-03,Utilities,0.6466000000000001,0.32084750000000006,0.2230225,1,2
2020-09-04,Utilities,0.4404,0.344758,0.32084750000000006,1,1
2020-09-08,Utilities,-0.14581428571428573,0.3069304761904762,0.344758,5,11
2020-09-09,Utilities,0.743,0.4555304761904762,0.3069304761904762,1,1
2020-09-10,Utilities,0.0,0.3368371428571429,0.4555304761904762,2,2
2020-09-11,Utilities,0.5106,0.30963714285714283,0.3368371428571429,1,1
2020-09-14,Utilities,0.2513375,0.27182464285714286,0.30963714285714283,2,5
2020-09-15,Utilities,0.019158333333333333,0.3048191666666667,0.27182464285714286,2,7
2020-09-16,Utilities,0.1192125,0.18006166666666668,0.3048191666666667,2,5
2020-09-17,Utilities,,0.22507708333333334,0.18006166666666668,0,0
2020-09-18,Utilities,0.0,0.09742708333333333,0.22507708333333334,1,1
2020-09-21,Utilities,0.5574,0.17394270833333333,0.09742708333333333,1,1
2020-09-22,Utilities,0.6124,0.32225312500000003,0.17394270833333333,1,1
2020-09-23,Utilities,0.0,0.29245,0.32225312500000003,3,3
2020-09-24,Utilities,0.0,0.23396,0.29245,1,1
2020-09-25,Utilities,,0.29245,0.23396,0,0
2020-09-28,Utilities,0.13843999999999998,0.18771000000000002,0.29245,3,7
2020-09-29,Utilities,0.1366,0.06875999999999999,0.18771000000000002,2,2
2020-09-30,Utilities,0.42207666666666666,0.17427916666666665,0.06875999999999999,3,21
2020-10-01,Utilities,0.4404,0.2843791666666666,0.17427916666666665,2,2
2020-10-02,Utilities,0.5106,0.3296233333333333,0.2843791666666666,3,3
2020-10-05,Utilities,0.6166375,0.42526283333333337,0.3296233333333333,2,5
2020-10-06,Utilities,0.34676666666666667,0.4672961666666667,0.42526283333333337,3,5
2020-10-07,Utilities,0.3840166666666667,0.4596841666666666,0.4672961666666667,3,4
2020-10-08,Utilities,0.0,0.3716041666666667,0.4596841666666666,3,5
2020-10-09,Utilities,0.2023,0.30994416666666663,0.3716041666666667,2,2
2020-10-12,Utilities,0.4767,0.2819566666666667,0.30994416666666663,2,2
2020-10-13,Utilities,-0.022499999999999992,0.20810333333333336,0.2819566666666667,2,2
2020-10-14,Utilities,0.2732,0.18594000000000002,0.20810333333333336,3,3
2020-10-15,Utilities,0.5719,0.30032000000000003,0.18594000000000002,1,1
2020-10-16,Utilities,,0.32482500000000003,0.30032000000000003,0,0
2020-10-19,Utilities,0.39605,0.3046625,0.32482500000000003,1,4
2020-10-20,Utilities,0.0,0.3102875,0.3046625,2,3
2020-10-21,Utilities,0.13565,0.2759,0.3102875,3,8
2020-10-22,Utilities,0.16886666666666664,0.17514166666666667,0.2759,3,4
2020-10-23,Utilities,0.24970833333333334,0.190055,0.17514166666666667,2,5
2020-10-26,Utilities,0.105675,0.13198,0.190055,2,8
2020-10-27,Utilities,0.22555,0.17709,0.13198,2,2
2020-10-28,Utilities,0.0,0.14996,0.17709,2,2
2020-10-29,Utilities,0.230925,0.16237166666666666,0.14996,2,5
2020-10-30,Utilities,0.1366,0.13974999999999999,0.16237166666666666,3,4
2020-11-02,Utilities,-0.04360000000000001,0.109895,0.13974999999999999,3,10
2020-11-03,Utilities,0.28595,0.12197499999999999,0.109895,1,2
2020-11-04,Utilities,0.07320833333333333,0.13661666666666666,0.12197499999999999,3,7
2020-11-05,Utilities,0.419925,0.17441666666666666,0.13661666666666666,4,6
2020-11-06,Utilities,0.14980000000000002,0.17705666666666664,0.17441666666666666,5,7
2020-11-09,Utilities,0.17094285714285715,0.2199652380952381,0.17705666666666664,2,8
2020-11-10,Utilities,0.2732,0.2174152380952381,0.2199652380952381,1,1
2020-11-11,Utilities,0.14784999999999998,0.23234357142857145,0.2174152380952381,2,3
2020-11-12,Utilities,0.3165166666666667,0.21166190476190475,0.23234357142857145,3,4
2020-11-13,Utilities,,0.22712738095238094,0.21166190476190475,0,0
2020-11-16,Utilities,-0.09967222222222222,0.15947361111111114,0.22712738095238094,3,8
2020-11-17,Utilities,,0.12156481481481485,0.15947361111111114,0,0
2020-11-18,Utilities,0.2083,0.14171481481481485,0.12156481481481485,3,5
2020-11-19,Utilities,0.02405000000000001,0.04422592592592594,0.14171481481481485,4,5
2020-11-20,Utilities,0.05303333333333333,0.04642777777777778,0.04422592592592594,2,4
2020-11-23,Utilities,0.34946666666666665,0.15871249999999998,0.04642777777777778,2,4
2020-11-24,Utilities,0.4404,0.21505000000000002,0.15871249999999998,1,1
2020-11-25,Utilities,0.37870000000000004,0.24913000000000002,0.21505000000000002,2,4
2020-11-27,Utilities,0.6705,0.37842,0.24913000000000002,1,1
2020-11-30,Utilities,0.1602625,0.3998658333333333,0.37842,4,7
2020-12-01,Utilities,0.2732,0.38461249999999997,0.3998658333333333,1,1
2020-12-02,Utilities,0.2823875,0.35301,0.38461249999999997,4,7
2020-12-03,Utilities,,0.3465875,0.35301,0,0
2020-12-04,Utilities,0.47550000000000003,0.2978375,0.3465875,2,2
2020-12-07,Utilities,0.2732,0.326071875,0.2978375,1,1
2020-12-08,Utilities,0.33873333333333333,0.3424552083333333,0.326071875,3,3
2020-12-09,Utilities,0.57375,0.4152958333333333,0.3424552083333333,2,2
2020-12-10,Utilities,0.21441666666666667,0.37512,0.4152958333333333,2,4
2020-12-11,Utilities,0.14049999999999999,0.30812,0.37512,1,3
2020-12-14,Utilities,0.08348333333333331,0.2701766666666666,0.30812,3,4
2020-12-15,Utilities,,0.25303749999999997,0.2701766666666666,0,0
2020-12-16,Utilities,0.0,0.10959999999999999,0.25303749999999997,1,1
2020-12-17,Utilities,0.2633722222222222,0.12183888888888886,0.10959999999999999,3,6
2020-12-18,Utilities,0.2732,0.1550138888888889,0.12183888888888886,1,2
2020-12-21,Utilities,0.4179625,0.23863368055555556,0.1550138888888889,4,5
2020-12-22,Utilities,0.148,0.22050694444444444,0.23863368055555556,1,2
2020-12-23,Utilities,0.1366,0.24782694444444445,0.22050694444444444,2,2
2020-12-24,Utilities,,0.24394062500000002,0.24782694444444445,0,0
2020-12-28,Utilities,0.4771166666666667,0.29491979166666665,0.24394062500000002,3,4
2020-12-29,Utilities,,0.25390555555555555,0.29491979166666665,0,0
2020-12-30,Utilities,0.0,0.20457222222222224,0.25390555555555555,1,1
2020-12-31,Utilities,0.4404,0.3058388888888889,0.20457222222222224,1,1
2021-01-04,Utilities,0.2787,0.2990541666666667,0.3058388888888889,1,4
2021-01-05,Utilities,0.3033666666666667,0.25561666666666666,0.2990541666666667,3,3
2021-01-06,Utilities,,0.25561666666666666,0.25561666666666666,0,0
2021-01-07,Utilities,0.1366,0.2897666666666667,0.25561666666666666,2,5
2021-01-08,Utilities,0.20931111111111111,0.23199444444444445,0.2897666666666667,3,7
2021-01-11,Utilities,0.3454,0.24866944444444444,0.23199444444444445,2,3
2021-01-12,Utilities,0.4765833333333333,0.2919736111111111,0.24866944444444444,3,4
2021-01-13,Utilities,0.23473333333333335,0.28052555555555553,0.2919736111111111,3,5
2021-01-14,Utilities,-0.3818,0.17684555555555553,0.28052555555555553,1,1
2021-01-15,Utilities,0.4404,0.22306333333333334,0.17684555555555553,1,1
2021-01-19,Utilities,0.045533333333333335,0.16309,0.22306333333333334,3,4
2021-01-20,Utilities,0.23775000000000002,0.11532333333333336,0.16309,2,3
2021-01-21,Utilities,0.0,0.06837666666666668,0.11532333333333336,1,1
2021-01-22,Utilities,0.1661,0.17795666666666668,0.06837666666666668,3,3
2021-01-25,Utilities,0.23806111111111114,0.1374888888888889,0.17795666666666668,3,9
2021-01-26,Utilities,0.279375,0.18425722222222224,0.1374888888888889,1,8
2021-01-27,Utilities,0.5173,0.24016722222222225,0.18425722222222224,3,4
2021-01-28,Utilities,0.3858333333333333,0.3173338888888889,0.24016722222222225,3,5
2021-01-29,Utilities,0.2828,0.34067388888888883,0.3173338888888889,3,3
2021-02-01,Utilities,0.5081,0.39468166666666665,0.34067388888888883,1,2
2021-02-02,Utilities,0.2732,0.3934466666666666,0.39468166666666665,1,1
2021-02-03,Utilities,0.11023888888888889,0.3120344444444444,0.3934466666666666,3,6
2021-02-04,Utilities,0.2809,0.29104777777777774,0.3120344444444444,1,3
2021-02-05,Utilities,0.11273333333333334,0.25703444444444445,0.29104777777777774,3,3
2021-02-08,Utilities,0.21815,0.19904444444444444,0.25703444444444445,2,3
2021-02-09,Utilities,0.2732,0.19904444444444444,0.19904444444444444,1,1
2021-02-10,Utilities,0.314875,0.23997166666666664,0.19904444444444444,2,4
2021-02-11,Utilities,-0.012074999999999999,0.18137666666666669,0.23997166666666664,4,6
2021-02-12,Utilities,0.18653333333333333,0.19613666666666668,0.18137666666666669,3,7
2021-02-16,Utilities,0.46376,0.24525866666666668,0.19613666666666668,4,9
2021-02-17,Utilities,0.2889,0.24839866666666666,0.24525866666666668,5,7
2021-02-18,Utilities,0.27950833333333336,0.24132533333333334,0.24839866666666666,4,6
2021-02-19,Utilities,0.60075,0.3638903333333333,0.24132533333333334,2,2
2021-02-22,Utilities,0.2732,0.3812236666666666,0.3638903333333333,3,5
2021-02-23,Utilities,0.2911666666666667,0.346705,0.3812236666666666,3,5
2021-02-24,Utilities,-0.05313333333333333,0.27829833333333337,0.346705,3,4
2021-02-25,Utilities,0.0,0.22239666666666666,0.27829833333333337,3,5
2021-02-26,Utilities,-0.09866666666666667,0.08251333333333334,0.22239666666666666,3,3
2021-03-01,Utilities,-0.03959999999999999,0.01995333333333334,0.08251333333333334,3,3
2021-03-02,Utilities,-0.07089999999999999,-0.05245999999999999,0.01995333333333334,4,6
2021-03-03,Utilities,0.2023,-0.0013733333333333265,-0.05245999999999999,1,1
2021-03-04,Utilities,0.5563,0.10988666666666666,-0.0013733333333333265,1,1
2021-03-05,Utilities,0.19469999999999998,0.16856,0.10988666666666666,1,3
2021-03-08,Utilities,0.11349999999999996,0.19917999999999997,0.16856,2,3
2021-03-09,Utilities,-0.0853,0.1963,0.19917999999999997,2,2
2021-03-10,Utilities,0.3919,0.23421999999999996,0.1963,2,2
2021-03-11,Utilities,,0.15369999999999995,0.23421999999999996,0,0
2021-03-12,Utilities,0.4989,0.22974999999999995,0.15369999999999995,2,2
2021-03-15,Utilities,0.24906666666666666,0.26364166666666666,0.22974999999999995,3,5
2021-03-16,Utilities,0.08045555555555556,0.3050805555555555,0.26364166666666666,3,5
2021-03-17,Utilities,,0.27614074074074074,0.3050805555555555,0,0
2021-03-18,Utilities,0.17,0.24960555555555555,0.27614074074074074,2,2
2021-03-19,Utilities,,0.16650740740740738,0.24960555555555555,0,0
2021-03-22,Utilities,,0.12522777777777774,0.16650740740740738,0,0
2021-03-23,Utilities,0.0683,0.11914999999999995,0.12522777777777774,2,3
2021-03-24,Utilities,,0.11914999999999995,0.11914999999999995,0,0
2021-03-25,Utilities,0.5091,0.28869999999999996,0.11914999999999995,2,4
2021-03-26,Utilities,0.296,0.2911333333333333,0.28869999999999996,1,1
2021-03-29,Utilities,0.47358749999999994,0.33674687499999995,0.2911333333333333,2,5
2021-03-30,Utilities,0.2732,0.38797187499999997,0.33674687499999995,1,1
2021-03-31,Utilities,0.1366,0.3376975,0.38797187499999997,2,2
2021-04-01,Utilities,0.07048888888888889,0.24997527777777773,0.3376975,3,5
2021-04-05,Utilities,0.14144444444444446,0.21906416666666667,0.24997527777777773,3,6
2021-04-06,Utilities,0.0,0.12434666666666665,0.21906416666666667,2,3
2021-04-07,Utilities,0.1366,0.09702666666666665,0.12434666666666665,2,2
2021-04-08,Utilities,0.3996,0.14962666666666666,0.09702666666666665,3,3
2021-04-09,Utilities,0.2732,0.1901688888888889,0.14962666666666666,1,1
2021-04-12,Utilities,0.5398666666666667,0.26985333333333333,0.1901688888888889,3,3
2021-04-13,Utilities,0.11267222222222223,0.2923877777777778,0.26985333333333333,3,6
2021-04-14,Utilities,0.4639125,0.3578502777777778,0.2923877777777778,4,5
2021-04-15,Utilities,0.36005,0.34994027777777775,0.3578502777777778,1,2
2021-04-16,Utilities,,0.36912534722222223,0.34994027777777775,0,0
2021-04-19,Utilities,0.113075,0.26242743055555556,0.36912534722222223,2,7
2021-04-20,Utilities,0.3276,0.31615937499999996,0.26242743055555556,3,4
2021-04-21,Utilities,0.34495,0.28641875,0.31615937499999996,2,8
2021-04-22,Utilities,0.2643,0.26248125,0.28641875,3,7
2021-04-23,Utilities,0.09106666666666667,0.22819833333333334,0.26248125,3,3
2021-04-26,Utilities,0.23616666666666666,0.25281666666666663,0.22819833333333334,3,5
2021-04-27,Utilities,0.14533333333333334,0.21636333333333332,0.25281666666666663,3,4
2021-04-28,Utilities,0.21605,0.19058333333333333,0.21636333333333332,3,4
2021-04-29,Utilities,0.24695,0.18711333333333333,0.19058333333333333,1,2
2021-04-30,Utilities,0.197405,0.20838099999999998,0.18711333333333333,5,10
2021-05-03,Utilities,0.33525,0.22819766666666666,0.20838099999999998,2,3
2021-05-04,Utilities,0.41673333333333334,0.2824776666666667,0.22819766666666666,3,4
2021-05-05,Utilities,0.07373333333333333,0.25401433333333334,0.2824776666666667,3,5
2021-05-06,Utilities,0.0,0.20462433333333335,0.25401433333333334,1,1
2021-05-07,Utilities,0.23526666666666665,0.21219666666666667,0.20462433333333335,3,4
2021-05-10,Utilities,0.4433392857142857,0.2338145238095238,0.21219666666666667,4,10
2021-05-11,Utilities,,0.18808482142857144,0.2338145238095238,0,0
2021-05-12,Utilities,0.3952333333333333,0.26845982142857144,0.18808482142857144,3,4
2021-05-13,Utilities,0.28595,0.3399473214285714,0.26845982142857144,2,2
2021-05-14,Utilities,0.5106,0.4087806547619047,0.3399473214285714,1,1
2021-05-17,Utilities,0.1366,0.3320958333333333,0.4087806547619047,2,3
2021-05-18,Utilities,0.0386,0.2733966666666666,0.3320958333333333,2,2
2021-05-19,Utilities,0.6908,0.33251,0.2733966666666666,1,1
2021-05-20,Utilities,0.20618999999999996,0.316558,0.33251,5,7
2021-05-21,Utilities,0.3033666666666667,0.2751113333333334,0.316558,3,3
2021-05-24,Utilities,0.28744444444444445,0.30528022222222223,0.2751113333333334,3,5
2021-05-25,Utilities,0.2732,0.35220022222222225,0.30528022222222223,1,1
2021-05-26,Utilities,0.3715,0.2883402222222222,0.35220022222222225,1,2
2021-05-27,Utilities,0.36345,0.31979222222222226,0.2883402222222222,2,2
2021-05-28,Utilities,0.2732,0.31375888888888886,0.31979222222222226,1,2
2021-06-01,Utilities,0.20101666666666665,0.2964733333333333,0.31375888888888886,3,4
2021-06-02,Utilities,0.4774333333333334,0.33731999999999995,0.2964733333333333,3,3
2021-06-03,Utilities,0.0,0.26302000000000003,0.33731999999999995,4,5
2021-06-04,Utilities,0.62465,0.31526,0.26302000000000003,1,2
2021-06-07,Utilities,,0.32577500000000004,0.31526,0,0
2021-06-08,Utilities,0.2083,0.32759583333333336,0.32577500000000004,3,5
2021-06-09,Utilities,0.1366,0.2423875,0.32759583333333336,2,2
2021-06-10,Utilities,0.0,0.2423875,0.2423875,1,1
2021-06-11,Utilities,0.0,0.086225,0.2423875,2,2
2021-06-14,Utilities,0.25118333333333337,0.11921666666666668,0.086225,3,7
2021-06-15,Utilities,0.6249,0.20253666666666667,0.11921666666666668,1,1
2021-06-16,Utilities,0.0,0.1752166666666667,0.20253666666666667,2,2
2021-06-17,Utilities,0.4019,0.2555966666666667,0.1752166666666667,1,1
2021-06-18,Utilities,0.0,0.2555966666666667,0.2555966666666667,1,1
2021-06-21,Utilities,0.13710624999999999,0.23278125000000002,0.2555966666666667,4,9
2021-06-22,Utilities,,0.1347515625,0.23278125000000002,0,0
2021-06-23,Utilities,-0.13797500000000001,0.10025781249999999,0.1347515625,2,3
2021-06-24,Utilities,0.5488500000000001,0.13699531250000002,0.10025781249999999,2,3
2021-06-25,Utilities,0.7096,0.3143953125,0.13699531250000002,1,1
2021-06-28,Utilities,0.4628833333333333,0.39583958333333336,0.3143953125,3,4
2021-06-29,Utilities,0.29583333333333334,0.3758383333333334,0.39583958333333336,3,3
2021-06-30,Utilities,0.3243,0.46829333333333334,0.3758383333333334,1,2
2021-07-01,Utilities,0.1366,0.3858433333333333,0.46829333333333334,1,2
2021-07-02,Utilities,0.2732,0.29856333333333335,0.3858433333333333,1,1
2021-07-06,Utilities,0.2214,0.2502666666666667,0.29856333333333335,2,3
2021-07-07,Utilities,0.296,0.2503,0.2502666666666667,1,1
2021-07-08,Utilities,0.6348499999999999,0.31240999999999997,0.2503,1,2
2021-07-09,Utilities,0.1366,0.31240999999999997,0.31240999999999997,1,2
2021-07-12,Utilities,0.18213333333333334,0.29419666666666666,0.31240999999999997,2,6
2021-07-13,Utilities,0.1576,0.28143666666666667,0.29419666666666666,2,2
2021-07-14,Utilities,0.34,0.29023666666666664,0.28143666666666667,1,1
2021-07-15,Utilities,-0.3182,0.09962666666666667,0.29023666666666664,1,1
2021-07-16,Utilities,0.3231833333333333,0.13694333333333333,0.09962666666666667,3,8
2021-07-19,Utilities,0.056833333333333326,0.11188333333333333,0.13694333333333333,3,4
2021-07-20,Utilities,0.2732,0.13500333333333334,0.11188333333333333,2,2
2021-07-21,Utilities,-0.07955,0.05109333333333334,0.13500333333333334,2,3
2021-07-22,Utilities,0.10423750000000001,0.13558083333333332,0.05109333333333334,2,5
2021-07-23,Utilities,0.3540333333333333,0.14175083333333333,0.13558083333333332,2,4
2021-07-26,Utilities,0.42772916666666666,0.21593,0.14175083333333333,4,9
2021-07-27,Utilities,0.0,0.16129,0.21593,1,1
2021-07-28,Utilities,0.0,0.17719999999999997,0.16129,1,1
2021-07-29,Utilities,0.24695,0.2057425,0.17719999999999997,3,4
2021-07-30,Utilities,0.1366,0.16225583333333332,0.2057425,2,2
2021-08-02,Utilities,-0.1690666666666667,0.04289666666666666,0.16225583333333332,3,5
2021-08-03,Utilities,0.2732,0.09753666666666666,0.04289666666666666,1,1
2021-08-04,Utilities,0.24695,0.14692666666666665,0.09753666666666666,1,2
2021-08-05,Utilities,0.25891333333333333,0.1493193333333333,0.14692666666666665,5,7
2021-08-06,Utilities,0.166275,0.15525433333333333,0.1493193333333333,2,6
2021-08-09,Utilities,0.26735000000000003,0.24253766666666668,0.15525433333333333,3,4
2021-08-10,Utilities,0.2436,0.23661766666666667,0.24253766666666668,3,3
2021-08-11,Utilities,0.0683,0.20088766666666666,0.23661766666666667,2,3
2021-08-12,Utilities,0.060275,0.16116,0.20088766666666666,2,3
2021-08-13,Utilities,0.243,0.176505,0.16116,3,5
2021-08-16,Utilities,0.20809166666666667,0.16465333333333335,0.176505,4,8
2021-08-17,Utilities,0.296,0.17513333333333334,0.16465333333333335,1,1
2021-08-18,Utilities,,0.20184166666666667,0.17513333333333334,0,0
2021-08-19,Utilities,,0.24903055555555556,0.20184166666666667,0,0
2021-08-20,Utilities,0.5144333333333333,0.3395083333333333,0.24903055555555556,3,3
2021-08-23,Utilities,-0.07276666666666669,0.2458888888888889,0.3395083333333333,3,5
2021-08-24,Utilities,-0.07744444444444444,0.1214074074074074,0.2458888888888889,3,7
2021-08-25,Utilities,0.0116,0.09395555555555554,0.1214074074074074,2,2
2021-08-26,Utilities,,0.09395555555555554,0.09395555555555554,0,0
2021-08-27,Utilities,0.0,-0.03465277777777778,0.09395555555555554,1,1
2021-08-30,Utilities,0.36600000000000005,0.0750388888888889,-0.03465277777777778,3,5
2021-08-31,Utilities,-0.1366,0.06025000000000001,0.0750388888888889,2,4
2021-09-01,Utilities,0.1733,0.10067500000000001,0.06025000000000001,3,5
2021-09-02,Utilities,0.29569999999999996,0.13968,0.10067500000000001,2,2
2021-09-03,Utilities,0.0,0.13968,0.13968,1,1
2021-09-07,Utilities,0.1034875,0.08717749999999999,0.13968,4,8
2021-09-08,Utilities,0.0,0.1144975,0.08717749999999999,2,2
2021-09-09,Utilities,,0.099796875,0.1144975,0,0
2021-09-10,Utilities,0.42310000000000003,0.131646875,0.099796875,2,3
2021-09-13,Utilities,0.15431666666666669,0.1702260416666667,0.131646875,2,4
2021-09-14,Utilities,0.12765,0.17626666666666668,0.1702260416666667,2,3
2021-09-15,Utilities,0.5488500000000001,0.3134791666666667,0.17626666666666668,4,4
2021-09-16,Utilities,0.3457666666666667,0.3199366666666667,0.3134791666666667,3,3
2021-09-17,Utilities,-0.3182,0.1716766666666667,0.3199366666666667,1,1
2021-09-20,Utilities,0.238025,0.18841833333333335,0.1716766666666667,2,3
2021-09-21,Utilities,0.42405,0.2476983333333333,0.18841833333333335,1,2
2021-09-22,Utilities,0.6777,0.2734683333333333,0.2476983333333333,1,2
2021-09-23,Utilities,0.37877500000000003,0.28006999999999993,0.2734683333333333,2,3
2021-09-24,Utilities,,0.42963749999999995,0.28006999999999993,0,0
2021-09-27,Utilities,0.29188125,0.4431015625,0.42963749999999995,4,11
2021-09-28,Utilities,-0.01466666666666667,0.3334223958333333,0.4431015625,3,4
2021-09-29,Utilities,0.26335,0.2298348958333333,0.3334223958333333,1,2
2021-09-30,Utilities,-0.13302222222222224,0.10188559027777774,0.2298348958333333,3,6
2021-10-01,Utilities,0.0,0.0815084722222222,0.10188559027777774,3,3
2021-10-04,Utilities,-0.1298,-0.0028277777777778066,0.0815084722222222,2,4
2021-10-05,Utilities,0.0683,0.013765555555555527,-0.0028277777777778066,1,4
2021-10-06,Utilities,,-0.04863055555555558,0.013765555555555527,0,0
2021-10-07,Utilities,0.4939,0.10809999999999997,-0.04863055555555558,1,1
2021-10-08,Utilities,,0.1441333333333333,0.10809999999999997,0,0
2021-10-11,Utilities,0.15591666666666665,0.23937222222222218,0.1441333333333333,5,9
2021-10-12,Utilities,0.0,0.2166055555555555,0.23937222222222218,1,1
2021-10-13,Utilities,-0.1909,0.11472916666666663,0.2166055555555555,2,2
2021-10-14,Utilities,-0.042899999999999994,-0.01947083333333336,0.11472916666666663,1,2
2021-10-15,Utilities,0.3682666666666667,0.058076666666666645,-0.01947083333333336,3,3
2021-10-18,Utilities,0.02175000000000002,0.031243333333333328,0.058076666666666645,2,3
2021-10-19,Utilities,0.09076,0.049395333333333326,0.031243333333333328,5,6
2021-10-20,Utilities,0.33714666666666665,0.15500466666666662,0.049395333333333326,3,7
2021-10-21,Utilities,,0.2044808333333333,0.15500466666666662,0,0
2021-10-22,Utilities,0.3538,0.20086416666666662,0.2044808333333333,2,2
2021-10-25,Utilities,0.3654,0.2867766666666666,0.20086416666666662,2,4
2021-10-26,Utilities,0.1366,0.29823666666666665,0.2867766666666666,2,2
2021-10-27,Utilities,0.0734,0.23229999999999995,0.29823666666666665,3,4
2021-10-28,Utilities,-0.287725,0.12829499999999996,0.23229999999999995,2,4
2021-10-29,Utilities,0.2732,0.11217499999999998,0.12829499999999996,1,1
2021-11-01,Utilities,0.2936,0.09781499999999999,0.11217499999999998,3,3
2021-11-02,Utilities,0.0,0.07049499999999999,0.09781499999999999,2,3
2021-11-03,Utilities,0.01811666666666668,0.059438333333333315,0.07049499999999999,3,4
2021-11-04,Utilities,0.217275,0.1604383333333333,0.059438333333333315,3,8
2021-11-05,Utilities,0.27035000000000003,0.15986833333333333,0.1604383333333333,2,4
2021-11-08,Utilities,0.09106666666666667,0.11936166666666666,0.15986833333333333,3,4
2021-11-09,Utilities,-0.015749999999999993,0.11621166666666664,0.11936166666666666,4,5
2021-11-10,Utilities,0.0,0.11258833333333332,0.11621166666666664,2,3
2021-11-11,Utilities,-0.05303333333333333,0.05852666666666666,0.11258833333333332,3,4
2021-11-12,Utilities,0.4215,0.08875666666666665,0.05852666666666666,1,1
2021-11-15,Utilities,0.5260833333333333,0.17575999999999997,0.08875666666666665,3,4
2021-11-16,Utilities,0.11315,0.20154,0.17575999999999997,2,2
2021-11-17,Utilities,0.3715,0.27584,0.20154,2,2
2021-11-18,Utilities,0.09866666666666667,0.30618,0.27584,3,3
2021-11-19,Utilities,0.29295,0.28047,0.30618,2,2
2021-11-22,Utilities,0.25002777777777774,0.22525888888888884,0.28047,3,6
2021-11-23,Utilities,0.0,0.20262888888888883,0.22525888888888884,1,1
2021-11-24,Utilities,0.34,0.19632888888888886,0.20262888888888883,1,1
2021-11-26,Utilities,,0.2207444444444444,0.19632888888888886,0,0
2021-11-29,Utilities,0.23775000000000002,0.2069444444444444,0.2207444444444444,1,4
2021-11-30,Utilities,0.348,0.2314375,0.2069444444444444,2,4
2021-12-01,Utilities,0.045533333333333335,0.2428208333333333,0.2314375,3,4
2021-12-02,Utilities,0.0,0.1578208333333333,0.2428208333333333,1,1
2021-12-03,Utilities,0.4153,0.20931666666666665,0.1578208333333333,2,3
2021-12-06,Utilities,0.3246,0.22668666666666662,0.20931666666666665,3,3
2021-12-07,Utilities,0.424975,0.2420816666666666,0.22668666666666662,2,3
2021-12-08,Utilities,-0.2732,0.17833499999999997,0.2420816666666666,1,1
2021-12-09,Utilities,,0.22291874999999997,0.17833499999999997,0,0
2021-12-10,Utilities,0.296,0.19309374999999995,0.22291874999999997,1,1
2021-12-13,Utilities,0.35165,0.19985624999999996,0.19309374999999995,2,4
2021-12-14,Utilities,0.1815,0.13898749999999999,0.19985624999999996,3,3
2021-12-15,Utilities,0.09106666666666667,0.23005416666666664,0.13898749999999999,3,3
2021-12-16,Utilities,0.0129,0.1866233333333333,0.23005416666666664,2,2
2021-12-17,Utilities,0.0,0.1274233333333333,0.1866233333333333,4,4
2021-12-20,Utilities,0.30673333333333336,0.11843999999999996,0.1274233333333333,3,4
2021-12-21,Utilities,0.5794,0.19802,0.11843999999999996,2,2
2021-12-22,Utilities,0.0,0.17980666666666667,0.19802,1,1
2021-12-23,Utilities,0.4576,0.26874666666666663,0.17980666666666667,1,1
2021-12-27,Utilities,-0.10115,0.24851666666666666,0.26874666666666663,1,2
2021-12-28,Utilities,-0.01056666666666665,0.18505666666666667,0.24851666666666666,3,3
2021-12-29,Utilities,0.2197166666666667,0.11311999999999997,0.18505666666666667,3,4
2021-12-30,Utilities,0.429075,0.198935,0.11311999999999997,2,3
2021-12-31,Utilities,0.1366,0.134735,0.198935,2,3
2022-01-03,Utilities,0.11513333333333335,0.17799166666666663,0.134735,3,5
2022-01-04,Utilities,0.20779999999999998,0.221665,0.17799166666666663,5,5
2022-01-05,Utilities,0.20395000000000002,0.21851166666666666,0.221665,2,2
2022-01-06,Utilities,0.296,0.19189666666666666,0.21851166666666666,1,1
2022-01-07,Utilities,0.14880000000000002,0.19433666666666666,0.19189666666666666,3,3
2022-01-10,Utilities,0.4137375,0.25405749999999994,0.19433666666666666,4,8
2022-01-11,Utilities,0.148,0.2420975,0.25405749999999994,2,2
2022-01-12,Utilities,0.0,0.20130749999999997,0.2420975,1,1
2022-01-13,Utilities,0.26381666666666664,0.19487083333333327,0.20130749999999997,3,4
2022-01-14,Utilities,0.1575625,0.1966233333333333,0.19487083333333327,4,6
2022-01-18,Utilities,0.38975333333333334,0.19182649999999996,0.1966233333333333,5,9
2022-01-19,Utilities,0.2142366666666667,0.2050738333333333,0.19182649999999996,5,9
2022-01-20,Utilities,0.3992,0.2849138333333333,0.2050738333333333,4,5
2022-01-21,Utilities,0.17818,0.2677865,0.2849138333333333,5,9
2022-01-24,Utilities,-0.016675000000000006,0.23293899999999995,0.2677865,3,6
2022-01-25,Utilities,0.3530979166666667,0.22560791666666663,0.23293899999999995,4,16
2022-01-26,Utilities,0.34003333333333335,0.25076725,0.22560791666666663,3,4
2022-01-27,Utilities,0.4215833333333333,0.2552439166666667,0.25076725,4,7
2022-01-28,Utilities,0.22712666666666664,0.26503325,0.2552439166666667,5,7
2022-01-31,Utilities,0.2176958333333333,0.31190741666666666,0.26503325,4,11
2022-02-01,Utilities,0.4124666666666667,0.3237811666666667,0.31190741666666666,4,9
2022-02-02,Utilities,0.2650666666666667,0.30878783333333326,0.3237811666666667,3,5
2022-02-03,Utilities,0.40759999999999996,0.30599116666666665,0.30878783333333326,4,6
2022-02-04,Utilities,0.39932291666666664,0.3404304166666666,0.30599116666666665,4,10
2022-02-07,Utilities,0.14033333333333334,0.3249579166666666,0.3404304166666666,5,11
2022-02-08,Utilities,0.26043333333333335,0.29455124999999993,0.3249579166666666,3,7
2022-02-09,Utilities,0.35675555555555555,0.3128890277777777,0.29455124999999993,3,6
2022-02-10,Utilities,0.278355,0.28704002777777776,0.3128890277777777,5,13
2022-02-11,Utilities,0.147532,0.23668184444444443,0.28704002777777776,5,9
2022-02-14,Utilities,0.3057533333333333,0.2697658444444444,0.23668184444444443,5,10
2022-02-15,Utilities,0.32927999999999996,0.28353517777777776,0.2697658444444444,5,7
2022-02-16,Utilities,0.15103333333333332,0.24239073333333333,0.28353517777777776,4,6
2022-02-17,Utilities,0.136635,0.2140467333333333,0.24239073333333333,5,12
2022-02-18,Utilities,0.05445,0.1954303333333333,0.2140467333333333,4,8
2022-02-22,Utilities,0.075186,0.1493168666666666,0.1954303333333333,5,19
2022-02-23,Utilities,0.1125388888888889,0.10596864444444443,0.1493168666666666,3,10
2022-02-24,Utilities,0.11105000000000001,0.09797197777777775,0.10596864444444443,4,8
2022-02-25,Utilities,0.1591,0.10246497777777777,0.09797197777777775,2,2
2022-02-28,Utilities,0.2813333333333333,0.14784164444444442,0.10246497777777777,3,8
2022-03-01,Utilities,0.29710416666666667,0.19222527777777776,0.14784164444444442,4,7
2022-03-02,Utilities,0.0,0.16971749999999997,0.19222527777777776,2,2
2022-03-03,Utilities,0.10115,0.16773749999999998,0.16971749999999997,2,2
2022-03-04,Utilities,0.152725,0.16646249999999999,0.16773749999999998,4,7
2022-03-07,Utilities,0.2588333333333333,0.16196249999999995,0.16646249999999999,3,6
2022-03-08,Utilities,0.05769999999999999,0.11408166666666664,0.16196249999999995,2,3
2022-03-09,Utilities,0.035449999999999995,0.12117166666666664,0.11408166666666664,1,2
2022-03-10,Utilities,0.062360000000000006,0.11341366666666663,0.12117166666666664,5,7
2022-03-11,Utilities,0.5574,0.19434866666666664,0.11341366666666663,1,1
2022-03-14,Utilities,0.07681666666666666,0.15794533333333333,0.19434866666666664,4,7
2022-03-15,Utilities,0.23775000000000002,0.1939553333333333,0.15794533333333333,2,2
2022-03-16,Utilities,0.15,0.2168653333333333,0.1939553333333333,4,6
2022-03-17,Utilities,0.07665,0.21972333333333333,0.2168653333333333,2,5
2022-03-18,Utilities,0.4019,0.1886233333333333,0.21972333333333333,1,1
2022-03-21,Utilities,0.09696000000000002,0.192652,0.1886233333333333,5,9
2022-03-22,Utilities,0.52945,0.250992,0.192652,2,3
2022-03-23,Utilities,0.2732,0.275632,0.250992,1,1
2022-03-24,Utilities,0.2732,0.31494199999999994,0.275632,2,2
2022-03-25,Utilities,0.16094999999999998,0.266752,0.31494199999999994,1,2
2022-03-28,Utilities,0.39420666666666665,0.3262013333333333,0.266752,3,7
2022-03-29,Utilities,0.06812666666666667,0.2339366666666666,0.3262013333333333,3,7
2022-03-30,Utilities,0.5673333333333334,0.2927633333333333,0.2339366666666666,3,4
2022-03-31,Utilities,0.2969625,0.2975158333333333,0.2927633333333333,4,6
2022-04-01,Utilities,0.38966666666666666,0.3432591666666666,0.2975158333333333,1,3
2022-04-04,Utilities,0.1858,0.3015778333333333,0.3432591666666666,3,3
2022-04-05,Utilities,0.27115,0.3421825,0.3015778333333333,2,2
2022-04-06,Utilities,0.38558333333333333,0.30583249999999995,0.3421825,3,4
2022-04-07,Utilities,0.17498888888888886,0.28143777777777773,0.30583249999999995,3,5
2022-04-08,Utilities,,0.2543805555555555,0.28143777777777773,0,0
2022-04-11,Utilities,0.2553,0.27175555555555553,0.2543805555555555,3,4
2022-04-12,Utilities,0.353175,0.29226180555555553,0.27175555555555553,4,4
2022-04-13,Utilities,0.4939,0.3193409722222222,0.29226180555555553,1,1
2022-04-14,Utilities,0.22555,0.33198124999999995,0.3193409722222222,2,2
2022-04-18,Utilities,0.2447375,0.3145325,0.33198124999999995,2,5
2022-04-19,Utilities,0.33483333333333337,0.3304391666666667,0.3145325,3,3
2022-04-20,Utilities,-0.11315,0.23717416666666669,0.3304391666666667,2,2
2022-04-21,Utilities,0.19047,0.17648816666666667,0.23717416666666669,5,18
2022-04-22,Utilities,0.15847333333333333,0.1630728333333333,0.17648816666666667,5,13
2022-04-25,Utilities,0.3818666666666667,0.19049866666666665,0.1630728333333333,4,13
2022-04-26,Utilities,0.407225,0.20497699999999996,0.19049866666666665,4,4
2022-04-27,Utilities,0.07993888888888889,0.24359477777777777,0.20497699999999996,3,6
2022-04-28,Utilities,0.30823333333333336,0.26714744444444444,0.24359477777777777,5,23
2022-04-29,Utilities,0.3003777777777778,0.2955283333333333,0.26714744444444444,3,9
2022-05-02,Utilities,0.19405777777777777,0.25796655555555553,0.2955283333333333,3,12
2022-05-03,Utilities,0.4174266666666667,0.2600068888888889,0.25796655555555553,5,10
2022-05-04,Utilities,0.2859857142857143,0.30121625396825397,0.2600068888888889,3,11
2022-05-05,Utilities,0.22503166666666666,0.28457592063492065,0.30121625396825397,5,19
2022-05-06,Utilities,0.12557208333333333,0.24961478174603174,0.28457592063492065,4,14
2022-05-09,Utilities,0.14542291666666668,0.2398878095238095,0.24961478174603174,4,12
2022-05-10,Utilities,0.0,0.15640247619047618,0.2398878095238095,1,1
2022-05-11,Utilities,0.17556666666666665,0.13431866666666664,0.15640247619047618,3,5
2022-05-12,Utilities,0.098875,0.10908733333333331,0.13431866666666664,3,6
2022-05-13,Utilities,0.3959,0.16315291666666662,0.10908733333333331,2,4
2022-05-16,Utilities,0.2732,0.1887083333333333,0.16315291666666662,2,2
2022-05-17,Utilities,0.31206,0.2511203333333333,0.1887083333333333,5,5
2022-05-18,Utilities,0.0,0.21600699999999998,0.2511203333333333,2,2
2022-05-19,Utilities,0.262625,0.24875699999999998,0.21600699999999998,2,3
2022-05-20,Utilities,0.06638055555555555,0.18285311111111108,0.24875699999999998,3,9
2022-05-23,Utilities,0.1938625,0.16698561111111107,0.18285311111111108,4,8
2022-05-24,Utilities,0.2240125,0.14937611111111107,0.16698561111111107,2,5
2022-05-25,Utilities,0.18213333333333334,0.18580277777777773,0.14937611111111107,3,4
2022-05-26,Utilities,0.16945,0.16716777777777775,0.18580277777777773,2,3
2022-05-27,Utilities,0.5719,0.2682716666666666,0.16716777777777775,1,1
2022-05-31,Utilities,0.226885,0.2748761666666667,0.2682716666666666,5,10
2022-06-01,Utilities,0.4337125,0.3168161666666666,0.2748761666666667,4,6
2022-06-02,Utilities,0.44744999999999996,0.36987949999999997,0.3168161666666666,2,3
2022-06-03,Utilities,0.18145,0.3722795,0.36987949999999997,3,6
2022-06-06,Utilities,0.1963222222222222,0.2971639444444444,0.3722795,3,6
2022-06-07,Utilities,0.20395,0.29257694444444443,0.2971639444444444,4,5
2022-06-08,Utilities,0.3246666666666667,0.2707677777777778,0.29257694444444443,3,3
2022-06-09,Utilities,0.10734666666666666,0.20274711111111107,0.2707677777777778,5,11
2022-06-10,Utilities,0.2973625,0.2259296111111111,0.20274711111111107,4,8
2022-06-13,Utilities,0.126945,0.21205416666666665,0.2259296111111111,5,11
2022-06-14,Utilities,0.16754166666666667,0.20477249999999997,0.21205416666666665,3,8
2022-06-15,Utilities,0.0,0.13983916666666665,0.20477249999999997,3,4
2022-06-16,Utilities,-0.02417999999999999,0.11353383333333329,0.13983916666666665,5,9
2022-06-17,Utilities,0.05948,0.06595733333333331,0.11353383333333329,5,6
2022-06-21,Utilities,0.1615,0.07286833333333331,0.06595733333333331,3,7
2022-06-22,Utilities,0.42571666666666663,0.1245033333333333,0.07286833333333331,5,11
2022-06-23,Utilities,0.3308888888888889,0.19068111111111108,0.1245033333333333,3,6
2022-06-24,Utilities,0.1591,0.22733711111111105,0.19068111111111108,2,2
2022-06-27,Utilities,0.2080142857142857,0.2570439682539682,0.22733711111111105,2,9
2022-06-28,Utilities,0.24272916666666666,0.27328980158730154,0.2570439682539682,4,7
2022-06-29,Utilities,0.19032499999999997,0.2262114682539682,0.27328980158730154,4,8
2022-06-30,Utilities,0.14246,0.18852569047619044,0.2262114682539682,5,6
2022-07-01,Utilities,-0.04963333333333333,0.14677902380952376,0.18852569047619044,3,4
2022-07-05,Utilities,0.21636666666666668,0.14844949999999996,0.14677902380952376,3,7
2022-07-06,Utilities,0.4032,0.18054366666666663,0.14844949999999996,3,4
2022-07-07,Utilities,0.2671833333333333,0.1959153333333333,0.18054366666666663,3,4
2022-07-08,Utilities,0.16378333333333334,0.20017999999999994,0.1959153333333333,4,7
2022-07-11,Utilities,0.1663,0.24336666666666665,0.20017999999999994,4,7
2022-07-12,Utilities,,0.2501166666666666,0.24336666666666665,0,0
2022-07-13,Utilities,0.13396666666666665,0.18280833333333327,0.2501166666666666,3,3
2022-07-14,Utilities,0.15451666666666666,0.15464166666666662,0.18280833333333327,3,6
2022-07-15,Utilities,0.27018666666666663,0.18124249999999995,0.15464166666666662,3,8
2022-07-18,Utilities,0.20994933333333332,0.19215483333333327,0.18124249999999995,5,13
2022-07-19,Utilities,0.22353333333333333,0.1984305333333333,0.19215483333333327,4,7
2022-07-20,Utilities,0.1436125,0.20035969999999997,0.1984305333333333,4,6
2022-07-21,Utilities,0.10825,0.19110636666666664,0.20035969999999997,4,5
2022-07-22,Utilities,0.298985,0.19686603333333333,0.19110636666666664,5,13
2022-07-25,Utilities,0.18688333333333332,0.19225283333333332,0.19686603333333333,3,8
2022-07-26,Utilities,0.23231799999999997,0.19400976666666664,0.19225283333333332,5,12
2022-07-27,Utilities,0.246075,0.21450226666666664,0.19400976666666664,5,10
2022-07-28,Utilities,0.3447119047619048,0.2617946476190476,0.21450226666666664,5,18
2022-07-29,Utilities,0.351575,0.27231264761904755,0.2617946476190476,5,12
2022-08-01,Utilities,0.12462222222222223,0.25986042539682536,0.27231264761904755,3,8
2022-08-02,Utilities,0.2118625,0.25576932539682534,0.25986042539682536,2,6
2022-08-03,Utilities,0.237601,0.2540745253968254,0.25576932539682534,5,17
2022-08-04,Utilities,0.3190990476190476,0.24895195396825393,0.2540745253968254,5,19
2022-08-05,Utilities,0.24279583333333335,0.22719612063492062,0.24895195396825393,4,16
2022-08-08,Utilities,0.2837854166666667,0.25902875952380955,0.22719612063492062,4,14
2022-08-09,Utilities,0.13548,0.24375225952380947,0.25902875952380955,4,9
2022-08-10,Utilities,0.2964,0.2555120595238095,0.24375225952380947,5,10
2022-08-11,Utilities,-0.022133333333333345,0.18726558333333326,0.2555120595238095,2,5
2022-08-12,Utilities,0.5326500000000001,0.24523641666666665,0.18726558333333326,1,2
2022-08-15,Utilities,0.2270625,0.2338918333333333,0.24523641666666665,4,7
2022-08-16,Utilities,0.13069375,0.2329345833333333,0.2338918333333333,4,11
2022-08-17,Utilities,0.3844,0.2505345833333333,0.2329345833333333,3,3
2022-08-18,Utilities,0.3545,0.32586124999999994,0.2505345833333333,3,6
2022-08-19,Utilities,0.09446666666666666,0.23822458333333327,0.32586124999999994,3,6
2022-08-22,Utilities,0.3041916666666667,0.2536504166666666,0.23822458333333327,4,6
2022-08-23,Utilities,0.050875000000000004,0.23768666666666666,0.2536504166666666,4,5
2022-08-24,Utilities,0.388975,0.23860166666666666,0.23768666666666666,2,3
2022-08-25,Utilities,0.24612,0.21692566666666663,0.23860166666666666,2,6
2022-08-26,Utilities,0.2049,0.2390123333333333,0.21692566666666663,2,3
2022-08-29,Utilities,0.329125,0.243999,0.2390123333333333,4,5
2022-08-30,Utilities,0.056131249999999994,0.24505024999999997,0.243999,4,7
2022-08-31,Utilities,0.17553333333333332,0.20236191666666664,0.24505024999999997,3,5
2022-09-01,Utilities,0.11444000000000001,0.17602591666666662,0.20236191666666664,5,8
2022-09-02,Utilities,0.10057777777777778,0.15516147222222218,0.17602591666666662,3,5
2022-09-06,Utilities,0.2880625,0.1469489722222222,0.15516147222222218,4,7
2022-09-07,Utilities,0.19389,0.17450072222222218,0.1469489722222222,5,9
2022-09-08,Utilities,0.10568666666666666,0.16053138888888885,0.17450072222222218,5,9
2022-09-09,Utilities,0.3106875,0.19978088888888884,0.16053138888888885,4,8
2022-09-12,Utilities,0.23996666666666666,0.2276586666666666,0.19978088888888884,4,11
2022-09-13,Utilities,0.0086,0.17176616666666664,0.2276586666666666,3,3
2022-09-14,Utilities,0.19855,0.17269816666666662,0.17176616666666664,3,4
2022-09-15,Utilities,0.29800166666666666,0.21116116666666662,0.17269816666666662,5,14
2022-09-16,Utilities,0.4179833333333334,0.2326203333333333,0.21116116666666662,5,8
2022-09-19,Utilities,0.2429666666666667,0.2332203333333333,0.2326203333333333,3,8
2022-09-20,Utilities,0.1088625,0.2532728333333333,0.2332203333333333,4,6
2022-09-21,Utilities,0.5710000000000001,0.32776283333333334,0.2532728333333333,2,2
2022-09-22,Utilities,0.13471041666666667,0.29510458333333334,0.32776283333333334,4,14
2022-09-23,Utilities,0.19818333333333335,0.25114458333333334,0.29510458333333334,3,5
2022-09-26,Utilities,0.57662,0.31787525,0.25114458333333334,5,11
2022-09-27,Utilities,0.19482222222222223,0.33506719444444444,0.31787525,3,6
2022-09-28,Utilities,-0.04951666666666665,0.21096386111111104,0.33506719444444444,5,10
2022-09-29,Utilities,0.5719,0.29840177777777777,0.21096386111111104,1,1
2022-09-30,Utilities,0.0593,0.27062511111111104,0.29840177777777777,1,3
2022-10-03,Utilities,0.116375,0.17857611111111107,0.27062511111111104,4,7
2022-10-04,Utilities,0.11873124999999998,0.1633579166666666,0.17857611111111107,4,10
2022-10-05,Utilities,0.22012,0.21728524999999993,0.1633579166666666,5,7
2022-10-06,Utilities,0.0875375,0.12041274999999996,0.21728524999999993,4,7
2022-10-07,Utilities,0.40962333333333334,0.19047741666666662,0.12041274999999996,5,8
2022-10-10,Utilities,0.516825,0.2705674166666666,0.19047741666666662,2,3
2022-10-11,Utilities,0.2722333333333333,0.3012678333333333,0.2705674166666666,3,3
2022-10-12,Utilities,0.022766666666666668,0.26179716666666664,0.3012678333333333,3,6
2022-10-13,Utilities,0.1366,0.27160966666666664,0.26179716666666664,2,2
2022-10-14,Utilities,0.279025,0.24548999999999993,0.27160966666666664,4,6
2022-10-17,Utilities,-0.09354,0.12341699999999996,0.24548999999999993,5,9
2022-10-18,Utilities,0.4578333333333333,0.16053699999999996,0.12341699999999996,3,3
2022-10-19,Utilities,0.06483333333333333,0.16895033333333326,0.16053699999999996,4,6
2022-10-20,Utilities,0.12504666666666667,0.1666396666666666,0.16895033333333326,5,8
2022-10-21,Utilities,0.16757499999999997,0.1443496666666666,0.1666396666666666,5,12
2022-10-24,Utilities,0.2401533333333333,0.21108833333333327,0.1443496666666666,5,8
2022-10-25,Utilities,0.22554166666666667,0.16462999999999994,0.21108833333333327,4,10
2022-10-26,Utilities,0.20196666666666666,0.1920566666666666,0.16462999999999994,4,7
2022-10-27,Utilities,0.007048333333333323,0.16845699999999994,0.1920566666666666,4,15
2022-10-28,Utilities,0.2069111111111111,0.17632422222222216,0.16845699999999994,4,12
2022-10-31,Utilities,0.46555666666666673,0.22140488888888887,0.17632422222222216,5,8
2022-11-01,Utilities,0.6576500000000001,0.30782655555555555,0.22140488888888887,2,2
2022-11-02,Utilities,0.3371375,0.33486072222222224,0.30782655555555555,4,6
2022-11-03,Utilities,0.27241041666666665,0.38793313888888886,0.33486072222222224,4,11
2022-11-04,Utilities,0.40073000000000003,0.42669691666666665,0.38793313888888886,4,16
2022-11-07,Utilities,-0.021733333333333344,0.3292389166666666,0.42669691666666665,5,12
2022-11-08,Utilities,0.1897333333333333,0.23565558333333328,0.3292389166666666,3,3
2022-11-09,Utilities,0.1784125,0.20391058333333328,0.23565558333333328,4,5
2022-11-10,Utilities,0.472375,0.24390349999999997,0.20391058333333328,2,4
2022-11-11,Utilities,0.11735999999999999,0.18722949999999994,0.24390349999999997,5,6
2022-11-14,Utilities,0.07172,0.20592016666666663,0.18722949999999994,5,12
2022-11-15,Utilities,0.2755,0.22307349999999998,0.20592016666666663,1,1
2022-11-16,Utilities,0.2215875,0.23170849999999996,0.22307349999999998,4,6
2022-11-17,Utilities,,0.17154187499999995,0.23170849999999996,0,0
2022-11-18,Utilities,0.09459375,0.16585031249999996,0.17154187499999995,4,7
2022-11-21,Utilities,0.13686874999999998,0.18213749999999995,0.16585031249999996,4,9
2022-11-22,Utilities,0.045533333333333335,0.12464583333333328,0.18213749999999995,3,5
2022-11-23,Utilities,0.29822499999999996,0.14380520833333327,0.12464583333333328,4,5
2022-11-25,Utilities,0.217675,0.15857916666666663,0.14380520833333327,4,5
2022-11-28,Utilities,0.2553,0.19072041666666661,0.15857916666666663,2,2
2022-11-29,Utilities,0.17276666666666665,0.19789999999999994,0.19072041666666661,3,5
2022-11-30,Utilities,0.20335,0.22946333333333327,0.19789999999999994,3,4
2022-12-01,Utilities,0.24657500000000002,0.21913333333333332,0.22946333333333327,4,5
2022-12-02,Utilities,0.5445,0.28449833333333324,0.21913333333333332,2,2
2022-12-05,Utilities,0.231725,0.2797833333333333,0.28449833333333324,4,8
2022-12-06,Utilities,-0.038275,0.23757499999999995,0.2797833333333333,2,3
2022-12-07,Utilities,0.3615333333333333,0.2692116666666666,0.23757499999999995,3,3
2022-12-08,Utilities,-0.11315,0.19726666666666662,0.2692116666666666,2,2
2022-12-09,Utilities,0.09625833333333333,0.10761833333333329,0.19726666666666662,4,7
2022-12-12,Utilities,0.2871,0.11869333333333329,0.10761833333333329,4,6
2022-12-13,Utilities,0.22130625,0.1706095833333333,0.11869333333333329,4,7
2022-12-14,Utilities,0.0,0.09830291666666664,0.1706095833333333,1,1
2022-12-15,Utilities,0.40754999999999997,0.20244291666666664,0.09830291666666664,4,5
2022-12-16,Utilities,0.363475,0.25588625,0.20244291666666664,2,6
2022-12-19,Utilities,0.27981666666666666,0.2544295833333333,0.25588625,3,6
2022-12-20,Utilities,0.39749999999999996,0.2896683333333333,0.2544295833333333,4,8
2022-12-21,Utilities,0.5081,0.3912883333333333,0.2896683333333333,2,2
2022-12-22,Utilities,0.0,0.3097783333333333,0.3912883333333333,2,2
2022-12-23,Utilities,0.45930000000000004,0.32894333333333325,0.3097783333333333,2,3
2022-12-27,Utilities,0.17592666666666665,0.3081653333333333,0.32894333333333325,3,9
2022-12-28,Utilities,0.1366,0.2559853333333333,0.3081653333333333,3,4
2022-12-29,Utilities,0.015149999999999997,0.15739533333333328,0.2559853333333333,2,2
2022-12-30,Utilities,0.21200000000000002,0.1997953333333333,0.15739533333333328,5,5
2023-01-03,Utilities,0.135575,0.1350503333333333,0.1997953333333333,4,4
2023-01-04,Utilities,0.2338375,0.14663249999999994,0.1350503333333333,4,8
2023-01-05,Utilities,0.201825,0.15967749999999997,0.14663249999999994,4,8
2023-01-06,Utilities,0.04500000000000001,0.16564749999999998,0.15967749999999997,1,2
2023-01-09,Utilities,0.053426666666666664,0.13393283333333328,0.16564749999999998,5,8
2023-01-10,Utilities,-0.125,0.08181783333333328,0.13393283333333328,1,2
2023-01-11,Utilities,0.08693333333333335,0.052436999999999956,0.08181783333333328,3,4
2023-01-12,Utilities,0.0627875,0.02462949999999996,0.052436999999999956,4,7
2023-01-13,Utilities,0.15225,0.046079499999999954,0.02462949999999996,3,4
2023-01-17,Utilities,0.21134375,0.07766291666666662,0.046079499999999954,4,8
2023-01-18,Utilities,0.34676666666666667,0.17201624999999995,0.07766291666666662,3,3
2023-01-19,Utilities,0.16392,0.1874135833333333,0.17201624999999995,5,5
2023-01-20,Utilities,0.021444444444444447,0.17914497222222217,0.1874135833333333,3,7
2023-01-23,Utilities,0.17944666666666667,0.18458430555555552,0.17914497222222217,5,12
2023-01-24,Utilities,0.2783333333333333,0.1979822222222222,0.18458430555555552,4,12
2023-01-25,Utilities,0.340265,0.19668188888888885,0.1979822222222222,4,14
2023-01-26,Utilities,0.15788666666666668,0.1954752222222222,0.19668188888888885,5,14
2023-01-27,Utilities,0.30320833333333336,0.251828,0.1954752222222222,4,6
2023-01-30,Utilities,0.1708666666666667,0.25011199999999995,0.251828,3,6
2023-01-31,Utilities,0.22748333333333332,0.23994199999999996,0.25011199999999995,4,8
2023-02-01,Utilities,-0.02065,0.16775899999999996,0.23994199999999996,5,7
2023-02-02,Utilities,0.193525,0.17488666666666663,0.16775899999999996,4,8
2023-02-03,Utilities,0.4133458333333333,0.1969141666666666,0.17488666666666663,4,9
2023-02-06,Utilities,0.15076666666666666,0.1928941666666666,0.1969141666666666,5,15
2023-02-07,Utilities,0.2514208333333333,0.19768166666666662,0.1928941666666666,4,10
2023-02-08,Utilities,0.2883848484848485,0.25948863636363634,0.19768166666666662,3,18
2023-02-09,Utilities,0.2697575,0.2747351363636363,0.25948863636363634,5,15
2023-02-10,Utilities,0.1366,0.21938596969696963,0.2747351363636363,3,4
2023-02-13,Utilities,0.22849583333333334,0.23493180303030298,0.21938596969696963,4,9
2023-02-14,Utilities,0.24017400000000003,0.23268243636363634,0.23493180303030298,5,11
2023-02-15,Utilities,0.221775,0.21936046666666664,0.23268243636363634,4,5
2023-02-16,Utilities,0.33132395833333333,0.2316737583333333,0.21936046666666664,4,16
2023-02-17,Utilities,0.27875000000000005,0.2601037583333333,0.2316737583333333,4,10
2023-02-21,Utilities,0.14830333333333331,0.24406525833333328,0.2601037583333333,5,18
2023-02-22,Utilities,0.18041666666666667,0.23211379166666662,0.24406525833333328,3,7
2023-02-23,Utilities,0.19772666666666666,0.227304125,0.23211379166666662,4,12
2023-02-24,Utilities,0.20338250000000002,0.20171583333333332,0.227304125,4,10
2023-02-27,Utilities,0.267536,0.19947303333333327,0.20171583333333332,5,12
2023-02-28,Utilities,0.25595,0.22100236666666664,0.19947303333333327,4,5
2023-03-01,Utilities,0.35366666666666663,0.25565236666666663,0.22100236666666664,3,4
2023-03-02,Utilities,0.09106666666666667,0.2343203666666666,0.25565236666666663,3,3
2023-03-03,Utilities,0.03463333333333334,0.20057053333333327,0.2343203666666666,3,3
2023-03-06,Utilities,0.18457500000000002,0.1839783333333333,0.20057053333333327,4,9
2023-03-07,Utilities,0.08493333333333333,0.14977499999999994,0.1839783333333333,5,13
2023-03-08,Utilities,0.11508750000000001,0.10205916666666663,0.14977499999999994,2,5
2023-03-09,Utilities,0.07955,0.0997558333333333,0.10205916666666663,2,3
2023-03-10,Utilities,0.383225,0.16947416666666662,0.0997558333333333,4,7
2023-03-13,Utilities,0.3269875,0.19795666666666661,0.16947416666666662,2,5
2023-03-14,Utilities,-0.004044444444444443,0.18016111111111105,0.19795666666666661,3,5
2023-03-15,Utilities,0.30800625000000004,0.21874486111111105,0.18016111111111105,4,9
2023-03-16,Utilities,0.045160000000000006,0.21186686111111105,0.21874486111111105,5,9
2023-03-17,Utilities,0.26242916666666666,0.1877076944444444,0.21186686111111105,4,11
2023-03-20,Utilities,0.13736666666666666,0.14978352777777773,0.1877076944444444,4,10
2023-03-21,Utilities,0.1121,0.1730124166666666,0.14978352777777773,4,5
2023-03-22,Utilities,0.045533333333333335,0.12051783333333328,0.1730124166666666,4,8
2023-03-23,Utilities,-0.06321875,0.09884208333333327,0.12051783333333328,4,7
2023-03-24,Utilities,0.35015,0.11638624999999996,0.09884208333333327,2,2
2023-03-27,Utilities,0.31046874999999996,0.15100666666666662,0.11638624999999996,4,7
2023-03-28,Utilities,0.4283,0.21424666666666664,0.15100666666666662,4,7
2023-03-29,Utilities,0.09575,0.22428999999999996,0.21424666666666664,4,8
2023-03-30,Utilities,0.30986250000000004,0.29890625,0.22428999999999996,4,5
2023-03-31,Utilities,0.1426111111111111,0.2573984722222222,0.29890625,3,8
2023-04-03,Utilities,0.1872625,0.2327572222222222,0.2573984722222222,4,8
2023-04-04,Utilities,0.18112083333333334,0.18332138888888885,0.2327572222222222,4,7
2023-04-05,Utilities,0.21502500000000002,0.20717638888888884,0.18332138888888885,2,5
2023-04-06,Utilities,0.493975,0.24399888888888882,0.20717638888888884,4,6
2023-04-10,Utilities,0.19821999999999998,0.25512066666666666,0.24399888888888882,3,7
2023-04-11,Utilities,0.11949999999999998,0.2415681666666666,0.25512066666666666,5,7
2023-04-12,Utilities,0.3095111111111111,0.26724622222222216,0.2415681666666666,3,5
2023-04-13,Utilities,0.1800225,0.2602457222222222,0.26724622222222216,4,9
2023-04-14,Utilities,0.16313666666666665,0.19407805555555552,0.2602457222222222,5,8
2023-04-17,Utilities,0.14328125,0.1830903055555555,0.19407805555555552,4,10
2023-04-18,Utilities,0.13175666666666666,0.18554163888888883,0.1830903055555555,5,14
2023-04-19,Utilities,0.32665333333333335,0.1889700833333333,0.18554163888888883,5,8
2023-04-20,Utilities,0.15197066666666667,0.18335971666666664,0.1889700833333333,5,12
2023-04-21,Utilities,0.0,0.1507323833333333,0.18335971666666664,3,5
2023-04-24,Utilities,0.08753653846153846,0.13958344102564096,0.1507323833333333,4,18
2023-04-25,Utilities,0.13817428571428572,0.1408669648351648,0.13958344102564096,5,13
2023-04-26,Utilities,0.3849952380952381,0.15253534578754574,0.1408669648351648,4,13
2023-04-27,Utilities,0.25284133333333336,0.17270947912087908,0.15253534578754574,5,13
2023-04-28,Utilities,0.14814,0.2023374791208791,0.17270947912087908,5,14
2023-05-01,Utilities,0.04509999999999999,0.1938501714285714,0.2023374791208791,5,13
2023-05-02,Utilities,0.18995,0.20420531428571426,0.1938501714285714,4,9
2023-05-03,Utilities,0.37031000000000003,0.2012682666666666,0.20420531428571426,5,10
2023-05-04,Utilities,0.11543555555555556,0.17378711111111106,0.2012682666666666,3,13
2023-05-05,Utilities,0.27645,0.19944911111111108,0.17378711111111106,4,11
2023-05-08,Utilities,0.3258,0.25558911111111104,0.19944911111111108,4,7
2023-05-09,Utilities,0.1201,0.24161911111111106,0.25558911111111104,4,13
2023-05-10,Utilities,0.22493333333333335,0.21254377777777775,0.24161911111111106,5,9
2023-05-11,Utilities,0.3409666666666667,0.25764999999999993,0.21254377777777775,4,9
2023-05-12,Utilities,0.19744375,0.24184874999999995,0.25764999999999993,4,7
2023-05-15,Utilities,0.2895833333333333,0.23460541666666662,0.24184874999999995,4,6
2023-05-16,Utilities,0.18357500000000002,0.24730041666666663,0.23460541666666662,4,5
2023-05-17,Utilities,0.1247375,0.22726124999999997,0.24730041666666663,2,5
2023-05-18,Utilities,0.17556666666666665,0.19418124999999994,0.22726124999999997,3,3
2023-05-19,Utilities,0.31930000000000003,0.21855249999999993,0.19418124999999994,2,3
2023-05-22,Utilities,0.11357999999999997,0.1833518333333333,0.21855249999999993,5,11
2023-05-23,Utilities,0.3182,0.21027683333333327,0.1833518333333333,1,1
2023-05-24,Utilities,0.1728,0.2198893333333333,0.21027683333333327,4,5
2023-05-25,Utilities,0.04933333333333333,0.1946426666666666,0.2198893333333333,3,5
2023-05-26,Utilities,0.22503333333333334,0.1757893333333333,0.1946426666666666,3,4
2023-05-30,Utilities,0.14589166666666664,0.18225166666666662,0.1757893333333333,4,12
2023-05-31,Utilities,0.3891,0.19643166666666662,0.18225166666666662,1,3
2023-06-01,Utilities,0.09231333333333333,0.18033433333333332,0.19643166666666662,5,11
2023-06-02,Utilities,0.29046666666666665,0.22856099999999996,0.18033433333333332,3,3
2023-06-05,Utilities,0.21025999999999997,0.22560633333333327,0.22856099999999996,5,11
2023-06-06,Utilities,,0.24553499999999992,0.22560633333333327,0,0
2023-06-07,Utilities,0.4035166666666667,0.2491391666666666,0.24553499999999992,3,4
2023-06-08,Utilities,0.1772225,0.2703664583333333,0.2491391666666666,4,11
2023-06-09,Utilities,0.28452083333333333,0.26887999999999995,0.2703664583333333,4,10
2023-06-12,Utilities,-0.0059416666666666715,0.21482958333333327,0.26887999999999995,4,7
2023-06-13,Utilities,-0.05774833333333333,0.16031399999999996,0.21482958333333327,4,10
2023-06-14,Utilities,0.4431083333333333,0.16823233333333326,0.16031399999999996,2,7
2023-06-15,Utilities,0.043433333333333345,0.14147449999999995,0.16823233333333326,3,4
2023-06-16,Utilities,0.41103333333333336,0.16677699999999995,0.14147449999999995,3,4
2023-06-20,Utilities,-0.13595,0.14077533333333328,0.16677699999999995,2,5
2023-06-21,Utilities,0.2412388888888889,0.20057277777777777,0.14077533333333328,3,8
2023-06-22,Utilities,0.289875,0.16992611111111106,0.20057277777777777,4,8
2023-06-23,Utilities,0.24217499999999997,0.2096744444444444,0.16992611111111106,2,5
2023-06-26,Utilities,0.31494666666666665,0.19045711111111105,0.2096744444444444,3,9
2023-06-27,Utilities,0.015444999999999997,0.22073611111111102,0.19045711111111105,5,12
2023-06-28,Utilities,0.09106666666666667,0.1907016666666666,0.22073611111111102,1,3
2023-06-29,Utilities,0.12562500000000001,0.1578516666666666,0.1907016666666666,4,7
2023-06-30,Utilities,0.2322233333333333,0.1558613333333333,0.1578516666666666,5,9
2023-07-03,Utilities,0.18412777777777778,0.1296975555555555,0.1558613333333333,3,6
2023-07-05,Utilities,0.4086666666666667,0.20834188888888883,0.1296975555555555,2,4
2023-07-06,Utilities,0.2984026666666667,0.24980908888888886,0.20834188888888883,5,13
2023-07-07,Utilities,0.24284444444444445,0.27325297777777774,0.24980908888888886,3,6
2023-07-10,Utilities,0.2284733333333333,0.27250297777777777,0.27325297777777774,3,7
2023-07-11,Utilities,0.25987666666666664,0.2876527555555555,0.27250297777777777,4,11
2023-07-12,Utilities,0.09106666666666667,0.22413275555555554,0.2876527555555555,3,5
2023-07-13,Utilities,0.09735833333333332,0.18392388888888883,0.22413275555555554,4,8
2023-07-14,Utilities,0.19321666666666668,0.17399833333333328,0.18392388888888883,3,8
2023-07-17,Utilities,0.0937375,0.14705116666666662,0.17399833333333328,2,5
2023-07-18,Utilities,0.3265133333333334,0.16037849999999995,0.14705116666666662,3,7
2023-07-19,Utilities,-0.0143,0.13930516666666665,0.16037849999999995,2,5
2023-07-20,Utilities,0.38201111111111113,0.1962357222222222,0.13930516666666665,3,5
2023-07-21,Utilities,0.1244875,0.18248988888888887,0.1962357222222222,4,8
2023-07-24,Utilities,0.09768333333333333,0.18327905555555551,0.18248988888888887,4,11
2023-07-25,Utilities,0.15635866666666667,0.1492481222222222,0.18327905555555551,5,22
2023-07-26,Utilities,0.5752166666666666,0.26715145555555553,0.1492481222222222,3,4
2023-07-27,Utilities,0.025888571428571427,0.19592694761904758,0.26715145555555553,5,20
2023-07-28,Utilities,0.17905,0.20683944761904755,0.19592694761904758,4,7
2023-07-31,Utilities,0.42435,0.2721727809523809,0.20683944761904755,4,7
2023-08-01,Utilities,0.1686,0.2746210476190476,0.2721727809523809,2,6
2023-08-02,Utilities,0.08802,0.17718171428571422,0.2746210476190476,5,7
2023-08-03,Utilities,0.13617166666666666,0.1992383333333333,0.17718171428571422,5,19
2023-08-04,Utilities,0.026497,0.1687277333333333,0.1992383333333333,5,22
2023-08-07,Utilities,0.28463000000000005,0.1407837333333333,0.1687277333333333,5,8
2023-08-08,Utilities,-0.01039444444444445,0.1049848444444444,0.1407837333333333,2,11
2023-08-09,Utilities,0.4079,0.16896084444444442,0.1049848444444444,2,3
2023-08-10,Utilities,0.12479500000000002,0.1666855111111111,0.16896084444444442,5,10
2023-08-11,Utilities,0.20358333333333334,0.20210277777777774,0.1666855111111111,3,4
2023-08-14,Utilities,0.5701,0.2591967777777778,0.20210277777777774,2,4
2023-08-15,Utilities,0.06793333333333333,0.2748623333333333,0.2591967777777778,3,8
2023-08-16,Utilities,0.31437499999999996,0.2561573333333333,0.2748623333333333,2,3
2023-08-17,Utilities,0.3325166666666667,0.29770166666666664,0.2561573333333333,4,7
2023-08-18,Utilities,0.142075,0.2854,0.29770166666666664,4,6
2023-08-21,Utilities,-0.06994666666666667,0.15739066666666662,0.2854,5,10
2023-08-22,Utilities,0.146475,0.17309899999999995,0.15739066666666662,4,4
2023-08-23,Utilities,0.12389999999999998,0.13500399999999996,0.17309899999999995,5,14
2023-08-24,Utilities,0.10653541666666667,0.08980774999999995,0.13500399999999996,4,11
2023-08-25,Utilities,0.2936888888888889,0.12013052777777773,0.08980774999999995,3,7
2023-08-28,Utilities,0.04334583333333333,0.14278902777777774,0.12013052777777773,4,11
2023-08-29,Utilities,0.29740625,0.17297527777777771,0.14278902777777774,4,7
2023-08-30,Utilities,0.21683333333333332,0.19156194444444438,0.17297527777777771,3,6
2023-08-31,Utilities,0.259895,0.22223386111111107,0.19156194444444438,5,9
2023-09-01,Utilities,0.191925,0.20188108333333327,0.22223386111111107,4,5
2023-09-05,Utilities,0.28792222222222225,0.2507963611111111,0.20188108333333327,3,8
2023-09-06,Utilities,0.3199581818181818,0.2553067474747474,0.2507963611111111,5,15
2023-09-07,Utilities,0.342635,0.28046708080808075,0.2553067474747474,5,11
2023-09-08,Utilities,0.19863166666666668,0.2682144141414141,0.28046708080808075,5,11
2023-09-11,Utilities,-0.025729999999999992,0.2246834141414141,0.2682144141414141,5,13
2023-09-12,Utilities,-0.034633333333333315,0.160172303030303,0.2246834141414141,3,4
2023-09-13,Utilities,0.20667999999999997,0.13751666666666665,0.160172303030303,5,9
2023-09-14,Utilities,0.28274999999999995,0.1255396666666666,0.13751666666666665,5,7
2023-09-15,Utilities,0.2934833333333333,0.14450999999999997,0.1255396666666666,3,5
2023-09-18,Utilities,0.3345888888888889,0.21657377777777773,0.14450999999999997,3,5
2023-09-19,Utilities,0.3801666666666667,0.2995337777777777,0.21657377777777773,3,4
2023-09-20,Utilities,0.17329166666666668,0.2928561111111111,0.2995337777777777,2,5
2023-09-21,Utilities,0.018453333333333318,0.23999677777777775,0.2928561111111111,5,12
2023-09-22,Utilities,0.042624999999999996,0.18982511111111108,0.23999677777777775,2,3
2023-09-25,Utilities,0.2601333333333333,0.17493399999999998,0.18982511111111108,3,8
2023-09-26,Utilities,0.17031666666666667,0.13296399999999994,0.17493399999999998,4,8
2023-09-27,Utilities,0.069542,0.11221406666666663,0.13296399999999994,5,18
2023-09-28,Utilities,0.11709722222222221,0.1319428444444444,0.11221406666666663,4,13
2023-09-29,Utilities,0.5063920000000001,0.2246962444444444,0.1319428444444444,5,10
2023-10-02,Utilities,0.2805971428571429,0.22878900634920632,0.2246962444444444,5,25
2023-10-03,Utilities,0.304235,0.255572673015873,0.22878900634920632,5,10
2023-10-04,Utilities,0.16733333333333333,0.27513093968253965,0.255572673015873,5,8
2023-10-05,Utilities,0.16882833333333333,0.2854771619047619,0.27513093968253965,5,15
2023-10-06,Utilities,0.22990333333333335,0.23017942857142853,0.2854771619047619,4,13
2023-10-09,Utilities,0.007808333333333336,0.17562166666666662,0.23017942857142853,3,8
2023-10-10,Utilities,0.32297333333333333,0.17936933333333333,0.17562166666666662,3,7
2023-10-11,Utilities,0.07206666666666665,0.16031599999999996,0.17936933333333333,3,5
2023-10-12,Utilities,0.08836875,0.1442240833333333,0.16031599999999996,4,7
2023-10-13,Utilities,0.49324,0.19689141666666662,0.1442240833333333,5,8
2023-10-16,Utilities,0.1519666666666667,0.2257230833333333,0.19689141666666662,4,12
2023-10-17,Utilities,0.20010833333333333,0.20115008333333328,0.2257230833333333,4,9
2023-10-18,Utilities,0.1640375,0.21954424999999994,0.20115008333333328,2,6
2023-10-19,Utilities,0.1417,0.2302105,0.21954424999999994,3,3
2023-10-20,Utilities,0.187475,0.16905749999999994,0.2302105,2,3
2023-10-23,Utilities,-0.102125,0.11823916666666663,0.16905749999999994,4,8
2023-10-24,Utilities,0.13349166666666668,0.10491583333333329,0.11823916666666663,3,13
2023-10-25,Utilities,0.13245555555555558,0.0985994444444444,0.10491583333333329,3,11
2023-10-26,Utilities,0.3080468571428572,0.13186881587301585,0.0985994444444444,5,18
2023-10-27,Utilities,0.3131206349206349,0.1569979428571428,0.13186881587301585,3,11
2023-10-30,Utilities,0.23707499999999998,0.22483794285714281,0.1569979428571428,1,4
2023-10-31,Utilities,0.10581499999999999,0.21930260952380948,0.22483794285714281,4,9
2023-11-01,Utilities,0.12768,0.21834749841269838,0.21930260952380948,5,12
2023-11-02,Utilities,0.3017869841269841,0.2170955238095238,0.21834749841269838,5,29
2023-11-03,Utilities,0.04154285714285714,0.16277996825396818,0.2170955238095238,4,16
2023-11-06,Utilities,0.216646875,0.1586943432539682,0.16277996825396818,4,14
2023-11-07,Utilities,0.3037125,0.1982738432539682,0.1586943432539682,4,5
2023-11-08,Utilities,0.14740666666666666,0.20221917658730154,0.1982738432539682,3,7
2023-11-09,Utilities,0.32591666666666663,0.20704511309523804,0.20221917658730154,3,6
2023-11-10,Utilities,0.3929125,0.2773190416666666,0.20704511309523804,2,5
2023-11-13,Utilities,0.14345833333333335,0.26268133333333327,0.2773190416666666,4,8
2023-11-14,Utilities,0.39180000000000004,0.2802988333333333,0.26268133333333327,2,5
2023-11-15,Utilities,0.1366,0.2781375,0.2802988333333333,2,2
2023-11-16,Utilities,0.32726833333333333,0.2784078333333333,0.2781375,5,11
2023-11-17,Utilities,0.24137916666666667,0.24810116666666665,0.2784078333333333,4,7
2023-11-20,Utilities,0.1366,0.2467295,0.24810116666666665,1,2
2023-11-21,Utilities,0.06543,0.18145549999999994,0.2467295,5,10
2023-11-22,Utilities,0.28664,0.21146349999999994,0.18145549999999994,3,7
2023-11-24,Utilities,0.17236666666666667,0.18048316666666664,0.21146349999999994,4,10
2023-11-27,Utilities,0.264725,0.18515233333333328,0.18048316666666664,2,6
2023-11-28,Utilities,0.0683,0.1714923333333333,0.18515233333333328,4,5
2023-11-29,Utilities,0.20105833333333334,0.19861799999999996,0.1714923333333333,3,7
2023-11-30,Utilities,0.34566666666666673,0.21042333333333332,0.19861799999999996,3,7
2023-12-01,Utilities,0.3182,0.23958999999999997,0.21042333333333332,3,5
2023-12-04,Utilities,0.42836666666666673,0.27231833333333333,0.23958999999999997,3,6
2023-12-05,Utilities,0.1531,0.2892783333333333,0.27231833333333333,4,5
2023-12-06,Utilities,0.3463333333333334,0.31833333333333336,0.2892783333333333,3,5
2023-12-07,Utilities,0.14222,0.277644,0.31833333333333336,5,14
2023-12-08,Utilities,0.03415,0.22083399999999997,0.277644,4,5
2023-12-11,Utilities,0.16604799999999997,0.16837026666666663,0.22083399999999997,5,14
2023-12-12,Utilities,0.14390333333333333,0.1665309333333333,0.16837026666666663,5,8
2023-12-13,Utilities,0.2644166666666667,0.15014759999999996,0.1665309333333333,3,8
2023-12-14,Utilities,0.2678022222222222,0.17526404444444438,0.15014759999999996,3,9
2023-12-15,Utilities,0.19772222222222222,0.20797848888888884,0.17526404444444438,3,5
2023-12-18,Utilities,0.3329,0.24134888888888884,0.20797848888888884,4,5
2023-12-19,Utilities,,0.2657102777777777,0.24134888888888884,0,0
2023-12-20,Utilities,,0.26614148148148137,0.2657102777777777,0,0
2023-12-21,Utilities,,0.26531111111111094,0.26614148148148137,0,0
2023-12-22,Utilities,,0.3329,0.26531111111111094,0,0
2023-12-26,Utilities,,,0.3329,0,0
2023-12-27,Utilities,,,,0,0
2023-12-28,Utilities,,,,0,0
2023-12-29,Utilities,,,,0,0
